receiver_upi,receiver_txn_count_24h_mean,receiver_txn_count_24h_max,receiver_amount_sum_24h_mean,receiver_amount_sum_24h_max
merch10012@ybl,17.44,36,332953.0712,645574.7599999999
merch10013@ybl,15.6,32,166688.1992,262530.41000000003
merch10039@ybl,20.153846153846153,40,177165.745,410152.3
merch10047@axl,18.724137931034484,38,221031.5255172414,683829.3500000001
merch10047@ybl,20.133333333333333,41,53897.42733333333,215395.74
merch1005@axl,14.238095238095237,28,317606.99761904764,687206.08
merch10117@ybl,17.72,39,184531.5644,591160.6200000001
merch10127@oksbi,18.16,36,127389.7652,295193.43
merch10133@axl,16.166666666666668,30,50660.33416666667,123491.64
merch10136@oksbi,24.34285714285714,46,257731.82942857142,656694.04
merch10145@oksbi,18.75,34,286909.30999999994,567470.0199999999
merch10179@axl,21.466666666666665,45,159530.34266666666,409809.82000000007
merch10182@oksbi,22.766666666666666,43,122627.87933333335,343734.74000000005
merch1018@okicici,19.607142857142858,38,146478.33178571428,415504.96
merch1020@axl,18.482758620689655,37,296860.15724137926,588762.7199999999
merch10213@okhdfcbank,20.09375,39,211051.91468750002,576233.77
merch10217@paytm,19.75,37,501094.46041666664,820748.82
merch10218@axl,17.695652173913043,36,188966.34000000003,370485.0500000001
merch1022@ybl,19.37037037037037,37,71637.56481481482,240230.45000000004
merch10236@axl,17.2,32,294872.86699999997,538289.36
merch10241@paytm,15.714285714285714,36,155714.91571428571,481537.5099999999
merch10262@axl,16.695652173913043,36,185892.08739130435,455359.56
merch1026@paytm,21.59259259259259,40,407575.7822222222,522538.23999999993
merch10275@okicici,20.928571428571427,39,243440.39857142858,490985.23999999993
merch10278@okhdfcbank,13.761904761904763,28,295259.0738095238,538725.7200000001
merch10280@okicici,16.5,33,217897.98000000004,369316.04999999993
merch10290@paytm,12.133333333333333,23,94696.07266666666,169451.33
merch10297@okhdfcbank,18.0,35,228592.61500000002,465288.21
merch10304@paytm,17.12,33,136359.548,333471.39
merch10305@okhdfcbank,17.17391304347826,39,169029.13173913045,479322.14
merch10321@ybl,16.958333333333332,33,217958.50291666668,504686.91
merch10327@okicici,16.458333333333332,33,152417.76041666666,410695.23
merch10335@ybl,17.076923076923077,34,215032.99000000002,427447.3999999999
merch10343@okhdfcbank,14.875,27,152697.779375,275751.41
merch10360@okhdfcbank,17.88888888888889,33,251680.45296296297,437310.48999999993
merch10369@okhdfcbank,16.105263157894736,30,207381.49263157893,393231.2899999999
merch1037@ybl,15.818181818181818,31,111465.25545454543,171536.32999999996
merch10388@axl,17.04,34,154928.8704,321660.81000000006
merch10404@axl,19.16,37,284890.5664,622266.4199999999
merch10412@okicici,19.766666666666666,40,224377.20666666667,481757.19
merch10428@ybl,17.38095238095238,31,194966.8942857143,299410.97000000003
merch1042@okhdfcbank,16.136363636363637,31,90710.00681818182,158011.32
merch10432@okicici,12.32,27,110972.27200000001,224535.69
merch10442@paytm,15.08695652173913,32,454814.71913043474,954545.63
merch10445@okicici,21.96969696969697,45,252010.5878787879,542128.45
merch10449@ybl,18.933333333333334,38,268442.35500000004,603588.26
merch10457@paytm,17.387096774193548,37,221615.63677419355,305775.86
merch10458@okhdfcbank,13.4,25,79356.58466666666,177672.75
merch10461@ybl,20.526315789473685,36,200948.57263157895,511825.3799999999
merch10466@axl,15.73913043478261,35,259041.87913043477,471099.66
merch10475@okicici,7.25,16,98751.64583333333,146895.42000000004
merch10495@oksbi,12.35,25,376753.63399999996,435794.64
merch10496@ybl,15.862068965517242,34,277765.90379310347,854103.5200000001
merch1050@ybl,15.173913043478262,29,162757.20173913045,289989.3
merch10511@ybl,17.363636363636363,36,79705.86954545454,269219.08
merch1051@oksbi,11.764705882352942,25,32084.263529411764,75740.75
merch10522@paytm,20.696969696969695,41,381358.833030303,622787.2499999999
merch10524@okhdfcbank,17.5,35,92853.34535714285,244542.22
merch10529@okicici,14.619047619047619,29,94610.83714285714,201851.76
merch10554@paytm,20.1,38,91885.64233333334,243591.12
merch10566@okicici,17.44,37,373716.58560000005,735440.2300000001
merch10586@oksbi,17.16,36,143826.5108,271992.43999999994
merch10589@axl,22.64864864864865,44,330637.7716216216,879897.9200000002
merch1058@ybl,12.08695652173913,25,42650.78347826087,92324.9
merch10597@ybl,20.24,38,74707.67079999999,118170.86999999998
merch1059@paytm,22.91176470588235,43,185140.0861764706,474198.17
merch10605@ybl,16.458333333333332,31,330501.0341666667,505984.05
merch10616@paytm,15.95,30,128986.9895,253646.35
merch10622@axl,27.88095238095238,53,188685.12523809524,377115.88000000006
merch10623@okhdfcbank,26.09090909090909,47,107359.05121212121,244245.82000000004
merch10638@axl,18.64,37,360291.11240000004,815445.73
merch10643@okicici,15.25,30,303429.841,445828.06000000006
merch1064@paytm,14.217391304347826,29,269046.30739130435,458541.23999999993
merch10664@axl,19.23076923076923,37,83819.90153846153,156277.52000000002
merch10665@ybl,18.06451612903226,37,205503.6035483871,470191.62000000005
merch10675@ybl,15.851851851851851,33,203072.5051851852,521698.34
merch10678@oksbi,16.576923076923077,34,240688.0419230769,509974.53
merch10684@oksbi,11.1875,20,146091.15562499998,180563.44
merch1068@oksbi,22.583333333333332,39,231676.82458333333,266344.4799999999
merch10711@axl,20.9,44,233582.64933333333,477149.37
merch10734@ybl,17.27777777777778,32,321599.21555555554,399157.22
merch10745@paytm,13.571428571428571,30,252107.75714285715,498592.51000000007
merch10748@oksbi,17.045454545454547,33,203339.9609090909,348721.46
merch10752@oksbi,20.84,39,153349.3388,371515.04999999993
merch10754@ybl,16.555555555555557,33,166089.6455555556,360027.54000000004
merch10756@okicici,14.916666666666666,28,80561.65000000001,258459.83
merch10765@okhdfcbank,23.366666666666667,45,437132.601,696442.8600000001
merch10770@ybl,9.272727272727273,19,113794.99727272727,311941.17000000004
merch10780@axl,18.0,39,145839.84424242424,247068.88
merch10796@paytm,19.733333333333334,37,202417.20633333334,343310.26
merch1079@axl,25.470588235294116,46,536669.0579411765,724277.44
merch10808@paytm,10.588235294117647,21,38349.09411764706,186340.43
merch10808@ybl,22.25,44,427784.5358333334,640939.6500000001
merch10815@ybl,17.551724137931036,35,280629.20172413794,734743.0100000001
merch10820@okhdfcbank,23.32,42,156290.052,323492.05
merch10821@axl,20.607142857142858,40,314674.05821428576,667390.54
merch10835@axl,20.307692307692307,40,496537.4273076923,779599.42
merch10840@ybl,21.151515151515152,42,460306.58242424246,848020.2300000001
merch10850@ybl,16.875,38,149536.22208333333,300091.91
merch10859@paytm,17.40909090909091,35,132668.6281818182,359735.35
merch10862@axl,18.11111111111111,36,148198.80074074076,281472.58
merch10864@okicici,17.08,32,232716.27719999998,380892.29
merch10868@okicici,20.303030303030305,42,236387.15818181817,350604.66
merch10879@oksbi,19.933333333333334,38,44555.905333333336,124462.81
merch10888@axl,20.72,40,240480.7536,459105.69000000006
merch10895@okicici,22.176470588235293,46,116445.46794117648,353402.69
merch10901@paytm,16.153846153846153,34,216589.54,394159.18
merch10907@axl,19.76,37,426192.9032,610096.3500000001
merch10909@okhdfcbank,24.27777777777778,46,77279.97861111112,257266.83
merch10934@paytm,21.59259259259259,39,284513.79814814817,675221.7700000001
merch10941@okhdfcbank,15.375,31,226961.89,475590.91
merch10947@paytm,20.291666666666668,38,265740.8745833333,634228.98
merch1094@axl,18.153846153846153,35,491424.1880769231,737352.8
merch10950@okicici,14.681818181818182,31,120504.78681818182,237043.4
merch10953@okhdfcbank,15.28,31,167443.6784,366979.4199999999
merch10958@oksbi,20.533333333333335,40,193577.089,454545.74
merch10963@okhdfcbank,30.545454545454547,62,322100.4011363636,851159.55
merch10966@ybl,17.692307692307693,35,71267.99961538462,192669.85
merch11002@axl,14.05,28,282175.856,411277.71
merch11006@okhdfcbank,19.93103448275862,39,652323.7034482759,961920.42
merch11015@axl,22.821428571428573,44,227216.00714285715,439291.71
merch11027@paytm,24.322580645161292,44,100133.21612903227,215708.58
merch11040@oksbi,17.26923076923077,35,357125.6696153846,782112.3099999998
merch11046@okhdfcbank,19.214285714285715,39,434537.5742857143,723525.1400000001
merch11051@okicici,17.2,34,171611.7124,317706.92000000004
merch11052@ybl,15.0,35,218063.6944,438909.1
merch11057@oksbi,17.25,36,245064.55464285714,377428.83
merch11068@ybl,18.642857142857142,39,86772.76214285714,188742.06999999995
merch11101@oksbi,15.92,31,223600.83720000004,363493.86
merch11108@axl,20.375,37,201304.40166666664,276026.49
merch11108@okhdfcbank,14.210526315789474,26,253238.34052631582,499754.47
merch11110@ybl,18.096774193548388,38,200224.10483870967,539338.8600000001
merch11114@ybl,11.526315789473685,24,284963.6142105263,573052.46
merch11119@paytm,16.0,32,103870.35333333333,275704.95
merch1111@axl,23.96875,48,302226.830625,665540.4199999999
merch11148@ybl,22.870967741935484,42,215129.76096774192,345859.45
merch11176@ybl,13.904761904761905,28,127395.53047619048,238953.03
merch11219@okicici,17.533333333333335,35,89577.36933333332,208581.72
merch11222@paytm,11.444444444444445,23,54223.25333333333,123273.52
merch11223@okicici,17.40625,38,192104.6915625,414907.02
merch11223@paytm,19.458333333333332,37,91600.98625000002,268720.69
merch11224@paytm,21.225806451612904,39,140763.1735483871,353576.73
merch11236@paytm,16.055555555555557,35,79024.18777777777,298481.2699999999
merch1123@okhdfcbank,15.5,31,346430.575,542202.9099999999
merch11246@oksbi,15.578947368421053,32,48612.25052631579,88069.4
merch11247@oksbi,18.551724137931036,38,55641.43,121378.48
merch11248@ybl,15.785714285714286,31,84398.9207142857,141865.75999999995
merch11249@ybl,17.40740740740741,33,544102.367037037,819747.0500000002
merch1125@paytm,14.916666666666666,29,203630.58583333335,344116.76000000007
merch11273@okicici,15.73913043478261,30,89676.08391304349,118410.15
merch11295@okicici,14.523809523809524,27,110191.96714285715,238641.23
merch1129@okhdfcbank,21.23076923076923,38,178516.92807692307,238336.24
merch11304@oksbi,16.09090909090909,32,207603.19045454543,473143.97
merch11306@ybl,20.125,38,311384.7166666667,454985.59
merch11346@oksbi,20.076923076923077,38,302514.86576923076,501740.91
merch11348@okicici,12.117647058823529,28,86417.18000000001,284719.89
merch11349@oksbi,15.19047619047619,32,105172.29952380953,356482.92000000004
merch11367@paytm,20.142857142857142,36,185545.16857142857,295965.0399999999
merch11372@axl,20.3,38,109221.19066666666,197660.21
merch11384@oksbi,13.789473684210526,31,130063.55105263156,259173.98
merch11386@paytm,20.59259259259259,40,159255.3051851852,356262.81999999995
merch11426@okicici,19.9375,40,185137.54249999998,454138.59
merch11431@axl,23.82758620689655,46,354079.1372413793,568649.3799999999
merch11467@oksbi,23.03030303030303,43,468100.61424242426,702152.1900000001
merch11473@okhdfcbank,22.1,44,337083.96300000005,519130.37
merch11511@paytm,18.5,35,248520.06961538462,616342.5800000001
merch11534@okhdfcbank,16.857142857142858,32,212272.16571428571,472849.50000000006
merch11558@ybl,17.125,32,62826.65416666667,114193.26
merch11596@axl,20.852941176470587,42,202631.8723529412,420446.32
merch11607@ybl,17.40740740740741,34,72748.05592592593,134581.16
merch11619@okhdfcbank,17.458333333333332,34,445784.31666666665,851043.5700000001
merch11621@okhdfcbank,16.72222222222222,31,107446.77277777778,180361.49
merch11633@oksbi,23.875,46,378944.561875,591034.9000000001
merch1163@okhdfcbank,18.555555555555557,40,200676.98037037035,405358.4
merch11662@paytm,24.653846153846153,42,287390.6673076923,530033.81
merch11663@okhdfcbank,15.272727272727273,31,64437.56409090909,252267.37
merch11680@paytm,13.88888888888889,26,107668.59611111111,230281.71
merch11683@oksbi,15.846153846153847,30,138767.35153846155,419185.19
merch11686@paytm,19.74074074074074,40,33781.61629629629,81905.68
merch11691@axl,18.17391304347826,32,103819.00652173912,152337.51999999996
merch1169@axl,19.774193548387096,42,244001.07000000004,400443.46
merch11707@okhdfcbank,23.428571428571427,43,301903.82785714284,445787.31000000006
merch11707@ybl,18.846153846153847,36,166165.61423076922,405658.41
merch11712@ybl,14.72,32,102199.24960000001,317850.18000000005
merch11715@oksbi,15.76,32,69580.1136,265055.79
merch11728@okicici,25.5,48,378343.4353125,874103.39
merch11731@axl,16.37037037037037,32,97437.31037037037,366573.1
merch11745@paytm,21.676470588235293,43,462560.26,748073.84
merch11760@okhdfcbank,15.318181818181818,30,90281.43909090909,219633.54
merch11769@okhdfcbank,28.236842105263158,52,196277.9652631579,342623.1200000001
merch11782@okhdfcbank,21.291666666666668,39,159619.91083333333,303243.27
merch11796@axl,12.6875,25,84350.14375,124754.26
merch11807@ybl,14.555555555555555,28,474786.93166666664,760609.1
merch11826@oksbi,18.434782608695652,33,204779.07391304348,461947.91
merch11832@oksbi,16.952380952380953,34,255776.41761904763,458467.2900000001
merch11834@ybl,20.103448275862068,41,212143.94275862072,477607.4900000001
merch1183@axl,17.17391304347826,32,156563.35173913042,241646.52
merch11845@paytm,10.777777777777779,20,44583.458333333336,128300.2
merch11847@ybl,20.838709677419356,41,196454.50903225807,490461.32
merch1184@okicici,15.615384615384615,31,75272.28384615385,319882.97000000003
merch11862@axl,21.058823529411764,41,82456.52735294116,201602.46
merch11866@okicici,25.096774193548388,47,214608.10096774192,431981.48999999993
merch11872@ybl,22.689655172413794,40,398344.1565517241,626578.8299999998
merch11886@okhdfcbank,17.93103448275862,36,130272.3124137931,286144.54000000004
merch11895@oksbi,15.782608695652174,33,105309.36695652174,222736.42
merch1189@okicici,15.555555555555555,32,155413.82499999998,381478.45
merch11908@paytm,17.607142857142858,36,224480.0442857143,651999.2899999999
merch11910@oksbi,19.5,43,114191.47678571429,457412.65
merch11913@oksbi,13.285714285714286,27,103492.38857142856,167759.69999999998
merch11922@oksbi,22.275862068965516,44,255694.85103448277,468541.29
merch11928@okhdfcbank,19.1875,38,177471.38343750002,393246.86
merch11931@okicici,15.571428571428571,34,199336.4347619048,476577.58
merch11934@okicici,18.53846153846154,33,313186.73615384614,469868.31000000006
merch11952@paytm,17.615384615384617,34,72916.00538461539,280183.22000000003
merch11960@okhdfcbank,9.8125,22,81968.185625,320145.82
merch11965@axl,21.73913043478261,40,65703.3656521739,117866.28999999998
merch11967@okhdfcbank,14.791666666666666,29,60181.53416666666,86176.62999999998
merch11977@okicici,12.1875,25,124020.33687500002,174319.19
merch11991@paytm,19.821428571428573,43,97107.70214285713,168932.26
merch11995@axl,16.130434782608695,34,172672.43652173915,553777.55
merch12002@okicici,18.29032258064516,38,222858.51516129033,697714.8099999999
merch12023@axl,16.095238095238095,30,80988.90952380953,130909.35
merch12055@okhdfcbank,12.904761904761905,26,103203.76904761905,282372.48
merch1205@ybl,20.17241379310345,37,285553.90137931035,482474.0399999999
merch12063@oksbi,18.074074074074073,35,377730.76777777774,606318.6
merch12066@okhdfcbank,17.0,33,298401.69625,399107.7400000001
merch12075@okicici,13.954545454545455,32,352353.9477272727,682621.08
merch12091@oksbi,19.689655172413794,39,351573.33448275866,724749.9000000001
merch12093@ybl,18.56,34,225809.32760000002,391081.69000000006
merch12094@paytm,16.586206896551722,34,207502.61103448275,421293.81
merch12095@axl,14.7,28,109598.04699999999,229011.51
merch12101@ybl,15.083333333333334,31,332250.28250000003,633639.57
merch1211@oksbi,21.84375,41,99901.05562500001,192913.64
merch12123@okicici,18.96551724137931,39,190505.03758620692,376862.62
merch12135@ybl,15.625,29,175460.79125,302104.76
merch12143@oksbi,23.88235294117647,45,356482.41147058824,497113.03
merch12148@axl,13.5,25,231644.07636363636,333149.74999999994
merch12154@okicici,23.310344827586206,44,442233.8555172414,773720.1799999999
merch12156@okicici,17.375,31,373573.9075,574731.3799999999
merch12160@okicici,14.375,28,124220.23,239284.36
merch12164@axl,17.09090909090909,34,331198.63045454543,710045.97
merch12167@okhdfcbank,13.210526315789474,31,202993.0152631579,331726.94
merch12170@axl,16.869565217391305,35,285744.82217391307,484911.69
merch12171@okhdfcbank,21.307692307692307,41,506710.4465384616,764869.75
merch12202@ybl,14.176470588235293,26,54085.26294117647,255261.54
merch12226@okicici,14.35,29,224690.1145,333329.05
merch12226@oksbi,14.714285714285714,29,115366.50904761904,448167.72
merch12230@okhdfcbank,17.333333333333332,36,227142.79333333336,470346.09
merch12240@oksbi,21.258064516129032,41,352578.47709677415,606011.9500000001
merch12246@ybl,16.916666666666668,31,359766.94250000006,506187.58
merch12251@ybl,18.307692307692307,35,267549.04884615383,501152.97
merch12255@paytm,21.939393939393938,45,380544.613030303,744409.62
merch12273@okhdfcbank,23.57894736842105,47,232827.805,419481.0400000001
merch12301@paytm,22.228571428571428,47,360839.6628571429,847549.01
merch12304@axl,15.551724137931034,31,340156.2075862069,537788.7499999999
merch12330@ybl,19.37037037037037,38,241299.30444444442,494986.72
merch12340@paytm,15.714285714285714,33,364410.2723809524,714014.87
merch12341@ybl,15.263157894736842,32,232121.4110526316,379258.43000000005
merch12352@okicici,24.870967741935484,43,241271.02064516128,454493.59
merch12377@ybl,20.272727272727273,43,206369.756969697,383316.82000000007
merch1238@okhdfcbank,14.347826086956522,28,44254.57652173913,85844.42
merch12390@paytm,16.0,34,178920.86666666667,293226.5
merch12394@oksbi,24.129032258064516,45,197069.5958064516,385671.29
merch12399@axl,15.92,34,275375.2084,530946.26
merch12408@ybl,18.071428571428573,35,353015.20785714284,769722.06
merch12440@okhdfcbank,15.347826086956522,33,67288.04391304348,178444.09
merch12447@axl,13.15,28,229909.4285,370202.48
merch1244@okhdfcbank,10.846153846153847,28,71299.54384615386,164666.63000000003
merch12467@axl,17.08,34,110170.28360000001,471090.88
merch12480@axl,22.12121212121212,45,455049.06303030305,813568.4099999999
merch12526@okhdfcbank,19.914285714285715,40,192806.448,480289.99
merch12564@axl,16.52173913043478,33,123390.3904347826,271213.46
merch12565@paytm,24.35135135135135,49,279076.41000000003,725786.17
merch12573@okicici,18.333333333333332,36,66580.71208333333,142392.13999999998
merch12584@okhdfcbank,15.26086956521739,33,81965.28521739131,192763.06
merch12628@axl,20.0,40,266828.95172413794,557555.0399999999
merch12628@okicici,17.517241379310345,35,282391.3396551724,464993.21
merch12640@paytm,18.85,37,130363.57949999999,268545.25
merch12663@oksbi,18.72222222222222,33,271705.32499999995,425762.43
merch12748@paytm,13.454545454545455,31,152802.29636363636,318179.88
merch12752@ybl,11.823529411764707,24,130239.94647058823,283731.37
merch12755@okhdfcbank,23.424242424242426,48,293206.2054545455,686731.48
merch12844@ybl,21.766666666666666,42,172608.06633333335,247544.95
merch12885@axl,17.16,35,376586.3528,607897.8899999999
merch12885@paytm,21.620689655172413,41,74016.54586206898,227367.71
merch12913@oksbi,15.72,30,150666.2132,267241.22
merch12937@paytm,18.535714285714285,34,191880.70214285716,313592.55
merch12945@ybl,16.476190476190474,34,325382.07428571425,611245.0499999998
merch12952@okhdfcbank,17.04,34,113406.4052,197269.55
merch12957@ybl,16.166666666666668,32,135117.30208333334,263790.81
merch12969@okicici,13.75,27,121358.0865,349981.78
merch12971@oksbi,15.7,29,433226.0075,793024.24
merch13018@oksbi,21.88235294117647,43,120460.90323529411,320634.22
merch13020@paytm,17.208333333333332,33,84582.56250000001,203594.12
merch13084@axl,22.86111111111111,44,264527.9455555556,608998.5
merch13089@okhdfcbank,20.482758620689655,41,141872.57379310345,295042.1500000001
merch13100@oksbi,15.821428571428571,32,182178.23821428572,412107.66
merch13121@okicici,18.321428571428573,40,118270.86214285715,239561.16
merch13122@oksbi,17.037037037037038,35,192632.59,389016.97
merch13190@okicici,20.26086956521739,37,199649.54913043478,355922.01
merch13194@paytm,16.652173913043477,32,182322.13347826086,279653.05
merch13196@paytm,16.2,34,126728.0092,241826.19999999995
merch13197@axl,16.40909090909091,32,224225.1218181818,372817.74
merch13202@axl,15.130434782608695,31,219546.06739130433,534074.4900000001
merch13204@paytm,24.13157894736842,46,150197.03315789474,317680.39
merch13210@okhdfcbank,15.5,39,325546.1018181818,488031.72
merch13213@paytm,20.24137931034483,40,94188.91793103448,173646.06
merch13247@axl,24.735294117647058,47,183918.88088235294,419087.66
merch13264@paytm,17.04,35,183923.54320000001,397719.4
merch13270@axl,16.92,34,287013.3252,397488.28
merch13279@ybl,20.375,40,264890.9521875,478271.39
merch13303@okicici,14.38888888888889,32,123380.61500000002,313549.69
merch13318@paytm,24.642857142857142,43,412882.11,639926.2
merch13328@paytm,16.0,32,317048.6573913043,479951.56
merch13342@oksbi,17.185185185185187,33,143277.27925925926,272937.41000000003
merch13342@paytm,17.25,34,214577.81083333332,392976.9699999999
merch13359@oksbi,20.384615384615383,39,166626.61500000002,398515.99
merch13363@oksbi,8.8,19,44811.897,105301.83
merch13417@okicici,17.571428571428573,31,90311.32095238093,179570.53999999998
merch13420@axl,18.7,40,225829.90433333334,610739.4099999999
merch13420@oksbi,14.76923076923077,28,221007.52615384615,364146.04
merch13442@ybl,15.736842105263158,29,37139.195789473684,160358.90999999997
merch13453@axl,17.51851851851852,35,116738.26148148149,284579.14
merch13454@oksbi,14.157894736842104,30,38836.08105263158,116186.53
merch13501@axl,19.37037037037037,38,278991.0537037036,548185.1799999999
merch13550@okhdfcbank,16.28,35,90773.114,279317.72000000003
merch13552@ybl,26.4,55,228961.837,585196.15
merch13559@paytm,12.15,25,294155.32649999997,502679.02
merch13578@okicici,20.551724137931036,42,133714.48448275862,289747.43
merch13587@okicici,11.954545454545455,23,174017.12818181817,389518.89
merch13588@okhdfcbank,14.952380952380953,30,112661.87380952381,394761.07000000007
merch13644@okhdfcbank,19.689655172413794,40,314113.3475862069,605744.97
merch13651@okhdfcbank,16.95,31,164303.09850000002,307645.33
merch13661@oksbi,16.03846153846154,34,193010.2765384615,523500.16
merch1366@oksbi,18.44,34,258338.5264,607427.5099999999
merch13674@ybl,18.821428571428573,38,228516.4382142857,384616.58
merch13685@ybl,17.923076923076923,37,289133.8596153846,468786.62
merch13693@ybl,18.92,36,209334.0172,242806.53
merch13699@ybl,23.0,46,374409.91805555555,614094.89
merch13703@okicici,16.791666666666668,32,83396.465,221897.72000000003
merch13787@axl,10.764705882352942,22,189636.48764705885,316899.6600000001
merch13803@ybl,17.678571428571427,34,360275.61821428576,590165.4600000001
merch13818@oksbi,14.791666666666666,31,44296.768749999996,219589.75
merch13822@axl,14.80952380952381,29,159557.66476190477,293296.74000000005
merch13835@oksbi,20.52,39,182512.67359999998,347782.69999999995
merch13836@okicici,12.826086956521738,26,202804.9647826087,325524.92
merch13857@axl,24.114285714285714,47,88140.012,175503.47
merch13864@oksbi,15.619047619047619,33,226994.55285714287,406989.03
merch1386@axl,13.434782608695652,28,144115.77608695652,238059.93
merch1386@okhdfcbank,15.333333333333334,31,95680.37380952381,129020.72999999998
merch13872@oksbi,16.73913043478261,30,335151.1169565217,537663.51
merch13873@okhdfcbank,25.228571428571428,51,83068.08600000001,181340.43
merch13875@paytm,15.0,28,196470.43857142856,336199.76
merch13877@okicici,23.64864864864865,47,172493.1435135135,423454.6099999999
merch13882@paytm,16.923076923076923,34,139219.29,423401.95000000007
merch13901@oksbi,14.666666666666666,29,201532.5823809524,266284.72000000003
merch13905@ybl,12.85,24,124943.98300000001,237919.89
merch13907@oksbi,19.482758620689655,37,163197.92827586207,454535.26
merch13920@axl,11.25,22,202526.255,422498.52
merch13926@axl,20.5,41,74840.81199999999,222884.81
merch13930@oksbi,19.85,37,158451.25,558775.17
merch13935@okicici,18.962962962962962,36,70759.28666666668,234058.69
merch13937@axl,16.681818181818183,32,202443.98863636365,395394.4
merch13938@okicici,18.0,32,29235.80454545455,138256.5
merch13939@ybl,16.846153846153847,35,98421.01384615384,203706.25000000003
merch13941@ybl,13.894736842105264,29,71347.4047368421,159680.57
merch13943@axl,16.285714285714285,32,152531.63571428572,248728.79
merch13943@okicici,25.0,47,117324.85289473685,228699.77999999997
merch1395@okicici,25.69047619047619,50,271675.8647619047,744251.97
merch13985@ybl,21.125,42,275904.284375,384759.16
merch13996@okicici,22.452380952380953,46,440901.66333333333,780491.71
merch14003@ybl,18.0,34,137473.36727272728,270625.25
merch14012@ybl,20.642857142857142,39,104433.88714285714,509910.22
merch14018@ybl,21.941176470588236,41,261036.3029411765,469789.71
merch14049@paytm,20.484848484848484,41,360639.8621212121,869795.46
merch14057@axl,15.681818181818182,29,200783.8127272727,372488.72
merch14065@axl,11.833333333333334,23,76442.43277777777,163806.79999999996
merch14071@ybl,15.807692307692308,35,47042.67730769231,167117.11000000002
merch14079@okhdfcbank,18.555555555555557,37,95820.0037037037,158165.60999999996
merch14102@paytm,11.933333333333334,23,260890.9146666667,327666.1700000001
merch14105@okicici,19.0,36,291693.6668,470937.29
merch14105@ybl,21.666666666666668,46,307131.1396666666,574363.5
merch14107@oksbi,22.535714285714285,40,576556.0571428571,958153.9300000002
merch14111@paytm,20.962962962962962,37,165026.86222222223,280698.47000000003
merch14117@axl,19.741935483870968,39,89189.65935483872,312890.31000000006
merch14123@oksbi,17.916666666666668,35,147321.7775,212102.02
merch14138@okicici,19.548387096774192,38,267715.88064516126,530071.3699999999
merch14140@okhdfcbank,21.0625,35,62784.863125,91467.74
merch14149@oksbi,16.96153846153846,34,225141.0323076923,356334.33
merch14155@oksbi,14.391304347826088,27,222135.92260869563,519851.04
merch14156@oksbi,18.45,34,345474.135,492877.82
merch1415@paytm,16.96,32,108764.21519999999,198303.8
merch14162@axl,16.642857142857142,36,53986.14964285714,123568.33999999998
merch14181@okicici,14.916666666666666,31,108097.09791666667,404628.47
merch14189@ybl,18.291666666666668,36,283279.1295833333,580015.62
merch14200@axl,20.142857142857142,40,132147.23321428572,291432.03
merch1420@oksbi,21.941176470588236,45,350258.32852941175,640055.9900000001
merch14213@paytm,18.46153846153846,38,316592.85076923075,771354.9900000001
merch14217@ybl,20.125,40,121537.21875,346934.72000000003
merch14222@axl,17.652173913043477,34,243424.1313043478,489604.0
merch14224@oksbi,19.176470588235293,43,62858.55764705882,160000.78
merch14246@oksbi,14.478260869565217,31,95649.88565217392,216853.83
merch14281@okicici,17.153846153846153,37,221558.3876923077,402094.22
merch14286@paytm,19.38095238095238,33,147017.15333333332,355347.85
merch14300@paytm,14.473684210526315,26,138463.0147368421,225811.61
merch14305@okhdfcbank,18.0,35,238020.6447368421,482367.55
merch14317@ybl,15.782608695652174,31,55732.897391304345,121169.04
merch14335@axl,17.185185185185187,35,156391.69407407407,299539.43999999994
merch14336@okicici,19.576923076923077,38,189733.25384615382,258179.97000000003
merch14338@oksbi,14.238095238095237,30,548537.8019047619,751339.44
merch14346@okhdfcbank,9.0,19,52158.148181818186,105582.39
merch1434@ybl,19.344827586206897,36,383143.96862068964,562592.4
merch14368@okicici,12.85,28,290134.75950000004,385192.18000000005
merch14372@axl,17.807692307692307,33,166095.675,331365.48
merch14385@ybl,24.09090909090909,46,350264.63999999996,614978.0899999999
merch14392@paytm,18.2,36,164574.5552,220565.0000000001
merch14394@axl,19.11111111111111,36,111919.19,225919.05000000005
merch14397@axl,20.92,40,190617.27399999998,444672.54
merch1440@okicici,13.72,28,120644.5608,291309.63
merch14418@ybl,16.105263157894736,35,325909.58789473685,614958.51
merch14421@axl,16.47826086956522,31,99077.56999999999,231843.37
merch14423@ybl,22.35483870967742,43,107467.93000000001,216177.69
merch14432@ybl,16.733333333333334,34,132648.02466666666,249001.23
merch1443@axl,24.285714285714285,48,191503.425,633314.13
merch14440@paytm,20.666666666666668,38,205987.54766666665,293107.62
merch14448@ybl,23.571428571428573,47,226020.82964285713,583080.8499999999
merch1445@oksbi,17.304347826086957,31,110901.26173913041,253870.25999999995
merch14487@okicici,21.433333333333334,42,224542.6093333333,327112.3300000001
merch14500@paytm,20.24,38,111065.81199999999,261150.45
merch14510@paytm,15.545454545454545,33,131757.2409090909,321318.43
merch14527@axl,20.642857142857142,40,334351.9328571428,658809.47
merch14536@okicici,21.625,39,48476.71958333333,98762.39
merch14565@paytm,19.24137931034483,37,130836.5024137931,394845.92
merch14566@okhdfcbank,18.285714285714285,32,475097.65095238097,805716.47
merch14570@ybl,18.96875,38,210716.790625,561072.39
merch14580@axl,19.04,38,157470.772,254350.82
merch14582@axl,14.173913043478262,30,131246.95347826087,231333.64000000004
merch14601@axl,18.884615384615383,39,354689.595,534232.8299999998
merch14601@okicici,17.75,39,328991.271875,893892.24
merch14615@axl,18.705882352941178,36,268951.94352941174,535173.4500000001
merch14621@paytm,18.857142857142858,37,303359.1892857143,881995.1
merch14635@ybl,17.32,33,208546.52200000003,359689.34
merch14654@okicici,14.125,28,149339.06937500002,357733.88000000006
merch14665@axl,13.653846153846153,28,175693.59500000003,409649.09
merch14669@okhdfcbank,22.70967741935484,44,303600.00322580646,531655.9299999999
merch14672@axl,15.722222222222221,26,361974.2338888889,550675.0
merch14679@oksbi,19.6,40,128017.36857142858,280075.23
merch14686@axl,13.647058823529411,28,54110.76,104275.89
merch14690@okicici,14.45,28,238257.89400000003,355374.25000000006
merch14698@okhdfcbank,21.04,40,271210.3128,610720.93
merch14698@okicici,19.548387096774192,38,233717.0029032258,351830.80000000005
merch14727@oksbi,16.814814814814813,35,215979.68407407406,530399.62
merch14740@paytm,21.06451612903226,42,120480.89225806452,267742.27
merch14760@oksbi,20.185185185185187,39,255568.46592592594,408776.3900000001
merch14785@okhdfcbank,22.794117647058822,44,144977.70941176472,399634.88
merch14786@oksbi,15.76,33,68934.5076,196520.42
merch14794@axl,17.77777777777778,34,154142.50296296296,211122.01000000004
merch14796@axl,14.88,31,42402.4136,158334.32
merch14803@okicici,15.52,31,163434.3092,355444.41
merch14851@paytm,17.916666666666668,36,264485.795,594485.0700000001
merch14869@ybl,17.095238095238095,30,97890.00476190477,133762.53000000003
merch14872@ybl,14.85,29,228015.52199999997,512593.72
merch14894@ybl,18.807692307692307,35,231048.56461538465,641457.1200000001
merch14901@axl,18.36,35,229455.2548,387990.6500000001
merch14907@paytm,19.91304347826087,33,428807.0334782609,641226.4900000001
merch14944@okhdfcbank,15.625,31,116212.24291666666,258780.38999999996
merch14986@okicici,20.689655172413794,41,521566.16068965517,956895.29
merch15002@okhdfcbank,18.964285714285715,38,186869.68250000002,322764.19999999995
merch1500@paytm,16.958333333333332,35,136374.6758333333,196404.69
merch15012@oksbi,19.0,42,217214.78133333335,390978.81
merch15024@paytm,17.25925925925926,36,75863.22370370371,225967.74000000005
merch15026@axl,15.833333333333334,32,399552.0825,676668.32
merch15028@okhdfcbank,21.4,39,168102.9732,423969.51
merch15035@okicici,15.384615384615385,31,169950.35769230768,546447.89
merch15039@oksbi,12.6,24,65208.454,151250.3
merch15066@okicici,17.814814814814813,34,125638.51222222223,429206.67
merch15071@axl,15.75,36,232749.43500000003,562553.11
merch1511@axl,15.962962962962964,34,266840.22777777776,530107.99
merch15178@axl,21.129032258064516,41,253394.26483870967,502088.76000000007
merch1518@oksbi,22.22222222222222,46,93019.64972222221,180431.88
merch15219@okhdfcbank,16.565217391304348,35,214378.19217391303,353697.87
merch15234@ybl,19.5,35,138526.99333333332,282350.69999999995
merch15239@oksbi,19.625,41,192794.6690625,601346.5499999999
merch15242@oksbi,24.02857142857143,45,385780.9442857143,544554.7100000001
merch15248@oksbi,26.944444444444443,50,244630.59583333335,512868.68000000005
merch15255@paytm,13.88888888888889,25,101147.86444444445,379245.25
merch15263@ybl,15.727272727272727,29,103018.31318181819,254973.43999999997
merch1526@oksbi,19.0,32,413170.49428571435,774277.04
merch1527@okicici,15.52,35,51444.40520000001,94446.56
merch15281@ybl,20.52,38,200727.5228,305228.10000000003
merch15306@axl,13.61111111111111,28,253247.00444444444,387764.67
merch15319@axl,16.08,32,257200.84600000002,462777.11
merch15323@paytm,16.23076923076923,36,59230.604230769226,97041.28
merch15332@oksbi,18.0,38,131973.68933333334,276505.43999999994
merch15333@okicici,15.227272727272727,31,96128.89772727272,182023.63
merch1533@ybl,17.181818181818183,32,51227.979090909095,107320.14
merch15372@ybl,22.84375,42,368364.5859375,643639.62
merch15388@oksbi,14.409090909090908,30,224006.34727272726,455291.72
merch15393@axl,12.526315789473685,25,199343.12631578947,366406.24
merch15396@oksbi,14.65,31,97313.079,321673.87000000005
merch15407@okhdfcbank,16.333333333333332,35,140291.2419047619,227458.7
merch15418@okicici,13.526315789473685,28,118987.70736842105,331345.46
merch15425@axl,20.03846153846154,39,280774.2684615384,385527.12
merch15425@okicici,21.285714285714285,45,137693.57714285716,422461.06000000006
merch15497@okhdfcbank,26.365853658536587,51,187474.2163414634,370388.74
merch15498@oksbi,19.035714285714285,36,292213.00678571424,487363.62
merch15507@okicici,17.642857142857142,40,368292.3982142857,621533.11
merch1552@ybl,22.741935483870968,47,103907.22290322582,364906.86
merch15530@okicici,12.714285714285714,24,153779.83428571429,277533.58
merch15537@okicici,15.571428571428571,32,92869.17476190475,209007.12
merch15538@paytm,13.130434782608695,26,51092.13391304347,170238.78999999998
merch15568@okhdfcbank,20.0,38,35909.3553125,164056.16
merch15618@paytm,24.12121212121212,45,195819.34363636363,414284.42
merch15620@okhdfcbank,10.857142857142858,22,96125.02,165769.61000000002
merch15620@paytm,17.45,33,117731.5935,194250.47
merch15629@paytm,15.0,29,152471.1352,259525.0
merch15633@ybl,19.0,34,88231.49761904763,175941.95
merch15642@paytm,13.714285714285714,27,184645.45476190478,488829.2600000001
merch15656@ybl,21.423076923076923,39,202115.2146153846,363119.76
merch1565@paytm,14.117647058823529,26,110696.76999999999,229246.12
merch15671@ybl,16.185185185185187,31,77937.84814814816,158707.24000000002
merch15677@axl,15.64,31,203940.5644,242963.50000000003
merch15679@paytm,20.65625,39,138576.56031250002,316092.45000000007
merch15693@okhdfcbank,23.862068965517242,42,478280.8293103449,768472.6000000001
merch15694@oksbi,19.34375,38,184088.7075,482833.62
merch15708@oksbi,16.620689655172413,36,575046.18,800920.1400000001
merch1570@okicici,20.533333333333335,38,150583.30699999997,321860.9399999999
merch15718@ybl,17.0,32,100443.1848,142004.25
merch15732@okicici,14.52,29,60094.225999999995,116918.44
merch15735@ybl,15.894736842105264,32,317556.3863157895,600376.0900000001
merch15751@axl,22.392857142857142,45,166186.72607142857,286896.91000000003
merch15760@ybl,17.46153846153846,37,100750.77115384616,271801.34
merch15776@axl,18.884615384615383,34,277886.6907692308,473919.67
merch15781@paytm,16.25,31,172948.49791666667,482211.55
merch15823@ybl,17.142857142857142,33,67535.77142857142,93610.83
merch15834@ybl,12.68421052631579,28,314509.32842105266,636070.93
merch15847@axl,25.054054054054053,49,236763.61972972972,459705.29
merch15860@ybl,20.75,39,420920.6054166667,743295.9400000001
merch15877@oksbi,15.4,33,304971.6212,675516.4499999998
merch15878@ybl,18.82608695652174,35,102541.2152173913,331226.33
merch15887@ybl,16.466666666666665,33,198265.1856666667,324857.15
merch15892@paytm,20.703703703703702,37,332841.1211111111,607002.57
merch1589@okhdfcbank,15.52,33,213551.8656,411573.57000000007
merch15919@okicici,17.583333333333332,33,256144.77125,490802.59
merch15932@axl,16.24,32,254946.16799999998,562941.0599999999
merch15937@paytm,19.678571428571427,39,442409.16,657858.35
merch1594@okhdfcbank,13.904761904761905,30,269572.9938095238,595873.3899999999
merch15962@paytm,16.285714285714285,35,150335.47357142856,265504.29
merch15990@paytm,18.689655172413794,37,258722.64827586207,603024.43
merch15999@ybl,15.73913043478261,29,71586.17695652174,154443.14
merch16015@okicici,14.038461538461538,30,225814.55153846153,425642.61
merch16029@okhdfcbank,15.35,30,397104.377,710516.3999999999
merch16032@oksbi,15.181818181818182,30,213016.18045454545,495735.89
merch16032@paytm,17.47826086956522,34,233811.86260869564,416510.56000000006
merch16051@ybl,14.565217391304348,31,122502.31347826087,254116.29
merch16058@paytm,13.666666666666666,31,306643.72857142857,594275.86
merch16059@ybl,18.0,33,573983.065652174,793340.91
merch16063@okhdfcbank,12.75,29,186228.536,503071.72
merch16064@axl,16.454545454545453,32,81289.83863636364,146241.93
merch16065@oksbi,18.22222222222222,39,184860.80074074076,497019.9
merch16076@okicici,16.53846153846154,35,134811.885,312284.3900000001
merch16077@axl,15.846153846153847,31,131519.87576923077,258985.75000000003
merch16090@okicici,16.55,33,110715.3935,309973.61
merch16105@okicici,23.357142857142858,45,89955.51964285714,221663.02
merch1610@okhdfcbank,18.24,34,196821.8284,340164.79
merch16115@okicici,14.95,30,26586.759000000002,98894.6
merch16115@paytm,18.714285714285715,39,284868.0225,589641.6799999999
merch16154@okicici,18.846153846153847,35,284937.5938461539,406687.31
merch1615@paytm,15.75,32,101214.75149999998,162785.46999999997
merch16162@ybl,18.517241379310345,39,211170.9551724138,432764.97
merch16169@okhdfcbank,13.052631578947368,27,189004.41789473683,366189.62
merch16174@oksbi,13.61111111111111,25,207272.98333333334,327798.9200000001
merch16198@axl,15.28,31,251223.4772,453891.1099999999
merch16210@okicici,12.555555555555555,28,83967.84833333333,179460.20000000004
merch16221@oksbi,19.26923076923077,39,381765.56269230763,616932.99
merch16225@oksbi,19.24137931034483,39,269588.61,413366.64
merch16231@paytm,19.21875,40,155349.69,219228.56
merch16233@ybl,16.6,35,115791.2856,208397.06000000008
merch16234@ybl,13.05,25,73938.53099999999,173998.17
merch16299@okhdfcbank,16.14814814814815,32,200297.73444444445,340991.99
merch16303@paytm,12.368421052631579,26,259833.0410526316,568920.9900000001
merch16305@oksbi,17.925925925925927,36,126380.52592592592,223947.61
merch16324@axl,16.107142857142858,34,82170.89357142858,132351.09
merch16329@axl,18.535714285714285,36,227950.1717857143,529810.5700000001
merch16372@axl,11.0,25,216429.494375,343490.62999999995
merch16376@okicici,12.526315789473685,24,234763.19421052624,370721.81
merch16376@oksbi,19.548387096774192,37,226108.52354838708,453563.53
merch16378@axl,24.107142857142858,41,400498.0167857143,557127.25
merch1637@paytm,20.32,36,273663.1468,589746.85
merch16380@oksbi,17.75862068965517,34,371304.4896551724,566211.3700000001
merch16389@oksbi,20.06451612903226,40,141335.6919354839,289148.69999999995
merch16389@paytm,15.3,33,49679.676,88970.84999999999
merch16389@ybl,16.09090909090909,33,206619.7681818182,576819.57
merch16402@okicici,17.5,37,207222.34766666667,487805.69
merch16405@ybl,18.608695652173914,37,120925.25347826086,159938.74999999997
merch16409@ybl,15.8,30,67784.138,169413.67
merch16414@ybl,15.19047619047619,33,168621.96333333332,639807.4800000001
merch16437@okhdfcbank,19.2,35,130237.25,202532.12
merch16457@axl,16.782608695652176,35,100792.0056521739,250905.76
merch16467@axl,14.923076923076923,30,175124.58692307692,335126.17999999993
merch16489@ybl,21.677419354838708,42,205442.27258064516,458754.91
merch16493@ybl,24.28,42,122991.0112,196330.98
merch16494@axl,15.409090909090908,29,142673.75318181817,312630.69
merch16523@paytm,16.838709677419356,37,233402.1322580645,515185.9000000001
merch16535@oksbi,13.2,27,122701.398,263040.81000000006
merch16554@ybl,14.4,28,49971.9185,94758.78999999998
merch16577@okicici,10.1875,26,113020.40875,267302.26
merch16582@okhdfcbank,24.533333333333335,47,216363.026,420272.04
merch16583@okhdfcbank,22.416666666666668,48,70385.83583333335,308565.59
merch16589@oksbi,16.666666666666668,36,248118.48416666666,617250.96
merch16591@okicici,19.76,39,138647.3812,323532.50999999995
merch16600@paytm,18.6,36,63871.53433333334,130965.8
merch16611@ybl,15.826086956521738,30,216386.13826086954,427744.4199999999
merch16624@okhdfcbank,37.2,69,280082.0048,569543.4299999999
merch16634@okhdfcbank,18.869565217391305,34,432345.2539130435,584552.26
merch16636@oksbi,17.40909090909091,34,216642.8581818182,456664.93000000005
merch1663@ybl,15.958333333333334,34,97972.20416666666,237876.89
merch16648@oksbi,15.962962962962964,32,102842.91888888889,157111.0
merch16657@okhdfcbank,14.4,28,209184.6055,336893.4
merch16667@axl,19.25,39,345967.3339285715,580427.6100000002
merch16668@oksbi,17.62962962962963,35,131946.0551851852,368711.38
merch16675@okhdfcbank,19.142857142857142,42,216696.64035714284,520156.9899999999
merch16701@ybl,24.21875,47,361534.0265625,577559.4299999999
merch16729@okicici,17.52173913043478,33,364797.4834782608,677144.91
merch16749@ybl,17.041666666666668,32,305263.07166666666,564546.42
merch16764@oksbi,20.363636363636363,40,406213.5078787878,807864.1099999999
merch16773@oksbi,21.29032258064516,40,123642.34096774193,304804.8
merch16782@ybl,17.64,37,269859.10079999996,405343.46
merch16784@okhdfcbank,14.5,29,222217.96818181817,591676.0699999998
merch16791@oksbi,18.76923076923077,36,330994.2392307693,752831.29
merch16797@okhdfcbank,15.185185185185185,32,412095.62148148153,543640.1599999999
merch16797@paytm,20.29032258064516,42,282963.0535483871,550022.58
merch16802@okhdfcbank,13.733333333333333,27,132408.704,266153.41
merch16817@okhdfcbank,19.208333333333332,34,271642.0833333333,583012.16
merch16819@oksbi,19.4,37,147645.2248,278532.03
merch16828@okicici,18.35483870967742,39,171256.51387096776,477326.34
merch16828@paytm,15.565217391304348,30,317981.7556521739,535397.85
merch16839@okicici,25.11111111111111,51,252930.16194444444,375139.0099999999
merch16846@okhdfcbank,17.76923076923077,34,154540.0926923077,316734.28
merch16852@ybl,22.5,44,203879.8246875,464606.0999999999
merch16873@ybl,15.681818181818182,30,347982.78909090906,598258.1099999999
merch16900@okicici,19.73076923076923,35,296081.7834615385,518535.14
merch16915@oksbi,22.23076923076923,40,242055.64576923076,338178.56
merch16930@axl,19.19047619047619,33,161278.7880952381,233143.39
merch16935@paytm,15.043478260869565,33,412476.01217391307,526965.54
merch1693@oksbi,15.88888888888889,35,63512.468518518515,153608.66
merch16945@okicici,12.666666666666666,23,37327.169444444444,55899.58
merch16954@ybl,12.88888888888889,27,86951.9811111111,328991.92
merch16958@okhdfcbank,15.782608695652174,29,42952.36,69345.71999999999
merch16993@ybl,15.44,29,286758.61600000004,460809.15
merch17007@axl,22.46875,43,180041.6478125,308180.55000000005
merch17011@paytm,16.59259259259259,33,75157.44740740741,173679.59
merch17017@paytm,18.20689655172414,35,221271.1120689655,519308.16
merch17025@okicici,15.875,30,109201.88625,352320.83
merch17035@okhdfcbank,19.161290322580644,38,153867.44838709678,314481.99
merch17040@axl,18.791666666666668,42,367083.69083333336,963558.58
merch1704@ybl,19.838709677419356,39,97784.93387096775,242141.98
merch17057@ybl,26.852941176470587,51,315450.2408823529,564888.04
merch17066@oksbi,14.636363636363637,30,117102.515,185119.67
merch17076@oksbi,17.454545454545453,32,129124.73,216401.83
merch17080@okicici,21.84,40,177620.8872,299042.38
merch17087@paytm,16.130434782608695,35,168991.38304347827,443117.18
merch17108@axl,15.565217391304348,29,132522.46217391305,277474.63
merch17119@oksbi,16.766666666666666,35,76009.12466666667,324024.77
merch17120@paytm,15.26086956521739,34,158277.06000000003,405056.59
merch17128@oksbi,13.05,26,187859.27850000001,475021.26000000007
merch17139@paytm,18.774193548387096,38,264843.3341935484,642168.4500000001
merch17143@okhdfcbank,16.869565217391305,32,274827.99260869564,456324.33
merch17146@okicici,16.958333333333332,32,175022.39541666667,293015.75
merch17148@paytm,20.09375,40,173104.3971875,338283.28
merch17151@axl,16.76923076923077,33,204277.6830769231,323223.86
merch17167@okhdfcbank,13.565217391304348,26,156492.5343478261,280412.01000000007
merch17167@oksbi,16.347826086956523,32,275812.88434782607,404250.62
merch17192@okhdfcbank,18.8125,39,110213.65062500001,253219.46000000005
merch1719@paytm,16.46153846153846,35,140997.7003846154,384383.31
merch17204@oksbi,16.136363636363637,30,172250.12545454546,327148.68
merch17208@paytm,17.304347826086957,34,130999.34913043477,371583.98
merch17220@okhdfcbank,16.2,30,420621.2189999999,718750.33
merch17225@ybl,18.23076923076923,35,172341.38884615383,338413.21
merch17238@axl,17.96,36,166509.2264,262751.99999999994
merch17246@paytm,20.071428571428573,41,259941.11964285717,667651.27
merch17246@ybl,20.40909090909091,36,218585.85363636364,332055.69
merch17258@ybl,13.368421052631579,29,133940.38789473684,290859.04
merch17267@okicici,18.066666666666666,36,220250.19533333334,366897.8000000001
merch17277@ybl,19.322580645161292,39,161140.82096774195,477166.8
merch17279@okicici,17.233333333333334,36,360613.96533333336,735131.9300000002
merch17283@axl,15.0,31,179230.49079999997,302988.16000000003
merch17285@axl,16.708333333333332,31,222569.3008333333,285134.94
merch17289@paytm,19.037037037037038,35,150004.73074074075,435155.67
merch17312@ybl,21.185185185185187,40,120295.05296296297,308823.73
merch17321@paytm,15.68,31,96453.0764,246948.91
merch17350@ybl,20.275862068965516,44,398717.3755172414,653745.9900000001
merch17352@ybl,10.076923076923077,19,41252.733076923076,113095.48
merch17375@okicici,16.821428571428573,33,446945.86178571434,913833.72
merch17375@ybl,15.32,30,46994.2192,105126.9
merch1737@paytm,20.6,39,234257.7472,528162.8
merch17417@ybl,17.866666666666667,36,155358.05533333335,415643.58
merch17433@oksbi,19.666666666666668,36,268271.64875,470271.31
merch17442@okicici,19.037037037037038,38,249111.25333333333,396934.9099999999
merch17444@ybl,16.466666666666665,36,168950.88100000002,553534.98
merch17447@okicici,17.93548387096774,36,288796.14967741934,715228.1499999999
merch17462@axl,15.19047619047619,29,113578.76809523809,223619.33
merch17482@axl,17.45,31,213496.82,436014.92
merch17484@okhdfcbank,15.916666666666666,32,69523.73666666666,173533.39
merch17488@axl,20.25,37,107960.47714285715,191758.6
merch17489@oksbi,20.074074074074073,38,248800.2322222222,450301.79
merch17490@okhdfcbank,21.379310344827587,40,232470.1972413793,445080.9
merch17494@oksbi,18.444444444444443,36,324319.4259259259,637452.6699999999
merch17506@axl,14.45,28,252717.18450000003,421845.1400000001
merch17533@oksbi,14.947368421052632,28,166536.17368421055,208408.16
merch17543@ybl,19.695652173913043,38,128791.0691304348,295859.24000000005
merch17555@paytm,21.526315789473685,43,280982.8036842106,505287.85
merch17568@oksbi,15.045454545454545,31,42451.75090909091,109089.46
merch17575@paytm,18.84,39,49607.772399999994,160378.00999999998
merch1757@ybl,20.12,38,351947.3496,551545.89
merch17593@paytm,19.357142857142858,39,421030.65214285714,720973.01
merch17603@ybl,19.0,39,89506.053125,445212.88
merch17636@paytm,24.322580645161292,49,251994.96096774194,545694.1199999999
merch17650@okicici,16.192307692307693,32,129408.05346153845,262495.17
merch17652@paytm,17.444444444444443,34,413825.3007407408,630858.5399999999
merch1765@paytm,15.294117647058824,28,137559.97470588237,344494.8
merch17668@oksbi,15.636363636363637,33,287712.3736363636,530333.83
merch17673@oksbi,18.06896551724138,37,238163.5227586207,628348.19
merch17676@oksbi,18.724137931034484,37,227728.42413793103,414613.23
merch17679@axl,18.580645161290324,38,207404.20612903227,563205.7000000001
merch17689@axl,22.0,43,52490.46454545454,138568.23
merch17693@ybl,15.4,30,141528.1364,352964.2899999999
merch17708@oksbi,12.5,25,252411.92562500003,363612.79
merch17713@oksbi,22.580645161290324,45,210317.89322580647,345703.27
merch17744@okicici,11.4,24,51843.914,149315.65000000002
merch17746@paytm,22.794117647058822,46,337197.5114705883,473719.54999999993
merch17756@axl,19.892857142857142,39,101053.44678571427,370229.73999999993
merch17772@axl,16.782608695652176,31,88238.77782608697,211764.71
merch17775@ybl,22.257142857142856,43,423181.0071428571,712731.55
merch17786@paytm,17.96,37,276711.26159999997,595084.0499999999
merch17820@okhdfcbank,19.076923076923077,36,262796.0596153846,537928.7899999999
merch17829@ybl,16.923076923076923,34,286989.1511538461,555399.1
merch17855@ybl,19.25,38,182432.4185714286,260135.64000000007
merch17893@ybl,16.041666666666668,31,90413.65083333333,222526.63
merch17905@okhdfcbank,21.848484848484848,42,231335.56333333332,399482.3000000001
merch17925@oksbi,18.869565217391305,34,285526.11217391305,449630.59
merch1792@ybl,13.0,25,75059.849375,156274.01
merch17937@oksbi,17.583333333333332,33,374330.0891666667,796727.01
merch17943@okicici,15.285714285714286,30,182885.46071428573,453428.62
merch17944@okicici,17.0,32,122972.92478260868,201404.86
merch17945@paytm,13.333333333333334,28,360205.8044444444,762321.19
merch17959@okhdfcbank,13.227272727272727,26,105569.805,356308.22
merch17960@oksbi,23.076923076923077,39,155177.3853846154,590022.96
merch17983@ybl,20.96153846153846,38,313431.81346153846,535232.52
merch17997@axl,22.866666666666667,41,208608.71433333334,316579.04000000004
merch1799@axl,20.451612903225808,43,219996.68258064517,601144.6700000002
merch18007@paytm,18.807692307692307,38,182261.46423076926,387505.2
merch18013@okicici,20.5,35,161949.4296153846,293218.2199999999
merch18015@okicici,18.75,36,272249.28535714286,544791.53
merch18032@axl,20.04,39,116478.5232,220937.36
merch18038@axl,15.45,28,234051.4815,306026.31
merch18044@axl,17.454545454545453,31,304309.7490909091,447179.2700000001
merch18046@ybl,20.545454545454547,40,317882.9081818182,521567.59
merch18077@axl,10.571428571428571,21,103896.21642857142,161148.59
merch18084@paytm,23.285714285714285,46,181656.3802857143,340929.30999999994
merch18130@okicici,14.4375,28,32830.490625,67916.59999999999
merch18153@okicici,21.6875,42,168597.509375,421650.66
merch18167@ybl,25.071428571428573,46,120261.26535714287,215686.37
merch18175@paytm,22.52,43,194860.48239999998,355236.39
merch18177@okhdfcbank,11.6,25,129678.05600000001,301070.43999999994
merch18184@okhdfcbank,11.823529411764707,23,45558.129411764705,115013.04
merch18189@okhdfcbank,15.714285714285714,31,152076.2404761905,318774.4
merch18197@okhdfcbank,26.069767441860463,51,201456.93627906975,420008.41
merch18215@okicici,16.347826086956523,35,224393.7308695652,572011.6799999999
merch18216@ybl,15.529411764705882,29,226441.6688235294,373220.28
merch18221@oksbi,17.782608695652176,34,109152.09043478261,164188.94999999998
merch18223@paytm,13.80952380952381,30,86313.50333333334,375741.68
merch18229@ybl,22.956521739130434,39,278595.4247826087,519200.69
merch18230@ybl,19.85185185185185,36,157455.00666666665,242743.25
merch18234@axl,18.29032258064516,35,321555.6574193549,541705.1200000001
merch18238@oksbi,18.666666666666668,35,337577.43124999997,573100.81
merch1823@axl,15.16,31,62458.432,215182.1
merch18245@okhdfcbank,19.96153846153846,38,124291.77076923077,293265.6
merch18279@ybl,19.323529411764707,42,225466.40647058823,671374.41
merch18310@oksbi,13.4,27,82688.51533333333,131518.47
merch18316@ybl,19.821428571428573,37,87725.27535714286,196055.14
merch18332@axl,32.17948717948718,63,516840.0038461538,1153991.25
merch18333@okhdfcbank,21.40625,43,215813.570625,467209.79
merch18335@okicici,20.633333333333333,40,247126.287,364548.34
merch18336@okhdfcbank,23.28125,52,375296.7221875,806889.89
merch18338@oksbi,14.31578947368421,27,178935.28052631582,280019.58
merch18341@axl,19.318181818181817,34,345137.60454545455,622769.4
merch18352@ybl,14.666666666666666,29,178167.7825,204015.48
merch18358@okicici,16.925925925925927,37,145775.37,316410.13
merch18373@ybl,13.3125,25,64997.16,133487.54
merch18384@okhdfcbank,16.0,31,24419.83962962963,58441.25
merch18388@paytm,19.59259259259259,36,95954.05074074074,205951.68
merch18400@okicici,16.24,32,321597.4492,525108.7699999999
merch18401@paytm,18.96,38,644539.8496000001,1102106.4400000004
merch18404@paytm,22.41025641025641,45,247043.3823076923,596871.02
merch18408@okicici,19.964285714285715,39,278036.84214285715,563588.05
merch18412@okicici,15.61111111111111,30,121576.30611111113,225387.37
merch18422@okhdfcbank,18.074074074074073,35,109545.74962962962,289978.43
merch18424@oksbi,19.580645161290324,40,217157.32838709676,394045.54999999993
merch18426@ybl,20.0,39,404099.4796296297,706965.63
merch18430@okhdfcbank,15.166666666666666,32,177415.63541666666,292931.39
merch18441@okicici,18.642857142857142,36,185134.5282142857,246138.56000000003
merch18450@okhdfcbank,19.384615384615383,35,119069.02076923077,197918.78
merch18458@okhdfcbank,13.722222222222221,26,209365.42944444445,402312.8499999999
merch18465@okicici,20.5,37,270070.88923076924,457721.11
merch18469@oksbi,22.151515151515152,43,174476.60242424245,313239.60000000003
merch18507@oksbi,14.722222222222221,27,179759.45111111112,440187.83
merch18528@oksbi,21.666666666666668,43,221606.1063888889,658285.07
merch18533@oksbi,18.2,34,160268.24833333335,397147.4100000001
merch18536@axl,21.423076923076923,38,446519.3234615385,823232.34
merch18540@okicici,14.32,31,164837.7576,455079.61
merch18545@okhdfcbank,16.379310344827587,37,134303.71655172412,391044.4199999999
merch18545@paytm,22.166666666666668,42,210599.84366666668,392562.62000000005
merch18568@okicici,19.64516129032258,46,232790.8777419355,541075.54
merch18580@okicici,17.428571428571427,35,59285.57964285714,98968.98999999998
merch18587@ybl,15.84,31,299664.1736,561823.0199999999
merch1858@axl,19.09375,37,112724.6765625,227330.17
merch18600@paytm,21.51851851851852,41,225374.2625925926,471275.35
merch18601@axl,16.178571428571427,33,98637.18785714285,269550.69
merch18603@oksbi,19.53125,39,141640.6578125,241066.52
merch18610@paytm,15.3125,26,196446.5925,429285.82
merch18637@okicici,16.56,31,134801.634,461588.28
merch1863@okhdfcbank,18.115384615384617,33,325119.4507692308,509488.00000000006
merch18659@paytm,19.714285714285715,39,107135.81685714285,177330.76999999996
merch18667@oksbi,12.0,24,159495.93214285717,201863.54000000004
merch18676@okhdfcbank,15.142857142857142,32,142977.49619047617,361395.88
merch18693@ybl,19.035714285714285,39,531383.52,796123.85
merch1869@ybl,22.333333333333332,41,88770.40233333335,329677.12
merch18705@paytm,16.0,33,171221.62962962964,233517.16
merch18716@okhdfcbank,17.92,33,288110.6016,444456.24
merch18745@paytm,14.043478260869565,30,150906.17608695652,257100.12
merch18748@okicici,14.166666666666666,27,195686.16000000003,262914.15
merch18809@oksbi,17.842105263157894,33,296177.77210526314,745129.95
merch18829@paytm,16.44,36,88927.9148,149236.03000000003
merch18833@ybl,15.0,31,403116.699047619,613136.9000000001
merch18839@paytm,16.40909090909091,33,219851.45727272725,351959.12
merch18868@okicici,14.375,29,78161.831875,180851.12000000005
merch18875@ybl,17.333333333333332,39,316787.1393333333,802873.89
merch18878@paytm,18.096774193548388,36,209458.5435483871,608315.1299999999
merch1888@paytm,20.20689655172414,38,121345.68896551724,264104.12999999995
merch18903@okhdfcbank,19.448275862068964,38,452452.0227586207,882324.36
merch18907@oksbi,12.15,26,106880.53,248692.55
merch1891@paytm,16.322580645161292,34,74705.0358064516,211471.03
merch18950@okicici,15.296296296296296,31,53323.94222222223,172449.4
merch18959@okicici,23.285714285714285,43,299535.07371428574,515574.06
merch18970@paytm,17.545454545454547,34,202066.0090909091,405209.0399999999
merch18974@oksbi,19.464285714285715,42,347905.71714285715,539823.2300000001
merch18985@oksbi,15.758620689655173,34,197373.65793103448,398450.22
merch18986@okhdfcbank,18.096774193548388,35,137207.88677419355,270659.22000000003
merch19006@axl,11.882352941176471,23,59999.75294117647,198398.98
merch1903@axl,21.25,44,270223.66000000003,571992.55
merch19055@paytm,15.26923076923077,31,344863.8173076923,497899.05
merch19065@okhdfcbank,18.875,41,113441.0859375,232676.7
merch19066@axl,20.142857142857142,47,159582.91228571426,449453.7199999999
merch19077@ybl,15.73076923076923,34,84576.72615384615,191898.06000000003
merch19079@ybl,22.857142857142858,45,181466.60464285716,324849.49
merch1908@okhdfcbank,25.441176470588236,49,405373.925882353,755492.41
merch19095@paytm,21.451612903225808,41,292837.7032258064,641750.3599999999
merch19101@ybl,21.12,39,115198.6752,240714.05
merch19130@paytm,15.090909090909092,31,202588.70272727273,604661.4
merch19165@ybl,17.4,35,193835.678,408258.0199999999
merch19179@okhdfcbank,20.3125,41,142462.16749999998,274492.74
merch19201@paytm,34.52,67,590981.7036000001,779980.4100000001
merch19212@axl,21.733333333333334,40,518098.1533333333,831154.3099999999
merch19225@oksbi,13.523809523809524,27,124677.09809523809,353226.80000000005
merch19226@oksbi,19.666666666666668,37,93614.88814814815,230163.72
merch19227@oksbi,18.217391304347824,33,79948.02130434783,175350.37999999998
merch19228@okicici,16.291666666666668,35,122989.14,188532.6
merch19228@oksbi,19.333333333333332,38,145428.28037037037,493540.7100000001
merch1922@oksbi,15.333333333333334,32,247093.1161904762,377837.21
merch19242@paytm,20.228571428571428,44,109870.31571428571,266549.79
merch19243@oksbi,16.681818181818183,33,428302.0018181819,597710.0399999999
merch19254@ybl,14.5,30,77939.45222222223,183428.37
merch1925@axl,17.5,37,168230.60374999998,320966.79
merch19260@ybl,19.75862068965517,40,351797.3675862069,596668.94
merch19261@okhdfcbank,19.62857142857143,41,99240.39142857143,236237.63
merch19268@okhdfcbank,17.68421052631579,36,416250.12000000005,654499.9600000001
merch19280@oksbi,16.20689655172414,34,124532.63310344829,226626.18
merch19288@oksbi,12.181818181818182,28,171192.6622727273,496676.2800000001
merch1929@okhdfcbank,19.774193548387096,43,210657.29967741936,496963.5
merch19300@paytm,20.096774193548388,43,178395.1464516129,282722.56000000006
merch19302@ybl,19.608695652173914,40,76510.8995652174,187571.63
merch19312@okicici,15.631578947368421,38,78412.45789473684,286913.84
merch19316@paytm,15.647058823529411,26,127034.76470588235,247921.48
merch19318@okhdfcbank,16.2,31,40450.6256,84809.64
merch19330@okicici,17.227272727272727,33,94455.96818181819,163812.31
merch19366@okhdfcbank,23.379310344827587,47,46107.47793103449,250203.64
merch19371@axl,15.76,36,243658.0888,579331.66
merch19383@axl,17.217391304347824,34,118682.56956521739,221834.84000000003
merch19394@axl,15.481481481481481,31,34636.47148148149,69475.17
merch19405@paytm,15.555555555555555,31,107188.195,326949.36000000004
merch19409@axl,36.964285714285715,78,362907.8980357143,753082.78
merch19423@oksbi,19.653846153846153,37,159820.26,282771.15
merch19429@ybl,17.84,33,176714.9268,308754.92000000004
merch19443@okhdfcbank,22.666666666666668,41,229582.63500000004,455360.93000000005
merch19460@paytm,18.566666666666666,37,201614.23533333332,452204.86
merch19472@paytm,16.227272727272727,35,78492.00727272728,236111.3
merch19477@paytm,15.181818181818182,31,76084.07045454545,277456.75
merch1947@axl,15.782608695652174,29,74253.6543478261,134541.33000000005
merch1947@okicici,16.428571428571427,33,59770.48357142857,108754.8
merch19510@paytm,19.379310344827587,39,451276.6165517241,1062377.7399999998
merch19540@okhdfcbank,16.384615384615383,30,129727.4353846154,233121.08
merch19546@oksbi,13.157894736842104,26,111427.27578947367,266392.38
merch1958@oksbi,14.631578947368421,29,97748.46789473685,229700.12
merch19595@ybl,16.64,36,108471.1584,237263.48000000004
merch19615@okhdfcbank,18.214285714285715,36,304111.40964285715,451989.49
merch19631@paytm,19.483870967741936,41,214254.53,499795.6
merch19632@paytm,19.0,36,235682.86500000002,527793.6900000001
merch19637@okicici,15.2,33,114273.0324,232720.03000000003
merch19639@paytm,17.88,36,109866.716,223761.46
merch19640@paytm,19.08,36,355310.73,615553.24
merch19642@okhdfcbank,16.0,31,359598.3685714286,839543.96
merch19669@okicici,14.31578947368421,27,246941.44894736842,325458.93999999994
merch19675@okhdfcbank,18.5,38,128918.20406250001,384823.56000000006
merch19680@okhdfcbank,16.11111111111111,31,169716.86111111112,367170.4
merch19680@oksbi,18.333333333333332,34,263814.6140740741,428691.21
merch19687@okicici,18.05263157894737,35,192743.14263157896,478302.08
merch19693@okhdfcbank,18.72,33,120052.6888,226454.64
merch19706@ybl,19.46153846153846,40,198484.80269230768,453532.6
merch19722@ybl,12.952380952380953,30,56781.67476190477,130751.97000000002
merch19728@okhdfcbank,15.157894736842104,27,31210.837894736844,59962.7
merch1972@okicici,14.285714285714286,30,169075.34666666665,342976.82
merch1973@ybl,16.896551724137932,32,154593.5648275862,312494.2899999999
merch19744@okicici,14.619047619047619,29,342192.83999999997,516379.0600000001
merch19748@ybl,16.88888888888889,34,114628.16259259259,257049.01
merch19782@okicici,17.043478260869566,34,137959.5186956522,264314.1
merch1981@okhdfcbank,31.40909090909091,63,270559.5847727273,657795.24
merch1982@paytm,20.264705882352942,43,240527.75323529413,479389.02
merch19836@axl,15.391304347826088,32,45281.227826086964,106592.36
merch19839@ybl,23.625,45,130197.8565625,419566.44
merch19857@paytm,21.96969696969697,44,357105.92303030303,725039.02
merch19866@okicici,17.88888888888889,34,133565.70185185183,334908.05
merch1987@paytm,21.52173913043478,41,235726.0052173913,332363.59
merch19883@oksbi,21.347826086956523,37,309639.61,517930.4
merch19895@paytm,19.2,38,53674.5384,114892.43
merch19909@okhdfcbank,19.77777777777778,36,131538.8014814815,220991.78
merch19909@oksbi,17.625,38,219797.18541666665,435331.3199999999
merch19910@okhdfcbank,14.26086956521739,29,64188.01521739131,102520.63
merch19913@okhdfcbank,18.423076923076923,35,173986.90499999997,284433.50999999995
merch19940@paytm,17.19047619047619,32,176111.8061904762,420639.42
merch19946@ybl,17.692307692307693,34,248310.21423076926,504495.27
merch19951@ybl,17.541666666666668,32,152455.76958333334,275177.87
merch19953@paytm,41.86440677966102,84,330343.3183050848,853794.4600000002
merch19991@oksbi,18.161290322580644,35,192978.30677419354,428707.32
merch20014@paytm,15.090909090909092,29,151235.5740909091,246442.48
merch20050@okhdfcbank,16.772727272727273,30,209943.38363636367,453450.0300000001
merch20053@axl,15.777777777777779,32,25959.19111111111,48099.58999999999
merch20072@paytm,16.185185185185187,32,339155.87925925927,554324.07
merch20109@okicici,20.64516129032258,42,94500.85580645161,182398.11
merch2010@oksbi,15.952380952380953,33,290200.2685714286,728754.67
merch20116@ybl,17.208333333333332,35,244032.63458333336,465128.14
merch20158@okicici,15.416666666666666,31,373679.5150000001,803367.5200000003
merch20163@oksbi,18.0,37,271256.61,456662.29
merch20178@axl,21.448275862068964,40,231498.82586206897,529128.8300000001
merch20192@okhdfcbank,17.84,36,117510.99,284992.54
merch20195@okhdfcbank,19.304347826086957,34,273586.7930434783,358456.73000000004
merch20198@paytm,16.653846153846153,34,151493.60730769232,424265.11
merch20215@paytm,18.285714285714285,40,70126.56892857143,165927.61
merch20266@axl,14.15,26,68758.339,102181.07
merch20276@axl,20.5625,43,287811.140625,644831.6400000001
merch20283@ybl,21.96875,42,353514.35375,473953.43000000005
merch20290@axl,19.44,39,412932.0472000001,564897.8600000002
merch20299@okhdfcbank,18.25,34,35359.762500000004,74826.61
merch20322@okicici,17.846153846153847,34,248324.37346153846,658336.9199999999
merch20329@axl,20.258064516129032,39,177596.10838709679,381094.79
merch20330@axl,16.862068965517242,32,129271.30793103449,208587.9
merch20332@oksbi,17.304347826086957,33,168348.3452173913,379376.2
merch20336@okicici,18.724137931034484,38,385952.8458620689,620448.4599999998
merch20352@ybl,16.26086956521739,31,303825.68869565224,427407.95000000007
merch20359@paytm,19.40740740740741,36,355718.1511111111,630507.9099999999
merch20362@oksbi,15.24,31,192461.53600000002,311628.02
merch20369@okhdfcbank,18.666666666666668,36,119865.45666666667,240545.39
merch20377@okicici,15.142857142857142,29,107711.18857142857,281683.05000000005
merch20396@okicici,14.083333333333334,27,137647.8575,206852.12
merch20405@okicici,15.592592592592593,33,62970.38333333333,124828.2
merch20416@ybl,20.060606060606062,40,180210.49636363637,325899.75999999995
merch20420@paytm,16.20689655172414,33,307080.5437931035,568500.3400000001
merch20423@paytm,18.130434782608695,37,454249.4991304348,759569.67
merch20439@paytm,20.541666666666668,37,95570.31041666667,130359.19000000002
merch20450@ybl,17.0,35,210636.68399999998,326985.1
merch20483@okhdfcbank,18.40909090909091,34,166371.75454545455,318368.88
merch20491@ybl,23.20689655172414,43,442629.94344827585,730082.27
merch20504@ybl,14.115384615384615,29,62785.065384615395,221576.92
merch20514@ybl,15.96,33,285522.7032,580556.61
merch20521@okhdfcbank,15.478260869565217,34,210896.92304347825,345828.84
merch20523@okicici,18.958333333333332,38,187696.82958333334,443295.98999999993
merch20523@oksbi,15.4,30,189645.903,459696.00000000006
merch20547@okicici,14.714285714285714,28,139149.51,216182.49
merch20575@okhdfcbank,11.736842105263158,24,38978.289473684206,111523.11
merch20622@okicici,16.56,33,103375.97280000002,277631.87000000005
merch20623@ybl,15.05,27,108087.65999999999,138237.66
merch20629@oksbi,16.75,33,167514.90964285712,355733.06
merch20631@paytm,11.210526315789474,23,67730.53684210526,110809.53
merch20644@paytm,18.78125,38,141448.4828125,297290.33
merch20673@okicici,15.916666666666666,32,172225.02375000002,367250.49
merch20674@okicici,19.26923076923077,37,197167.8326923077,293616.60000000003
merch2067@paytm,23.78787878787879,46,116232.31696969699,359770.42000000004
merch20693@okicici,18.22222222222222,37,257401.91222222222,649286.75
merch2069@paytm,20.65714285714286,42,304032.7074285714,587377.63
merch20708@ybl,14.074074074074074,28,164080.65555555557,233835.72
merch2071@okhdfcbank,23.444444444444443,45,371572.70694444445,631494.14
merch20727@oksbi,17.413793103448278,36,219903.10620689654,327617.96
merch20728@ybl,14.208333333333334,28,451709.92041666666,753511.7599999999
merch2073@oksbi,20.275862068965516,39,138961.22586206897,274936.12999999995
merch20755@paytm,14.5,30,427110.5472727273,760896.2900000002
merch20763@okicici,16.666666666666668,31,351264.3358333334,489170.61
merch20796@oksbi,16.346153846153847,33,91022.29192307692,129012.08
merch2082@okhdfcbank,21.392857142857142,46,246255.675,589446.7799999999
merch2082@okicici,17.785714285714285,35,145370.835,306280.06
merch20856@ybl,16.91304347826087,32,164887.24434782608,280978.04000000004
merch2085@okicici,12.571428571428571,27,27955.588571428576,128326.33000000002
merch20861@axl,17.894736842105264,32,212058.2810526316,413049.81
merch20861@ybl,19.263157894736842,34,116597.84842105264,184161.36
merch20874@okicici,22.857142857142858,42,450471.2504761905,1035884.04
merch20874@paytm,16.96153846153846,34,138427.2953846154,252705.26
merch20897@axl,17.652173913043477,36,382084.64086956525,654037.28
merch20920@paytm,12.117647058823529,25,61033.97529411765,95190.87
merch20923@okhdfcbank,13.428571428571429,26,22355.306666666664,49959.74999999999
merch20928@oksbi,18.523809523809526,35,196662.04523809525,359890.06000000006
merch20929@okicici,22.11764705882353,42,141263.69911764705,250659.43
merch20930@paytm,18.703703703703702,35,92830.81592592591,246723.91
merch2094@oksbi,19.92,37,169864.3404,367824.6
merch20984@ybl,13.75,28,209247.63375,409872.28
merch20995@axl,17.571428571428573,38,219057.145,392048.48999999993
merch21002@oksbi,19.92,35,253300.05120000002,515456.99
merch21010@okhdfcbank,17.863636363636363,32,78202.59999999999,137187.87
merch21069@paytm,16.884615384615383,33,110521.315,218932.25
merch21096@okhdfcbank,19.62962962962963,36,60656.12925925926,145725.98
merch21098@okicici,19.2,34,173500.56519999998,283788.41
merch21099@oksbi,14.055555555555555,30,31175.422777777778,83003.67000000001
merch2110@oksbi,14.2,28,371062.35000000003,839925.28
merch21113@axl,15.88888888888889,33,226261.74555555556,516293.8900000001
merch21114@paytm,15.136363636363637,31,164875.5181818182,332773.72000000003
merch21115@oksbi,9.833333333333334,20,80888.79833333334,133707.44
merch21128@okhdfcbank,17.925925925925927,38,102558.84407407408,172497.83
merch2112@oksbi,17.724137931034484,36,257037.7855172414,409197.20000000007
merch21140@ybl,16.93103448275862,32,318462.03413793095,603049.83
merch21143@okhdfcbank,22.129032258064516,42,223066.78516129032,364188.37
merch21156@okhdfcbank,21.516129032258064,41,359218.0825806451,546930.49
merch21171@axl,15.136363636363637,29,108746.81863636365,204660.49000000005
merch21193@ybl,14.958333333333334,31,76356.60416666667,363940.61
merch21195@oksbi,20.424242424242426,39,372595.0906060606,571405.4999999999
merch21221@paytm,24.806451612903224,49,56653.42258064516,147146.93999999997
merch21239@okicici,15.0,30,227502.42434782608,500184.0099999999
merch21239@oksbi,12.681818181818182,26,206342.8418181818,414722.25
merch21243@oksbi,19.870967741935484,38,311484.3916129033,647787.62
merch21270@ybl,22.653846153846153,43,271050.176923077,377244.0500000001
merch2128@ybl,10.75,20,185438.44083333333,281437.29000000004
merch2130@ybl,17.291666666666668,33,331101.44875000004,523958.82
merch21325@axl,19.333333333333332,41,149519.155,358379.56
merch21325@ybl,15.909090909090908,33,258142.4281818182,353247.8500000001
merch21343@axl,21.032258064516128,39,138611.07387096775,204890.81000000003
merch2135@ybl,16.833333333333332,29,45630.96055555556,98555.94
merch21373@ybl,17.09090909090909,34,240186.4631818182,444175.78
merch21388@axl,15.346153846153847,34,430869.25769230776,876831.77
merch21396@axl,13.882352941176471,26,265798.4052941177,389433.6800000001
merch21405@oksbi,18.62962962962963,34,180723.75148148148,263663.56
merch21426@paytm,18.26923076923077,37,228461.42269230768,432072.83
merch21439@axl,12.052631578947368,25,217450.81315789474,385954.64
merch21449@axl,12.0,24,137408.348125,290039.45
merch2144@ybl,18.79310344827586,39,314302.50517241383,502970.85
merch21455@ybl,16.166666666666668,30,194194.92666666667,355843.65
merch21471@oksbi,16.217391304347824,33,178989.06608695653,388489.51
merch21491@paytm,23.789473684210527,49,164811.21315789476,408797.06
merch21497@okhdfcbank,15.173913043478262,31,105446.93869565219,234361.61000000004
merch21501@oksbi,14.944444444444445,32,41494.62888888889,107307.2
merch21511@ybl,19.2,38,353285.706,648942.19
merch2151@oksbi,10.125,21,27845.223750000005,63441.76000000001
merch21529@axl,22.166666666666668,42,435561.34208333335,953946.8
merch21543@okicici,15.55,31,84563.24350000001,232434.32
merch21547@oksbi,11.294117647058824,22,95652.56,145167.36000000002
merch21551@paytm,17.142857142857142,35,111363.84607142858,441771.57
merch21556@okicici,21.93103448275862,41,427722.1431034482,883012.83
merch21557@okicici,16.363636363636363,33,21571.361363636363,54955.77
merch21577@axl,28.85,55,453940.21050000004,634555.9500000001
merch2159@axl,13.705882352941176,24,112051.86176470589,188892.99
merch21600@oksbi,17.782608695652176,37,206916.35652173913,607347.0200000001
merch21615@paytm,17.925925925925927,34,211574.62814814816,320900.83
merch21641@axl,18.28,36,265220.4756,459553.67999999993
merch21653@axl,21.5,41,292679.916,503500.37
merch21662@okhdfcbank,19.35483870967742,44,310155.0683870968,537578.48
merch21672@axl,19.40740740740741,36,329311.8585185185,652295.0100000001
merch21703@okhdfcbank,20.451612903225808,40,346119.0467741935,474296.45
merch21709@oksbi,12.863636363636363,28,196243.6190909091,587125.88
merch21710@oksbi,14.666666666666666,28,209747.70777777777,342721.02
merch21724@oksbi,15.458333333333334,32,133812.91833333333,415643.88
merch21739@okicici,15.909090909090908,34,70643.83318181819,137303.74
merch21742@okicici,19.727272727272727,36,283139.42909090914,541726.2
merch21753@oksbi,15.6,31,84301.56439999999,174675.10999999996
merch21758@axl,17.208333333333332,38,67573.13916666666,148492.48999999996
merch21760@paytm,15.125,32,150925.91,383747.66
merch21764@okicici,22.071428571428573,42,209423.7285714286,540569.08
merch21765@oksbi,17.238095238095237,34,196859.24333333335,306384.15
merch21773@paytm,16.458333333333332,34,251133.8475,520756.79
merch21782@okhdfcbank,17.46153846153846,35,124371.48,229389.3
merch21785@paytm,17.0,35,112512.90040000003,301075.31000000006
merch21860@okhdfcbank,12.904761904761905,26,117736.4961904762,177371.0
merch21872@axl,17.714285714285715,36,134108.04892857143,223669.45
merch21875@okhdfcbank,23.676470588235293,47,261527.42647058822,772938.8400000002
merch21881@ybl,19.032258064516128,37,191763.11225806453,340914.15
merch21886@okicici,18.692307692307693,37,233755.85769230773,441796.9700000001
merch21893@oksbi,25.939393939393938,48,349109.2924242424,603704.82
merch21910@paytm,19.9,37,233904.26166666666,457455.8599999999
merch21917@axl,17.125,35,211387.73208333334,457307.02
merch21927@oksbi,15.73076923076923,32,431530.49384615384,867055.54
merch21932@axl,22.6,45,353657.68914285715,568115.6400000001
merch21936@okicici,18.043478260869566,36,256361.24869565218,537613.18
merch21943@axl,15.142857142857142,29,280322.7004761905,389942.17999999993
merch21946@paytm,16.65625,33,438278.2034375,632986.85
merch21954@okicici,14.32,30,169234.4072,302725.4099999999
merch2195@axl,20.44,38,471247.732,796423.1200000001
merch21967@axl,11.61111111111111,23,83979.63166666667,205868.20000000004
merch21977@okhdfcbank,18.0,40,204562.71285714285,469611.53
merch21978@ybl,13.5,27,159638.76458333334,231567.81
merch21995@paytm,17.541666666666668,36,207963.57041666668,440114.47
merch21998@okhdfcbank,17.136363636363637,32,96592.3659090909,191395.27
merch22007@paytm,17.904761904761905,31,118640.96238095238,186839.05
merch22017@okicici,22.35135135135135,44,488284.7083783784,879424.04
merch22021@axl,17.75862068965517,35,95656.38551724139,284715.77
merch22032@ybl,19.2,39,292378.90366666665,658672.5799999998
merch22053@axl,17.043478260869566,34,222483.29347826086,422985.68000000005
merch22078@okhdfcbank,16.894736842105264,31,204687.88894736842,299353.47000000003
merch22094@axl,23.15625,42,332065.6840625,561481.51
merch22106@paytm,23.16216216216216,44,322327.1062162162,506118.19000000006
merch22125@okhdfcbank,17.107142857142858,37,221933.86535714284,461267.08
merch22134@okhdfcbank,16.75,35,94923.66916666667,177776.93999999997
merch22134@okicici,21.620689655172413,41,312153.8779310344,617904.54
merch22143@oksbi,11.1875,22,30855.4075,57436.85
merch22148@ybl,20.142857142857142,40,119452.63392857143,362246.47
merch22157@ybl,19.47222222222222,40,191596.6861111111,320187.0
merch22159@axl,17.451612903225808,38,123733.30096774195,284246.73000000004
merch22164@okhdfcbank,18.766666666666666,37,212661.81900000002,405645.82
merch22173@okicici,9.526315789473685,21,110399.37894736843,204276.29000000004
merch22179@okhdfcbank,16.24,32,223573.46080000003,544021.76
merch22191@axl,16.82608695652174,31,235062.5304347826,400471.8199999999
merch22199@axl,17.75862068965517,35,397073.06,819987.6799999999
merch22200@okicici,16.782608695652176,34,341425.9965217391,477839.11
merch22213@okicici,20.655172413793103,40,138836.67827586207,310074.24
merch22230@okicici,21.615384615384617,43,429729.20269230765,753212.36
merch22236@ybl,16.48148148148148,32,599642.9277777778,998174.86
merch2223@okhdfcbank,18.96153846153846,39,261234.8096153846,438281.39
merch22248@axl,19.666666666666668,38,248875.27333333335,404477.52
merch22248@ybl,19.06896551724138,40,70308.49724137931,288776.53
merch22258@oksbi,14.0,27,150528.13714285713,278803.37000000005
merch2225@ybl,15.875,32,101566.695,227029.69
merch22291@ybl,17.761904761904763,35,298119.4761904762,438666.42
merch22302@oksbi,16.291666666666668,33,65250.970833333326,287743.79000000004
merch22305@okicici,14.35,26,146393.27400000003,196487.9700000001
merch22311@paytm,18.59259259259259,36,178848.837037037,358750.8599999999
merch22329@oksbi,18.28,38,321060.68559999997,569632.03
merch22330@ybl,15.478260869565217,35,304032.93260869564,444418.65
merch22331@okhdfcbank,14.692307692307692,30,99083.76961538462,305827.51
merch22346@paytm,18.25,37,235950.67535714287,438685.64
merch22352@oksbi,16.681818181818183,31,303202.20227272727,455862.8300000001
merch2236@oksbi,13.708333333333334,28,255063.9558333333,635434.7499999999
merch22383@axl,20.483870967741936,40,361605.05967741937,568747.13
merch22383@okicici,13.695652173913043,29,61898.467391304344,154834.5
merch22387@axl,20.392857142857142,43,162229.83892857144,500382.50000000006
merch2238@okhdfcbank,18.03448275862069,37,111955.4251724138,264034.43
merch2238@ybl,16.333333333333332,36,193506.58666666667,406338.86
merch22395@oksbi,17.59090909090909,34,189499.65181818182,349772.55000000005
merch22409@okhdfcbank,16.047619047619047,32,310013.2238095238,506519.77
merch22414@ybl,17.77777777777778,38,136883.42444444445,411361.38
merch2244@ybl,18.266666666666666,38,407928.4966666667,745886.7
merch22470@okhdfcbank,17.772727272727273,35,64179.61136363636,282964.17
merch22506@okhdfcbank,20.666666666666668,41,373738.9144444444,626270.8299999998
merch22529@axl,13.761904761904763,30,141763.78523809524,396465.78
merch22536@ybl,19.166666666666668,38,248735.66033333336,388207.23
merch22540@okhdfcbank,21.0,42,114559.45222222221,203135.96
merch22552@oksbi,23.333333333333332,44,63065.825333333334,183031.05
merch22563@oksbi,15.15,29,165211.819,382487.92999999993
merch22584@oksbi,16.96,32,159787.8372,434655.92999999993
merch22601@oksbi,11.529411764705882,23,85439.13588235294,208000.26
merch22637@paytm,12.941176470588236,28,146047.00705882354,311619.14
merch2263@okhdfcbank,19.466666666666665,38,324336.5946666667,514617.97000000015
merch22652@okicici,20.529411764705884,42,403642.2738235295,620905.97
merch22658@oksbi,23.10810810810811,44,349952.0454054054,902745.66
merch22661@oksbi,20.96,40,260717.2676,506357.78
merch22661@ybl,13.941176470588236,26,37775.22352941176,82479.29
merch22662@axl,19.586206896551722,37,238925.21172413792,414795.63
merch22673@oksbi,13.75,28,145535.6391666667,371017.77
merch22676@axl,20.0,36,412257.7714814815,630699.6799999999
merch22677@paytm,15.692307692307692,33,228804.13807692306,435107.2
merch2268@paytm,13.9375,29,67688.62937499999,191872.17
merch22695@okicici,20.178571428571427,39,178282.59749999997,434771.78
merch22698@axl,13.545454545454545,29,396376.0486363636,557599.69
merch22699@ybl,16.22222222222222,35,166689.8072222222,529214.37
merch22703@ybl,16.24,30,223453.7272,417246.63
merch22705@oksbi,15.846153846153847,31,260960.4423076923,446639.32
merch22711@axl,18.074074074074073,35,230725.3374074074,312880.95000000007
merch22711@ybl,13.590909090909092,31,81357.14318181817,209403.2
merch22725@ybl,14.73913043478261,33,13648.648260869564,68311.97
merch22734@okhdfcbank,17.153846153846153,34,121052.1073076923,266770.83
merch22740@okhdfcbank,15.68,32,263192.4636,499481.24
merch22747@okicici,15.75,31,254128.62208333332,401967.18000000005
merch22760@okicici,17.0,34,164180.715,294052.16000000003
merch22770@axl,16.47826086956522,33,256146.17173913046,461449.4900000001
merch22784@axl,17.869565217391305,38,106357.83086956524,404695.64
merch22788@oksbi,25.558823529411764,49,209399.21382352943,481701.42
merch22797@axl,19.87878787878788,39,95956.46212121213,166300.06999999998
merch22803@axl,13.5,27,147389.2605,326148.72
merch22818@okhdfcbank,17.681818181818183,38,244232.73954545447,334815.6399999999
merch22825@axl,20.7,40,276084.4513333334,394182.81000000006
merch22832@axl,21.9375,43,402767.4,609741.4199999999
merch22832@okicici,18.2,37,187342.228,258598.33
merch22859@axl,15.863636363636363,33,205619.01727272727,453666.54999999993
merch2286@paytm,22.48148148148148,41,158171.0377777778,337482.2
merch22881@paytm,18.346153846153847,37,231437.97884615386,333249.3
merch22883@paytm,12.777777777777779,28,104363.48833333333,282280.42
merch2293@oksbi,11.066666666666666,22,33838.866,60689.05
merch22951@ybl,12.538461538461538,23,113113.56615384614,211598.78000000003
merch22952@paytm,20.64,39,118354.6436,339624.38
merch22961@axl,20.321428571428573,41,393413.53607142856,705087.5
merch22966@ybl,12.833333333333334,26,97639.71666666667,329432.21
merch22971@axl,16.5,34,384482.0784615384,546917.1399999999
merch22972@okhdfcbank,24.323529411764707,47,283390.8055882353,612460.35
merch2299@axl,13.277777777777779,26,143487.41,308352.46
merch23003@ybl,14.521739130434783,29,86214.00652173912,254741.21
merch2301@okhdfcbank,16.0,33,475874.565909091,937599.39
merch23027@axl,20.96153846153846,37,375405.5226923077,495978.5199999999
merch23030@paytm,15.105263157894736,28,311411.8489473684,663243.05
merch23032@ybl,20.766666666666666,39,526959.897,746799.62
merch23036@ybl,16.36842105263158,34,115091.97052631578,276431.67
merch23061@axl,23.612903225806452,45,347996.860967742,784609.23
merch23064@okicici,14.545454545454545,32,341002.75181818183,593879.0
merch23068@oksbi,18.774193548387096,37,540604.0687096774,722431.0
merch23097@ybl,15.789473684210526,28,214708.14736842108,465991.5800000001
merch23102@axl,14.681818181818182,30,181939.69136363638,561208.5000000001
merch2310@oksbi,18.923076923076923,41,161830.3953846154,346107.4
merch23135@paytm,18.916666666666668,35,246743.45083333334,531696.96
merch23144@axl,18.333333333333332,37,147570.48133333333,228140.24
merch23150@axl,19.25,41,127985.51156249999,379485.35
merch23152@ybl,13.869565217391305,30,150564.4034782609,543078.0900000001
merch2316@okicici,20.29032258064516,42,167513.5429032258,361078.78
merch23184@ybl,18.043478260869566,36,197584.72217391306,432518.41
merch23205@okhdfcbank,22.26923076923077,41,231415.91538461536,403962.06
merch2320@okhdfcbank,21.5,43,203309.6253125,395699.21
merch2320@oksbi,20.433333333333334,41,261972.1953333333,533200.56
merch23218@okhdfcbank,15.727272727272727,30,88605.525,211203.27
merch23219@oksbi,21.423076923076923,41,259729.3253846154,455616.32
merch23222@okhdfcbank,19.1,41,168986.34966666668,476421.81
merch23233@okicici,14.2,28,200430.71759999997,271238.4799999999
merch23253@paytm,17.695652173913043,37,179995.4295652174,299317.3100000001
merch23258@oksbi,20.571428571428573,37,410450.52476190473,589468.24
merch23277@okicici,20.636363636363637,40,189923.71272727274,428229.14
merch23282@oksbi,16.0,34,229668.29347826086,574400.5499999999
merch23286@okhdfcbank,15.15,27,301861.86399999994,434035.48
merch23289@ybl,16.84,36,206086.71560000003,438427.89
merch23300@ybl,16.8,35,148356.222,438348.64
merch23333@ybl,22.580645161290324,44,229364.6551612903,474685.39
merch2333@axl,21.735294117647058,44,179042.98470588238,324398.25
merch23340@oksbi,13.333333333333334,29,148831.4688888889,391938.31000000006
merch23343@okicici,31.8,59,162729.0865,423819.11
merch23354@oksbi,19.733333333333334,37,339012.51633333333,655024.4700000001
merch23369@okicici,14.666666666666666,28,128301.26714285713,206027.59
merch23369@ybl,17.178571428571427,35,198815.75107142862,351893.01
merch23380@axl,16.545454545454547,29,312093.52636363637,489709.08
merch23388@okhdfcbank,16.92,34,64998.488,169607.52999999997
merch23426@axl,17.764705882352942,33,53855.839411764704,124033.88
merch23435@oksbi,20.703703703703702,40,347907.8177777778,504336.47
merch23440@ybl,18.363636363636363,33,79379.80772727272,165428.32000000004
merch23443@axl,18.193548387096776,36,81668.82838709679,152980.50999999995
merch23444@paytm,15.24,32,172495.988,253446.54
merch23448@oksbi,10.428571428571429,19,113917.1192857143,190268.51
merch23449@paytm,22.0,41,349770.7755172414,663881.48
merch23455@okhdfcbank,19.379310344827587,40,206040.5482758621,463747.25
merch23463@axl,17.076923076923077,35,172514.04692307694,304136.56000000006
merch23480@okhdfcbank,16.307692307692307,33,174081.5553846154,332905.44999999995
merch23483@okicici,15.428571428571429,32,155310.905,310786.72
merch23502@oksbi,15.952380952380953,32,134389.2442857143,214944.09
merch23505@okhdfcbank,15.117647058823529,28,68703.67235294117,140918.38
merch23516@ybl,14.590909090909092,31,175749.92272727273,436625.96
merch23525@axl,19.620689655172413,39,163619.78517241377,419583.76
merch23537@ybl,17.666666666666668,39,287342.84555555554,653396.85
merch23540@axl,20.235294117647058,40,236076.27147058825,581528.34
merch2354@oksbi,24.64864864864865,47,199582.73054054054,380988.1
merch23555@okhdfcbank,16.217391304347824,32,120159.6152173913,225637.7
merch23555@okicici,20.608695652173914,40,191358.25434782606,357669.63
merch23559@oksbi,16.576923076923077,34,332802.7211538461,883324.9299999999
merch23560@ybl,14.117647058823529,29,134220.5094117647,199531.12
merch23564@axl,18.083333333333332,37,244200.38166666668,560653.51
merch23568@okhdfcbank,13.863636363636363,32,59676.697272727266,142792.16
merch23578@axl,15.38888888888889,29,463905.4588888889,783166.8
merch23580@okhdfcbank,21.12,37,356796.53880000004,455067.97
merch2358@axl,16.36,35,294353.566,591586.45
merch23592@okhdfcbank,16.58823529411765,29,252586.79647058825,424927.66
merch23631@oksbi,16.652173913043477,30,169020.70173913045,511488.03
merch23650@okicici,15.789473684210526,29,223997.6052631579,407527.76
merch23695@oksbi,14.681818181818182,30,458455.65272727277,725498.5
merch23699@axl,15.45,29,258996.886,429333.06
merch23706@paytm,23.2,41,439371.54899999994,693316.6699999999
merch23740@axl,16.25925925925926,33,224993.6985185185,474942.13
merch23741@okhdfcbank,17.92,35,123018.47039999999,408369.7199999999
merch23766@okhdfcbank,18.25,38,108379.73187499998,201646.66999999995
merch23769@paytm,18.68,36,246321.83440000002,424817.37
merch23778@oksbi,18.95,34,355051.134,639213.04
merch23787@axl,30.853658536585368,66,130117.21390243902,296333.64
merch23789@paytm,14.352941176470589,26,365456.59529411764,694652.8500000001
merch23791@okhdfcbank,15.142857142857142,29,334725.3566666667,426142.04
merch23797@paytm,20.78125,46,260000.490625,688120.8400000001
merch23805@oksbi,12.210526315789474,25,339419.70052631584,727835.64
merch23820@oksbi,17.807692307692307,35,159467.15192307692,433737.64
merch23821@axl,16.620689655172413,36,370318.58896551724,702117.6400000001
merch23836@okhdfcbank,22.814814814814813,42,421069.2296296296,603498.2999999999
merch23838@ybl,12.45,25,100376.25950000001,257448.48
merch23854@okhdfcbank,17.047619047619047,34,107292.85428571429,199399.71
merch23873@axl,20.375,40,163473.8428125,265215.13
merch23875@axl,18.0,36,298603.6304,506556.6699999999
merch23880@axl,17.82608695652174,32,249368.8652173913,457784.34
merch23925@okicici,16.333333333333332,31,127505.21749999998,420410.36
merch23940@ybl,14.833333333333334,29,97848.36374999997,295423.2299999999
merch23942@okicici,15.75,31,305847.2435,510850.18000000005
merch23970@oksbi,19.586206896551722,37,320069.6003448276,705114.68
merch23995@axl,19.655172413793103,38,155092.39931034483,316902.95
merch24010@axl,14.153846153846153,30,107764.42653846153,225612.52
merch24021@paytm,16.636363636363637,34,74652.47318181819,238706.46
merch24027@axl,20.605263157894736,43,215159.69184210527,412736.18
merch2403@axl,14.363636363636363,33,231268.7381818182,432920.19
merch24053@axl,16.28,40,332176.8976,742135.63
merch24055@axl,16.75,33,140588.2245,419835.25000000006
merch24057@okhdfcbank,16.535714285714285,34,317519.21785714285,509955.88000000006
merch24088@paytm,15.88,32,91662.33480000001,277815.05999999994
merch24089@okicici,17.82608695652174,31,137977.3404347826,253109.19
merch24102@ybl,13.521739130434783,29,134796.92652173914,195268.02
merch24116@okicici,24.0,41,343084.14148148143,600710.8799999999
merch24117@okhdfcbank,17.761904761904763,33,67503.72,124703.55
merch24118@ybl,14.5,31,113223.75083333334,408754.64
merch24119@okhdfcbank,18.925925925925927,38,110018.8188888889,217410.17
merch24140@okicici,19.333333333333332,37,391995.0166666667,702591.38
merch24202@axl,14.608695652173912,29,333043.94782608695,439284.85
merch24212@okicici,14.75,30,108259.129,379851.6400000001
merch24212@paytm,17.73913043478261,34,239732.0456521739,475188.4
merch24216@okicici,17.692307692307693,37,307747.54346153844,540761.9299999999
merch24225@paytm,18.807692307692307,33,73848.68192307692,139062.02
merch24233@okhdfcbank,15.0,28,355047.9784210526,619006.65
merch24238@paytm,20.655172413793103,43,61678.88551724138,136526.98000000004
merch24266@paytm,19.875,38,282301.9791666666,758103.7399999998
merch24267@ybl,27.571428571428573,54,297776.1051428571,540058.7699999999
merch24279@okhdfcbank,13.055555555555555,28,154675.13222222225,283330.03
merch24289@okhdfcbank,16.137931034482758,33,120707.04103448275,253237.16
merch24301@okicici,23.93103448275862,44,347516.45413793105,737614.7400000001
merch24324@paytm,15.481481481481481,30,174234.57148148151,339474.2300000001
merch24354@axl,13.590909090909092,27,212654.84227272728,486500.58
merch2436@paytm,22.896551724137932,43,175773.29586206898,434731.73
merch2436@ybl,16.576923076923077,37,238102.31384615385,671134.8600000001
merch24371@paytm,17.956521739130434,38,277401.24565217394,719722.1099999999
merch24384@oksbi,20.208333333333332,41,69157.87874999999,206797.06000000003
merch24386@okhdfcbank,15.0,29,85222.13772727273,188282.85
merch24395@oksbi,22.548387096774192,42,271665.7758064516,531556.11
merch24397@oksbi,18.444444444444443,36,174891.7188888889,312229.97000000003
merch24398@axl,11.263157894736842,23,87921.04052631577,151032.36999999997
merch2439@okicici,18.17391304347826,34,143807.13347826086,416682.0
merch24401@axl,16.6,29,98386.6055,149921.58
merch24404@okhdfcbank,23.62962962962963,47,298413.17740740743,654796.7400000001
merch24412@axl,20.12121212121212,41,181194.2496969697,486474.6400000001
merch24424@okhdfcbank,17.5,31,281965.4435,496414.46
merch24438@oksbi,16.62962962962963,34,158186.60037037038,215547.31
merch24439@axl,21.53125,41,268270.8865625,584120.47
merch24440@axl,16.28,36,136686.684,288300.50000000006
merch24450@okicici,10.0,20,147878.6476923077,347064.6400000001
merch24453@paytm,20.06896551724138,39,274117.45896551723,394806.8099999999
merch24461@axl,16.4,31,128272.89480000002,194846.93000000005
merch24466@okhdfcbank,11.65,23,79849.21849999999,194310.49
merch24485@ybl,13.052631578947368,26,45748.68210526316,87520.99
merch24504@ybl,13.0,25,33286.93235294118,244792.95
merch24508@oksbi,18.416666666666668,33,46732.69458333333,145104.92
merch24510@oksbi,16.25,33,104140.20099999999,210265.96
merch24528@ybl,23.78787878787879,47,339584.2957575758,590773.0199999999
merch24533@okicici,15.705882352941176,30,384425.82823529415,770200.55
merch24550@axl,12.85,27,100354.766,184948.75
merch24557@axl,19.551724137931036,38,103465.6555172414,229331.94
merch24560@okhdfcbank,21.64516129032258,42,139719.4741935484,273659.43000000005
merch24563@paytm,22.612903225806452,45,148240.55387096773,483525.85
merch24569@oksbi,21.689655172413794,43,168956.82,267220.23
merch24574@paytm,20.225806451612904,42,149167.69516129032,312437.83
merch2460@okhdfcbank,17.379310344827587,37,362736.54310344835,715855.9700000001
merch24618@okhdfcbank,15.565217391304348,29,253281.15347826088,566543.13
merch2461@okicici,19.862068965517242,40,272438.3286206897,404061.76
merch24634@oksbi,17.925925925925927,36,88103.40407407407,190135.9
merch24636@axl,18.642857142857142,39,381623.1346428571,755682.6499999999
merch24641@okicici,17.52,35,284909.3064,452502.12000000005
merch24645@ybl,17.08695652173913,31,104853.57956521737,314141.4199999999
merch24653@oksbi,19.9375,40,216864.803125,496969.32
merch24655@axl,12.8,28,111134.32450000002,296195.87
merch24659@okicici,18.285714285714285,37,208822.77285714285,342954.96
merch24664@ybl,11.2,20,44635.38333333334,64394.890000000014
merch24674@okhdfcbank,14.956521739130435,30,269518.7434782609,460216.12
merch24684@paytm,20.90625,43,122644.35593749999,230363.26
merch24694@axl,16.896551724137932,32,507721.4955172414,751360.98
merch24696@paytm,19.444444444444443,38,542671.5666666667,859966.2299999999
merch24703@paytm,20.727272727272727,42,210230.67575757575,375761.33
merch24707@axl,21.63888888888889,42,159613.7263888889,379776.2
merch24729@ybl,22.37837837837838,48,394368.8159459459,689601.43
merch24731@ybl,26.289473684210527,49,178782.50605263156,368250.76
merch24733@okicici,18.884615384615383,36,293360.20692307694,593812.5299999999
merch24758@ybl,20.25925925925926,39,203986.53925925924,538829.8799999999
merch24765@ybl,21.857142857142858,42,143930.82642857142,331465.71
merch2476@okhdfcbank,16.076923076923077,32,148608.29153846155,256567.81
merch24795@paytm,19.137931034482758,38,140411.18,414197.20000000007
merch24798@ybl,16.608695652173914,33,248344.2791304348,421520.66
merch24814@paytm,12.666666666666666,27,81301.29333333333,178937.09
merch24874@okhdfcbank,17.875,36,377180.3745833333,562944.77
merch24897@okhdfcbank,17.391304347826086,38,136875.35652173913,249478.1
merch24901@okicici,18.14814814814815,35,100705.21851851851,220659.77
merch24908@okicici,15.222222222222221,32,218127.83407407408,395501.43000000005
merch24914@ybl,18.68,36,380032.14360000007,723252.29
merch24958@paytm,20.0,39,57039.354400000004,147762.48
merch25003@okicici,25.755555555555556,51,217749.6486666667,563644.72
merch25009@paytm,18.16,36,357782.6544,651033.5599999999
merch25022@okicici,20.806451612903224,41,99041.93225806451,338646.61999999994
merch25044@axl,15.045454545454545,29,39854.86272727273,83298.43000000001
merch2505@okhdfcbank,21.27777777777778,43,172651.6038888889,405161.28
merch25061@okicici,22.606060606060606,42,379718.7915151515,624534.61
merch25064@ybl,13.2,31,175421.6655,325897.69000000006
merch25067@axl,15.478260869565217,33,76284.20913043479,185246.39
merch25085@oksbi,15.6,35,221106.19280000002,684772.9499999998
merch25089@axl,17.307692307692307,33,188011.84153846154,345898.04
merch25119@okicici,12.5,25,200945.9825,453535.1
merch2511@okicici,19.941176470588236,39,326484.8585294117,495578.33
merch25122@axl,20.8,42,355478.9368571429,675581.7999999999
merch25125@okicici,20.413793103448278,38,239917.935862069,543263.7300000002
merch25133@axl,16.15,30,220627.518,352031.55
merch25146@okicici,16.75,32,205870.77899999998,429052.61
merch25154@ybl,20.923076923076923,38,211890.68923076923,393401.53
merch25160@okicici,17.814814814814813,36,114505.20962962964,212835.42
merch25182@axl,23.944444444444443,51,170341.4427777778,338212.2
merch25194@ybl,11.5,22,152310.7164285714,277084.8
merch25198@okhdfcbank,19.076923076923077,37,64403.73038461538,353496.38
merch25230@paytm,16.620689655172413,35,171678.56379310344,448303.32
merch25232@okhdfcbank,18.5,36,153668.22249999997,240064.91
merch25240@axl,19.09090909090909,37,139664.52045454548,257808.02
merch25241@paytm,18.708333333333332,36,188866.17791666664,302794.83
merch25248@oksbi,17.2,36,162866.60249999998,441753.72
merch25256@okicici,24.609756097560975,50,187183.11780487804,697536.1
merch25259@oksbi,13.583333333333334,28,26176.576666666664,249802.17
merch25260@ybl,17.703703703703702,40,114732.98259259258,267686.98
merch25265@ybl,17.82758620689655,36,61227.794482758625,188223.43
merch25276@axl,15.5,30,292641.586,492457.36
merch25276@okhdfcbank,17.185185185185187,35,383504.6885185185,645679.39
merch25283@oksbi,21.0,41,493662.1903030303,699849.04
merch25288@okhdfcbank,17.03846153846154,34,260799.21115384618,402265.53
merch2528@axl,15.0,33,93553.21519999999,292089.77
merch25315@okhdfcbank,13.105263157894736,25,163471.82684210525,314622.98
merch2532@okicici,14.76,30,89745.3568,250314.81000000003
merch25331@paytm,19.6,40,144314.50360000003,286156.16000000003
merch25336@okicici,21.22222222222222,43,96016.81583333331,193008.75
merch25343@ybl,19.92,36,119904.2692,276267.61
merch25346@axl,18.0,33,235612.63650000002,512556.65
merch25363@okhdfcbank,19.454545454545453,41,236280.5481818182,560225.14
merch25365@axl,17.82608695652174,33,261847.22782608698,423536.48
merch25395@okicici,13.5,29,212191.29944444445,408116.02
merch25398@okhdfcbank,13.631578947368421,27,169933.7715789474,498444.88000000006
merch25400@axl,19.137931034482758,36,339683.21379310347,479745.51
merch25406@ybl,15.0,33,34439.01,113844.68
merch25408@okhdfcbank,17.466666666666665,40,208663.92799999999,487308.31
merch25437@okicici,22.23076923076923,40,257743.36961538464,383600.69
merch25450@okicici,12.473684210526315,26,32755.583157894736,122607.9
merch25453@axl,12.882352941176471,24,52349.08823529412,127383.17
merch25464@axl,18.066666666666666,38,128669.83766666666,305078.74
merch25496@oksbi,17.88,33,135422.122,261385.08
merch25507@paytm,18.741935483870968,37,165103.89870967742,249967.55
merch25509@okicici,10.411764705882353,19,120788.1688235294,183640.39
merch25512@ybl,21.558823529411764,46,219630.5888235294,519009.54
merch25514@oksbi,18.03846153846154,36,163291.64192307694,387044.87
merch25550@oksbi,20.933333333333334,43,193588.159,474758.75
merch25575@paytm,19.2,41,65461.80560000001,227842.38
merch25583@paytm,18.5,36,257237.1127777778,338725.18000000005
merch25591@okicici,14.521739130434783,29,222152.83652173914,381462.08
merch25604@ybl,19.296296296296298,36,83548.08333333333,222994.04
merch2561@okicici,22.11111111111111,41,318105.8348148148,451356.4599999999
merch25642@oksbi,13.944444444444445,27,415717.62666666665,741058.4599999998
merch25644@paytm,14.095238095238095,29,78546.24857142857,334824.62
merch25647@okhdfcbank,14.826086956521738,34,109122.43347826088,212831.39
merch25657@okicici,21.35483870967742,41,223220.95903225805,444347.78
merch25660@okhdfcbank,17.379310344827587,36,229821.82586206897,421883.95
merch25660@okicici,18.73076923076923,37,175102.36846153846,395530.08
merch25667@okhdfcbank,19.137931034482758,36,302075.6251724138,395965.51
merch25668@okhdfcbank,19.423076923076923,43,138616.45230769232,487175.81
merch2567@okhdfcbank,16.583333333333332,34,211528.02916666667,391965.1
merch25680@okhdfcbank,16.586206896551722,35,106222.62862068965,203582.72
merch25686@okhdfcbank,16.095238095238095,29,136199.42047619048,457809.61
merch25687@ybl,16.28,32,98527.25639999998,165608.3
merch25690@oksbi,15.666666666666666,31,55699.23222222222,197242.76
merch25691@okicici,14.19047619047619,30,182166.5161904762,289054.46
merch25723@okhdfcbank,17.541666666666668,33,75216.56625,166376.36000000002
merch25726@okhdfcbank,18.857142857142858,40,383020.01714285713,683127.24
merch25734@ybl,16.666666666666668,33,179203.15833333333,366774.77
merch25767@okhdfcbank,16.476190476190474,32,36401.36047619048,123908.88000000002
merch25789@paytm,19.846153846153847,37,207517.11615384615,339442.42999999993
merch25798@oksbi,12.666666666666666,26,122514.44904761905,301982.35
merch25809@okicici,11.647058823529411,23,238074.08,427013.01
merch25815@okicici,19.692307692307693,37,48709.538846153846,90704.8
merch25832@oksbi,16.0625,28,105005.456875,288664.19
merch25837@okhdfcbank,19.689655172413794,43,113256.96965517242,419999.06
merch25853@axl,16.964285714285715,35,347985.9478571429,538204.2999999999
merch25883@paytm,19.586206896551722,40,193068.8924137931,594971.63
merch25886@paytm,13.157894736842104,29,115182.31210526316,286127.56999999995
merch25892@paytm,18.157894736842106,29,108499.42947368421,161261.21
merch25911@paytm,17.8,34,142123.7444,276442.39
merch25935@okhdfcbank,19.76923076923077,40,432861.19,929833.96
merch25940@okhdfcbank,14.88,30,179621.4068,398578.31000000006
merch25942@paytm,25.75,45,287617.47321428574,598946.4500000002
merch25956@okhdfcbank,20.73076923076923,38,280177.37884615385,459279.88
merch25967@ybl,37.09615384615385,75,595528.2853846154,1175854.68
merch25977@okhdfcbank,15.272727272727273,31,77272.8890909091,167765.48000000007
merch25992@axl,18.653846153846153,39,160577.40615384615,396761.45
merch25996@okhdfcbank,22.678571428571427,43,324520.3932142857,765187.4600000001
merch2600@paytm,21.823529411764707,42,244755.49294117646,545085.3899999999
merch26028@axl,14.8,28,180989.83800000002,315071.38
merch26041@okicici,15.958333333333334,31,53442.39625,150550.58000000002
merch26046@okicici,16.80952380952381,33,137141.0680952381,274917.3599999999
merch26046@ybl,17.444444444444443,36,27988.33111111111,108290.13
merch26052@oksbi,13.318181818181818,28,92673.24,213614.47000000003
merch26059@paytm,16.772727272727273,32,389152.30727272725,541694.2999999999
merch26061@ybl,13.6875,26,291720.945,578959.55
merch26063@okhdfcbank,13.6,27,189326.14400000003,366552.62
merch2607@axl,14.1,30,268440.3395,625649.4299999999
merch2607@okicici,42.6551724137931,84,477465.57172413793,1163923.02
merch26099@oksbi,12.954545454545455,27,170360.23727272727,313589.02
merch26107@axl,14.75,30,77153.12791666666,129493.21
merch26156@okicici,18.814814814814813,38,562897.17,970343.62
merch26168@okicici,14.125,24,10389.815625,22349.42
merch26176@paytm,14.538461538461538,30,219019.3,418820.42
merch2617@okhdfcbank,20.0,40,305146.81413793104,490958.07
merch2617@ybl,17.451612903225808,37,53996.48387096774,247412.44
merch26185@paytm,15.4,29,174275.53999999998,235419.98
merch26221@oksbi,24.838709677419356,48,317324.33387096773,561176.85
merch26223@ybl,17.555555555555557,38,49520.49185185185,187369.96
merch26236@oksbi,16.818181818181817,33,170822.05272727273,525186.0800000001
merch26236@ybl,20.74074074074074,38,435574.3192592592,648220.3600000001
merch26277@okhdfcbank,20.8,43,95124.23314285715,280355.76000000007
merch26280@oksbi,20.9,39,370472.68966666673,815877.31
merch26287@axl,18.142857142857142,38,175968.02285714285,303049.0299999999
merch26293@okicici,9.6,22,50067.05733333334,176892.81000000003
merch2629@ybl,17.964285714285715,35,243979.67428571428,588131.3899999999
merch26301@okhdfcbank,13.529411764705882,27,123400.1611764706,256877.25
merch26333@axl,17.62962962962963,32,200770.5040740741,480039.72
merch26345@oksbi,18.5,38,156464.55538461538,454415.8399999999
merch26346@oksbi,17.77777777777778,34,157213.42814814817,295116.69
merch26357@okicici,20.93103448275862,39,392607.9906896552,550018.57
merch26358@paytm,18.733333333333334,38,356198.62433333334,649900.7599999999
merch26367@ybl,18.92,36,263026.3264,703915.8300000001
merch26370@okhdfcbank,20.90909090909091,44,559628.9009090909,1019526.64
merch26381@paytm,19.692307692307693,40,326966.2930769231,601166.52
merch26407@okhdfcbank,16.24,37,237951.5568,603618.84
merch26412@okicici,22.344827586206897,42,383460.7148275862,658948.0200000001
merch26433@oksbi,18.20689655172414,41,254207.36379310346,577179.6900000001
merch26437@okhdfcbank,16.44,31,102787.50280000002,194865.39
merch2643@oksbi,22.27777777777778,47,187573.5413888889,391490.0500000001
merch26444@paytm,37.98076923076923,74,585421.2146153846,1013164.89
merch26465@okhdfcbank,33.72549019607843,68,338485.8501960784,662121.9400000001
merch26476@ybl,17.482758620689655,34,432406.4168965518,685693.36
merch26489@axl,15.62962962962963,34,174385.39111111112,533635.88
merch2648@oksbi,16.791666666666668,34,225862.04208333333,396113.9
merch26493@axl,23.91176470588235,51,293552.6567647059,592714.5900000001
merch26499@oksbi,19.3125,39,67151.42375,171686.92
merch26511@okhdfcbank,10.916666666666666,20,48141.793333333335,93107.41
merch26525@okhdfcbank,18.137931034482758,38,350512.6455172414,825623.43
merch26530@oksbi,14.238095238095237,27,188719.5419047619,325945.89
merch26532@axl,13.782608695652174,26,128987.74086956521,212813.75
merch26574@ybl,21.642857142857142,40,375929.0921428571,514106.6499999999
merch26575@oksbi,21.454545454545453,46,339286.6393939394,698961.7999999999
merch26587@ybl,15.925925925925926,34,282106.8466666667,505417.73
merch2658@oksbi,19.32,38,84585.4812,205507.57
merch2659@okicici,16.53846153846154,33,296539.46499999997,637151.4199999999
merch26600@okicici,13.105263157894736,27,34479.34157894737,194914.29
merch26602@paytm,13.428571428571429,29,154159.69333333333,323090.19000000006
merch26622@paytm,19.814814814814813,41,133983.95407407408,294310.46
merch2663@paytm,18.24,33,134697.2384,196175.63
merch26654@okicici,18.03846153846154,35,274401.1380769231,612116.31
merch26666@ybl,15.52,31,221943.32040000003,358841.77000000014
merch26688@okicici,24.38235294117647,46,216920.31705882354,368880.63
merch26710@axl,16.857142857142858,37,174180.87250000003,383332.05
merch26727@okhdfcbank,19.333333333333332,37,361270.10888888885,844817.2000000001
merch26727@okicici,19.93548387096774,38,232068.69387096778,339873.50000000006
merch26741@paytm,21.0,39,292828.825,431871.69
merch26757@axl,24.34285714285714,45,294015.86142857146,368163.32000000007
merch26801@axl,16.4,32,253267.08720000004,529103.65
merch26822@axl,16.88888888888889,35,240165.4774074074,598919.0399999999
merch26823@okicici,17.38095238095238,33,168656.91190476192,312672.23
merch26832@okhdfcbank,14.590909090909092,27,62172.12954545455,150104.45
merch26835@oksbi,18.580645161290324,36,119432.23516129033,413029.2
merch26874@ybl,14.0,29,114554.64000000001,339007.57
merch26888@okhdfcbank,16.681818181818183,32,191051.86363636365,328798.14
merch26906@oksbi,20.384615384615383,38,228702.07269230767,321714.48999999993
merch26909@ybl,17.541666666666668,33,346911.9066666667,468865.13000000006
merch26912@okicici,14.217391304347826,29,235890.83304347825,370879.81000000006
merch26920@okhdfcbank,18.903225806451612,38,148540.33451612905,434526.37
merch26933@axl,12.571428571428571,26,31775.64095238095,61028.81999999999
merch2694@okicici,24.26829268292683,48,327228.3007317073,686302.76
merch26966@okicici,20.551724137931036,44,272006.11896551726,678710.62
merch26968@okicici,19.48,37,184136.86840000004,305594.7900000001
merch26972@oksbi,11.75,23,61328.44999999999,135573.44999999998
merch26992@axl,20.485714285714284,41,59628.25142857143,158768.63
merch26992@ybl,12.941176470588236,26,162154.60764705882,326258.01
merch27008@paytm,18.541666666666668,33,90103.325,113634.23
merch27014@oksbi,17.59259259259259,38,212513.53185185188,433979.22
merch27015@okicici,18.444444444444443,35,311165.0818518519,466323.34
merch27022@axl,16.633333333333333,34,156182.25866666666,221318.71
merch27038@okhdfcbank,19.72222222222222,33,437324.5411111111,744567.9
merch27044@ybl,17.88,35,187461.8872,421790.64
merch27093@okicici,14.826086956521738,32,152771.87826086956,330059.27
merch2711@ybl,18.0,32,488962.11166666663,820907.49
merch27141@axl,16.904761904761905,32,88620.05523809523,170356.15999999997
merch27162@okicici,13.142857142857142,27,115337.05333333334,237708.06
merch27170@okhdfcbank,18.944444444444443,31,250676.64277777774,428070.04999999993
merch27173@ybl,10.0,23,133776.515,214197.45000000007
merch27190@axl,15.32,34,255481.3472,415187.94
merch27219@paytm,19.53125,40,251359.82,424439.6
merch27234@okhdfcbank,22.833333333333332,47,227845.94861111112,602810.15
merch27240@ybl,20.766666666666666,38,157492.3713333333,243118.25
merch27245@okhdfcbank,13.833333333333334,28,30833.12166666667,71854.67000000001
merch27245@ybl,15.076923076923077,31,85586.33307692308,174885.04000000004
merch27248@oksbi,21.375,39,312828.8275,580675.0
merch27255@paytm,16.16,33,170755.6904,327481.11000000004
merch27269@okicici,15.428571428571429,32,61830.652142857136,219252.92
merch27283@okhdfcbank,16.9375,30,104357.80875000001,184242.93
merch27292@paytm,22.22222222222222,44,448999.4788888889,702060.3399999999
merch27296@axl,17.689655172413794,37,120735.04379310345,255766.31
merch27297@axl,20.391304347826086,36,107198.00260869565,205800.17
merch27309@okicici,16.53846153846154,36,105930.78038461538,256375.4
merch27315@paytm,18.333333333333332,34,213150.87,284379.58
merch27352@oksbi,19.166666666666668,34,209021.54958333334,364154.59
merch27379@axl,16.08,31,63659.537599999996,116776.71
merch27401@axl,11.947368421052632,23,47781.202631578955,97450.38000000002
merch27408@ybl,15.578947368421053,31,243015.8694736842,479296.41
merch27437@ybl,12.5,24,133812.6877272727,213185.1
merch27439@okhdfcbank,18.153846153846153,37,134206.71538461538,281155.18999999994
merch27445@axl,15.72,30,124762.1392,254731.95
merch27447@oksbi,12.555555555555555,25,92339.95944444445,123708.73
merch27465@oksbi,16.192307692307693,32,99846.34153846155,177309.56
merch27485@ybl,16.620689655172413,36,140053.00344827585,409714.4299999999
merch27515@okicici,21.548387096774192,41,229868.48290322584,541504.45
merch27520@oksbi,19.586206896551722,36,463276.951724138,674368.1600000001
merch27521@paytm,20.434782608695652,36,237361.85478260872,399517.76
merch27534@paytm,17.68,37,188437.15879999998,318491.44000000006
merch27539@paytm,18.82758620689655,40,178626.0527586207,307286.88
merch2753@okicici,17.391304347826086,35,243840.39347826087,343342.58
merch27543@oksbi,24.5,47,472163.14029411756,735152.97
merch27547@okicici,19.482758620689655,36,120527.82310344827,390243.52
merch27558@oksbi,14.15,28,187507.8615,387499.86
merch27567@ybl,15.434782608695652,33,70225.99304347826,173254.5
merch27570@okhdfcbank,44.6,92,335045.57,696350.0
merch27571@paytm,13.478260869565217,29,178140.00608695654,295364.91000000003
merch27578@okicici,20.545454545454547,42,241891.94393939394,392196.73
merch27583@axl,22.444444444444443,41,375179.0274074074,516137.83
merch27597@axl,18.52,35,110618.5224,241912.03
merch27622@axl,17.161290322580644,38,84327.99064516129,247438.53
merch27639@oksbi,21.6875,41,79574.44562500001,196461.76
merch2766@oksbi,13.333333333333334,25,267274.8657142857,387432.43000000005
merch27671@axl,17.115384615384617,34,77203.37884615384,307820.75999999995
merch27691@axl,10.2,22,45965.734000000004,237308.62
merch2769@okicici,14.0,31,260371.34130434782,489465.04
merch27709@okicici,15.7,30,40255.18550000001,82477.79000000001
merch27714@ybl,14.12,30,368350.7776,577393.8099999999
merch27720@okicici,21.87878787878788,42,166718.04696969697,322526.27
merch27723@paytm,18.476190476190474,34,85261.7361904762,156164.59
merch27732@axl,16.8,28,98103.5085,199645.75
merch27761@ybl,13.523809523809524,27,63015.537142857145,144649.36000000002
merch2776@okhdfcbank,26.710526315789473,49,338486.44447368424,581123.88
merch27804@oksbi,16.296296296296298,34,116938.3525925926,245484.22
merch27807@axl,8.25,20,110075.37166666666,245213.21
merch2780@ybl,22.571428571428573,39,187323.95285714287,298927.49000000005
merch27825@oksbi,18.08,38,103208.97439999999,335297.03
merch27832@axl,12.75,27,69193.53099999999,175447.75999999998
merch27835@okhdfcbank,18.208333333333332,36,96365.32541666664,362640.05
merch27836@okicici,21.137931034482758,39,272745.2510344828,553359.94
merch2783@paytm,16.857142857142858,34,206625.55904761906,343773.76
merch27862@axl,15.842105263157896,29,318324.63789473684,697791.99
merch27863@ybl,14.307692307692308,23,219436.2192307692,332129.68
merch27875@okicici,18.428571428571427,37,335611.52714285714,498444.2
merch27883@oksbi,14.666666666666666,30,65318.44708333333,245067.96
merch27897@oksbi,19.678571428571427,42,431846.9942857143,920220.9200000002
merch27913@paytm,14.176470588235293,29,50646.36529411765,176948.91999999998
merch27925@oksbi,16.655172413793103,34,79312.21137931033,295191.74
merch27957@paytm,15.653846153846153,31,173393.0703846154,292294.61
merch27998@ybl,17.37037037037037,37,107096.89925925925,244304.19
merch2799@oksbi,15.52,29,205569.3968,385370.53
merch28025@okicici,19.21212121212121,39,86153.28575757577,140166.78
merch28032@axl,16.045454545454547,32,105381.39954545455,328025.27
merch28041@okhdfcbank,17.666666666666668,36,118358.08777777778,215591.55
merch28044@axl,23.272727272727273,46,380601.4427272727,782341.8699999999
merch28050@oksbi,21.085714285714285,43,218276.568,396104.37000000005
merch28075@okicici,13.1,25,447890.357,611880.5800000001
merch28086@ybl,19.363636363636363,35,158453.63954545456,268705.60000000003
merch28097@okhdfcbank,14.421052631578947,28,243951.38157894736,419714.62
merch28106@paytm,18.413793103448278,35,103619.02310344827,195716.39
merch28115@paytm,19.40740740740741,38,262447.27962962963,444289.03
merch28122@paytm,17.291666666666668,33,141699.0575,294790.11999999994
merch28190@okhdfcbank,16.642857142857142,32,151115.8760714286,268508.5
merch28192@axl,16.217391304347824,30,249567.72347826086,651702.73
merch28195@okicici,15.72,33,106517.8716,212216.15
merch28201@axl,14.894736842105264,27,337169.5942105264,570303.9400000001
merch28215@okicici,17.48,32,230915.64400000003,499473.28
merch28215@ybl,14.8125,27,256610.6875,345685.93
merch28219@axl,15.142857142857142,30,179406.15333333335,385075.79
merch2821@ybl,16.304347826086957,32,275822.7773913044,562616.18
merch28235@ybl,17.5,38,57133.24535714286,122956.95000000004
merch28256@paytm,16.695652173913043,31,350692.7413043479,785147.9600000002
merch28257@paytm,15.16,33,186649.53960000002,319845.69
merch28260@oksbi,16.238095238095237,30,96193.11428571428,190745.22
merch28262@oksbi,13.0625,24,208522.15250000003,395641.11
merch28272@ybl,21.852941176470587,42,295278.3202941177,524432.9
merch28273@oksbi,15.818181818181818,31,15524.284545454546,35527.16
merch28277@okicici,18.84,36,150266.9632,278259.2
merch28280@axl,19.807692307692307,40,495758.89999999997,759504.5099999999
merch28281@okicici,17.956521739130434,37,253945.48739130434,488835.89
merch28293@okhdfcbank,20.25,42,155065.48958333334,383211.36
merch28299@okhdfcbank,16.0,31,399425.0568181818,577195.7100000001
merch28299@paytm,16.869565217391305,33,100525.53521739131,213504.99
merch28312@oksbi,24.294117647058822,49,168780.63705882354,319912.68
merch28313@okhdfcbank,22.5,43,154279.22714285715,316641.08
merch28315@okhdfcbank,15.368421052631579,30,224034.6878947368,322268.6599999999
merch28326@okicici,20.576923076923077,37,226626.3896153846,415805.12000000005
merch28326@paytm,12.0,23,144438.9458823529,229672.34
merch28332@paytm,13.863636363636363,28,148851.21863636363,274404.44
merch28341@oksbi,17.041666666666668,38,283075.6458333333,569480.5
merch28358@axl,21.205882352941178,43,338953.8047058823,496957.14
merch28371@ybl,19.9375,40,127086.15750000002,339138.44000000006
merch28378@axl,18.458333333333332,35,381633.78750000003,616026.9600000001
merch28383@paytm,18.703703703703702,38,338502.42703703704,496574.69000000006
merch28385@okhdfcbank,20.82758620689655,38,83917.93379310345,111179.76
merch28397@okhdfcbank,15.761904761904763,32,78641.01761904762,146381.25
merch28410@okhdfcbank,14.294117647058824,28,98455.50117647057,179629.49
merch28410@okicici,15.961538461538462,33,178334.65384615384,358140.28
merch28424@okicici,17.46153846153846,34,88202.36615384616,262468.5
merch28425@ybl,22.346153846153847,45,348572.265,644767.8600000001
merch28426@ybl,12.4,27,68375.595,254944.94
merch28431@oksbi,20.916666666666668,35,142923.16375,317420.45
merch28444@ybl,19.0625,37,203118.296875,386102.78
merch2845@ybl,19.483870967741936,39,102549.24645161291,220238.35
merch28460@okhdfcbank,19.095238095238095,35,239917.86666666667,436207.86
merch28470@ybl,12.333333333333334,25,93676.512,204948.54
merch28476@okhdfcbank,13.333333333333334,27,154363.04208333333,238343.45
merch28482@axl,25.07894736842105,47,313736.9805263158,586584.4
merch28484@axl,16.8,35,150382.30800000002,292073.78
merch28491@oksbi,18.384615384615383,37,319935.5776923077,585497.61
merch28494@axl,19.375,39,157424.14208333334,267417.37
merch28503@oksbi,21.153846153846153,38,503587.9057692308,714350.1900000002
merch28525@okicici,25.53846153846154,48,352247.00102564105,789663.55
merch28549@axl,14.227272727272727,30,169169.69954545455,440684.51
merch28563@axl,15.217391304347826,28,124624.64739130436,195675.18
merch28566@okicici,17.307692307692307,36,254382.32846153848,387928.54
merch28569@oksbi,13.590909090909092,27,154223.7109090909,313317.00000000006
merch28571@oksbi,12.421052631578947,25,62212.77842105264,107053.53999999998
merch28575@okhdfcbank,18.185185185185187,34,213289.22555555555,407934.85
merch28597@axl,14.61111111111111,26,366473.65777777776,565491.09
merch28597@okhdfcbank,18.04,35,526657.6864,871880.37
merch28603@paytm,15.518518518518519,34,106963.64407407408,401677.94
merch28606@axl,19.565217391304348,40,187324.71217391308,527569.59
merch28617@okicici,18.77777777777778,35,200526.44333333336,342195.6700000001
merch2865@okhdfcbank,15.4,29,85031.33099999999,195950.51
merch28678@axl,18.566666666666666,36,432300.37200000003,729609.55
merch28684@okicici,18.303030303030305,41,124848.7212121212,355016.52
merch28685@okicici,24.863636363636363,52,99737.03818181818,387799.41
merch2868@axl,21.129032258064516,42,208124.00483870966,533041.56
merch28725@oksbi,25.485714285714284,47,110342.53514285714,431297.72
merch28729@ybl,16.5,31,204714.77136363636,341705.55999999994
merch28738@okicici,18.033333333333335,35,286979.51,451153.76000000007
merch28757@okicici,20.0,37,206503.61080000002,439125.13
merch28799@axl,18.307692307692307,37,148255.19576923078,260191.03
merch28821@okhdfcbank,16.2,36,97977.26,214235.71
merch28835@okhdfcbank,20.416666666666668,45,197983.1827777778,691913.4000000001
merch28846@okicici,15.565217391304348,30,147936.51217391304,312221.62000000005
merch28848@axl,15.791666666666666,36,188486.16625,464923.46
merch28868@oksbi,16.73076923076923,33,114128.30576923076,328286.78
merch28881@axl,19.147058823529413,40,249366.18000000002,426549.92999999993
merch28912@okhdfcbank,12.722222222222221,26,172877.645,252380.75
merch28924@axl,42.592592592592595,81,438307.8094444445,935137.97
merch28930@ybl,19.392857142857142,38,108647.56535714286,371829.17
merch28937@paytm,18.307692307692307,36,186369.65961538462,374988.01
merch28946@paytm,12.619047619047619,27,169470.84095238097,267964.08
merch28949@paytm,15.636363636363637,33,116384.14863636364,252361.99
merch28967@paytm,17.25,34,275956.13458333333,534992.21
merch28973@okicici,11.705882352941176,25,191628.84411764707,358603.3
merch29003@paytm,15.5,31,307692.36791666667,498945.42
merch29004@okhdfcbank,14.0,29,178019.88153846154,471189.0500000001
merch29013@oksbi,19.88235294117647,40,272002.4561764706,419187.7
merch29022@okicici,12.875,30,563726.50625,679355.85
merch2902@axl,15.0,28,66612.33666666667,91828.39
merch29038@oksbi,22.344827586206897,43,386819.6386206897,544275.0399999999
merch29069@oksbi,27.435897435897434,53,377643.72769230773,547596.72
merch29071@paytm,19.142857142857142,36,115208.25035714287,212287.12
merch29088@axl,21.243243243243242,46,264964.34486486483,582164.87
merch2908@okhdfcbank,17.5,36,107695.45181818181,206570.92
merch2908@oksbi,14.05,32,131733.837,345317.41
merch29106@okhdfcbank,18.75,39,172329.0675,453434.75
merch29155@paytm,16.192307692307693,35,104051.59307692308,321034.5399999999
merch29174@oksbi,17.928571428571427,35,89248.4775,138086.42999999996
merch29183@axl,17.47826086956522,33,303844.69608695654,397542.46
merch29184@okicici,15.91304347826087,30,90016.88826086957,175804.14000000004
merch29205@axl,17.727272727272727,32,236464.30000000002,362051.32
merch29207@paytm,12.0625,25,84366.030625,156197.09000000003
merch29223@okicici,20.0,42,290310.86419354833,657663.96
merch29223@oksbi,18.93548387096774,37,204633.00709677418,564041.0800000001
merch29255@paytm,17.296296296296298,32,442638.5751851852,640858.7899999999
merch29273@paytm,15.8,31,109397.19649999999,169649.41999999998
merch29274@axl,19.958333333333332,38,158245.72041666668,483794.3000000001
merch29288@ybl,19.3,42,347601.4546666666,597332.0499999999
merch29305@okhdfcbank,25.08108108108108,49,266759.97297297296,584239.45
merch29317@axl,19.97222222222222,40,172868.29194444447,333957.64
merch29330@oksbi,15.125,34,231952.72666666668,618094.7
merch2933@okhdfcbank,14.772727272727273,27,88038.85227272728,154831.7
merch29357@ybl,18.03846153846154,37,403307.42346153845,708040.4600000001
merch29365@axl,13.157894736842104,26,129875.1052631579,271576.83
merch29368@okicici,18.0,35,108497.72227272727,369013.77
merch29380@oksbi,14.23076923076923,30,54482.284999999996,304674.67
merch29390@okicici,38.705882352941174,71,349823.43705882353,674939.7599999998
merch29390@ybl,19.92,40,171524.1464,395908.31
merch29395@paytm,17.17391304347826,34,127680.91434782608,209424.17000000004
merch29400@axl,19.193548387096776,39,205546.63451612904,536339.06
merch29410@okhdfcbank,17.82758620689655,38,209458.38103448277,638444.1799999999
merch2942@okicici,17.1,34,340151.945,893321.86
merch2942@ybl,13.363636363636363,31,194953.90954545455,399891.39
merch29432@ybl,20.785714285714285,38,185147.99392857144,325218.98
merch29451@okicici,11.875,24,75590.96,152051.3
merch29475@oksbi,18.46153846153846,38,191756.30692307695,319067.43
merch29478@okicici,18.807692307692307,37,193059.18500000003,325301.81000000006
merch29491@axl,14.541666666666666,30,169647.30125000002,437159.23
merch2949@okicici,22.323529411764707,47,106120.14000000001,204505.76000000004
merch29502@ybl,10.764705882352942,23,147110.67941176472,312784.11
merch29514@oksbi,14.523809523809524,30,103793.05571428571,227215.64
merch29520@okicici,16.541666666666668,33,321363.2816666667,464541.82
merch29522@okicici,24.365853658536587,52,248338.98341463416,654780.0800000002
merch29525@ybl,17.916666666666668,34,293958.9254166667,572578.48
merch29548@ybl,16.77777777777778,32,107953.83222222223,261657.37
merch29562@okicici,15.058823529411764,26,272919.19470588234,436120.13
merch29570@okicici,20.0,42,276297.11741935485,406231.39
merch29582@okhdfcbank,17.555555555555557,36,485535.7911111111,638432.1499999999
merch29602@okicici,17.04,32,110445.4092,278260.31
merch29604@axl,14.333333333333334,32,121130.34666666668,297504.38
merch29605@oksbi,19.862068965517242,37,328248.7662068966,595255.13
merch29610@paytm,14.9,28,61525.628000000004,95527.07
merch29634@okhdfcbank,22.133333333333333,43,312297.41333333333,604150.75
merch29639@ybl,14.92,31,267352.58879999997,541037.0999999999
merch2963@okicici,16.96,37,196183.95200000002,349675.69
merch29668@okicici,22.58823529411765,45,160299.69617647058,450581.51
merch29669@ybl,16.68,33,282663.51759999996,529540.41
merch29670@ybl,14.625,30,52758.44458333334,133366.86000000002
merch29688@okhdfcbank,20.555555555555557,38,183128.48925925925,534149.6
merch29688@okicici,17.375,34,140426.81125,262442.84
merch29702@okhdfcbank,16.285714285714285,35,125828.4207142857,234995.12
merch29702@oksbi,16.88,38,192811.1536,458014.00000000006
merch29704@okhdfcbank,16.04,32,138383.33120000002,335867.45
merch29725@okicici,21.0,38,252184.88593750002,483015.34
merch29750@oksbi,16.153846153846153,34,174585.0896153846,275785.93
merch29756@okhdfcbank,24.151515151515152,48,272292.5296969697,533146.6599999999
merch29756@oksbi,20.074074074074073,40,379302.8533333333,484811.54
merch29774@oksbi,16.176470588235293,29,131051.13470588236,210017.1
merch29793@ybl,19.46153846153846,36,224232.79076923078,397051.87000000005
merch2979@axl,17.5,35,103318.31,232377.92
merch29805@paytm,18.84,38,338351.14800000004,691809.9400000002
merch29807@paytm,21.5,38,166847.19714285713,325593.52
merch29820@okhdfcbank,19.16,39,342497.85719999997,496893.7
merch2982@okicici,15.19047619047619,29,162020.16714285713,304462.79000000004
merch2982@paytm,20.0,40,294082.22029411764,423530.75
merch29830@oksbi,17.107142857142858,35,185408.5310714286,377796.4699999999
merch29842@ybl,12.909090909090908,25,60563.18681818181,197900.01
merch29859@paytm,20.75862068965517,41,160938.75275862069,303802.3
merch2987@oksbi,16.333333333333332,30,164959.43399999998,250473.83
merch29887@okicici,13.952380952380953,29,170039.67333333334,361776.11
merch29887@paytm,19.576923076923077,38,127675.99615384615,206760.94
merch29892@oksbi,15.904761904761905,30,205386.8457142857,372575.12
merch29893@okhdfcbank,16.896551724137932,34,279863.7268965517,369977.52
merch29896@paytm,16.4,34,228866.69119999997,460966.4899999999
merch29975@ybl,17.727272727272727,37,392605.2272727273,624533.9
merch29981@paytm,18.90909090909091,34,316595.4690909091,522704.9000000001
merch30011@ybl,13.0625,24,41964.563125,148516.09
merch30022@okhdfcbank,15.208333333333334,31,107268.60916666668,166093.64
merch30024@oksbi,22.535714285714285,44,101504.66964285714,285471.92000000004
merch30030@oksbi,18.695652173913043,37,135289.78565217392,241443.32
merch30032@oksbi,17.9,38,84974.30799999999,148115.18
merch30075@okicici,17.92,36,429501.7732,895744.2100000001
merch30098@ybl,15.88,33,118518.4404,354858.75000000006
merch30114@okicici,17.96551724137931,35,147129.28344827585,378258.66
merch30126@okicici,13.2,28,118301.9335,248751.05
merch30160@okhdfcbank,17.84,34,174093.3932,280067.18
merch30164@axl,20.266666666666666,41,220774.1716666667,467728.27
merch30178@okicici,18.357142857142858,35,107141.70499999999,173219.69
merch30190@axl,18.14814814814815,34,152323.9414814815,220875.23000000004
merch30202@okhdfcbank,18.25,39,125666.78214285712,673228.6699999999
merch30236@oksbi,18.548387096774192,37,139707.46419354837,425758.32
merch30236@paytm,17.4,32,158775.203,319243.08
merch3024@axl,14.722222222222221,30,82670.92444444443,237931.87
merch30251@okicici,10.941176470588236,21,88297.8711764706,204352.42
merch30272@axl,14.555555555555555,26,238103.68944444446,395119.13
merch30281@axl,20.258064516129032,41,172550.54774193547,601115.18
merch30295@oksbi,16.6,33,102072.6648,195383.31
merch30312@paytm,16.318181818181817,32,343360.79454545456,667123.6599999999
merch30328@axl,18.333333333333332,34,151857.74166666667,414350.35
merch30346@paytm,21.103448275862068,40,69705.37620689656,170947.90000000002
merch3035@okhdfcbank,13.4,25,175535.97933333332,263097.81
merch30369@axl,17.5,34,228939.65333333332,365601.48
merch30372@okhdfcbank,11.066666666666666,23,134323.00333333333,334435.19
merch30373@axl,19.0,36,70853.80645161291,138962.80000000002
merch30376@axl,16.454545454545453,37,249583.81499999997,555341.4500000001
merch30379@ybl,15.925925925925926,33,289714.94074074074,647253.84
merch30381@okhdfcbank,17.304347826086957,34,207736.78347826088,427202.36
merch30394@ybl,19.5,37,123125.19214285714,271134.83
merch30400@oksbi,18.208333333333332,35,129491.045,344635.29
merch30402@axl,16.73076923076923,32,132177.54884615383,230800.54
merch30404@okhdfcbank,18.0,33,61705.737272727274,131789.45
merch30418@oksbi,17.166666666666668,33,108868.27458333335,269399.66000000003
merch30424@okicici,14.857142857142858,28,135128.01857142858,241223.11
merch30427@paytm,12.681818181818182,25,161072.2659090909,270108.54
merch30433@paytm,17.96153846153846,34,98193.52038461539,326927.58
merch30473@okhdfcbank,18.964285714285715,39,276784.03928571433,457922.6500000001
merch30473@paytm,17.904761904761905,36,298077.4328571429,614690.5
merch30482@axl,14.761904761904763,29,225692.63333333333,501348.8
merch30485@okicici,15.375,31,89439.05791666667,180891.45
merch30513@oksbi,13.529411764705882,24,305293.0076470588,431967.15
merch30533@okhdfcbank,17.448275862068964,40,174235.86896551723,379547.64
merch30550@oksbi,19.125,39,170272.53875,423075.24
merch30559@okicici,20.40909090909091,38,189323.84590909092,282674.09
merch3056@ybl,16.40740740740741,32,119299.39444444446,358636.03
merch30583@paytm,11.35,24,46721.807,210234.64
merch30602@oksbi,22.35483870967742,43,251716.87580645163,477882.62
merch30605@okicici,20.6875,41,85993.51218749999,143864.85
merch30607@ybl,19.142857142857142,38,332367.55892857135,738183.6299999999
merch30639@okicici,26.61764705882353,51,366034.23529411765,639308.4600000001
merch3064@okicici,24.06451612903226,46,195966.59032258063,413722.98
merch30654@okicici,17.583333333333332,32,444687.9008333334,567056.3700000001
merch30672@ybl,12.19047619047619,26,171998.24952380953,318359.64
merch30692@ybl,14.625,29,186405.31062499998,376559.14
merch30696@ybl,19.137931034482758,38,196233.70724137934,285496.09
merch30715@okhdfcbank,17.23076923076923,36,104578.11346153847,317923.39
merch30715@oksbi,15.461538461538462,31,217811.11923076925,424647.32
merch30767@ybl,18.896551724137932,38,550586.7068965518,921526.39
merch3076@ybl,17.357142857142858,34,141666.92178571428,353328.91000000003
merch30778@okicici,14.708333333333334,31,224060.62166666667,446995.46
merch30778@oksbi,16.571428571428573,31,276836.5485714286,543338.5100000001
merch30810@ybl,18.9,41,198914.739,534757.33
merch30814@okicici,9.714285714285714,22,109884.1092857143,275912.8
merch30815@paytm,24.289473684210527,47,138032.22236842106,508946.54
merch30858@oksbi,13.238095238095237,28,115321.89857142855,211308.3
merch30870@okhdfcbank,21.941176470588236,46,139095.46117647062,371725.31
merch3093@oksbi,21.52777777777778,45,164653.04861111112,597910.0499999999
merch30945@oksbi,15.333333333333334,32,114741.80904761904,327825.03
merch30954@axl,18.64,37,100725.946,256978.83
merch30974@ybl,13.0,26,295249.9675,517036.58
merch30992@axl,18.70967741935484,37,182374.03096774194,271708.86000000004
merch31008@okicici,17.454545454545453,35,159212.8518181818,385572.1099999999
merch31011@okhdfcbank,22.545454545454547,42,325236.3984848485,590254.62
merch31028@okhdfcbank,20.88,36,175646.1872,377269.8999999999
merch31029@okicici,24.13888888888889,45,364840.0594444445,630594.84
merch31030@okhdfcbank,11.526315789473685,24,115664.66894736842,245464.67
merch31041@paytm,18.208333333333332,35,93792.92083333334,144159.19000000003
merch31041@ybl,19.869565217391305,34,232651.51913043475,359691.58
merch31066@oksbi,16.32,31,297593.8496,614101.7799999999
merch3106@okicici,17.5,38,450550.3576666667,787671.21
merch31085@okhdfcbank,18.291666666666668,34,213022.65625,416166.41
merch31086@ybl,15.35,31,62717.9,138017.67
merch3108@paytm,13.789473684210526,28,66987.14631578948,117144.11
merch31129@okicici,15.545454545454545,29,558735.5504545455,767730.5899999999
merch31138@axl,15.590909090909092,33,190351.05045454548,416562.87
merch31161@axl,18.68,33,246163.59919999997,486024.94
merch31161@paytm,16.896551724137932,35,117308.53655172414,195513.25
merch31183@okhdfcbank,15.227272727272727,33,140851.47772727275,306662.84
merch3118@okhdfcbank,18.366666666666667,39,163339.05333333332,351566.85
merch31194@ybl,21.03030303030303,39,295691.3715151516,744649.78
merch31209@axl,15.45,27,96720.185,362573.98
merch31215@ybl,22.63888888888889,44,194536.36027777777,356166.4699999999
merch31255@okhdfcbank,18.903225806451612,38,362195.1122580645,600821.06
merch31268@axl,18.26923076923077,34,113991.49576923078,155881.17
merch31268@oksbi,14.826086956521738,31,97875.75173913044,218572.74
merch31273@axl,14.428571428571429,29,359035.5485714286,516315.1
merch31276@axl,19.571428571428573,37,284781.6485714286,534774.3900000001
merch31280@oksbi,20.75,38,178696.20750000002,279192.75999999995
merch31284@okicici,12.555555555555555,26,102596.15444444444,219848.27
merch31312@paytm,18.4,34,123610.20240000001,321218.60000000003
merch31340@okicici,16.625,32,182614.0725,341821.11
merch31346@ybl,17.61904761904762,32,188295.8980952381,370152.45000000007
merch31353@okicici,25.823529411764707,46,338331.815,684049.16
merch31358@paytm,16.74074074074074,32,143861.60111111111,207870.08
merch31394@ybl,16.333333333333332,34,312175.6304761905,635359.9199999999
merch31399@axl,16.823529411764707,30,411679.22882352944,608243.73
merch31412@axl,18.862068965517242,41,373685.2868965517,612352.37
merch31416@axl,19.357142857142858,36,66994.87964285715,146642.68000000005
merch31473@oksbi,18.70967741935484,40,203254.69677419352,507163.77
merch31480@axl,24.606060606060606,49,148711.0484848485,485363.51
merch31484@oksbi,18.275862068965516,37,334319.7027586207,460063.13
merch31486@ybl,15.434782608695652,33,36735.11086956522,91335.3
merch31493@paytm,18.642857142857142,36,97449.30464285714,244329.41
merch31498@okhdfcbank,20.217391304347824,38,270195.07130434783,686059.39
merch31535@axl,26.487179487179485,53,379483.32641025644,664677.4200000002
merch31543@paytm,17.79310344827586,36,149727.2755172414,338817.18
merch3155@okicici,19.24,37,145744.13640000002,353263.57
merch31569@okicici,11.615384615384615,22,192864.74461538458,553404.19
merch31580@ybl,19.333333333333332,39,437919.41733333335,843375.1699999999
merch31608@oksbi,17.0,35,273383.445,601399.62
merch31609@okhdfcbank,18.73076923076923,38,420337.03269230766,796653.6499999999
merch31624@oksbi,21.774193548387096,45,317255.5564516129,654123.49
merch31632@axl,18.14814814814815,35,108748.0774074074,234013.26
merch3164@ybl,24.15625,43,279845.72624999995,574858.68
merch31657@oksbi,20.625,41,126452.07906250001,237980.9
merch31688@paytm,21.34375,41,182141.019375,428367.45
merch31694@okhdfcbank,13.3,26,42220.054,107475.81
merch31716@okicici,17.8,32,119576.51199999999,204592.07
merch31723@paytm,13.117647058823529,25,238052.83588235293,368682.9900000001
merch31740@paytm,21.02857142857143,42,500577.97057142854,671973.43
merch31750@okhdfcbank,21.181818181818183,41,138760.98030303032,289112.58
merch31755@axl,17.615384615384617,37,150481.33769230772,325173.03
merch3175@okicici,17.23076923076923,33,119842.45076923075,549844.58
merch31773@oksbi,17.433333333333334,35,267467.60966666666,555674.8200000001
merch31783@ybl,17.857142857142858,41,166960.00392857144,441259.49
merch31802@okhdfcbank,20.78787878787879,42,193622.39151515154,449529.44
merch31804@oksbi,17.954545454545453,33,193687.93590909094,364507.19
merch31806@axl,21.045454545454547,39,145776.0304545455,479721.7800000001
merch31825@axl,17.695652173913043,35,307932.5313043478,559380.5800000001
merch31844@okicici,16.896551724137932,33,182377.08103448278,209709.91
merch31847@axl,19.6,34,38928.741200000004,122090.5
merch31856@axl,11.55,22,25415.656000000003,94293.17
merch31858@okicici,16.666666666666668,32,287312.1719047619,496778.43
merch31875@okicici,15.19047619047619,29,233907.09619047618,613139.02
merch31881@ybl,14.166666666666666,28,116695.46611111109,147986.44999999998
merch31885@ybl,17.12,34,119156.5792,300482.87
merch31889@ybl,13.0,24,138047.89611111113,382581.66
merch31929@axl,25.580645161290324,44,228377.85322580647,354334.79000000004
merch31932@ybl,21.06896551724138,42,134847.91137931036,414291.11
merch31941@paytm,16.545454545454547,36,78296.27,197259.34
merch3196@okicici,12.0,26,133750.757,265740.36
merch31982@okhdfcbank,20.46875,40,311197.944375,578372.75
merch31985@paytm,19.642857142857142,38,204967.01142857145,385371.50000000006
merch31996@oksbi,21.133333333333333,42,442325.7366666667,793753.4099999999
merch3199@paytm,17.333333333333332,37,91915.83124999999,181847.11
merch32000@okicici,16.761904761904763,34,214417.03142857144,376177.01
merch32007@okicici,17.93103448275862,37,156625.70448275865,338904.5900000001
merch32016@ybl,20.59259259259259,38,320584.9248148148,573611.37
merch3203@ybl,34.40816326530612,74,416958.70326530613,661055.4700000001
merch32058@oksbi,17.535714285714285,37,177139.28464285712,308840.83
merch3205@oksbi,14.181818181818182,31,87430.17863636363,246218.65
merch32066@axl,18.451612903225808,39,293491.25999999995,546018.6599999998
merch32087@axl,18.20689655172414,36,205797.55068965515,411728.16
merch32115@paytm,15.15,29,302504.353,422645.56
merch32139@oksbi,19.44,36,87418.87280000001,139108.29
merch32147@axl,19.76,36,53983.4816,131712.61000000002
merch32147@okicici,21.8,41,231035.82766666668,431531.79
merch32174@axl,15.884615384615385,31,150856.55307692307,339439.24
merch32174@okicici,16.333333333333332,31,348806.0696296296,705800.0299999999
merch32177@paytm,11.055555555555555,28,69124.05333333333,142971.53999999998
merch32236@okhdfcbank,22.06896551724138,41,334153.96413793106,558508.78
merch32253@ybl,17.56,33,119163.8976,179215.37
merch32261@okicici,14.6,33,113216.968,458647.32
merch32275@oksbi,17.416666666666668,36,134579.5145833333,314013.61
merch32276@ybl,8.923076923076923,20,38289.79307692307,101023.23
merch32280@paytm,15.363636363636363,30,35813.37454545454,68997.08
merch32280@ybl,20.486486486486488,43,184401.73027027026,387068.4900000001
merch32286@okhdfcbank,12.0625,26,178859.18562499998,569468.09
merch32300@okhdfcbank,10.0625,21,146550.87812500002,300481.04
merch32325@ybl,18.428571428571427,38,73240.88285714286,258564.66000000003
merch32335@okhdfcbank,20.46153846153846,39,179177.62192307692,361400.73
merch32351@axl,18.125,36,148262.261875,301974.76000000007
merch32368@ybl,12.571428571428571,26,235105.20333333337,367723.94
merch32415@axl,19.17241379310345,41,249086.6831034483,356080.01000000007
merch32419@ybl,16.88888888888889,33,104171.47037037036,211820.55
merch32423@oksbi,18.344827586206897,36,199382.50482758624,347671.81999999995
merch32426@okicici,14.75,30,128546.68625000001,307087.21
merch32432@ybl,10.5,23,229614.48850000004,310955.46
merch32449@okhdfcbank,22.323529411764707,45,294398.0597058824,656807.7200000001
merch3246@oksbi,13.368421052631579,25,282107.2452631579,477410.61
merch32478@axl,11.272727272727273,24,147435.6340909091,371343.05
merch32500@ybl,11.125,23,169108.96125,510304.67
merch32509@paytm,19.19047619047619,37,172897.3280952381,348973.82
merch32514@axl,20.192307692307693,40,111757.26846153846,218461.74
merch3251@ybl,24.866666666666667,49,199275.626,469010.38000000006
merch32533@okicici,17.5,35,101452.18222222223,297302.96
merch32558@okhdfcbank,16.61904761904762,30,195428.64809523808,406695.3199999999
merch32566@oksbi,13.473684210526315,27,209330.7642105263,345865.51000000007
merch32574@oksbi,23.59259259259259,43,174922.88555555555,285009.69
merch32578@ybl,18.71875,38,213903.238125,349837.12999999995
merch32608@okhdfcbank,18.91304347826087,34,115508.22695652174,283945.86
merch3263@oksbi,18.93548387096774,41,136895.13838709678,391151.69
merch32644@axl,12.9375,25,12599.281875,47874.51
merch32645@oksbi,12.666666666666666,26,321787.9238888889,456963.9900000001
merch32653@okhdfcbank,20.0,41,200868.58769230772,423429.56
merch32661@okhdfcbank,13.095238095238095,25,118310.21904761906,190808.75
merch32668@okicici,20.444444444444443,38,147329.30814814815,285299.98000000004
merch32676@okicici,18.137931034482758,38,447023.4224137931,897845.8699999999
merch32695@okhdfcbank,14.842105263157896,29,409068.7152631579,653368.88
merch32786@axl,16.0,33,374702.8009090909,546825.0900000001
merch32795@paytm,17.227272727272727,36,261862.60363636364,625496.7899999999
merch32817@paytm,22.107142857142858,43,208863.68107142858,363071.79
merch32821@ybl,14.421052631578947,27,257133.11,416823.77
merch32828@paytm,16.77777777777778,35,390845.46037037036,620414.6
merch32854@oksbi,20.06451612903226,39,63659.61935483872,149733.50000000003
merch32886@okhdfcbank,20.357142857142858,38,76771.19142857143,115684.63
merch3291@okicici,16.92,36,331020.03239999997,514664.82
merch32941@okicici,16.25,30,307984.46125,538547.2999999999
merch32949@axl,13.227272727272727,29,125196.32136363635,372339.8499999999
merch32952@oksbi,21.133333333333333,41,129842.635,325548.06999999995
merch32957@okhdfcbank,17.227272727272727,31,251763.2409090909,405716.07
merch33022@okicici,19.3,42,454552.075,875312.04
merch33046@ybl,26.44,45,183330.5732,546007.85
merch33076@okhdfcbank,21.238095238095237,40,280300.7704761905,376711.55
merch33089@ybl,18.275862068965516,36,176444.4403448276,434133.31000000006
merch33099@paytm,18.2,35,232689.87080000003,375755.93000000005
merch33117@oksbi,20.56,37,719048.7892,1120405.3
merch33121@okhdfcbank,18.25925925925926,38,201280.45037037038,314832.49000000005
merch33145@paytm,25.482758620689655,47,126430.28689655174,192975.13
merch33151@okhdfcbank,18.03846153846154,36,178307.01269230773,323310.3300000001
merch33152@ybl,14.523809523809524,30,59540.288095238095,256919.6
merch3315@ybl,17.666666666666668,34,124198.30592592592,308593.39
merch33160@axl,19.482758620689655,39,222077.40655172413,514013.4
merch33161@axl,14.7,28,154303.9855,390254.46
merch33191@ybl,14.16,30,129910.24119999999,301768.96
merch33202@ybl,15.565217391304348,33,67938.90304347826,304220.08
merch33209@ybl,20.875,43,173723.55375000002,391015.87
merch33228@oksbi,16.4,33,176346.7128,413396.15
merch33252@okicici,20.933333333333334,39,238529.4866666667,447495.08
merch33259@axl,16.565217391304348,33,356879.23173913045,661017.0599999999
merch33264@okhdfcbank,21.032258064516128,40,368152.26225806447,633295.22
merch33286@paytm,21.272727272727273,41,161373.26424242422,518892.16
merch33294@axl,15.73913043478261,32,246294.76521739134,416597.11
merch33309@paytm,14.19047619047619,27,269415.1719047619,423200.41
merch33322@okicici,38.793103448275865,81,358335.915862069,814522.5
merch33324@ybl,13.863636363636363,29,122505.08772727274,200391.28000000003
merch33326@axl,21.366666666666667,47,192615.5703333333,353067.11999999994
merch33333@paytm,12.0,25,140893.93809523812,345129.18999999994
merch33343@axl,18.821428571428573,36,130507.75535714287,315659.7100000001
merch33352@axl,19.625,36,195062.56958333333,411936.2
merch33357@okicici,19.074074074074073,37,221520.34222222224,331069.93
merch3335@okhdfcbank,14.038461538461538,33,235259.41500000004,401874.07000000007
merch33398@ybl,22.083333333333332,45,205742.7677777778,429903.43000000005
merch33399@ybl,10.125,24,33129.461875,121700.93
merch33400@okhdfcbank,18.22222222222222,37,172633.56148148148,435426.19
merch33400@ybl,15.947368421052632,34,141650.38210526318,245413.99
merch33406@oksbi,19.275862068965516,41,199595.68,400068.31
merch33407@okhdfcbank,23.416666666666668,44,126287.8775,313157.75
merch33419@paytm,12.052631578947368,24,307486.92210526316,659859.88
merch33437@axl,15.04,33,116090.9228,334440.4
merch33471@paytm,14.708333333333334,34,241637.69458333333,428281.53
merch33486@oksbi,18.181818181818183,33,167483.88181818184,311143.19
merch33499@okhdfcbank,16.4,32,256245.7904,527843.1799999999
merch33500@axl,18.2,32,275958.58599999995,371579.7
merch33521@oksbi,16.153846153846153,36,129411.29192307692,269050.3
merch33525@axl,15.136363636363637,30,251971.5040909091,431290.43000000005
merch33532@okicici,18.272727272727273,39,208010.04696969697,367136.5399999999
merch33548@okicici,17.0,35,134514.57233333334,329211.81
merch33556@ybl,20.678571428571427,39,179339.1239285714,471489.47
merch33573@paytm,15.590909090909092,33,257759.47772727272,517735.29
merch33580@ybl,12.0,25,96529.76749999999,146685.40999999997
merch33600@paytm,13.782608695652174,27,97880.85391304348,312112.45
merch33602@ybl,18.466666666666665,36,230986.44,437456.76
merch33628@ybl,10.761904761904763,23,54045.16619047619,182278.41000000003
merch33632@oksbi,12.764705882352942,27,101859.52470588236,152655.3
merch33646@okhdfcbank,15.347826086956522,29,183323.94304347824,315598.05
merch3364@axl,13.217391304347826,27,58600.593913043485,194511.48
merch3365@paytm,14.473684210526315,28,85415.20368421053,152965.49
merch33664@axl,16.681818181818183,30,63246.780454545464,139218.26
merch33683@okhdfcbank,19.84,35,195621.65560000003,314797.12000000005
merch33699@paytm,16.333333333333332,29,160508.4680952381,272602.65
merch3369@paytm,20.870967741935484,41,336682.8061290323,729514.5000000001
merch33735@oksbi,16.096774193548388,34,150281.65258064517,278334.18000000005
merch33743@ybl,19.576923076923077,37,144127.75884615385,195900.05
merch33746@oksbi,18.066666666666666,37,265185.595,447999.65
merch33750@oksbi,20.16,40,197553.7768,349832.06
merch33780@okicici,17.24137931034483,38,95834.73103448277,202171.5
merch33788@ybl,21.483870967741936,41,155689.05999999997,233209.32
merch33795@okicici,16.045454545454547,32,138600.72,383430.15
merch33799@ybl,13.789473684210526,26,266556.76368421054,628255.1
merch3379@okhdfcbank,12.68421052631579,26,98065.75631578948,228689.28
merch33800@okhdfcbank,16.689655172413794,37,249785.8903448276,298335.35
merch33806@paytm,13.695652173913043,27,248402.2895652174,372428.89
merch33863@oksbi,15.714285714285714,31,283528.36714285717,413661.23
merch33879@ybl,15.91304347826087,30,209184.16000000003,536153.8
merch3387@axl,15.870967741935484,34,134342.5716129032,319121.78
merch33882@axl,17.346153846153847,35,118264.54615384614,347682.85
merch33886@ybl,15.576923076923077,33,229891.0969230769,395324.94
merch33920@paytm,14.041666666666666,29,51711.748750000006,130535.77
merch33925@oksbi,10.444444444444445,21,41461.81333333333,243041.84000000003
merch33959@oksbi,17.73076923076923,34,98174.61923076924,200648.92
merch33977@oksbi,17.40740740740741,33,221729.62296296298,327036.37
merch34005@oksbi,16.615384615384617,35,239508.68653846157,537614.9900000001
merch34012@okhdfcbank,15.095238095238095,28,87886.84047619047,147338.41999999998
merch34043@oksbi,9.214285714285714,20,47705.44357142857,143084.11000000002
merch34050@okicici,16.857142857142858,31,294937.12761904765,518596.45000000007
merch34053@paytm,12.333333333333334,25,211840.84761904762,400566.17
merch34055@okicici,17.714285714285715,33,271120.6785714286,479362.62
merch34062@ybl,23.2,43,290787.9388,403049.52
merch34063@okicici,14.05,29,177172.08500000002,561097.14
merch34064@okicici,11.9,22,122201.3615,260057.83
merch34069@ybl,18.75,40,188595.4496875,468889.88
merch3407@okicici,22.558823529411764,45,202189.53029411766,402301.69
merch34087@okhdfcbank,17.62962962962963,34,100971.22407407407,213651.96
merch3413@okhdfcbank,18.235294117647058,37,39462.105,153909.39
merch34149@ybl,47.13333333333333,86,653482.1171666667,1159745.82
merch34166@paytm,16.571428571428573,35,145052.09285714285,314739.92
merch34178@okhdfcbank,16.16,34,195378.29360000003,277314.85
merch34193@paytm,14.84,28,278070.6412,683020.63
merch34236@oksbi,17.4,33,300778.7404,421394.77
merch34241@ybl,16.318181818181817,31,131564.0640909091,253476.51
merch34262@ybl,15.26923076923077,31,463903.68730769225,960319.21
merch34282@ybl,15.538461538461538,31,279307.3803846154,713858.69
merch34290@axl,23.724137931034484,43,292635.49310344824,605521.9199999999
merch34326@ybl,19.814814814814813,39,192963.17888888888,512080.75
merch34329@ybl,16.923076923076923,33,429223.5496153846,508112.87
merch34339@okicici,14.588235294117647,28,164899.4011764706,395709.98
merch34357@okicici,14.6875,30,73734.309375,192456.28
merch34367@okicici,15.521739130434783,31,69336.18652173913,313718.05
merch34368@ybl,17.68,35,295411.9616,398265.36
merch3438@ybl,16.541666666666668,33,84667.23833333333,131776.09000000003
merch34400@axl,15.9,34,60885.710999999996,133020.43000000002
merch34411@ybl,22.805555555555557,43,234900.85861111112,405885.96
merch34427@ybl,13.722222222222221,27,73347.57,199858.53
merch34434@axl,16.65,31,248536.3415,288533.5
merch34479@axl,23.7,44,109635.856,196347.47000000003
merch34490@okhdfcbank,21.53125,40,320004.3940625,446254.4
merch34500@axl,21.967741935483872,43,288756.80806451617,539040.36
merch34514@okicici,17.46153846153846,38,237589.60730769232,507768.54
merch34519@paytm,15.545454545454545,30,210584.60772727273,466661.6699999999
merch3451@oksbi,14.909090909090908,29,92953.25772727272,254401.16
merch34521@ybl,13.954545454545455,29,241420.7781818182,397006.78
merch3452@ybl,18.583333333333332,34,280534.76208333333,524863.77
merch34539@paytm,21.28125,44,205837.31312500002,548827.5600000002
merch34542@ybl,19.633333333333333,38,183993.12533333336,250167.22
merch34550@ybl,13.0,26,396639.8552941176,571655.94
merch34556@okicici,21.75862068965517,46,152963.2724137931,512612.02
merch34575@ybl,10.2,22,82881.42733333334,145309.01
merch34585@okhdfcbank,13.823529411764707,26,240253.80705882353,332993.68000000005
merch3458@axl,16.347826086956523,33,126235.89217391305,278141.68000000005
merch34630@oksbi,16.59259259259259,31,114296.85925925925,176449.78999999998
merch34639@axl,17.37037037037037,35,287992.7788888889,478364.64
merch34645@oksbi,14.944444444444445,28,176764.93833333332,243420.12
merch3466@okhdfcbank,17.347826086956523,31,314381.77130434784,532148.01
merch34682@paytm,16.92,34,236409.06519999998,578632.1900000001
merch34691@paytm,20.696969696969695,40,139300.93818181817,283913.01
merch34700@okicici,21.44,39,395670.156,617533.14
merch34701@ybl,12.956521739130435,26,302432.0143478261,589096.53
merch34709@oksbi,16.45,33,49933.765499999994,80934.34
merch3470@axl,19.0,35,146161.59107142856,240642.69
merch34741@axl,16.25,34,103777.80166666668,182162.65
merch34744@okicici,13.791666666666666,30,61502.79625000001,195999.27
merch34746@okicici,19.307692307692307,38,193296.58653846153,398128.3
merch34762@axl,14.095238095238095,28,45483.361428571436,109205.32
merch34766@ybl,19.655172413793103,40,509107.3172413793,859592.1600000001
merch34770@okhdfcbank,17.285714285714285,36,181127.4128571429,354831.55000000005
merch34799@oksbi,16.318181818181817,31,159656.4927272727,325422.98
merch34822@paytm,11.95,24,87389.9605,209177.52
merch34844@oksbi,26.5625,53,190313.5134375,672778.1099999999
merch34864@okhdfcbank,16.08695652173913,31,84653.98130434784,180046.98
merch34872@okicici,23.59375,47,128514.1825,339742.30000000005
merch34895@okicici,13.736842105263158,29,117767.4694736842,352018.16000000003
merch34902@axl,15.65,30,92968.8625,318958.84
merch34922@ybl,18.833333333333332,35,304943.92966666666,528929.98
merch34924@axl,18.096774193548388,37,40007.109032258064,78394.45999999999
merch34926@oksbi,26.324324324324323,47,388005.8275675675,529762.07
merch34937@ybl,23.08823529411765,45,149126.28205882353,261864.66
merch34939@okicici,11.692307692307692,22,81856.26692307694,153195.91
merch34948@ybl,24.228571428571428,46,272638.95800000004,418846.78
merch34952@okhdfcbank,16.88,30,236598.4,384031.89
merch34959@axl,14.954545454545455,29,75376.36545454546,196263.1
merch34971@okicici,19.185185185185187,36,329961.1759259259,659580.7899999999
merch34978@oksbi,20.551724137931036,41,210865.9568965517,416482.45
merch35022@okicici,19.071428571428573,38,109439.12035714286,207737.6
merch35052@ybl,22.03125,45,147764.0559375,316405.8
merch35062@oksbi,25.63888888888889,47,121603.55972222223,260980.27000000005
merch3506@ybl,18.862068965517242,37,339485.91862068966,492707.6900000001
merch35072@ybl,12.647058823529411,28,31191.479999999996,96598.87
merch35082@okicici,17.555555555555557,37,265480.4496296296,593608.81
merch35094@okhdfcbank,15.210526315789474,31,38071.66263157895,129008.32
merch35094@okicici,18.75,35,165860.14428571428,281931.01
merch35103@okicici,12.941176470588236,25,111326.20470588235,173066.42
merch35111@paytm,16.357142857142858,34,179504.36178571428,254642.38
merch35129@oksbi,20.894736842105264,44,190895.48447368422,335623.39
merch35130@axl,17.45,32,177602.911,373790.01
merch35133@okicici,18.84,38,209014.2312,591698.0000000001
merch35136@ybl,18.434782608695652,35,222968.77478260867,326040.17
merch35142@oksbi,21.387096774193548,40,331794.53870967746,689639.59
merch35143@okhdfcbank,18.433333333333334,36,265690.58266666665,508300.9199999999
merch35169@ybl,17.833333333333332,40,320971.72833333333,560929.27
merch35171@ybl,16.84,32,37996.016800000005,72386.34
merch35187@paytm,21.8,41,112097.446,171655.38999999998
merch35189@axl,23.176470588235293,48,320186.94,857590.98
merch35189@paytm,15.185185185185185,31,254754.4225925926,659448.4500000001
merch35206@axl,17.68,38,307018.5128,607675.2700000001
merch35227@paytm,20.25,40,132760.06642857144,351824.76
merch35245@axl,13.708333333333334,29,95415.37625000002,205225.63
merch35247@okicici,15.958333333333334,32,172633.80458333335,452453.8000000001
merch35247@oksbi,16.607142857142858,33,168473.7210714286,310122.5
merch35256@oksbi,11.952380952380953,25,53542.97714285714,121916.44
merch35297@axl,20.96551724137931,41,243395.5496551724,383442.67
merch35311@oksbi,12.85,25,182283.95100000003,292921.73000000004
merch35312@paytm,20.428571428571427,43,145364.43964285715,205814.91
merch35354@okhdfcbank,19.892857142857142,38,234446.74714285714,530661.41
merch35361@okicici,20.75862068965517,43,308349.6817241379,699380.75
merch35364@axl,14.76,31,168196.142,316014.16000000003
merch35370@axl,39.62068965517241,75,201366.4181034483,376244.71
merch35404@oksbi,17.333333333333332,34,273030.26333333337,514045.14
merch35421@okicici,20.806451612903224,40,353245.4029032258,527716.85
merch35457@ybl,17.32,35,193292.85640000002,428297.44
merch35469@okicici,16.8,36,83355.9368,211143.2
merch35474@okhdfcbank,17.73076923076923,35,144851.6923076923,288602.98000000004
merch35477@okhdfcbank,14.666666666666666,29,68482.0819047619,115615.29000000002
merch35488@oksbi,18.48148148148148,36,103579.5474074074,236580.09
merch35505@okicici,21.47222222222222,45,102178.9563888889,244696.7
merch35510@okhdfcbank,18.84,36,109109.1304,196561.05
merch35528@okicici,13.954545454545455,31,67848.87681818182,138950.59000000003
merch35536@axl,13.0,26,96424.85117647059,242247.14
merch35553@okicici,12.818181818181818,28,132559.45636363636,272213.74
merch35555@ybl,18.428571428571427,39,346855.50107142853,776368.15
merch3555@okhdfcbank,22.037037037037038,39,238060.1188888889,455665.29999999993
merch35560@oksbi,24.29032258064516,44,337747.2387096774,691366.26
merch35571@okhdfcbank,20.805555555555557,41,74538.63388888889,164756.45
merch35579@oksbi,13.375,29,302785.45875000005,686281.4900000002
merch35592@oksbi,25.44,42,584162.9996,860332.8099999999
merch35593@ybl,21.97142857142857,44,719707.9074285715,1231080.9
merch35603@okhdfcbank,17.09090909090909,32,244240.70409090907,487875.59
merch35609@oksbi,15.461538461538462,31,133977.62192307692,462186.75
merch35621@okicici,20.15625,37,201393.488125,665292.58
merch35626@oksbi,14.4,28,30332.4,68708.19999999998
merch35640@ybl,16.59090909090909,32,396214.80090909096,761240.5800000001
merch3565@oksbi,24.514285714285716,47,641382.0617142858,1040311.82
merch35678@ybl,16.041666666666668,31,383556.6120833333,568004.93
merch35710@paytm,25.11764705882353,47,246038.6573529412,896753.5900000001
merch35720@paytm,21.666666666666668,38,179389.4175,422085.65
merch35723@okhdfcbank,19.071428571428573,38,403745.7696428572,692437.5999999999
merch35725@paytm,15.727272727272727,30,214721.06227272731,443138.4300000001
merch35747@axl,16.8,30,211335.77800000002,432305.77
merch35764@axl,18.52,36,235897.0924,579906.6799999999
merch35810@ybl,23.642857142857142,43,102662.3442857143,173378.52
merch35814@okicici,19.535714285714285,36,318942.0628571428,513849.53
merch35837@axl,15.31578947368421,31,123331.81631578949,207228.09
merch35841@oksbi,15.76923076923077,33,216466.35846153848,427819.15
merch35854@okicici,20.785714285714285,39,170534.45178571434,289823.9000000001
merch35880@okicici,13.5625,25,271481.250625,527173.04
merch35889@paytm,35.98148148148148,70,625848.3672222222,810294.2899999998
merch35890@axl,18.9,39,474208.858,718689.4199999999
merch35890@okicici,17.857142857142858,34,68507.3442857143,135441.38
merch3589@axl,20.75,38,467300.6557142857,644079.6999999998
merch3589@paytm,12.789473684210526,27,37511.39263157894,84724.75999999998
merch35929@axl,16.76,33,85996.93,135246.27
merch35930@okhdfcbank,11.944444444444445,22,35251.89388888889,72780.5
merch35954@oksbi,19.413793103448278,41,206371.44999999998,390688.67
merch35961@okicici,11.25,22,84756.23700000001,179395.91000000003
merch3596@okicici,19.785714285714285,43,259987.82464285716,659809.7600000001
merch35980@oksbi,16.77777777777778,33,97998.90611111111,250579.01
merch35984@axl,25.02777777777778,47,382577.14111111104,634303.9099999999
merch3599@oksbi,12.578947368421053,24,83653.02157894737,185798.34
merch3600@paytm,16.0,28,287410.5044999999,593446.0699999998
merch36011@axl,16.583333333333332,31,188960.58125000002,373103.82
merch36059@ybl,14.681818181818182,29,44345.237272727274,77534.51999999999
merch36069@okhdfcbank,24.13888888888889,46,236113.1019444445,580040.9400000001
merch3606@axl,16.62962962962963,32,104413.66074074073,216345.06
merch36085@axl,20.454545454545453,43,162117.74484848484,345442.50000000006
merch36094@ybl,12.2,25,183579.815,334057.52
merch36098@oksbi,19.633333333333333,42,82607.94999999998,200081.05
merch36133@okhdfcbank,14.304347826086957,29,274943.63782608695,395134.29
merch36139@axl,17.866666666666667,41,365395.39133333333,491939.6400000001
merch36162@paytm,15.884615384615385,31,81776.68807692308,138309.71
merch36171@okhdfcbank,17.352941176470587,30,61623.346470588236,119007.03
merch36178@okicici,15.692307692307692,35,148803.80269230768,316187.77
merch36191@okicici,17.5,38,58426.5625,199240.38
merch36194@axl,20.2,37,368961.50049999997,578710.9299999999
merch36200@okicici,21.806451612903224,39,238588.8858064516,520268.76
merch36200@paytm,15.304347826086957,33,301278.65173913044,510556.43
merch36242@okhdfcbank,13.727272727272727,28,64475.435454545455,392009.79
merch36247@okicici,19.806451612903224,38,230099.7729032258,394321.8
merch36249@okicici,14.761904761904763,27,219474.19476190474,277036.11
merch36255@axl,15.454545454545455,28,229371.75090909094,450664.44000000006
merch36268@axl,11.5,24,54846.80909090909,103686.93
merch36271@okhdfcbank,20.060606060606062,41,187509.4390909091,323269.48
merch36297@axl,16.333333333333332,36,307975.28875,511411.81
merch36319@oksbi,20.34285714285714,40,90940.40171428572,206556.65
merch36319@paytm,21.35483870967742,42,316572.7664516129,734528.58
merch3631@oksbi,16.318181818181817,30,145970.08318181822,276475.45000000007
merch36342@paytm,15.95,35,155112.2865,307114.17
merch36380@paytm,17.428571428571427,36,107276.7361904762,206437.87
merch36391@okhdfcbank,16.5,32,155946.755,273357.5800000001
merch36416@oksbi,18.517241379310345,38,258881.6327586207,384471.22
merch36449@oksbi,21.285714285714285,39,234638.1875,441670.46
merch36481@oksbi,20.857142857142858,43,60987.25085714285,137767.87999999998
merch36539@okhdfcbank,19.63157894736842,37,381827.5368421052,690909.42
merch36545@okhdfcbank,17.296296296296298,33,210597.26925925928,437607.35
merch36546@paytm,17.892857142857142,39,126781.53785714287,322849.68000000005
merch36548@paytm,17.96153846153846,35,237035.3042307692,540804.1299999999
merch36561@axl,15.964285714285714,32,187156.91678571427,399418.13
merch36568@oksbi,24.63888888888889,51,81258.39527777777,262648.11
merch36571@paytm,16.0,35,177873.55703703704,290688.08
merch36572@axl,16.482758620689655,33,90820.21827586208,186447.68
merch36575@paytm,16.96153846153846,34,121977.49038461539,404359.44
merch36584@okhdfcbank,16.903225806451612,34,130075.95258064516,326012.04
merch36592@okhdfcbank,15.047619047619047,33,217887.41857142857,567159.6
merch36597@ybl,17.428571428571427,34,101831.12071428572,233800.86
merch36607@paytm,18.766666666666666,37,102630.34866666667,214199.88000000003
merch36608@okhdfcbank,14.571428571428571,32,226074.65809523806,408090.16
merch36650@okicici,15.636363636363637,34,136656.06727272726,404233.79
merch36658@oksbi,16.0,33,55218.01050000001,103031.02999999998
merch3665@ybl,14.041666666666666,28,194577.20208333337,443731.81000000006
merch36674@axl,16.928571428571427,34,176891.26642857143,476371.37
merch3669@axl,20.02857142857143,39,268632.6371428572,539664.4899999999
merch36706@paytm,13.647058823529411,25,100718.69470588236,275437.00999999995
merch36732@paytm,13.6875,24,269995.26375,483659.09
merch36732@ybl,18.62962962962963,36,243314.02407407408,356051.58
merch36739@oksbi,16.52173913043478,31,116954.6652173913,381188.4
merch3673@okhdfcbank,16.807692307692307,31,114669.60576923077,328035.68999999994
merch3674@okhdfcbank,17.321428571428573,36,190632.00142857144,401921.86
merch36764@ybl,15.38888888888889,28,318874.26944444445,516249.98
merch36765@ybl,18.821428571428573,38,390736.79392857145,630430.8300000001
merch36779@ybl,13.333333333333334,27,174141.53428571433,319726.33
merch36788@oksbi,14.380952380952381,28,135606.06761904762,178694.88999999998
merch36797@okhdfcbank,16.565217391304348,37,95207.49608695653,346537.71
merch36800@axl,15.714285714285714,31,129940.25321428571,273529.3
merch36829@okicici,15.8,35,100691.51499999998,206220.1
merch3682@paytm,13.523809523809524,29,250949.2733333333,392738.51
merch36843@oksbi,20.333333333333332,40,302289.49833333335,513804.82000000007
merch36844@ybl,19.16,35,97478.4276,141667.72999999998
merch36847@okhdfcbank,11.222222222222221,30,145792.09,361580.48
merch36865@paytm,18.272727272727273,34,395944.1627272727,634967.9700000001
merch36885@ybl,13.636363636363637,28,85848.85454545455,161483.37000000002
merch36886@axl,18.35,35,392501.6479999999,646039.5499999998
merch36919@oksbi,13.0,25,47284.78705882353,80276.41
merch36934@axl,26.216216216216218,51,333756.3702702703,672667.71
merch36939@oksbi,17.40740740740741,35,407918.8381481481,832880.1900000001
merch3693@okhdfcbank,17.0,36,206826.87714285712,391760.85
merch36950@ybl,16.51851851851852,35,97400.00185185185,289021.25999999995
merch3696@okicici,22.566666666666666,43,115343.76966666666,206905.53999999995
merch36972@ybl,17.555555555555557,32,362439.15444444446,478863.44
merch36983@paytm,19.0,37,140864.9375862069,313440.73000000004
merch36985@oksbi,10.842105263157896,21,28074.571052631578,48058.6
merch36989@okhdfcbank,15.733333333333333,35,230256.73299999998,407871.72
merch37023@paytm,24.529411764705884,46,339827.18676470587,722379.92
merch37025@paytm,17.958333333333332,39,95963.08916666666,292908.4499999999
merch37044@okhdfcbank,17.791666666666668,36,189743.52583333335,271959.09
merch37059@ybl,20.454545454545453,40,402000.7093939394,783271.84
merch37067@paytm,13.347826086956522,27,117057.20260869566,161178.21000000005
merch37079@okicici,15.52,31,349827.05600000004,665480.7000000001
merch37080@okicici,17.458333333333332,32,361445.6220833333,519125.7799999999
merch37085@okhdfcbank,16.7,33,297125.32950000005,525569.05
merch37114@paytm,10.904761904761905,28,90343.95190476191,207972.77000000005
merch3711@okicici,13.476190476190476,27,77875.09952380953,149948.09
merch37126@okhdfcbank,15.653846153846153,33,111076.47538461539,514824.78
merch37126@ybl,17.952380952380953,34,362713.1347619048,923594.12
merch37136@paytm,15.5,31,157094.42888888888,395074.89
merch37153@oksbi,18.043478260869566,40,213092.25260869568,497417.62
merch37163@oksbi,15.125,31,58718.79333333333,142606.19
merch37171@paytm,21.06896551724138,39,183879.54172413793,438322.56999999983
merch37176@paytm,12.291666666666666,26,71771.3875,154609.02
merch37180@oksbi,18.0,32,314448.255,422964.62
merch37180@paytm,21.137931034482758,42,209442.62655172413,610817.54
merch37181@ybl,14.5,29,187533.049,363595.66
merch37182@okhdfcbank,17.75,32,122499.07458333333,209646.88
merch37214@okicici,16.88888888888889,34,206286.37444444446,427590.93000000005
merch37230@paytm,16.608695652173914,36,101013.03,204530.32
merch37244@okicici,16.82608695652174,32,342513.6952173913,566667.4500000001
merch37253@axl,16.44,33,136498.738,361547.36
merch37281@axl,15.909090909090908,30,230055.27545454548,355587.22000000003
merch37308@ybl,15.095238095238095,28,311257.14666666667,498134.2
merch37317@ybl,14.555555555555555,33,105138.64666666667,250561.15
merch37343@paytm,17.925925925925927,36,183026.6822222222,374036.93
merch37345@oksbi,15.409090909090908,28,59802.762272727276,161973.69
merch37366@ybl,19.53125,38,268645.488125,476426.6899999999
merch37368@axl,19.25,38,146786.37656250002,428373.76000000007
merch37368@oksbi,21.766666666666666,43,297225.72633333335,582264.29
merch37370@axl,17.304347826086957,32,48936.36608695652,93158.32
merch37375@paytm,18.413793103448278,40,26529.56344827586,93706.91
merch37415@paytm,15.347826086956522,30,97172.78,176262.96
merch37417@oksbi,22.0,42,325543.0807142857,696832.4600000001
merch37432@paytm,24.818181818181817,47,528046.9972727273,826237.9499999998
merch37451@okicici,21.25,43,250884.375,525329.78
merch37476@okhdfcbank,18.703703703703702,39,152918.00666666665,421687.76
merch37492@oksbi,15.941176470588236,31,57366.22647058824,90190.27
merch37498@paytm,21.7,40,152844.91999999998,214527.36
merch37509@okhdfcbank,18.458333333333332,35,64297.75166666667,175663.58000000002
merch37523@axl,12.947368421052632,25,123578.33789473683,171837.56999999998
merch37524@axl,17.32,34,178294.81160000002,423654.98
merch37527@axl,15.6,31,386902.87760000007,826030.3000000002
merch37534@ybl,12.3125,26,394434.84750000003,661448.3500000001
merch37551@oksbi,15.423076923076923,30,43284.08807692308,109845.82
merch37583@oksbi,16.72,36,296576.6372,541733.6
merch37587@okhdfcbank,19.043478260869566,37,250266.34347826088,607624.91
merch37589@axl,13.681818181818182,25,56180.889090909084,158226.34
merch37622@axl,18.15625,36,135201.9496875,347304.80999999994
merch37640@okicici,18.652173913043477,36,236626.81826086956,396478.04
merch37641@okicici,18.166666666666668,37,88466.85291666666,192204.43
merch37660@okhdfcbank,23.414634146341463,49,96961.37097560975,303082.56
merch37660@okicici,16.65,30,90953.356,268340.23
merch37668@ybl,13.25,27,210653.69700000001,319224.71
merch37672@ybl,21.74074074074074,42,205789.2859259259,373272.86
merch37679@ybl,24.03125,44,473839.35156250006,826714.52
merch37680@ybl,16.074074074074073,33,549484.3400000001,966652.26
merch37681@axl,18.272727272727273,35,57462.94136363636,79510.34
merch37688@okhdfcbank,14.347826086956522,32,175612.94130434786,369848.83
merch37719@oksbi,17.17391304347826,35,252650.89565217393,611012.0700000001
merch37725@paytm,18.2,36,350101.51480000006,646194.87
merch37734@oksbi,13.75,31,255084.98500000002,635683.6899999998
merch37748@axl,19.23076923076923,34,440582.9865384615,712887.9
merch3775@ybl,20.928571428571427,42,286712.85071428574,512211.5899999999
merch37775@oksbi,15.952380952380953,30,126748.62476190476,353522.95
merch37784@okhdfcbank,15.0,30,137370.99080000003,299889.7700000001
merch37790@okhdfcbank,18.482758620689655,38,252195.96724137932,443625.65
merch37807@okicici,17.2,40,74626.79199999999,204818.57
merch37821@oksbi,19.23076923076923,37,39459.13461538462,109836.83999999998
merch37855@okicici,18.375,40,203310.16625,432252.21
merch37870@oksbi,16.952380952380953,33,222334.7838095238,472111.96
merch37881@okhdfcbank,15.4,28,79599.264,130417.42
merch37884@oksbi,23.678571428571427,43,541126.8585714286,967790.22
merch37894@okicici,17.53846153846154,36,436479.92576923076,965375.34
merch37895@okicici,10.833333333333334,24,109716.70555555556,202416.22000000003
merch37907@paytm,17.0,32,100614.4831818182,191382.14
merch3792@ybl,17.76923076923077,34,45133.80076923077,105924.37
merch3794@axl,15.666666666666666,31,329820.920952381,589749.3100000002
merch37972@axl,20.64,37,160594.2972,230915.14999999997
merch37973@okhdfcbank,14.136363636363637,32,99173.96,392873.69
merch37992@ybl,19.821428571428573,38,92984.2132142857,227188.87
merch38010@okhdfcbank,19.137931034482758,38,160903.73103448277,245335.91
merch3802@okhdfcbank,18.48148148148148,39,248346.88888888893,513869.0900000001
merch38049@ybl,19.333333333333332,36,215856.99958333335,592190.2599999999
merch38075@ybl,11.117647058823529,22,134791.4705882353,284538.24
merch38077@okhdfcbank,16.869565217391305,32,54094.062173913044,96630.28
merch38078@okhdfcbank,13.647058823529411,25,377587.84235294117,615718.74
merch38083@oksbi,19.806451612903224,39,100843.12709677419,200339.26
merch3808@okicici,18.96153846153846,37,247047.5153846154,421750.61
merch38096@okhdfcbank,15.4,31,134689.52000000002,209527.7800000001
merch38097@axl,16.26086956521739,31,163795.59,442410.04
merch38116@ybl,21.964285714285715,42,336711.8660714286,718499.2599999999
merch38117@okhdfcbank,16.53846153846154,32,79518.63500000001,202992.98000000004
merch38124@oksbi,22.454545454545453,42,196806.87,428014.93
merch38146@okicici,19.25,39,172967.453125,482865.41
merch38185@ybl,20.11764705882353,41,302128.46117647056,484817.58
merch38193@ybl,20.914285714285715,45,276384.11485714285,574787.7
merch38204@paytm,17.48,38,553334.5276,1024704.64
merch3821@okhdfcbank,17.73913043478261,32,68478.80956521738,124181.72
merch38242@paytm,17.55,35,146176.1315,417405.56
merch38282@ybl,22.323529411764707,43,483544.9785294118,724206.26
merch38304@axl,24.054054054054053,51,274987.82216216216,574304.56
merch38305@oksbi,19.714285714285715,38,175715.83357142858,283440.06000000006
merch38322@ybl,14.095238095238095,28,38579.03428571429,70077.96
merch38353@okhdfcbank,20.4,39,214351.12033333333,409386.0199999999
merch38355@okhdfcbank,15.619047619047619,29,62869.870952380945,158600.42999999996
merch38367@paytm,14.347826086956522,30,20505.75956521739,47434.91000000001
merch38371@ybl,19.93548387096774,42,45746.27225806451,186326.11
merch38377@paytm,16.391304347826086,33,153988.1439130435,319218.93999999994
merch38403@paytm,12.4,27,57095.65699999999,203495.11
merch38410@axl,14.526315789473685,30,47792.88526315789,129240.17
merch38429@oksbi,15.0,30,272043.62086956523,399670.74
merch38443@oksbi,17.333333333333332,40,82394.88814814815,261336.34
merch38462@oksbi,16.51851851851852,36,330658.49703703704,789288.72
merch38463@okicici,15.576923076923077,31,33437.43884615385,65337.8
merch38479@oksbi,14.88888888888889,30,262051.6422222222,381814.63
merch38487@okicici,10.76923076923077,21,90744.58153846154,175671.08
merch38489@paytm,21.6875,42,203537.39625000002,320345.78
merch38499@okhdfcbank,35.5,78,347818.8596551724,831612.8999999998
merch38538@okhdfcbank,16.56,34,193769.54599999997,317149.2799999999
merch3853@okhdfcbank,17.68,35,72664.3044,219011.95
merch38550@axl,22.413793103448278,44,165230.2648275862,296229.58
merch38555@okhdfcbank,17.952380952380953,32,150007.8823809524,280802.29000000004
merch38574@okhdfcbank,10.944444444444445,23,117425.88055555556,328327.2
merch38586@oksbi,21.685714285714287,44,200700.34028571425,401840.4799999999
merch38596@ybl,14.958333333333334,33,109033.11833333333,210643.91
merch38597@okicici,16.523809523809526,30,230620.24047619046,582677.4299999999
merch3860@oksbi,12.3,26,72867.6385,131248.50999999998
merch38622@okicici,17.0,36,203696.29499999998,434577.7
merch38632@ybl,20.25925925925926,40,297350.5522222222,619870.83
merch38664@oksbi,17.782608695652176,35,234559.41434782607,567984.36
merch3866@okhdfcbank,21.692307692307693,38,79238.95576923076,184214.58
merch38672@oksbi,17.925925925925927,36,397969.9103703704,511544.57
merch38677@ybl,16.125,31,210992.2404166667,286359.25
merch38682@okicici,14.476190476190476,27,105088.2238095238,202750.66
merch38690@paytm,19.433333333333334,41,201283.51833333334,576202.98
merch38693@okicici,17.88888888888889,34,67003.04703703703,207633.79
merch38693@oksbi,14.708333333333334,31,148788.62666666668,465537.09
merch38696@okicici,18.26086956521739,34,214481.7695652174,407643.29
merch38697@oksbi,17.17391304347826,31,283495.21130434785,444356.4
merch38739@paytm,16.96,33,163053.4784,298069.48000000004
merch38748@oksbi,18.083333333333332,33,204280.25625,286280.95
merch38756@okicici,19.44,36,359024.85400000005,668429.8200000001
merch38760@okhdfcbank,16.5,35,247617.50375000003,441406.69000000006
merch38780@axl,28.31578947368421,53,217038.8842105263,352929.56999999995
merch38790@okhdfcbank,17.5,36,184969.97416666665,483282.81
merch38814@oksbi,19.0,39,274847.29966666666,394882.83
merch38822@ybl,10.785714285714286,21,147424.3392857143,277396.47
merch38827@okhdfcbank,17.74074074074074,36,225150.93444444443,472741.2199999999
merch38830@okhdfcbank,14.26086956521739,27,58947.46391304347,119585.4
merch38832@paytm,10.6,20,82619.47733333333,199616.3
merch38850@oksbi,14.521739130434783,30,168021.82695652175,291677.62
merch38851@paytm,14.368421052631579,28,122884.43210526316,235154.02
merch38855@okhdfcbank,15.277777777777779,29,262961.65222222224,570473.1599999999
merch38869@axl,17.583333333333332,39,214037.69375,550200.0999999999
merch38869@paytm,17.03846153846154,32,219364.34423076923,496388.36
merch38886@okhdfcbank,14.36,30,181621.2964,337264.39
merch38918@paytm,19.38095238095238,36,197392.71000000002,636035.61
merch38921@paytm,12.947368421052632,27,159381.7947368421,392620.28
merch38930@axl,20.1,38,459448.2926666666,608579.0199999999
merch38956@oksbi,15.80952380952381,30,277046.7080952381,419933.03
merch38996@paytm,20.954545454545453,36,251804.4790909091,510949.0800000001
merch39002@paytm,15.588235294117647,30,118629.09352941177,204002.17
merch39015@oksbi,16.6875,32,190786.09249999997,325080.48
merch39038@oksbi,13.947368421052632,27,91555.51157894736,175088.84000000003
merch39046@axl,18.17391304347826,34,327223.09,640570.8699999999
merch39059@okicici,17.857142857142858,38,47057.82464285714,99345.47
merch39062@ybl,13.208333333333334,29,29895.447083333333,104105.85
merch39071@ybl,20.677419354838708,40,115325.09903225808,324294.07
merch39079@ybl,14.8,30,240982.029,321921.99000000005
merch39090@okhdfcbank,18.703703703703702,40,168828.7737037037,339715.17000000004
merch39092@oksbi,19.565217391304348,36,250384.99130434784,439308.33
merch39101@okhdfcbank,22.483870967741936,42,252119.42806451613,326740.87
merch39108@ybl,14.666666666666666,32,189297.50750000004,311454.41000000003
merch39130@axl,20.037037037037038,39,102888.50259259259,313788.92
merch39135@okicici,20.5,40,274805.7864285714,407527.47
merch39174@okhdfcbank,18.5,38,179712.82633333333,378363.44
merch39176@paytm,20.945945945945947,43,278293.0291891892,517422.8499999999
merch39187@axl,16.791666666666668,38,284864.3695833333,626205.5499999999
merch39196@paytm,14.0,29,64316.72181818181,121503.63999999998
merch39197@paytm,17.363636363636363,33,197008.23681818182,346918.47
merch3919@axl,15.2,31,113829.006,330060.37
merch39218@ybl,21.838709677419356,42,211809.2141935484,354731.1
merch39227@okicici,22.161290322580644,43,318304.01419354836,591832.79
merch39230@ybl,14.0,28,247870.08791666667,430917.64
merch39233@oksbi,13.625,30,323563.92625,472509.5500000001
merch39237@ybl,15.166666666666666,30,56177.54750000001,131437.23
merch39250@okhdfcbank,19.20689655172414,38,161496.3382758621,287201.37
merch3925@okicici,20.060606060606062,42,202337.80303030307,451840.03
merch39286@okicici,18.838709677419356,36,161250.63999999998,438960.38
merch39289@paytm,18.366666666666667,39,151250.87833333333,326481.22000000003
merch3928@axl,16.862068965517242,36,265542.4562068966,456625.95
merch39292@paytm,19.5625,43,400755.54812500003,637682.8099999999
merch39333@axl,20.153846153846153,39,193355.74038461538,395928.92
merch39345@axl,14.24,29,188558.0684,465353.89
merch39345@oksbi,15.0,29,119490.5959090909,185594.22
merch39349@okhdfcbank,13.157894736842104,27,65892.5210526316,313479.58
merch39379@okhdfcbank,22.757575757575758,43,250534.10727272727,460273.73
merch39384@paytm,17.08,36,158211.4108,250542.86
merch39397@axl,16.391304347826086,32,241676.18739130432,386242.68
merch39398@axl,20.88888888888889,40,434319.3644444444,728040.56
merch39400@paytm,18.59375,37,95721.5253125,192218.55
merch39418@paytm,18.666666666666668,38,144394.9948148148,239475.17
merch3944@oksbi,22.86842105263158,45,213093.21894736844,653208.56
merch39469@paytm,17.392857142857142,37,215240.49607142856,555121.39
merch39487@oksbi,19.291666666666668,35,239915.17833333334,511292.37
merch39491@ybl,19.391304347826086,38,226149.6934782609,377315.69000000006
merch39493@okicici,18.103448275862068,39,78811.17379310344,418552.22
merch39502@paytm,19.26923076923077,36,202129.09615384616,261073.5
merch39516@ybl,22.653846153846153,41,614416.5403846153,1006894.57
merch39526@ybl,20.555555555555557,37,198404.45888888888,571228.6
merch39533@oksbi,23.857142857142858,41,227330.76285714286,375200.1
merch3953@ybl,13.869565217391305,28,53107.53,140061.61
merch39549@okhdfcbank,18.72,35,237655.61440000002,411495.84
merch39560@okicici,17.142857142857142,33,285024.10238095233,445553.7899999999
merch39596@okicici,16.6,31,335102.262,632708.28
merch39623@axl,17.5,35,273737.2323076923,580281.1699999999
merch39623@oksbi,16.25,33,141068.5625,277531.86
merch39624@okhdfcbank,17.357142857142858,35,236902.49392857144,466552.73999999993
merch3963@okicici,22.941176470588236,48,141406.0355882353,295391.08
merch39653@paytm,19.041666666666668,38,297871.22500000003,521397.38
merch39655@axl,24.486486486486488,48,100324.24216216216,222289.66
merch39664@axl,15.210526315789474,30,123759.94263157896,243145.91
merch39669@oksbi,22.852941176470587,48,226197.17470588232,518618.9199999999
merch3966@ybl,21.033333333333335,44,160335.448,346330.1900000001
merch39692@oksbi,15.615384615384615,29,206217.11923076925,307332.07
merch39698@paytm,13.043478260869565,31,118055.03826086957,317417.99
merch39733@okhdfcbank,16.681818181818183,33,144660.39545454548,381109.59
merch39734@oksbi,19.967741935483872,39,207167.27677419354,398612.8599999999
merch39769@paytm,20.62962962962963,38,222464.9662962963,330310.71
merch3977@axl,21.48148148148148,41,179484.51592592592,405638.26
merch39785@okhdfcbank,17.178571428571427,37,263201.17,648247.4499999998
merch39798@okicici,15.130434782608695,28,130911.14304347824,303957.31999999995
merch39805@paytm,19.166666666666668,40,274100.373,567441.5900000001
merch39827@paytm,10.4,25,70788.57800000001,197813.6
merch39839@axl,18.677419354838708,38,239209.58967741937,504670.15
merch3985@oksbi,13.714285714285714,25,87085.69428571429,212791.08
merch39862@ybl,14.863636363636363,29,121354.80136363636,164220.84000000003
merch39886@oksbi,15.181818181818182,29,137140.64818181816,285447.05
merch3988@ybl,24.823529411764707,52,288921.6120588235,605163.5800000001
merch39892@paytm,14.0,31,35091.87960000001,75495.42000000003
merch39909@okicici,19.285714285714285,41,229332.68035714288,370993.43000000005
merch39912@oksbi,15.4,30,153004.579,282185.46
merch39921@oksbi,15.26086956521739,30,229735.51739130437,420191.4000000001
merch39930@axl,16.307692307692307,31,232164.59346153846,313486.2199999999
merch39938@okicici,15.642857142857142,32,235989.35821428572,594561.61
merch39973@paytm,13.0625,25,179725.469375,303660.72
merch40008@paytm,17.130434782608695,34,98569.72782608696,198334.68000000005
merch40023@okhdfcbank,17.875,34,129926.06624999999,359701.2
merch40038@ybl,19.346153846153847,37,192085.93115384618,430833.07
merch40042@paytm,15.0,30,202704.08904761905,382759.37
merch40044@paytm,18.296296296296298,39,446080.66518518515,745726.8699999998
merch4006@ybl,13.72,29,149998.65,370321.4
merch40095@ybl,20.142857142857142,44,441720.01800000004,709563.14
merch40097@paytm,16.25,30,92265.62950000001,234211.63
merch40113@ybl,15.380952380952381,32,296425.3566666667,448104.68
merch40115@oksbi,20.103448275862068,40,154680.93586206896,256686.27
merch40116@paytm,20.333333333333332,38,88664.3062962963,188427.22000000003
merch40137@axl,21.433333333333334,39,296543.3333333333,483301.58
merch40137@paytm,18.625,37,141123.35124999998,383547.3399999999
merch40142@oksbi,20.214285714285715,39,84830.37964285714,157952.42
merch40181@paytm,17.545454545454547,33,350674.41545454547,551707.09
merch40191@oksbi,15.88888888888889,33,183358.27296296298,325175.65
merch40222@axl,17.05,32,318821.82,474492.79
merch40235@okhdfcbank,21.142857142857142,37,239099.66,418907.86
merch40238@paytm,20.129032258064516,43,344105.5312903226,768339.8800000001
merch40242@okicici,19.82608695652174,38,265650.1795652174,545928.43
merch40244@oksbi,20.032258064516128,39,160327.37,373799.58
merch40244@paytm,16.666666666666668,29,186305.624,419774.6200000001
merch40265@paytm,21.677419354838708,43,204333.89161290321,485551.21
merch40278@paytm,13.391304347826088,28,45858.80826086956,115971.47
merch40300@ybl,15.043478260869565,28,537073.9604347827,728884.65
merch40305@okicici,10.8,22,145994.80666666667,288261.16
merch40309@paytm,18.142857142857142,33,230988.50666666665,409306.33
merch40313@okicici,14.318181818181818,31,52447.31090909091,235665.68
merch40316@okhdfcbank,16.142857142857142,31,473910.9257142857,874054.34
merch4034@oksbi,18.428571428571427,40,252451.81785714286,407545.8
merch40369@oksbi,12.6875,23,230017.26187499997,385874.1799999999
merch40386@paytm,19.84,36,112996.39480000001,185627.73
merch40412@oksbi,20.869565217391305,36,494954.8321739131,744884.2799999999
merch40419@paytm,15.1,29,277466.459,481376.49
merch40420@okicici,14.08695652173913,30,154558.53173913044,247047.44
merch40423@okhdfcbank,17.233333333333334,36,510792.36933333334,942407.94
merch40427@oksbi,16.666666666666668,31,261701.34611111108,513993.1699999999
merch4042@okicici,17.48148148148148,35,160101.16185185185,262480.73
merch40433@ybl,19.482758620689655,38,669253.3213793103,1251088.56
merch4044@axl,15.1,30,134765.007,389925.03
merch40469@axl,19.5,38,301123.72821428574,472275.69
merch4048@okicici,15.818181818181818,32,91035.55545454545,231936.75000000003
merch40491@okicici,16.653846153846153,36,324230.7353846154,691778.5000000001
merch40492@axl,12.666666666666666,23,69133.4561904762,158785.86
merch4051@oksbi,16.185185185185187,35,204763.0488888889,355610.81
merch4052@paytm,18.466666666666665,36,71597.632,154968.9
merch40536@oksbi,13.19047619047619,25,324084.98,533592.52
merch4055@okhdfcbank,17.608695652173914,35,184652.94695652174,236373.18
merch40560@okicici,20.074074074074073,38,300614.5248148148,510139.8699999999
merch40585@okhdfcbank,13.695652173913043,29,70167.17565217392,133346.31999999998
merch40593@axl,26.825,52,434152.79124999995,871439.78
merch40599@okicici,17.35483870967742,35,159964.68741935486,283916.27
merch40605@ybl,14.25,29,68474.94875,296276.63
merch40612@okicici,24.448275862068964,47,168727.33620689655,403524.4300000001
merch40618@oksbi,18.379310344827587,37,256237.73172413794,469982.65
merch4061@paytm,15.0,33,255365.3630769231,550037.28
merch40632@axl,16.333333333333332,32,359071.69074074074,600341.74
merch4065@paytm,11.941176470588236,24,144013.99764705886,272927.66000000003
merch40673@ybl,18.25,39,172640.45357142857,335382.1800000001
merch40695@okicici,17.448275862068964,35,245680.62689655172,460785.2
merch40726@axl,18.846153846153847,38,124906.97769230769,279073.22000000003
merch40727@paytm,20.0,38,191440.48266666668,314620.4
merch40729@oksbi,15.904761904761905,34,61498.746666666666,330911.27
merch40776@okicici,16.4,31,84584.17559999999,203796.58
merch4078@paytm,14.666666666666666,29,395854.4928571429,670962.68
merch40823@okhdfcbank,16.869565217391305,33,447838.2008695652,599435.14
merch40857@axl,19.03846153846154,35,69234.03576923077,183530.12
merch40865@paytm,13.869565217391305,29,25000.502173913046,49630.20999999999
merch4086@okicici,18.035714285714285,36,131208.7542857143,502845.69
merch40879@okicici,13.7,28,308615.527,675288.74
merch40909@oksbi,13.277777777777779,25,205317.60055555555,304985.56000000006
merch4090@axl,15.521739130434783,33,177466.6891304348,474856.2400000001
merch40913@oksbi,19.28125,38,254956.25781249997,440854.1
merch40916@okhdfcbank,16.74074074074074,33,108577.94481481481,179031.91999999998
merch40925@okhdfcbank,19.25925925925926,37,58038.602962962956,117233.39999999997
merch40950@okicici,13.421052631578947,24,214792.61052631578,298659.11
merch40952@axl,14.647058823529411,26,52717.22352941176,132428.83
merch40963@ybl,18.892857142857142,33,102511.20142857144,208207.78
merch40978@oksbi,18.357142857142858,35,62631.97178571428,130933.85
merch40979@oksbi,19.37037037037037,39,164239.54074074075,206105.98
merch41000@axl,17.75862068965517,37,179144.91413793102,286910.82
merch41002@ybl,17.384615384615383,33,134691.13076923077,207017.72
merch41028@paytm,19.48,36,113549.9444,227930.4
merch41058@okicici,14.5,29,140101.105,272131.86
merch41068@oksbi,15.772727272727273,29,124212.37045454545,181434.67
merch41075@ybl,18.633333333333333,38,297453.38066666666,455564.23999999993
merch41078@okicici,11.904761904761905,25,231117.34142857144,444134.18
merch4107@ybl,16.75,30,139126.69541666665,285439.30999999994
merch41108@okicici,22.233333333333334,42,187386.86700000003,414842.15
merch41118@okicici,19.571428571428573,38,292640.2410714286,464881.25
merch41122@ybl,21.93103448275862,39,116696.03517241379,213540.91999999995
merch41129@ybl,19.8,41,213450.2182857143,445734.44000000006
merch41144@oksbi,14.958333333333334,30,222099.73500000002,329689.57000000007
merch41151@okicici,24.243243243243242,48,319933.80621621624,570269.45
merch41154@okicici,14.681818181818182,31,153212.0736363636,314360.49999999994
merch41160@okhdfcbank,8.5,17,133170.81285714285,197201.75
merch41168@oksbi,15.130434782608695,29,26456.992608695655,53199.460000000014
merch41178@okicici,17.083333333333332,31,34006.80291666667,58758.7
merch41204@ybl,14.318181818181818,28,240775.5509090909,370977.70000000007
merch41205@oksbi,23.47222222222222,47,280319.4405555556,642693.0900000002
merch41225@axl,19.46153846153846,35,404626.1196153846,617201.3299999998
merch41244@axl,14.481481481481481,29,151159.74259259258,339360.32
merch41262@okhdfcbank,21.185185185185187,40,270229.4459259259,494980.1499999999
merch41264@axl,14.884615384615385,30,193540.34884615385,293753.26
merch41274@axl,20.59259259259259,41,312102.8062962963,407679.46
merch41285@ybl,22.529411764705884,44,231626.99794117647,561519.91
merch41301@ybl,17.033333333333335,39,64862.008,279332.03
merch41309@axl,22.897435897435898,46,208311.84,360187.13000000006
merch41309@okhdfcbank,17.0,33,182568.84782608695,405538.79
merch41315@oksbi,14.05,30,64843.481999999996,129630.04
merch41324@okicici,16.12,33,169941.86440000002,284570.52
merch41332@ybl,20.033333333333335,41,386932.415,642424.1900000001
merch4134@ybl,12.941176470588236,25,169050.43529411763,294628.84
merch41352@okicici,17.85,32,289049.614,684637.6900000001
merch41364@ybl,18.291666666666668,34,224184.17166666666,465034.13
merch41376@okhdfcbank,12.944444444444445,28,57201.060000000005,168197.45
merch41379@okhdfcbank,14.884615384615385,32,267816.15230769233,543230.24
merch41382@okicici,18.076923076923077,34,147702.3773076923,426416.96
merch41385@oksbi,17.44,34,447515.38200000004,779101.1399999999
merch41403@axl,22.322580645161292,48,209929.93193548385,654197.6499999999
merch41409@oksbi,22.75,47,173617.715,442799.1
merch41416@oksbi,20.2,39,179703.6896,421365.87
merch41426@ybl,12.222222222222221,24,29175.618333333332,55241.38
merch41428@okicici,17.14814814814815,37,148761.26,407918.63
merch41429@paytm,18.608695652173914,37,537045.1656521739,982498.04
merch41430@paytm,21.40909090909091,40,136855.51636363636,287604.18
merch4143@paytm,14.833333333333334,27,90107.76458333334,235742.22
merch41443@oksbi,20.533333333333335,39,135521.28166666668,181333.04
merch41449@ybl,21.642857142857142,40,164730.86250000002,359348.51
merch41455@ybl,21.636363636363637,35,536045.1918181819,692585.0700000001
merch4145@okicici,11.6875,23,122634.8975,204170.22000000003
merch41462@okhdfcbank,18.88,38,356820.842,627428.7100000001
merch41478@okhdfcbank,12.16,25,47880.8236,72411.42
merch41491@okhdfcbank,18.5,38,182031.83285714287,466093.89
merch41503@okicici,21.033333333333335,39,237734.0,337287.9799999999
merch41533@oksbi,18.51851851851852,37,355233.41481481487,739949.8200000001
merch41533@paytm,13.80952380952381,27,159563.86809523808,289296.36000000004
merch41540@okicici,16.04,35,110244.33119999999,164669.61000000002
merch41565@okhdfcbank,14.952380952380953,32,219090.78761904762,479092.81000000006
merch4159@okhdfcbank,11.705882352941176,21,97369.99470588235,205350.17
merch41626@okicici,16.576923076923077,33,214657.30307692307,383479.9699999999
merch41641@okhdfcbank,11.526315789473685,26,245014.1905263158,389172.26
merch41645@okhdfcbank,14.0,30,34154.49,121520.67
merch41658@okicici,13.571428571428571,25,287429.8861904762,569244.8799999999
merch41663@okhdfcbank,14.0,27,152690.37695652174,324734.35
merch41667@axl,21.107142857142858,37,262254.1753571428,364320.67
merch41670@okicici,16.043478260869566,31,444965.5247826087,753557.4399999998
merch41693@ybl,14.695652173913043,30,74299.81782608696,180173.1
merch41711@axl,12.15,28,233083.65899999999,526906.44
merch41725@ybl,19.074074074074073,42,173438.60259259256,376261.62
merch41728@oksbi,19.185185185185187,37,193360.12740740742,451938.78
merch41733@okicici,17.041666666666668,31,217631.68333333335,285372.94999999995
merch41751@axl,16.703703703703702,33,180682.00925925927,438913.16
merch41768@okicici,15.961538461538462,33,267268.9407692308,377551.8
merch41799@okicici,18.0,40,159490.1916129032,447479.14
merch41800@oksbi,15.80952380952381,32,106788.06952380952,182419.67
merch41821@axl,14.962962962962964,31,203854.64037037038,448128.82
merch41832@okicici,18.08,36,167213.2556,369621.45
merch41854@okhdfcbank,21.153846153846153,39,124625.74923076923,173394.74999999997
merch41857@paytm,32.78260869565217,65,433067.399347826,906433.16
merch41868@paytm,20.56,39,175688.462,311050.31
merch41878@axl,16.64,30,180935.6604,311402.7099999999
merch41880@ybl,15.473684210526315,28,147893.85894736843,336612.30999999994
merch41883@oksbi,18.733333333333334,38,144892.732,309107.07
merch41888@oksbi,13.055555555555555,28,183958.21055555556,447894.83
merch41888@paytm,17.35,33,328919.049,519981.15
merch4194@ybl,24.70967741935484,45,173668.54516129033,268697.6
merch41950@axl,15.68,32,40497.177200000006,90970.2
merch41950@ybl,16.066666666666666,35,139436.3723333333,369782.67
merch41955@ybl,29.71875,56,184226.5321875,383189.48
merch41972@okhdfcbank,14.727272727272727,28,172619.46227272728,337436.89
merch4199@ybl,16.714285714285715,29,309623.9033333333,462135.56000000006
merch42003@oksbi,17.833333333333332,36,204431.79333333333,435887.92
merch42025@okicici,19.1,40,256194.4786666667,377327.53
merch42041@axl,14.0,26,201762.337,310841.39
merch42043@okicici,14.85,30,146444.416,266657.43
merch42048@axl,19.838709677419356,41,133847.46,277433.35
merch42057@axl,13.523809523809524,27,213571.24380952382,309506.34
merch4205@okhdfcbank,16.633333333333333,36,224979.4393333333,520600.13
merch4206@axl,15.157894736842104,28,182429.46210526317,272906.94999999995
merch42091@axl,17.884615384615383,36,158967.87423076923,536275.38
merch42095@ybl,22.8,47,198032.14428571428,365999.17
merch42098@okhdfcbank,18.88,34,172034.7724,364594.81000000006
merch42098@oksbi,21.05263157894737,45,207266.42289473684,412494.57
merch42120@ybl,17.2,30,221081.064,354529.24
merch42150@okicici,18.68421052631579,32,177888.4963157895,261169.71
merch42150@paytm,17.16,33,100812.03080000001,203473.65
merch42163@axl,17.375,32,166971.70583333334,218871.21
merch42191@ybl,21.133333333333333,43,329948.782,672195.24
merch42196@okicici,19.862068965517242,40,223539.75862068968,538916.0700000001
merch42201@axl,17.26086956521739,37,165472.5204347826,550948.3999999999
merch42205@axl,16.041666666666668,31,62677.00916666666,131701.74
merch42205@ybl,21.56756756756757,46,236442.64135135137,459317.64
merch42209@okhdfcbank,20.20689655172414,40,261002.04275862066,464907.45
merch42224@ybl,18.214285714285715,37,564573.0857142857,968333.35
merch42230@oksbi,16.05263157894737,30,262209.0794736842,504407.97
merch42232@oksbi,23.0,43,830916.331724138,1325742.28
merch42232@paytm,15.4,33,52910.14000000001,115515.19
merch42247@oksbi,16.458333333333332,33,158997.20166666666,322286.66
merch42249@okicici,21.142857142857142,38,99100.97142857143,215353.18
merch42252@okhdfcbank,16.0,29,184933.05454545456,312883.04
merch42271@paytm,15.76,33,317283.43999999994,607247.5499999999
merch42277@oksbi,14.217391304347826,28,323947.53869565215,742428.91
merch42291@okhdfcbank,19.06896551724138,36,265126.0455172414,467440.92
merch42298@axl,16.821428571428573,35,90666.90928571428,174036.07
merch42335@okicici,17.655172413793103,36,77132.89586206897,224780.88
merch42341@axl,15.23076923076923,30,134918.6846153846,285121.8900000001
merch42353@oksbi,14.95,28,135792.078,363767.95
merch4236@okicici,15.909090909090908,32,52413.91681818182,127972.68
merch4236@oksbi,19.655172413793103,42,105808.79103448275,346146.81
merch42394@oksbi,20.79310344827586,42,243716.8955172414,388080.06000000006
merch4239@okicici,15.826086956521738,31,170286.17739130437,378186.7800000001
merch42400@oksbi,23.14814814814815,47,238590.40296296295,772934.9300000002
merch42401@oksbi,12.857142857142858,27,199579.1557142857,406763.08
merch42401@ybl,15.61111111111111,31,113450.36000000002,175951.69
merch42410@ybl,23.25925925925926,44,213203.4014814815,361179.1100000001
merch42423@axl,22.0,44,324401.4734482759,605530.3599999999
merch42457@oksbi,19.483870967741936,39,267817.1164516129,670412.94
merch42477@oksbi,19.96551724137931,39,199486.22413793104,574131.4400000001
merch42495@axl,19.875,40,68595.5240625,210501.13
merch42504@paytm,20.65625,42,232205.3653125,519511.0500000001
merch42508@ybl,18.48148148148148,37,181535.08592592593,464619.3000000001
merch42516@okhdfcbank,20.103448275862068,38,230481.3455172414,441917.3800000001
merch42521@okhdfcbank,23.20689655172414,44,384154.41793103446,689261.8699999999
merch42534@okhdfcbank,16.72,34,139021.2916,408940.1699999999
merch42538@okhdfcbank,23.16216216216216,46,492406.8472972972,733781.6900000001
merch42556@paytm,17.26923076923077,32,268362.03192307695,432268.5
merch42559@ybl,15.826086956521738,33,156204.2765217391,361806.52
merch42576@okicici,18.1,32,381059.889,469650.28
merch42581@ybl,20.387096774193548,41,166257.55225806453,280184.12
merch42596@paytm,20.357142857142858,40,183532.0267857143,370268.08
merch42598@okicici,15.291666666666666,36,95779.49208333333,306913.03
merch42604@ybl,14.478260869565217,29,176597.37739130433,421736.6
merch4260@okhdfcbank,12.166666666666666,24,34283.63333333333,86160.84999999999
merch42616@okhdfcbank,12.666666666666666,26,66314.74,150621.0
merch4261@okhdfcbank,16.925925925925927,32,618781.7033333333,857297.34
merch42646@ybl,14.8,31,368310.373,601657.16
merch42713@oksbi,13.421052631578947,29,67494.1852631579,162516.06
merch42716@paytm,15.6,28,129756.3165,225818.81
merch42721@ybl,17.678571428571427,34,192095.1392857143,325669.63
merch42730@axl,16.653846153846153,31,204779.43961538462,478927.1
merch42733@okhdfcbank,19.580645161290324,39,114057.03096774193,253067.44
merch42745@okicici,18.652173913043477,34,325732.46652173914,670471.87
merch42745@oksbi,15.285714285714286,28,133106.11428571428,306864.76
merch42751@axl,17.38095238095238,34,268469.58523809526,426926.4900000001
merch42753@okicici,22.594594594594593,47,223877.7227027027,368228.67
merch42770@ybl,21.571428571428573,43,206966.42535714287,398431.71
merch42773@paytm,18.785714285714285,38,120335.44000000002,390563.34
merch42783@axl,23.84375,43,461027.2828125,657707.95
merch42811@okhdfcbank,18.68,40,231746.3764,466349.26
merch42835@paytm,18.791666666666668,36,194609.41458333333,372243.76
merch42848@ybl,17.444444444444443,37,369672.0818518519,803048.8100000002
merch42850@oksbi,10.631578947368421,24,24542.049473684212,91439.78
merch42862@oksbi,11.529411764705882,26,149667.70647058822,320484.92
merch42876@okhdfcbank,16.82608695652174,36,69397.71913043478,164589.22999999998
merch42887@axl,15.045454545454545,29,218698.6881818182,427017.34
merch42908@ybl,21.06896551724138,44,338029.9206896551,809428.43
merch42911@ybl,17.448275862068964,34,59427.56827586207,152257.31
merch4291@paytm,16.846153846153847,35,130906.12730769232,225905.8
merch42936@oksbi,19.5,39,83869.91392857142,173703.00999999998
merch42965@okhdfcbank,18.695652173913043,36,72333.2256521739,192346.92
merch42983@oksbi,16.318181818181817,32,249963.39545454548,514082.75
merch42992@paytm,23.151515151515152,46,75784.18848484849,183754.21
merch42997@paytm,17.678571428571427,36,116956.92749999999,233088.9
merch43002@okhdfcbank,17.217391304347824,33,63792.51434782608,115574.59999999998
merch43032@okhdfcbank,18.818181818181817,41,351953.25545454543,814449.1000000001
merch43078@oksbi,11.470588235294118,22,94114.03764705884,216727.41
merch4307@ybl,17.923076923076923,36,170748.58730769233,345006.1500000001
merch43082@okicici,27.103448275862068,49,416034.21724137926,594265.92
merch43095@axl,22.857142857142858,42,39871.38071428572,93024.77
merch43103@okhdfcbank,24.025,47,384620.0845,595911.59
merch43113@okicici,21.37037037037037,42,369562.71037037036,558486.35
merch43124@oksbi,14.954545454545455,32,78689.57272727274,203038.0
merch43129@ybl,17.08,35,155409.25400000002,199168.72
merch4312@paytm,15.24,33,62590.193600000006,180609.51
merch43135@oksbi,19.178571428571427,38,218997.62357142856,611912.32
merch43136@okhdfcbank,17.846153846153847,36,371499.2934615385,727597.64
merch43139@oksbi,13.318181818181818,26,113714.21409090907,192774.68
merch43154@okicici,18.962962962962962,38,317178.8485185186,605897.54
merch43176@okhdfcbank,20.11111111111111,40,213760.01333333334,388247.75
merch43185@axl,14.958333333333334,28,88378.83166666667,167413.69999999998
merch43205@okhdfcbank,9.368421052631579,21,65641.35105263158,131787.27
merch43213@axl,13.105263157894736,30,76945.10421052632,329183.77
merch43230@okicici,23.194444444444443,49,337011.875,535814.0
merch43238@oksbi,15.526315789473685,29,152142.24368421052,230528.43
merch4323@okhdfcbank,16.863636363636363,31,132799.68954545454,249602.98
merch4323@oksbi,11.882352941176471,26,144627.87647058826,306020.11
merch43240@okhdfcbank,17.8,38,229454.52120000002,548502.77
merch43262@oksbi,15.272727272727273,30,219367.14045454544,335165.0599999999
merch43269@oksbi,15.75,29,174170.27250000002,262396.28
merch43278@paytm,17.076923076923077,35,336426.4453846154,516081.49
merch43287@paytm,17.346153846153847,35,414154.20461538463,572202.0700000001
merch43290@okhdfcbank,20.87878787878788,39,91380.9812121212,297576.43999999994
merch43294@axl,18.925925925925927,38,428134.08999999997,686418.6000000001
merch43311@ybl,19.0,37,169390.85346153847,387472.41
merch4331@paytm,14.0,29,100862.69,228161.27
merch43320@axl,12.705882352941176,23,134675.32705882355,228588.32
merch43325@okhdfcbank,16.36842105263158,33,110733.01315789473,161764.87
merch43337@oksbi,25.833333333333332,46,435264.114,724973.9699999999
merch4333@ybl,18.076923076923077,38,129406.32961538463,274497.05
merch43340@oksbi,15.416666666666666,33,232589.66791666663,604582.28
merch43348@ybl,36.6551724137931,73,413689.1765517241,690340.22
merch43351@ybl,14.25,24,198957.703125,292680.72
merch43362@okicici,18.0,34,92754.83115384614,161884.35
merch43369@okhdfcbank,16.142857142857142,35,65633.73,161408.30999999997
merch43381@oksbi,13.818181818181818,30,337853.84045454545,614871.85
merch43399@okhdfcbank,16.227272727272727,36,159830.12318181817,448316.5999999999
merch43407@axl,22.433333333333334,41,570304.547,1030244.17
merch43427@oksbi,18.814814814814813,35,302877.26,423928.63
merch43448@okhdfcbank,15.88,33,112350.6272,220393.58
merch43477@okicici,17.791666666666668,35,255488.21999999997,569091.2299999999
merch43500@oksbi,16.4,34,88184.4556,159406.12
merch43510@okhdfcbank,20.5625,41,544864.418125,919398.35
merch43517@ybl,17.103448275862068,35,291099.01344827586,447066.5
merch43530@oksbi,17.59259259259259,38,56924.21074074074,151666.14999999997
merch43553@okhdfcbank,18.962962962962962,38,53562.87333333334,133309.81
merch43589@ybl,22.848484848484848,41,302832.1215151515,630920.0199999999
merch43597@paytm,19.53846153846154,35,558657.5,897275.4899999999
merch43616@paytm,19.923076923076923,40,361683.0046153847,597792.67
merch43628@axl,19.903225806451612,38,314794.6670967742,603530.2300000001
merch43637@okhdfcbank,14.894736842105264,30,184110.84315789473,341346.47000000003
merch43642@axl,15.592592592592593,33,234314.3,427711.39
merch4364@paytm,14.636363636363637,29,106501.36772727272,234135.54
merch43653@oksbi,15.25925925925926,35,153507.80185185184,486713.76
merch43690@okhdfcbank,21.0,40,197049.95379310346,367710.7
merch43692@paytm,19.482758620689655,42,107264.10241379311,457300.97
merch43710@okicici,22.21212121212121,43,258057.82151515156,505834.35
merch43719@oksbi,20.29032258064516,39,396420.73580645164,922147.6
merch43721@okicici,16.8,34,225167.224,390353.2
merch43723@axl,18.333333333333332,34,208912.20407407408,379463.58
merch43723@okhdfcbank,23.885714285714286,45,173755.0817142857,382681.71
merch43730@okicici,18.22222222222222,35,136282.24703703704,270720.72
merch43732@okicici,17.53846153846154,36,365649.86807692307,607890.2800000001
merch43734@axl,17.72,34,110483.72839999999,247873.05000000005
merch43738@ybl,18.56,39,255878.82239999998,656730.6799999999
merch43747@okicici,20.892857142857142,41,131883.91821428572,282927.59
merch43756@oksbi,20.52173913043478,37,283018.48695652175,563015.78
merch4376@okicici,18.73913043478261,34,262161.29217391304,563020.8
merch43771@oksbi,17.344827586206897,35,179779.29068965517,532514.5499999999
merch43800@oksbi,21.692307692307693,38,508649.4038461539,707528.83
merch43801@okicici,15.083333333333334,33,145526.13458333333,297928.72000000003
merch43805@axl,19.137931034482758,40,278874.79551724135,569647.98
merch43817@okhdfcbank,14.7,28,175613.94549999997,497865.03
merch43837@okicici,19.53846153846154,40,144011.1803846154,329350.35000000003
merch43840@paytm,21.071428571428573,40,269996.615,432045.83
merch43844@oksbi,23.02857142857143,45,227597.85085714282,816372.1399999999
merch43850@paytm,20.78125,41,80709.833125,140656.1
merch43864@oksbi,17.08,35,115126.974,229863.56000000003
merch43873@okhdfcbank,21.8,42,183106.47285714286,538201.09
merch43889@ybl,19.655172413793103,41,324959.01172413793,617809.24
merch4389@axl,15.26086956521739,28,75681.96652173913,164299.53999999998
merch43912@ybl,19.26923076923077,37,66358.47769230769,116988.63
merch43916@okhdfcbank,22.36842105263158,48,128070.39000000001,326950.03
merch43926@okicici,18.16,33,219671.23440000002,480855.2
merch4392@oksbi,12.875,27,102355.82666666666,178358.59999999998
merch43949@axl,16.08695652173913,33,162145.59086956523,459340.04
merch43967@oksbi,16.677419354838708,35,106404.95483870969,149048.88
merch43974@axl,24.605263157894736,50,182588.32,416908.8599999999
merch43987@axl,10.357142857142858,19,176112.47142857144,252051.58
merch44007@axl,15.72,32,320389.84400000004,549357.3600000001
merch44016@axl,18.818181818181817,34,135030.23681818182,308189.53
merch44021@okhdfcbank,19.72,38,149254.314,442936.71
merch44025@axl,18.451612903225808,36,126630.08741935484,272211.89
merch44030@oksbi,17.346153846153847,36,248422.52423076922,437972.79
merch44048@ybl,14.2,28,158479.752,436482.71
merch4405@ybl,21.541666666666668,40,198247.15791666668,382274.54
merch44060@okhdfcbank,17.925925925925927,39,202909.73370370377,367446.78
merch44085@paytm,21.428571428571427,40,100850.95107142857,248205.09
merch44095@okicici,24.06896551724138,45,421504.2472413793,704619.7900000002
merch44098@ybl,18.310344827586206,38,28033.085862068965,145988.38
merch44118@axl,14.652173913043478,29,44923.91739130435,107036.81
merch44130@axl,15.73913043478261,29,256441.72608695654,375708.4699999999
merch44130@ybl,24.514285714285716,49,267741.7968571429,791668.53
merch44148@okicici,18.88888888888889,34,249758.71333333332,400245.22
merch44152@paytm,16.875,36,297139.5475,536891.2699999999
merch44154@ybl,20.757575757575758,43,257025.85424242428,608649.2300000001
merch4415@okhdfcbank,13.91304347826087,28,168172.6547826087,570696.46
merch44167@paytm,21.18918918918919,44,201716.77135135132,341656.8900000001
merch44168@okicici,15.5,29,69405.13590909091,179501.15
merch44175@ybl,22.217391304347824,39,294108.2656521739,573258.3099999999
merch44185@okhdfcbank,16.25,34,141494.08142857143,247278.4
merch44188@okicici,20.225806451612904,41,272728.2364516129,508127.81
merch44199@okicici,14.058823529411764,25,263822.0635294118,412846.01000000007
merch44200@oksbi,20.125,40,210751.48875000002,358937.36
merch44201@okicici,17.08695652173913,34,34698.57695652174,124752.94999999998
merch44202@paytm,20.433333333333334,43,256187.44566666667,412140.06
merch44237@axl,22.258064516129032,45,143170.59516129032,340214.43999999994
merch44270@axl,17.136363636363637,35,313871.3322727273,621966.81
merch44290@okhdfcbank,24.444444444444443,51,208086.0133333333,644344.49
merch44308@axl,18.548387096774192,36,61140.50677419355,98382.75999999998
merch44315@okhdfcbank,35.87234042553192,77,385640.1670212766,660309.3400000001
merch44319@ybl,19.38235294117647,39,189128.67558823532,515325.9
merch44336@oksbi,15.318181818181818,31,255852.61181818185,432936.91
merch4436@ybl,14.434782608695652,29,140348.64086956522,325813.88000000006
merch44381@oksbi,13.368421052631579,24,335609.67736842105,417196.87
merch44401@okhdfcbank,13.045454545454545,27,100400.40636363636,164791.08
merch44436@axl,15.0,26,148712.49375000002,219610.88
merch44442@okicici,18.703703703703702,37,166001.50148148148,337717.54
merch44473@okhdfcbank,19.0,37,288201.88851851854,560990.4400000001
merch4447@okhdfcbank,11.947368421052632,27,59896.952631578955,209323.2
merch44491@okhdfcbank,14.266666666666667,25,209812.67866666667,275219.53
merch4449@oksbi,13.904761904761905,29,451358.60285714286,743424.8500000001
merch4454@ybl,14.125,30,81832.87125,200459.43
merch44558@axl,15.789473684210526,29,234441.95631578946,320033.94
merch44560@paytm,14.421052631578947,29,174560.6347368421,414973.20000000007
merch44578@axl,17.526315789473685,32,112714.32789473684,326562.78
merch44585@ybl,14.588235294117647,27,406700.7870588235,626021.08
merch44610@ybl,17.677419354838708,37,299823.7758064516,601398.8500000001
merch44614@okhdfcbank,14.0,27,65584.72157894737,196835.66
merch44634@oksbi,17.045454545454547,30,86515.52454545454,160779.71999999997
merch44677@paytm,14.272727272727273,30,281641.1240909091,550550.75
merch44715@okhdfcbank,17.36842105263158,31,76401.85105263158,115508.09
merch44722@okicici,21.34375,44,106752.299375,207535.14
merch44724@paytm,20.08,40,230637.38839999997,404429.49
merch44739@okhdfcbank,19.88,38,160405.40480000002,276979.89
merch44739@paytm,18.074074074074073,35,186330.13037037037,329565.53
merch44751@paytm,12.714285714285714,26,118476.41714285716,335181.63
merch44755@oksbi,17.96,37,171122.9192,396934.17
merch4476@okicici,15.826086956521738,35,247743.4904347826,471032.6
merch44773@okicici,17.727272727272727,35,128371.10727272727,383702.46
merch44774@okicici,15.541666666666666,31,69320.26041666667,186251.8
merch44794@okhdfcbank,17.041666666666668,34,109574.01166666667,366712.46
merch44805@oksbi,17.333333333333332,33,203854.61185185183,355013.45
merch44815@okicici,15.956521739130435,30,175386.4965217391,311928.84
merch44826@okhdfcbank,14.0,29,182461.80708333335,338197.97000000003
merch44827@okicici,10.68421052631579,23,86477.52421052632,230580.27
merch44832@okicici,19.571428571428573,37,329514.73714285716,598367.3500000001
merch44835@paytm,20.23076923076923,41,213194.68692307692,384762.04
merch44839@okicici,21.347826086956523,39,222980.37608695653,307192.1400000001
merch4484@paytm,22.548387096774192,43,158555.5341935484,421931.58
merch44874@oksbi,17.357142857142858,36,255046.92571428567,559074.5099999999
merch4487@okicici,20.96875,43,122677.53093749999,467994.69
merch44881@oksbi,17.541666666666668,32,79204.77125,212986.28000000003
merch44888@okicici,13.695652173913043,31,159465.9539130435,462747.58
merch44908@okicici,14.84,30,192170.09720000002,439252.31000000006
merch4491@paytm,28.108695652173914,54,282340.4006521739,459458.0500000001
merch44950@okhdfcbank,19.685714285714287,40,83854.22742857142,184132.84000000003
merch44968@axl,26.35,52,167365.0465,516658.6399999999
merch4497@axl,16.043478260869566,32,157370.7056521739,454921.37
merch44998@oksbi,11.733333333333333,22,244468.83066666665,425830.6699999999
merch45035@ybl,14.52,33,249428.35,457432.88
merch45040@okicici,17.346153846153847,35,169323.08923076926,272587.21
merch45067@okicici,19.821428571428573,38,85444.89142857143,235851.93
merch45069@okicici,17.548387096774192,37,294934.1406451613,425094.05
merch45084@axl,13.875,30,70033.99916666666,269647.79
merch45104@paytm,18.0,36,218351.50576923077,441509.06000000006
merch45109@okhdfcbank,20.757575757575758,39,175847.17515151517,437388.53
merch4512@okicici,16.4,32,213075.4148,498706.83
merch45134@paytm,23.08108108108108,47,330732.8775675676,698696.2
merch45138@paytm,12.277777777777779,27,45946.61611111111,187696.37
merch45153@paytm,36.96153846153846,72,472886.4263461539,916392.6
merch45158@axl,15.709677419354838,32,216718.3464516129,589339.11
merch4515@paytm,13.777777777777779,28,274142.0461111111,665876.67
merch45185@okicici,18.433333333333334,35,150356.31000000003,303733.6400000001
merch45191@paytm,18.285714285714285,36,183585.19714285716,430862.66
merch45200@okhdfcbank,15.521739130434783,30,178878.73652173913,218391.14
merch45220@oksbi,22.129032258064516,44,231556.2635483871,450855.62
merch45227@paytm,16.09090909090909,34,273128.39272727276,444450.95000000007
merch45258@okhdfcbank,26.677419354838708,50,226717.33677419354,356639.25
merch45261@oksbi,21.096774193548388,41,75764.85129032258,230913.82
merch4526@paytm,10.846153846153847,19,48422.845384615386,83705.34
merch45291@okhdfcbank,19.310344827586206,38,53163.171379310355,232145.19
merch45293@paytm,12.333333333333334,25,74693.22600000001,153025.7
merch45296@okicici,20.454545454545453,40,230740.90636363634,369775.81
merch45297@okhdfcbank,18.25,35,77206.01178571429,187803.19
merch4531@okhdfcbank,14.125,30,125961.67874999998,262712.3499999999
merch45322@oksbi,20.53846153846154,39,298754.6919230769,445856.76
merch45345@axl,14.045454545454545,31,191901.46454545454,251536.15
merch45350@oksbi,15.863636363636363,33,126524.98272727273,328846.4700000001
merch45361@ybl,16.0,32,124987.31333333334,531695.25
merch45400@axl,14.25,28,252970.81541666668,362896.1
merch45436@okicici,13.578947368421053,27,200913.7605263158,550858.27
merch4543@okhdfcbank,14.904761904761905,27,233949.43380952382,474924.50000000006
merch45440@axl,19.03846153846154,37,353346.4380769231,512042.7800000001
merch45470@ybl,19.59375,43,223060.94718750002,432272.79
merch45488@okicici,17.821428571428573,34,118486.27642857144,187933.29000000004
merch45499@okicici,23.38888888888889,45,415271.2811111111,622750.0900000001
merch4549@okicici,23.0,45,286034.55735294113,636291.26
merch45518@oksbi,20.303030303030305,43,274617.87363636366,455912.68
merch45528@okicici,14.043478260869565,29,28536.523478260868,124476.62
merch45544@okhdfcbank,16.0,30,217426.6072222222,540166.83
merch45552@okhdfcbank,19.22222222222222,37,428887.5507407407,653675.0299999999
merch45557@okhdfcbank,14.555555555555555,26,293557.28777777776,378892.44
merch45588@okhdfcbank,20.75,44,198608.31694444444,657155.99
merch45590@axl,13.142857142857142,27,176102.4919047619,381468.35
merch45608@okicici,21.857142857142858,42,199438.7175,393166.53
merch45621@axl,15.333333333333334,34,179124.961,440360.79
merch45653@okhdfcbank,24.242424242424242,46,158721.22999999998,262575.54
merch45676@okhdfcbank,20.323529411764707,39,303234.00382352946,568999.5000000001
merch4569@axl,14.125,32,218488.11375000002,724972.95
merch45706@okicici,16.0,33,139419.4662962963,597014.85
merch45711@ybl,17.807692307692307,36,308545.92884615384,546407.84
merch45713@okhdfcbank,20.466666666666665,38,338851.084,651979.62
merch45735@axl,20.48148148148148,40,399806.2429629629,606381.02
merch4574@okhdfcbank,16.285714285714285,31,322115.87666666665,529494.92
merch45763@paytm,18.166666666666668,37,298970.34,487563.2700000001
merch45764@ybl,21.125,38,348625.99874999997,727940.79
merch4576@oksbi,21.333333333333332,43,301463.12,840490.7999999999
merch45771@paytm,19.185185185185187,36,145887.70851851854,459439.38
merch45775@okicici,20.857142857142858,46,288586.41607142857,579955.0
merch4577@axl,16.53846153846154,36,62882.531923076924,209508.26
merch45787@axl,17.227272727272727,35,44707.060454545455,92264.85000000002
merch45789@okicici,15.043478260869565,31,104508.40739130435,165383.43
merch4582@paytm,21.09090909090909,43,120958.1712121212,195268.08
merch45830@paytm,16.40909090909091,34,241259.87318181817,570113.84
merch45838@paytm,17.551724137931036,34,215837.28965517244,443731.17
merch45840@oksbi,22.884615384615383,40,152979.40653846154,377216.26
merch45845@oksbi,17.37037037037037,35,342544.3462962963,732734.5800000001
merch45846@okicici,16.923076923076923,34,233279.62653846154,531842.6599999999
merch45852@axl,21.513513513513512,43,201674.27594594593,643090.94
merch45858@oksbi,19.970588235294116,43,395758.7770588235,660738.2899999999
merch45859@ybl,14.555555555555555,28,334237.695,565003.06
merch45864@axl,22.642857142857142,43,244101.5925,456984.38
merch45870@okhdfcbank,20.0,38,137776.8617857143,275309.12000000005
merch45885@axl,12.052631578947368,26,428715.80736842105,849942.45
merch45898@oksbi,17.64,35,295854.44560000004,477613.69000000006
merch45917@okicici,42.734375,82,377697.52953125,993108.86
merch45938@okicici,12.764705882352942,23,30033.126470588235,60132.47999999999
merch45941@ybl,17.1,36,91187.997,421078.72
merch45942@axl,18.166666666666668,35,254140.74033333335,564234.7200000002
merch45985@okicici,17.0,32,67452.58666666667,197469.44
merch4599@axl,15.478260869565217,33,64926.876086956516,164371.53000000003
merch46013@paytm,14.130434782608695,29,116164.07043478261,511283.12
merch46020@oksbi,18.555555555555557,37,301569.46222222224,541544.39
merch46037@paytm,17.096774193548388,34,68171.81032258066,224745.11
merch46038@ybl,22.06451612903226,42,160898.12709677417,288558.85
merch46056@okicici,14.619047619047619,31,89523.09333333334,249728.48
merch46073@oksbi,17.869565217391305,34,137090.34130434782,249667.42
merch46076@okhdfcbank,17.3,33,201908.017,407480.99
merch46076@paytm,19.192307692307693,38,324377.49,563132.89
merch46097@okicici,16.272727272727273,32,163728.31681818183,283650.04000000004
merch46097@ybl,25.470588235294116,47,370412.86029411765,628382.4600000001
merch46101@ybl,19.44,35,278783.52760000003,403113.6099999999
merch46104@ybl,17.083333333333332,32,217875.91416666668,537619.4400000001
merch46111@oksbi,24.181818181818183,45,350020.18242424243,506893.69
merch46113@ybl,14.0,29,122870.1261904762,314616.98000000004
merch46134@paytm,21.535714285714285,38,158960.54714285713,332352.3
merch46153@oksbi,13.090909090909092,26,36280.01590909091,52501.350000000006
merch46166@okhdfcbank,13.956521739130435,31,139415.29347826086,265924.32
merch46167@oksbi,17.366666666666667,37,200681.9,482306.46
merch46167@ybl,20.0,42,226374.3075,485766.5199999999
merch46168@oksbi,15.458333333333334,32,146592.76583333334,405630.85
merch46201@paytm,16.423076923076923,32,82617.4153846154,171178.04
merch46206@paytm,11.6875,23,61256.813749999994,153770.11
merch46217@oksbi,18.454545454545453,38,190115.73681818182,389315.3000000001
merch46217@ybl,15.272727272727273,33,125467.91954545454,420493.74
merch4625@paytm,17.379310344827587,37,164084.09068965516,270580.25
merch46266@oksbi,14.08,30,69910.0748,154352.74
merch46291@ybl,14.363636363636363,30,73982.38045454546,175376.78000000003
merch46299@paytm,23.916666666666668,40,91513.64833333333,192403.73
merch46302@okhdfcbank,17.526315789473685,33,228441.94999999998,371964.32
merch46310@paytm,21.59375,41,328670.08625,485345.38
merch46311@okicici,24.24390243902439,48,212884.69219512193,411937.08
merch46313@paytm,14.28,31,207529.0752,395612.09
merch46330@paytm,18.5,32,283757.205,535153.2
merch46331@ybl,21.29032258064516,41,400657.8919354839,719229.48
merch46344@ybl,14.678571428571429,30,194713.33964285714,483960.98
merch46366@okhdfcbank,19.433333333333334,37,131077.15833333333,287434.12999999995
merch46370@okicici,16.8,35,192780.39359999998,367749.14
merch46380@paytm,20.517241379310345,40,333978.8865517241,894396.27
merch46389@oksbi,14.869565217391305,32,253649.62869565212,513311.6399999999
merch46406@okhdfcbank,17.32,32,200318.9652,406591.77
merch46414@axl,18.25,35,122116.82250000001,431144.9900000001
merch46420@okicici,17.413793103448278,36,340458.2006896552,614274.9600000001
merch4642@ybl,18.82758620689655,37,244869.75931034482,561742.06
merch46434@okicici,24.18918918918919,45,254552.18027027033,412245.50000000006
merch46435@okicici,23.0,50,220433.3372972973,907440.8100000002
merch46452@axl,12.454545454545455,28,109293.21545454547,200679.17
merch46463@okhdfcbank,11.411764705882353,25,66602.96352941176,146478.25
merch4646@okicici,16.035714285714285,33,241414.58214285717,378177.4900000001
merch46483@paytm,22.0,42,178011.26769230768,438452.04
merch46485@okicici,13.625,25,82458.494375,256432.74
merch46489@okhdfcbank,12.318181818181818,26,160425.92954545454,425426.88
merch46489@ybl,16.933333333333334,31,151095.26599999997,344232.25999999995
merch46511@okhdfcbank,13.5,24,89031.00277777779,194502.56
merch46520@okicici,15.73913043478261,32,113952.9695652174,210103.96
merch4652@paytm,16.136363636363637,33,268788.9686363637,459985.67
merch46534@axl,14.692307692307692,31,304295.9196153846,642546.96
merch46537@ybl,14.631578947368421,30,29587.342631578947,55684.37
merch46538@oksbi,16.47826086956522,30,291121.6556521739,389303.38
merch46564@oksbi,11.294117647058824,25,65483.91117647059,159023.99
merch4657@ybl,14.090909090909092,30,66042.69727272727,119197.33
merch46588@axl,38.654545454545456,74,643558.8958181817,1271586.8699999996
merch4659@paytm,15.45,28,67332.705,83961.23000000001
merch46606@okhdfcbank,22.451612903225808,43,515249.17516129033,719346.0399999999
merch46610@paytm,16.8,35,96871.8436,291453.62
merch46612@okhdfcbank,14.0,28,57316.72714285714,130490.92
merch46612@oksbi,16.210526315789473,30,96155.38105263158,193304.88
merch46638@okicici,21.647058823529413,46,394781.8738235294,711697.81
merch46643@okhdfcbank,17.615384615384617,35,47449.90499999999,97488.4
merch46650@axl,17.555555555555557,34,288317.09444444446,508616.1099999999
merch46678@axl,24.16216216216216,49,315423.85702702706,759793.23
merch46693@oksbi,15.0,31,198534.5059090909,439308.8599999999
merch46702@okicici,13.08695652173913,26,43709.035652173916,243036.83
merch46704@axl,15.833333333333334,37,102847.76291666669,203772.57
merch46706@paytm,17.095238095238095,31,153174.92666666667,293174.49
merch46724@axl,19.46875,41,474812.4134375,847047.2000000001
merch46775@okhdfcbank,16.545454545454547,31,140589.3509090909,281186.54
merch46778@axl,20.857142857142858,39,236536.08250000002,317286.96
merch46799@axl,22.433333333333334,41,177549.48266666668,555026.2500000001
merch46805@paytm,17.62962962962963,35,139620.34481481483,293611.58
merch46810@axl,22.8125,49,350022.64625,690093.49
merch46819@ybl,23.0,44,182147.80361111113,350604.92
merch46823@axl,23.266666666666666,44,191386.01166666666,409701.6
merch46833@okhdfcbank,14.285714285714286,24,78899.12428571428,161075.51
merch4684@ybl,16.157894736842106,27,164379.73736842105,256054.36
merch46852@ybl,18.8,35,125111.1624,250771.97
merch4685@okicici,15.8,32,389059.1364,560229.7799999999
merch46874@oksbi,15.095238095238095,31,207929.20809523805,397945.87
merch46878@paytm,12.470588235294118,23,148675.99176470586,197671.42
merch4688@axl,21.066666666666666,39,159278.01533333334,314357.68999999994
merch46891@okicici,13.166666666666666,25,272909.8344444444,601210.8399999999
merch46897@axl,23.107142857142858,41,156279.8714285714,505299.36
merch46900@okicici,18.70967741935484,40,356622.48967741936,539664.72
merch46906@ybl,13.869565217391305,34,202008.30869565214,384534.21
merch4692@okicici,11.666666666666666,24,229056.69619047618,563983.77
merch46950@axl,19.045454545454547,35,189885.37818181817,252836.21
merch46950@oksbi,21.032258064516128,40,206473.98709677422,344338.73
merch46955@okicici,19.85185185185185,37,258408.77296296298,470183.23
merch46957@okhdfcbank,21.5,43,262772.8292857143,448168.17
merch46959@oksbi,23.606060606060606,45,403364.05030303024,588011.2499999999
merch46963@okicici,14.38888888888889,28,93330.36666666667,245071.10000000003
merch46975@oksbi,17.115384615384617,33,491542.63346153847,923723.03
merch46986@oksbi,21.125,41,288411.1015625,544545.53
merch46987@okhdfcbank,15.115384615384615,32,227754.0126923077,504975.98
merch46999@okicici,22.363636363636363,46,263575.40545454546,560692.6
merch47025@ybl,14.909090909090908,30,44493.33818181819,100045.58000000002
merch47032@ybl,9.333333333333334,20,130103.13066666668,243027.42
merch47052@axl,16.178571428571427,35,134050.14392857143,289583.49
merch47057@oksbi,19.333333333333332,38,151144.7811111111,245127.79
merch47062@ybl,12.368421052631579,27,55344.14684210526,90346.75
merch47073@paytm,13.818181818181818,31,416391.7,859623.0599999999
merch47097@oksbi,18.68,36,278487.3188,534344.24
merch47110@oksbi,16.52,35,121594.61439999999,361438.29
merch47115@okhdfcbank,10.533333333333333,23,81672.57066666667,274036.1
merch47117@okicici,13.636363636363637,26,281914.545,376201.94
merch47126@oksbi,23.178571428571427,44,144509.19928571428,356112.18
merch4712@ybl,19.310344827586206,40,469795.3824137931,642340.92
merch47149@ybl,13.61111111111111,27,243705.42666666664,569273.1399999999
merch47162@axl,14.807692307692308,30,80998.3673076923,156673.44999999995
merch47172@oksbi,12.454545454545455,27,93218.80090909092,262785.85
merch47176@oksbi,18.0,34,103580.7759090909,185468.66
merch47205@oksbi,15.833333333333334,33,130356.76888888888,254022.03
merch47221@ybl,18.074074074074073,37,93589.80333333334,216525.2800000001
merch47225@axl,18.275862068965516,40,189061.99758620688,571671.59
merch47235@paytm,13.476190476190476,27,137610.05238095237,313358.57
merch47281@paytm,20.615384615384617,39,279617.14153846155,373204.5999999999
merch4728@okicici,12.157894736842104,25,260217.52842105264,565908.41
merch4729@oksbi,11.941176470588236,23,191464.50352941177,353528.94
merch47303@oksbi,13.0,25,64490.14571428572,121865.51
merch47308@okicici,20.555555555555557,41,148081.90851851852,302985.41000000003
merch47313@okicici,20.291666666666668,39,277683.78625,636022.7699999999
merch47326@okicici,21.6875,44,187940.67937499998,382427.88
merch47339@oksbi,18.862068965517242,36,404461.16137931036,675066.8599999999
merch47350@paytm,20.26086956521739,37,48474.62478260869,87533.09
merch47380@okhdfcbank,16.130434782608695,35,201808.37217391306,336144.97000000003
merch47390@okicici,15.904761904761905,31,96756.79190476189,343230.04
merch47408@paytm,16.625,32,167675.35666666666,225351.08
merch47413@paytm,18.192307692307693,37,111864.55500000001,304530.3
merch47429@oksbi,13.391304347826088,27,197454.37608695653,339709.21
merch47434@paytm,12.222222222222221,24,160851.8672222222,290522.04
merch4743@axl,16.551724137931036,34,111852.20068965516,343161.05000000005
merch47454@okhdfcbank,18.714285714285715,41,128662.42678571427,436396.6699999999
merch47458@paytm,15.962962962962964,32,133743.22296296296,283734.2
merch47489@okicici,13.363636363636363,26,86341.51909090909,130376.95999999998
merch47489@ybl,10.785714285714286,23,156592.50285714286,459955.86
merch47491@paytm,19.46153846153846,38,171360.535,311631.99000000005
merch47515@oksbi,15.724137931034482,31,122641.57482758621,222012.05
merch47526@axl,15.44,32,196798.8348,377161.41
merch47529@paytm,13.76,29,289018.6424,411932.52
merch47533@ybl,14.666666666666666,31,225051.88000000003,466489.34
merch47546@okhdfcbank,20.413793103448278,36,134073.61689655174,254906.10000000003
merch47579@paytm,21.975,43,229768.46925,437355.6700000001
merch47586@ybl,23.029411764705884,44,564212.1270588236,804140.7100000001
merch4760@paytm,15.523809523809524,29,106285.17761904762,339318.44999999995
merch47612@okhdfcbank,23.22222222222222,40,282793.05925925926,579731.46
merch47619@paytm,19.586206896551722,38,84424.64310344827,220179.36
merch47627@axl,21.322580645161292,40,139586.2441935484,250023.86
merch47629@ybl,21.885714285714286,44,253519.588,504769.38
merch47647@okhdfcbank,12.421052631578947,24,215741.31842105262,301837.55
merch47659@axl,17.06896551724138,34,186570.1772413793,454154.58
merch47666@okicici,16.806451612903224,34,239863.8306451613,524167.37000000005
merch47668@okicici,13.380952380952381,28,86234.91285714286,219553.01
merch47698@ybl,20.82857142857143,42,455555.76800000004,797905.65
merch47728@okicici,16.863636363636363,32,420173.9104545454,711138.0
merch4773@oksbi,21.153846153846153,39,100300.12115384615,160923.06999999998
merch47745@axl,18.85185185185185,36,230213.9411111111,555452.7
merch47764@oksbi,17.833333333333332,34,447040.0579166667,982588.28
merch47785@paytm,25.75862068965517,44,131576.28137931033,183561.1
merch47806@okhdfcbank,17.727272727272727,34,198682.65045454542,293614.76
merch47815@paytm,11.894736842105264,25,114777.83631578948,248687.75
merch47840@axl,21.529411764705884,41,330120.5723529412,731275.04
merch47861@ybl,17.583333333333332,35,232031.16958333334,486903.05
merch47871@okicici,25.914285714285715,49,368561.1605714286,807165.48
merch47901@oksbi,15.375,30,244760.44541666668,573160.61
merch47902@paytm,15.5,32,276548.445,441630.03
merch47904@okicici,20.037037037037038,38,224932.82185185186,495333.54
merch47971@axl,19.423076923076923,38,320916.83461538464,572160.12
merch47972@okicici,14.380952380952381,29,180660.8057142857,525932.5399999999
merch47978@okicici,16.84,34,323166.08280000003,669779.37
merch47982@okicici,19.25,42,308385.07687499997,628363.8200000001
merch47994@okicici,8.25,15,168310.98,227537.26
merch47996@okicici,14.8,28,32597.857,114279.97
merch47998@ybl,15.75,30,211187.1475,434562.11
merch4801@okicici,13.944444444444445,26,104769.71277777778,202020.94
merch48024@okicici,17.46153846153846,35,220309.18692307692,355228.25
merch48027@okhdfcbank,18.37037037037037,38,239831.26703703703,422476.96
merch48080@paytm,16.583333333333332,34,145359.73791666667,341538.37
merch4811@oksbi,15.19047619047619,31,270077.45047619054,653260.1300000001
merch48177@paytm,15.291666666666666,29,116210.59958333334,198720.38
merch48191@ybl,21.25,39,207583.7121875,330738.98999999993
merch48198@okhdfcbank,15.0,30,69963.46045454545,207326.44
merch48199@okicici,16.238095238095237,32,111105.95714285715,191903.59
merch48219@axl,17.105263157894736,32,143774.1505263158,493955.92
merch48236@axl,18.0,34,725448.7126923078,1054990.75
merch4824@paytm,12.055555555555555,24,190559.12277777778,305578.2
merch48252@ybl,17.22222222222222,31,75371.53555555556,130511.12
merch48259@okicici,16.73913043478261,35,183164.43565217388,326746.66
merch48280@oksbi,18.4,39,307127.65766666667,677402.21
merch48287@ybl,18.692307692307693,37,234626.7507692308,515088.18
merch48289@ybl,18.88,35,48870.876399999994,90523.49
merch4830@paytm,11.76923076923077,20,92228.09923076924,147509.13999999998
merch4830@ybl,13.1,25,83243.613,117568.81
merch48310@axl,13.1,27,58755.399,197644.44
merch48316@okhdfcbank,13.368421052631579,27,257130.74,429768.8
merch48342@axl,20.24,41,390213.0556,680703.2200000001
merch48345@okicici,21.352941176470587,43,253498.53147058823,374579.4100000001
merch48361@axl,16.72,33,292043.1688,471172.94
merch48366@axl,16.137931034482758,33,180365.24172413792,361800.39
merch48376@oksbi,19.833333333333332,40,526957.4276666667,909572.52
merch48387@okhdfcbank,17.214285714285715,35,149229.05535714285,291347.23000000004
merch48411@oksbi,18.14814814814815,36,101597.37444444445,227016.99
merch48419@oksbi,22.666666666666668,41,176159.00458333336,432322.3
merch48427@oksbi,13.0,27,121704.92888888887,279647.8599999999
merch48429@oksbi,21.862068965517242,44,91770.16551724139,323845.31000000006
merch48431@paytm,10.894736842105264,25,124193.62052631579,253903.42
merch48452@axl,22.5,44,281848.5415625,518804.7899999999
merch48455@axl,18.258064516129032,39,141601.11000000002,240162.21
merch48458@okicici,18.82758620689655,37,494843.1768965517,932619.74
merch4846@okicici,19.40625,39,110909.0671875,400193.2
merch48475@okicici,16.85185185185185,36,83302.42814814814,320794.6400000001
merch48498@oksbi,19.464285714285715,35,266153.5332142857,771514.8200000001
merch4851@okicici,18.107142857142858,35,114222.4782142857,258806.81999999995
merch48547@okhdfcbank,18.458333333333332,40,219471.35875,622424.44
merch48553@paytm,15.1875,28,263590.66625,504475.61
merch48553@ybl,15.92,30,146296.4924,298935.3199999999
merch48565@axl,19.846153846153847,36,123851.1857692308,241342.99000000005
merch48577@okicici,18.23076923076923,33,329552.85,610235.0200000001
merch48594@okhdfcbank,16.095238095238095,29,308619.7028571429,704773.52
merch48646@paytm,16.22222222222222,34,220791.04444444444,441169.59
merch48656@axl,16.857142857142858,35,325803.28178571427,586417.7600000001
merch48659@okhdfcbank,17.347826086956523,36,107505.7495652174,275638.43
merch48664@okhdfcbank,15.272727272727273,32,126158.97727272728,237421.13
merch4870@oksbi,15.894736842105264,29,103831.1757894737,286608.68000000005
merch48717@oksbi,17.681818181818183,33,324538.8754545455,420501.75
merch48719@oksbi,15.2,29,266190.40949999995,488380.2599999999
merch48728@axl,18.56,38,153722.4712,478094.86
merch48738@paytm,20.033333333333335,41,269300.39433333336,446075.37000000005
merch48738@ybl,14.125,30,260244.83458333332,338985.75999999995
merch48743@okicici,14.136363636363637,28,202991.87045454548,333666.18
merch48774@okhdfcbank,18.958333333333332,40,370087.2279166667,653964.63
merch4878@oksbi,17.76,36,258307.52440000002,446653.2200000001
merch48796@ybl,16.185185185185187,31,175571.39185185186,299153.23000000004
merch48800@paytm,20.176470588235293,44,304214.7229411765,651025.77
merch48801@ybl,19.384615384615383,39,264297.1423076923,455435.52
merch4881@oksbi,13.761904761904763,27,220289.38476190477,369643.12
merch48830@ybl,10.235294117647058,22,48800.83764705883,108680.76
merch48836@paytm,16.045454545454547,31,40356.427727272734,80376.35000000002
merch48878@okicici,16.708333333333332,33,102687.00458333333,230885.08
merch4889@axl,17.322580645161292,38,236282.15387096774,564204.86
merch4890@paytm,21.939393939393938,44,349537.5460606061,597170.28
merch48910@axl,23.59259259259259,42,125681.54296296295,269685.23
merch48922@paytm,18.0,35,190286.40791666668,461788.35
merch48924@paytm,16.9,34,195546.08500000002,362106.9
merch48930@axl,20.625,40,158714.396875,306913.39
merch48931@oksbi,20.258064516129032,38,191849.7477419355,400865.2800000001
merch48940@paytm,16.52173913043478,37,357402.97434782615,641540.9600000001
merch48941@okicici,24.35135135135135,45,108800.67810810811,194159.85000000003
merch48950@okicici,15.19047619047619,33,115944.88,379811.03
merch48951@ybl,13.368421052631579,25,138399.14368421052,237903.71
merch48958@axl,13.526315789473685,29,252985.50315789477,657297.3400000001
merch48963@paytm,15.52,32,551965.4824,911134.94
merch48969@ybl,22.037037037037038,39,216618.78888888887,349976.46
merch48972@axl,20.68,41,194130.302,485368.7
merch49005@axl,19.1875,37,280702.335,607177.1
merch49017@axl,11.722222222222221,24,226614.37166666667,426870.71
merch49022@okhdfcbank,10.117647058823529,20,202820.76529411765,274718.05
merch4902@paytm,17.0,31,371908.3890476191,726022.8500000001
merch49061@okhdfcbank,17.96153846153846,35,188187.2646153846,479719.34
merch49063@okhdfcbank,19.1875,40,76801.600625,143394.46000000002
merch49070@okicici,22.608695652173914,41,346870.91913043475,645825.5199999999
merch49073@okicici,17.869565217391305,34,84374.1895652174,119647.42
merch4907@okicici,16.64,33,253686.3328,469274.67
merch49086@axl,18.26923076923077,35,183617.67923076922,335430.5
merch49110@ybl,20.033333333333335,40,250761.549,448508.95
merch49122@axl,20.53846153846154,40,279578.03153846157,440566.23
merch49155@axl,24.71875,46,145412.3040625,323813.13
merch49166@oksbi,15.166666666666666,29,284746.2216666667,418492.74
merch49167@ybl,22.741935483870968,45,318497.4458064516,563602.7899999999
merch49171@okhdfcbank,12.9375,25,102527.305,173006.81
merch49192@axl,22.63888888888889,48,192398.51638888888,481839.5
merch49197@axl,20.225806451612904,41,245905.0641935484,471491.7
merch49216@okicici,16.32,31,100835.7652,217844.99
merch49217@paytm,18.115384615384617,39,313543.8492307692,680786.58
merch49225@paytm,15.434782608695652,32,186010.7582608696,389640.98
merch49226@oksbi,25.575757575757574,48,403957.5739393939,846007.61
merch49231@paytm,18.26923076923077,37,131589.9115384615,387899.47
merch49232@okicici,18.96153846153846,37,137492.82884615383,223920.62
merch49239@oksbi,21.72972972972973,45,332482.4737837838,815433.3099999999
merch49241@okicici,22.93548387096774,45,380046.1925806452,616032.83
merch49242@paytm,15.875,35,36752.53166666667,70411.18000000001
merch49245@axl,13.391304347826088,29,97287.7052173913,179358.31
merch49263@axl,18.741935483870968,38,65871.62709677419,171134.78
merch49281@ybl,27.63888888888889,57,296543.0577777778,422774.1
merch49285@ybl,18.714285714285715,36,100567.54214285714,218730.91
merch49302@oksbi,19.925925925925927,40,194124.12037037036,455279.09
merch49322@okicici,21.48148148148148,40,119551.73703703703,293231.5
merch49328@axl,19.0,37,557277.1873333334,813276.8499999999
merch49330@paytm,18.72,37,141085.5408,289722.16
merch4934@okicici,18.25925925925926,37,118316.83962962963,236435.94
merch49355@paytm,17.076923076923077,32,350581.84346153855,440395.18000000005
merch49359@paytm,20.35483870967742,42,404001.3912903226,609687.79
merch4936@okicici,14.36,29,79887.1424,133055.45
merch4936@oksbi,18.36,35,62727.818,116544.07
merch49372@ybl,22.46153846153846,41,252518.4753846154,429509.24
merch49398@oksbi,17.5,37,251876.88214285715,490974.7100000001
merch49402@okhdfcbank,19.77777777777778,37,41654.78703703704,99730.75
merch49402@ybl,23.666666666666668,44,305874.08416666667,478524.28
merch49408@axl,16.916666666666668,30,160844.25458333333,338657.59
merch49415@axl,17.857142857142858,36,69430.55964285714,285073.88
merch49423@oksbi,18.0,31,344748.0822727273,471810.0500000001
merch49425@okhdfcbank,13.833333333333334,28,137174.44583333333,203490.06999999995
merch49426@paytm,21.071428571428573,39,273566.955,375560.69
merch49435@axl,17.962962962962962,35,107997.93629629629,222838.85
merch49447@oksbi,12.307692307692308,23,35673.5023076923,106392.78
merch49465@paytm,17.27777777777778,31,73572.18277777778,260481.78
merch49469@axl,18.107142857142858,39,216055.8082142857,645533.34
merch49481@okhdfcbank,21.294117647058822,42,119416.65176470588,223770.55
merch49503@okicici,17.833333333333332,37,161202.65300000002,444492.74
merch49503@paytm,34.857142857142854,61,352836.4069047619,606058.58
merch49534@okicici,20.636363636363637,37,204343.02409090905,667572.0899999999
merch49544@okhdfcbank,18.791666666666668,33,566201.1304166667,733967.9700000001
merch49566@paytm,23.09375,46,192015.706875,594882.43
merch4956@paytm,14.526315789473685,34,174892.6763157895,492282.1
merch49586@okhdfcbank,16.928571428571427,34,192127.44892857145,477466.84
merch49599@axl,18.727272727272727,33,210581.25045454546,414534.15
merch4959@ybl,14.88,28,76314.2524,139080.08
merch49623@okicici,10.533333333333333,20,81885.82066666667,216996.06
merch49634@okhdfcbank,24.5,52,109780.2765909091,271716.48
merch49648@axl,14.421052631578947,31,142012.32263157895,383497.96
merch49657@axl,13.642857142857142,25,146047.0657142857,205851.0
merch49671@oksbi,21.65714285714286,43,228802.97514285715,419940.52
merch49673@okicici,15.538461538461538,32,163702.56461538462,301223.4
merch49702@paytm,15.222222222222221,29,87121.70000000001,147626.6
merch49707@ybl,19.321428571428573,41,157555.42428571428,482952.1599999999
merch49708@ybl,18.041666666666668,35,110080.80583333333,249929.98
merch49709@paytm,22.484848484848484,45,168662.56272727274,394850.2
merch4970@oksbi,17.0,32,106866.60818181817,259448.93
merch49716@oksbi,15.76,30,350391.65160000004,521375.37
merch49720@okicici,18.037037037037038,36,393794.8155555555,521601.08
merch49737@okicici,20.09375,42,223933.3428125,427338.17999999993
merch49737@ybl,17.153846153846153,34,132143.4907692308,280283.61
merch49738@okhdfcbank,19.555555555555557,39,293225.5503703704,531887.81
merch49743@okicici,17.615384615384617,36,187168.60423076924,526033.82
merch49750@axl,18.76923076923077,35,278328.1696153846,476883.38000000006
merch4975@paytm,13.227272727272727,28,123799.98727272729,337799.45
merch49776@okicici,16.76,31,148395.5552,313475.46
merch49785@oksbi,23.944444444444443,45,120798.20500000002,288246.20000000007
merch49786@oksbi,14.772727272727273,28,102870.85727272728,246457.32
merch4980@okhdfcbank,16.529411764705884,32,67137.7794117647,124439.05999999998
merch49821@okhdfcbank,20.310344827586206,40,453008.6037931035,647401.58
merch49821@paytm,13.875,30,179660.1475,282662.79000000004
merch49838@okicici,16.451612903225808,34,56534.13161290323,131306.40999999997
merch49850@okhdfcbank,12.375,24,243344.1975,318123.68000000005
merch49865@paytm,18.916666666666668,38,178445.84708333333,351318.67000000004
merch49875@ybl,20.166666666666668,39,176912.46433333334,349629.02
merch49897@oksbi,21.161290322580644,43,105696.53419354837,222011.69
merch49929@oksbi,20.28125,40,233459.678125,339945.84
merch4992@okhdfcbank,13.583333333333334,28,232260.08541666667,361949.7799999999
merch49951@axl,14.416666666666666,28,109111.81125000001,197344.16
merch49974@paytm,19.724137931034484,39,119535.81413793103,226170.03
merch49985@paytm,14.346153846153847,33,198879.6757692308,403757.91
merch49988@axl,13.066666666666666,26,124992.59333333332,296274.07
merch49990@okhdfcbank,20.807692307692307,39,163739.83846153846,379827.86
merch50002@ybl,16.533333333333335,30,317304.1446666667,435133.63
merch50008@okhdfcbank,16.1,32,143762.1365,322019.27
merch50028@okicici,17.576923076923077,35,70016.78884615385,340361.61999999994
merch50029@paytm,18.357142857142858,33,187674.4664285714,291571.09
merch50047@okhdfcbank,19.0,39,223623.1468965517,441542.16
merch50050@ybl,14.68421052631579,28,49174.91263157895,84539.75000000001
merch50056@okhdfcbank,20.36111111111111,39,307626.7858333334,893255.5900000001
merch50057@axl,19.74074074074074,38,394129.00851851853,679798.8200000002
merch50079@okhdfcbank,19.074074074074073,39,259923.3614814815,409817.76
merch50104@okicici,13.166666666666666,26,97014.21222222221,172399.90999999997
merch50107@ybl,15.681818181818182,35,99124.96045454545,254069.32
merch50150@axl,17.59259259259259,37,222097.5214814815,434606.33
merch50151@oksbi,10.0,21,139370.2109090909,281143.51
merch50153@oksbi,16.0,34,51977.3615,227488.99
merch50192@paytm,10.666666666666666,21,132112.74555555556,204751.13000000003
merch50212@oksbi,15.136363636363637,29,265550.3018181818,627886.68
merch50223@ybl,12.909090909090908,27,67176.44045454545,193250.41000000003
merch50237@paytm,16.11111111111111,33,180032.81185185185,288828.71
merch50249@okicici,14.041666666666666,28,98849.07666666666,219158.37
merch50250@okicici,13.136363636363637,27,37120.91636363637,78721.35
merch50262@ybl,12.166666666666666,24,69266.43333333333,214366.96
merch50264@paytm,14.954545454545455,29,174243.54954545456,364373.47
merch50277@oksbi,18.0,28,112379.49687500001,142446.58000000002
merch50282@ybl,18.12,37,113594.974,332508.46
merch50289@okicici,15.130434782608695,33,29500.934347826085,97600.59
merch50294@oksbi,20.103448275862068,39,256684.5179310345,560151.61
merch50314@axl,18.285714285714285,38,369086.2492857143,739570.1599999999
merch50330@axl,15.090909090909092,30,225278.1413636364,571090.5399999999
merch50334@paytm,19.5,41,239159.79249999998,543762.24
merch50336@paytm,12.789473684210526,24,119547.71105263157,236758.49
merch5033@paytm,17.272727272727273,31,152721.74136363636,297163.56
merch50349@ybl,19.03125,37,254087.60125,373626.95
merch50376@ybl,19.636363636363637,37,268047.34590909095,556919.39
merch50393@oksbi,18.391304347826086,33,116370.00826086957,297623.93
merch50427@okicici,15.863636363636363,30,179572.86045454547,320152.76
merch50438@ybl,19.4,42,207008.00085714288,310661.03
merch50451@okhdfcbank,22.9,43,359455.406,596876.93
merch50454@paytm,16.09090909090909,34,214548.89454545453,464425.04
merch50455@okicici,22.21875,43,283252.0025,731643.25
merch50456@okicici,18.14814814814815,34,193535.58851851855,413115.09
merch50460@axl,16.0,32,99069.41173913042,168646.93
merch50490@okicici,18.09375,38,198078.3178125,565681.3099999999
merch50515@oksbi,16.666666666666668,29,42532.853809523804,83035.0
merch50527@okhdfcbank,20.029411764705884,42,265451.1835294118,472542.34
merch50531@axl,22.233333333333334,41,304752.1556666667,721872.13
merch50546@okhdfcbank,22.96551724137931,42,383860.6824137931,689528.7800000001
merch50554@okhdfcbank,21.029411764705884,42,184132.40205882353,378350.32
merch50574@okicici,12.421052631578947,28,281141.40315789473,717908.49
merch50581@oksbi,19.035714285714285,40,132755.2125,320642.26
merch50584@axl,20.53846153846154,40,503758.7365384615,981877.3
merch50592@paytm,14.0,25,192962.61210526316,474738.71
merch50600@okhdfcbank,16.272727272727273,32,163251.38136363638,304244.58
merch50606@okicici,15.481481481481481,33,64361.62444444444,187267.71
merch50607@axl,22.0,45,142399.17096774193,280347.7299999999
merch50613@paytm,12.1875,24,173641.36,470482.98
merch50616@okhdfcbank,21.11764705882353,43,228988.28088235293,572895.9299999999
merch50625@oksbi,18.653846153846153,36,219701.35192307693,276096.34
merch50631@axl,14.76,32,60477.906800000004,153517.58000000002
merch50635@okicici,11.9375,24,73923.995,113346.41
merch50665@oksbi,17.782608695652176,36,174370.78217391303,397700.69
merch50671@ybl,21.129032258064516,40,202393.0487096774,313204.61999999994
merch50691@oksbi,13.619047619047619,28,41353.79714285714,165840.24
merch50703@ybl,12.952380952380953,27,148055.36428571428,319723.56999999995
merch50711@okicici,14.96,30,98960.73960000002,248368.3
merch50738@oksbi,12.866666666666667,23,138809.512,243538.07
merch5073@okhdfcbank,20.448275862068964,39,219326.2379310345,333583.88
merch50741@okicici,17.166666666666668,36,203575.67375000005,642767.4900000001
merch50744@paytm,10.0,21,152963.106875,312539.76
merch50746@paytm,14.576923076923077,31,111586.59346153846,414464.4900000001
merch50757@axl,14.368421052631579,28,225833.97368421053,587746.97
merch50766@okicici,19.08,34,340498.52559999994,492607.78
merch50769@oksbi,16.814814814814813,36,217302.9577777778,496046.75
merch5076@paytm,18.428571428571427,38,108612.97214285715,237277.23000000004
merch50777@oksbi,25.944444444444443,48,160228.57583333334,512159.86
merch50831@okhdfcbank,17.62962962962963,35,138395.2837037037,371389.35
merch50849@oksbi,17.91304347826087,33,258167.09869565215,369505.63
merch50855@oksbi,9.9375,20,335407.126875,472295.13
merch50862@okicici,14.571428571428571,36,23519.036666666667,112965.68
merch50874@ybl,14.647058823529411,26,108308.23470588235,182643.41
merch50875@axl,15.318181818181818,29,97603.45181818181,165677.78000000003
merch50876@paytm,15.8,30,75200.76749999999,156930.37
merch50892@okicici,11.105263157894736,23,188014.68894736838,250589.1499999999
merch50895@ybl,18.555555555555557,36,267125.6262962963,521374.75
merch5090@ybl,14.954545454545455,29,64577.43681818182,155845.18
merch50948@oksbi,22.0,47,482277.638,681570.4999999999
merch50949@okhdfcbank,22.77777777777778,39,78534.64407407407,148041.36999999997
merch50956@paytm,13.588235294117647,29,92780.80352941176,295499.66
merch50962@paytm,19.517241379310345,39,258535.8327586207,361434.02
merch50966@ybl,16.576923076923077,34,182704.8273076923,533437.7499999999
merch50979@axl,16.96,40,333994.3196,600268.77
merch50986@ybl,20.92,36,114909.42640000001,317928.79000000004
merch50993@okhdfcbank,22.677419354838708,46,384475.4248387097,683703.47
merch50999@paytm,13.294117647058824,28,80035.20647058824,211734.52
merch51010@axl,20.142857142857142,33,57967.27523809524,76365.7
merch51021@okhdfcbank,14.916666666666666,33,416945.74499999994,778340.8200000001
merch51022@oksbi,14.75,33,142116.37666666668,305612.29000000004
merch51054@ybl,12.4375,23,25125.945,43912.47
merch51064@ybl,20.333333333333332,41,248691.00030303033,520949.74
merch51075@okicici,15.954545454545455,31,61246.682272727274,186752.85
merch51089@oksbi,11.8125,26,56334.840625,111993.98
merch51094@ybl,19.142857142857142,38,298496.3767857143,427670.1500000001
merch51117@oksbi,13.095238095238095,26,160850.03952380954,347658.54
merch51119@ybl,22.964285714285715,44,129755.3232142857,243319.79
merch5111@axl,20.129032258064516,43,312733.93741935486,411879.33
merch5112@paytm,11.0,21,170958.975,290236.49
merch51138@axl,22.40625,43,258186.49843749998,409577.14
merch51155@paytm,20.17241379310345,42,189538.16068965517,357946.80000000005
merch51216@oksbi,13.608695652173912,28,271208.39782608696,458698.9
merch51229@axl,20.785714285714285,39,156324.80285714287,431784.25000000006
merch51235@okhdfcbank,18.36,34,174254.0864,321748.43000000005
merch5123@okicici,18.0,35,306588.6982758621,466052.47
merch51241@ybl,16.545454545454547,32,57079.95227272727,93505.99
merch51254@axl,23.789473684210527,45,205461.4639473684,364067.34
merch51272@paytm,15.083333333333334,32,351092.58874999994,622377.82
merch51281@axl,23.675675675675677,48,232457.69756756758,413005.31
merch51298@ybl,26.12121212121212,47,260305.58969696966,558389.1799999999
merch51300@okhdfcbank,12.826086956521738,28,89714.27260869567,262155.95000000007
merch51302@ybl,19.25,40,206766.6325,425818.19
merch51314@axl,12.157894736842104,27,97545.84,159966.97999999998
merch51317@ybl,20.444444444444443,38,87015.58037037037,124013.58
merch51325@okhdfcbank,19.11111111111111,35,133318.26388888888,251150.87
merch5132@paytm,16.454545454545453,31,334994.4168181818,666760.1800000002
merch51333@paytm,17.083333333333332,30,184595.25250000003,318202.04000000004
merch51337@okicici,11.647058823529411,27,141770.29823529412,275808.72
merch51357@axl,20.677419354838708,42,291175.10741935484,457933.85
merch51362@axl,16.107142857142858,32,41981.91785714286,73005.29000000001
merch51374@okicici,17.0,32,126889.4682142857,250851.31
merch51388@paytm,24.24,44,421966.9271999999,625729.23
merch51393@axl,17.357142857142858,36,90931.0625,228787.49000000005
merch51396@axl,25.791666666666668,45,472956.0683333333,842088.5499999998
merch51406@axl,14.166666666666666,29,204196.48388888894,277066.9000000001
merch51420@okhdfcbank,15.227272727272727,33,111319.18863636363,280517.54000000004
merch51457@okhdfcbank,12.3,26,88589.479,216185.72
merch51460@axl,16.434782608695652,31,232407.54956521737,343834.98
merch51478@oksbi,16.307692307692307,32,70950.72423076922,175622.46000000002
merch51500@axl,16.24,34,87231.6516,181636.36
merch51511@axl,16.48148148148148,33,82513.00962962963,195075.82
merch51511@oksbi,24.5,48,76624.47235294117,227990.91
merch51513@axl,21.25,39,290285.45892857143,519812.39
merch51526@axl,13.263157894736842,28,60128.35421052631,132163.81
merch51528@oksbi,13.5,27,36194.86318181818,128495.98
merch51530@axl,15.565217391304348,35,77531.6043478261,151191.69000000003
merch51546@okhdfcbank,17.68,35,71667.8392,259575.29
merch51547@okicici,19.655172413793103,37,177512.09793103448,365915.27
merch51553@okicici,18.82608695652174,37,384455.57608695654,710197.6200000001
merch51588@paytm,15.75,28,111164.1905,176620.31999999998
merch5158@okhdfcbank,18.88,36,139076.5716,318593.59
merch51604@okicici,21.285714285714285,41,142914.5582142857,484042.17999999993
merch51606@okicici,11.588235294117647,23,155129.14941176472,477570.6900000001
merch51629@oksbi,16.903225806451612,38,104226.04387096775,449804.3500000001
merch51637@okicici,21.314285714285713,44,272631.51999999996,474854.32
merch51646@oksbi,15.571428571428571,31,167388.8738095238,328525.02
merch51658@okhdfcbank,20.17241379310345,37,189872.97931034485,349303.48000000004
merch51659@okhdfcbank,15.19047619047619,29,168571.4442857143,237283.34000000003
merch51665@axl,18.21212121212121,37,190875.01757575758,302713.19999999995
merch51668@paytm,23.885714285714286,47,144165.36914285715,326168.04000000004
merch51672@axl,17.636363636363637,32,113659.05499999998,269794.73
merch51697@okicici,13.61111111111111,27,234640.01944444442,519107.06
merch51701@okhdfcbank,19.035714285714285,37,103095.25821428571,205569.9
merch51710@ybl,17.92,38,398776.02239999996,780357.78
merch51728@paytm,17.689655172413794,37,192334.63586206897,297537.6699999999
merch51734@oksbi,18.5,38,279472.16625,506311.1000000001
merch5176@oksbi,16.72,33,249339.51280000003,610995.63
merch51775@ybl,16.333333333333332,36,144395.01958333334,291404.85000000003
merch51782@paytm,19.866666666666667,40,136387.202,465538.19
merch51790@paytm,20.451612903225808,39,207960.08387096773,470972.38
merch51799@okhdfcbank,17.185185185185187,36,123730.46333333335,233366.69
merch51799@paytm,17.46153846153846,34,125854.0253846154,314300.4
merch51801@okicici,25.68421052631579,47,326012.9002631579,686312.3
merch51802@oksbi,14.523809523809524,27,170324.60714285713,296930.51
merch51805@paytm,12.61111111111111,27,341466.8761111111,652157.86
merch51807@okicici,17.321428571428573,36,68551.1742857143,104012.06
merch51808@ybl,17.53846153846154,34,131327.93423076923,355081.07
merch51822@ybl,19.818181818181817,39,134899.82696969697,455911.55
merch51833@paytm,15.052631578947368,31,306766.45,506986.3300000001
merch51840@okicici,10.416666666666666,21,131633.35666666666,185771.04
merch51849@okicici,15.045454545454545,29,116282.44090909092,201579.9
merch51859@paytm,12.2,24,54992.126000000004,118642.38
merch51877@okhdfcbank,23.551724137931036,50,227886.31172413792,398055.1
merch51897@axl,14.571428571428571,31,209422.81285714288,457107.59
merch51907@okicici,15.75,34,244030.41785714286,538153.89
merch51918@ybl,22.77777777777778,45,173332.19592592592,312398.71
merch51924@ybl,18.321428571428573,37,252278.30714285717,707381.13
merch5192@axl,25.057142857142857,48,305877.25171428575,556668.77
merch51946@oksbi,19.464285714285715,36,282552.3478571429,382866.7
merch51998@okicici,15.869565217391305,32,178962.98434782607,499688.94
merch51998@ybl,17.11111111111111,34,311278.32333333336,575270.0200000001
merch52003@axl,14.615384615384615,29,153461.43,613853.75
merch52030@okhdfcbank,13.391304347826088,28,50164.93913043479,78432.58
merch52033@okhdfcbank,26.69047619047619,59,229261.54142857142,503998.97
merch52039@axl,19.48148148148148,38,220265.60222222225,304466.3400000001
merch52042@okicici,19.466666666666665,37,161364.101,278582.28
merch52044@axl,22.34375,42,369840.60781250003,611735.53
merch52052@okicici,11.2,25,196602.60466666665,513540.66
merch52057@ybl,15.08695652173913,30,113007.60956521737,310952.24999999994
merch52087@okicici,15.227272727272727,29,122834.22772727274,278544.42
merch52105@oksbi,17.642857142857142,39,50479.29964285714,164591.21999999997
merch52115@okicici,17.923076923076923,36,253599.73076923078,682700.22
merch52116@okicici,16.64,34,123173.2144,222396.15
merch52119@ybl,15.961538461538462,33,224287.9180769231,459061.11
merch5213@paytm,16.75862068965517,35,387534.0368965517,742415.27
merch52142@paytm,13.0,26,138922.16047619045,468299.4599999999
merch52150@ybl,18.17241379310345,36,112976.82655172414,333150.59
merch52163@oksbi,17.043478260869566,33,229758.4252173913,419366.03
merch52222@oksbi,19.0,36,126255.70150000001,218710.95
merch52224@okhdfcbank,20.375,41,130199.68187500001,265030.97000000003
merch52284@okhdfcbank,13.291666666666666,27,120982.80958333334,250649.78
merch52298@okicici,19.64,37,122990.2888,291489.64
merch52302@paytm,16.36,31,456676.41520000005,758167.3100000002
merch52306@paytm,22.322580645161292,44,126510.83870967742,256476.84
merch52312@okicici,22.78787878787879,45,253607.71181818182,451412.4
merch52313@paytm,19.266666666666666,38,454850.9263333333,630880.6399999998
merch52319@okicici,19.09375,37,132137.98375,219458.4
merch52322@axl,13.545454545454545,31,126765.64454545455,420706.85
merch52324@okicici,24.305555555555557,50,142585.59972222222,351545.36
merch52330@okicici,17.1,36,370131.62933333335,912860.4
merch52334@okicici,19.96,35,135947.5256,388831.51
merch52337@okhdfcbank,22.37837837837838,47,131037.19972972975,300241.02
merch52341@paytm,18.923076923076923,38,60496.00923076923,113928.95
merch52389@ybl,14.083333333333334,32,171634.35874999998,290041.98
merch52408@ybl,17.8,37,156443.477,283296.15
merch52410@okhdfcbank,18.857142857142858,35,133205.51428571428,267023.43
merch52413@oksbi,20.870967741935484,40,327617.40967741935,494664.51
merch52423@okhdfcbank,15.142857142857142,31,96941.89761904762,280147.1
merch52431@okhdfcbank,18.68,34,188341.8608,445574.56
merch52434@paytm,21.03846153846154,39,123478.17653846153,188787.11
merch52464@okicici,12.421052631578947,28,77306.94684210526,257572.57
merch52466@okicici,16.333333333333332,30,242416.46208333332,476703.4
merch52473@okhdfcbank,23.02857142857143,43,228325.90942857144,438200.48
merch52481@ybl,23.21875,48,315677.3615625,484423.58
merch52500@paytm,21.071428571428573,39,132735.87892857144,384484.8900000001
merch52500@ybl,21.096774193548388,41,219301.28548387098,576989.87
merch52524@oksbi,16.8,35,239656.61000000004,623041.1100000001
merch52524@paytm,20.5,41,164379.3132142857,413877.37000000005
merch52534@okicici,16.677419354838708,35,493094.9512903226,925791.93
merch52542@okhdfcbank,20.884615384615383,38,172966.84999999998,258256.37
merch52559@ybl,12.571428571428571,25,62257.77380952381,127152.68
merch52567@okicici,19.48148148148148,39,100514.79851851852,228026.95
merch5257@oksbi,16.333333333333332,31,297153.47708333336,517970.01
merch52581@oksbi,20.35483870967742,43,186256.74580645165,364253.11
merch52595@ybl,14.904761904761905,33,281582.990952381,395063.87
merch52603@okicici,15.68,32,133614.3832,260180.43
merch5260@paytm,20.466666666666665,40,144629.79333333333,323204.72000000003
merch52630@okicici,18.08,35,210851.94079999998,299619.91
merch52632@oksbi,17.464285714285715,35,195054.44571428574,332819.82
merch52645@ybl,13.095238095238095,26,105537.60047619048,222340.93
merch52673@okicici,14.095238095238095,27,143777.48095238092,240966.58
merch52712@oksbi,23.285714285714285,42,290795.77214285714,589356.15
merch52714@oksbi,17.181818181818183,35,224825.11818181816,375951.1400000001
merch52715@okicici,19.444444444444443,41,249430.137037037,488343.92999999993
merch5271@paytm,16.833333333333332,33,158543.08166666667,418063.04
merch52726@okhdfcbank,15.368421052631579,26,244685.11473684214,520508.92
merch52730@axl,27.666666666666668,50,329625.6744444444,795292.17
merch52761@axl,21.071428571428573,37,136221.85607142857,315701.9399999999
merch52772@paytm,18.774193548387096,38,325929.1748387096,681790.8399999999
merch52782@ybl,14.083333333333334,29,119045.01333333332,302353.25
merch52786@paytm,15.583333333333334,32,180652.12291666667,386049.0
merch52798@ybl,23.323529411764707,47,235897.51352941178,633937.6100000001
merch52827@axl,22.606060606060606,47,207876.06484848488,522822.76000000007
merch52829@oksbi,23.794117647058822,45,74183.6155882353,130248.33000000002
merch52843@okhdfcbank,17.53846153846154,37,169530.87307692308,389983.81
merch52857@ybl,15.142857142857142,32,80848.72666666667,232805.61
merch52869@ybl,16.40909090909091,32,194816.81590909092,299659.1
merch52884@okicici,17.863636363636363,33,185637.66909090907,365712.95
merch5288@axl,17.391304347826086,33,213938.0243478261,312469.76
merch52901@axl,14.476190476190476,28,208798.02380952382,462246.15
merch52902@okhdfcbank,17.74074074074074,36,93507.74222222222,273137.58
merch5290@oksbi,16.75,31,89027.42083333334,220111.48
merch52925@oksbi,15.105263157894736,29,316986.4294736842,443594.37
merch52940@oksbi,12.722222222222221,25,80875.22944444446,247430.28000000003
merch52943@ybl,20.59259259259259,40,308951.5162962963,453457.77
merch52952@paytm,20.486486486486488,45,130116.31081081081,268689.36000000004
merch52954@paytm,24.333333333333332,45,309977.937,489790.42999999993
merch52962@okhdfcbank,17.454545454545453,35,147521.10045454546,269063.18000000005
merch5297@okhdfcbank,16.807692307692307,36,137529.47692307693,357212.21
merch52986@okhdfcbank,14.35,31,120106.32250000001,243276.31
merch52986@ybl,17.25925925925926,36,83098.52,273824.63
merch52993@ybl,14.136363636363637,35,212936.85681818184,413846.03
merch53035@ybl,22.322580645161292,42,103451.50580645162,295925.68
merch53044@oksbi,19.0,36,348268.2739130435,753201.1900000001
merch53062@okhdfcbank,16.772727272727273,33,95433.81818181818,262266.83
merch53077@okhdfcbank,15.166666666666666,31,161916.15444444443,456856.99
merch53079@oksbi,15.357142857142858,32,144710.06035714285,232067.07
merch53092@ybl,15.5,29,154603.56772727275,383291.36
merch53105@okicici,19.0,34,396374.59142857144,595337.96
merch53129@ybl,17.59259259259259,35,201032.09296296295,369863.91
merch53142@okicici,18.035714285714285,35,234145.7035714286,392352.8900000001
merch53147@axl,18.17391304347826,32,150361.8239130435,336083.63
merch53148@ybl,17.37037037037037,37,192076.56074074077,351470.16000000003
merch5314@okicici,20.44,39,142410.8584,241062.46
merch53158@okhdfcbank,14.217391304347826,30,149831.47304347827,336058.58000000013
merch53165@oksbi,16.1,30,86456.5115,244795.91000000003
merch53167@okhdfcbank,14.458333333333334,28,347193.91250000003,524914.16
merch53168@okhdfcbank,13.458333333333334,31,191011.92666666664,366478.0199999999
merch53182@okhdfcbank,11.588235294117647,26,252093.60529411765,394246.96
merch53184@ybl,24.84375,45,259288.8296875,528292.0100000001
merch53185@paytm,21.84375,42,228143.04718750002,450356.0500000001
merch53188@oksbi,15.88,32,84214.8864,262066.97
merch53189@ybl,13.91304347826087,30,71173.78565217393,137480.87000000005
merch5318@ybl,16.095238095238095,32,148980.26761904763,381931.27
merch53196@okicici,21.96969696969697,43,216879.35242424245,407900.83
merch53196@paytm,13.5,26,189111.36299999998,297857.02
merch53204@okhdfcbank,21.79310344827586,42,257579.27448275863,458725.42999999993
merch5321@okhdfcbank,12.3,23,183180.5395,315986.05000000005
merch53221@paytm,17.61904761904762,33,335179.67476190475,530151.0
merch53236@axl,23.258064516129032,41,566436.0180645161,895909.03
merch53237@ybl,16.863636363636363,31,208267.37454545454,376507.7
merch53243@ybl,23.685714285714287,44,210365.0714285714,382253.54
merch53249@paytm,15.631578947368421,28,71707.97894736842,120167.23
merch53253@paytm,18.333333333333332,35,181851.65083333335,357561.23000000004
merch53256@okicici,16.423076923076923,32,110571.20999999999,259782.16
merch53268@axl,23.48148148148148,41,286624.91555555555,525017.7499999999
merch53268@okhdfcbank,24.0,44,209141.61272727273,469906.34
merch53271@paytm,14.375,29,263862.4433333333,659214.08
merch53275@paytm,11.0625,19,38454.728125,130882.38
merch5329@oksbi,18.64,36,189921.82720000003,572974.5000000001
merch53320@axl,24.9375,45,113000.53625,260272.26
merch53330@ybl,14.227272727272727,30,93831.31272727273,135755.83
merch53331@paytm,18.517241379310345,39,331380.5975862069,485860.16
merch53335@okhdfcbank,20.147058823529413,41,201890.32294117648,476969.67
merch5333@okhdfcbank,12.833333333333334,24,152275.74277777778,316417.18
merch53342@oksbi,18.74074074074074,37,95548.1,180020.03
merch53357@oksbi,19.0,34,261883.02571428573,358972.98000000004
merch53414@paytm,18.375,37,124280.66083333334,359670.9200000001
merch53433@oksbi,15.85,29,274173.24899999995,443638.4199999999
merch53442@ybl,21.942857142857143,45,269534.7457142857,443699.33
merch53452@okicici,22.885714285714286,45,427754.4397142857,702432.11
merch53462@okhdfcbank,12.11111111111111,24,149839.9788888889,269105.04000000004
merch53474@axl,13.727272727272727,27,124589.60772727273,291279.05000000005
merch53485@axl,14.0,31,26263.826363636366,110656.37
merch53492@oksbi,18.074074074074073,35,352543.13481481484,521968.62
merch53494@okicici,21.4,45,208857.65566666666,522700.29
merch53499@okicici,15.916666666666666,33,273774.06124999997,622827.83
merch53508@okhdfcbank,23.333333333333332,42,529706.3033333333,690189.7499999999
merch53509@paytm,19.620689655172413,38,116034.47413793103,296547.53
merch53527@okicici,18.258064516129032,36,131820.8341935484,234146.50000000003
merch5352@okicici,18.125,37,203462.87791666668,367722.08
merch5353@axl,16.0,33,221876.64833333332,391874.12
merch53540@paytm,18.205882352941178,38,337804.91,784018.9600000002
merch5355@oksbi,13.818181818181818,32,169727.67636363636,447511.75
merch53571@ybl,18.448275862068964,38,91922.86862068965,246252.77
merch53620@paytm,17.59090909090909,33,305090.9013636363,410536.81
merch53627@axl,13.666666666666666,26,185592.79555555555,236142.4
merch53647@okicici,21.35483870967742,42,127118.75322580645,331074.25
merch53648@paytm,17.59259259259259,34,247026.41629629626,550803.7799999999
merch53652@oksbi,19.857142857142858,39,344251.5207142857,612297.9199999999
merch53664@oksbi,17.806451612903224,37,395423.7274193548,696939.0599999999
merch53669@okhdfcbank,16.08695652173913,37,83574.27043478261,372802.04
merch5369@oksbi,18.181818181818183,34,300896.1436363636,630624.99
merch5370@axl,18.5,34,125766.08727272727,203940.4
merch53712@oksbi,21.142857142857142,46,238616.66714285716,588068.04
merch53714@okicici,19.1875,40,375908.3953125,599787.81
merch53748@ybl,20.75,39,340967.21892857144,563269.75
merch53755@okicici,14.423076923076923,32,414520.6938461538,540149.5
merch53756@axl,17.192307692307693,34,67131.43653846154,143254.86
merch53763@okhdfcbank,19.785714285714285,37,326052.0078571429,636834.44
merch53771@ybl,16.80952380952381,35,20375.009523809524,86100.53000000001
merch53776@oksbi,16.333333333333332,36,77874.32095238095,206558.37
merch53798@paytm,14.48,28,194738.38200000004,330464.5200000001
merch53799@okicici,21.08,41,172037.35,302420.69
merch53813@oksbi,20.384615384615383,36,537129.5496153847,722981.6500000003
merch53832@ybl,18.923076923076923,37,226362.5076923077,388671.68
merch53833@paytm,13.047619047619047,26,161699.40714285715,390570.88
merch5383@okicici,15.863636363636363,35,149428.09227272726,579096.9700000001
merch5383@paytm,19.20689655172414,35,124131.1872413793,204147.02
merch53879@oksbi,23.942857142857143,49,431687.06228571426,918974.63
merch53882@paytm,14.823529411764707,32,80053.78,236927.98000000004
merch53890@paytm,15.857142857142858,33,360665.7952380952,636521.37
merch53927@okhdfcbank,20.125,35,247105.14208333334,314152.44999999995
merch53948@okhdfcbank,17.28,34,429060.45479999995,905116.44
merch53955@oksbi,20.444444444444443,40,190871.2192592593,346822.59
merch53967@okhdfcbank,19.785714285714285,41,245905.69785714286,631457.6799999999
merch53979@ybl,21.20689655172414,41,95785.50206896552,210494.67
merch54009@paytm,17.322580645161292,33,371918.9290322581,782169.22
merch54013@ybl,23.24137931034483,42,192922.03103448282,358490.74000000005
merch54025@okicici,15.695652173913043,33,79459.06391304347,230413.38
merch54046@okhdfcbank,17.535714285714285,37,239113.97607142857,373574.6
merch54072@ybl,12.68421052631579,25,308907.15684210527,553745.5299999999
merch54076@okhdfcbank,11.947368421052632,26,326320.7936842105,572454.9700000001
merch54079@axl,11.76923076923077,20,163937.83846153846,244661.93
merch54095@ybl,21.59090909090909,41,245447.63863636364,460430.03
merch54096@oksbi,36.43396226415094,71,624364.8356603774,1071807.7400000002
merch54106@ybl,17.64,35,426153.1059999999,774283.59
merch54121@oksbi,23.23076923076923,44,227544.11153846156,566628.02
merch54143@axl,18.548387096774192,35,576553.4551612904,1060672.9399999997
merch54149@axl,13.333333333333334,27,29297.433749999997,59281.52
merch54149@okhdfcbank,12.083333333333334,25,55525.080416666664,129981.68
merch54177@ybl,22.17241379310345,42,210250.73413793108,288253.65
merch54205@oksbi,16.652173913043477,34,331708.6404347826,536506.95
merch54233@okicici,13.409090909090908,28,411185.83681818185,709210.56
merch54238@ybl,19.115384615384617,36,119128.94576923076,262651.1
merch54242@axl,16.821428571428573,35,94846.06607142858,193444.2
merch54243@paytm,15.285714285714286,30,96337.39714285714,191130.03
merch54257@axl,22.205882352941178,43,287048.7664705883,618343.9500000001
merch54266@oksbi,16.423076923076923,34,166623.31346153846,368768.09
merch54270@okhdfcbank,22.885714285714286,46,179775.50342857142,386477.62
merch54276@oksbi,15.222222222222221,30,60500.287407407406,150463.02
merch54294@okhdfcbank,13.571428571428571,28,140183.69666666666,446838.68
merch54326@oksbi,16.73913043478261,31,99417.80782608697,223045.36000000004
merch5432@okhdfcbank,20.892857142857142,38,217898.0875,633769.4600000001
merch5435@axl,21.258064516129032,42,245795.68935483872,516489.0
merch54374@paytm,12.466666666666667,27,302192.8626666667,458009.27
merch54389@okhdfcbank,20.0,39,117397.32214285714,344526.45
merch5441@okicici,16.32,32,249046.9448,490378.15
merch54420@okicici,14.954545454545455,33,289909.8063636364,569607.39
merch54424@axl,18.16,37,126111.04759999999,341945.6599999999
merch54450@axl,16.0,33,68291.59380952381,142322.28
merch54452@paytm,21.551724137931036,42,199521.99206896554,304884.94
merch54478@okicici,24.033333333333335,44,154399.52466666666,335866.97000000003
merch54494@okhdfcbank,13.85,30,172181.74099999998,341239.52
merch54494@paytm,19.0,32,249726.90652173912,699294.09
merch54516@paytm,19.653846153846153,35,217991.73384615386,553186.4199999999
merch54520@axl,21.176470588235293,46,187441.85470588235,377903.61
merch54533@okicici,16.387096774193548,35,69060.04774193549,235786.43
merch54544@oksbi,15.916666666666666,32,156739.10041666668,288648.82
merch5454@axl,15.4,31,201395.81749999998,350610.91
merch54595@oksbi,18.61764705882353,40,236833.4094117647,401219.67999999993
merch54616@okhdfcbank,15.125,32,207742.57708333337,425600.44
merch54619@oksbi,21.529411764705884,44,66631.48088235295,310533.94000000006
merch54619@ybl,21.32,38,40451.888,73950.03999999998
merch54629@okhdfcbank,22.0,44,366279.56612903223,652905.4099999999
merch54634@okicici,16.8,34,131280.5768,226727.61
merch54648@paytm,15.863636363636363,30,104016.59954545455,216977.59
merch54668@okhdfcbank,19.655172413793103,39,101467.1879310345,260800.2
merch54678@okicici,24.17241379310345,45,227747.84068965516,443139.87
merch5470@oksbi,20.46875,43,141632.66875,427975.44
merch54740@axl,16.75,33,172693.92791666667,269613.37
merch5474@axl,20.72,39,324812.80439999996,771415.1
merch54787@okhdfcbank,18.0,37,254888.204,464321.9699999999
merch54790@axl,17.14814814814815,36,261711.55814814815,554764.94
merch54817@okhdfcbank,17.88,36,206125.15,382200.68000000005
merch54832@ybl,15.045454545454545,29,72746.79545454546,180367.85
merch54839@okicici,18.344827586206897,35,351322.9224137931,566323.1599999999
merch5487@axl,21.151515151515152,43,420224.05757575756,694838.9199999999
merch5487@ybl,18.23076923076923,35,216291.75076923074,453522.37000000005
merch54884@paytm,17.448275862068964,34,120454.48206896555,244047.20000000004
merch54900@paytm,16.53846153846154,34,161934.7919230769,376327.01
merch54942@ybl,20.633333333333333,40,184164.84933333332,464727.22
merch54952@okicici,18.896551724137932,40,277751.9203448276,611768.98
merch54952@paytm,16.833333333333332,33,213455.97458333333,470874.19
merch54968@paytm,16.192307692307693,32,67511.02576923076,154182.7
merch54974@okicici,17.0,35,254016.82240000003,527495.14
merch54987@ybl,16.51851851851852,33,243199.79703703706,521197.78
merch55017@paytm,18.347826086956523,35,184757.97043478262,409317.88
merch55020@ybl,17.533333333333335,37,107547.05366666666,242076.19
merch55021@okicici,19.766666666666666,37,87072.92966666668,180909.44
merch55030@oksbi,15.5,34,450444.5114285714,707435.4700000001
merch55033@oksbi,19.387096774193548,39,226283.68,389908.42
merch55051@axl,19.666666666666668,39,124364.80600000001,360547.53
merch55056@oksbi,14.818181818181818,35,188985.27045454548,364868.48999999993
merch5507@oksbi,15.166666666666666,35,196496.3075,499228.37
merch55081@ybl,15.846153846153847,34,80940.91807692309,143877.78
merch55091@oksbi,15.222222222222221,34,144923.6914814815,285634.99
merch55112@paytm,15.857142857142858,33,218704.1539285714,464991.97
merch55145@oksbi,17.192307692307693,36,327405.69153846154,587427.22
merch55176@okhdfcbank,15.318181818181818,31,126348.80727272727,400117.9
merch55203@axl,19.130434782608695,38,231822.98956521743,316624.94000000006
merch55210@ybl,19.433333333333334,38,312719.7156666667,445872.65
merch5521@okhdfcbank,15.35,29,435874.03900000005,652838.9800000002
merch5522@axl,14.26086956521739,32,382016.3473913044,757193.28
merch55235@ybl,20.771428571428572,45,61439.172,152634.67000000004
merch55240@okhdfcbank,19.28,35,462036.16359999997,761021.38
merch55240@paytm,16.59090909090909,30,187968.6340909091,334478.68
merch55281@ybl,20.85185185185185,39,443007.61962962965,828960.7600000001
merch55288@axl,23.733333333333334,48,149109.50166666665,296850.49
merch55306@ybl,9.642857142857142,19,15779.922142857144,34793.62
merch55313@oksbi,18.875,37,118327.62666666666,315901.48
merch55327@axl,21.956521739130434,38,191762.7269565217,258792.47999999995
merch55337@axl,23.205882352941178,44,121703.12970588235,187763.32
merch55348@okhdfcbank,14.95,29,135833.67,230398.08
merch55359@oksbi,14.294117647058824,25,397914.73,679084.5300000001
merch55391@ybl,16.896551724137932,35,293759.93000000005,530064.25
merch5539@okhdfcbank,15.2,30,85585.7948,108622.11
merch55431@okhdfcbank,9.642857142857142,19,85391.6507142857,154067.85
merch55431@okicici,14.608695652173912,28,121026.7743478261,265156.72
merch55435@okhdfcbank,10.38888888888889,21,27011.259444444444,53451.42
merch5544@okicici,14.214285714285714,25,254311.14214285716,378362.63
merch55453@okicici,21.620689655172413,41,224464.6551724138,559791.27
merch55459@axl,13.277777777777779,25,213094.5255555556,461213.83
merch55462@ybl,19.933333333333334,39,55220.98166666667,109844.3
merch55471@axl,11.631578947368421,24,134520.78894736842,392968.21
merch55479@paytm,14.173913043478262,30,215815.06391304347,407223.85
merch55486@okicici,16.434782608695652,31,220834.75130434782,483628.1999999999
merch55499@oksbi,15.875,31,173496.22958333333,262741.43000000005
merch55504@ybl,14.925925925925926,31,111155.23740740739,228073.97
merch55512@oksbi,16.05,33,101045.15449999999,144625.58
merch55515@paytm,15.592592592592593,31,99185.84333333334,250068.76
merch55532@axl,20.5,41,266184.50299999997,614770.3400000001
merch55583@okhdfcbank,15.708333333333334,32,433540.325,745470.99
merch55587@paytm,15.619047619047619,28,82475.50476190477,210021.14
merch55592@okhdfcbank,20.25925925925926,39,216767.26481481481,412867.35
merch55606@paytm,18.576923076923077,41,309516.5992307692,458321.89
merch55610@ybl,19.814814814814813,37,184478.67888888888,339224.79
merch55641@ybl,12.5,24,183215.30777777778,335141.68
merch55643@ybl,20.84375,42,71685.1365625,244312.24
merch55649@oksbi,21.733333333333334,44,332513.712,587187.3999999999
merch55679@axl,19.6,38,189980.14359999998,420077.08
merch55681@oksbi,15.928571428571429,33,190945.60107142857,485382.13
merch55698@okhdfcbank,16.142857142857142,34,296055.7276190476,375013.31
merch55699@okicici,22.970588235294116,45,227550.68088235296,323218.39
merch55714@oksbi,18.692307692307693,38,200931.88653846152,294759.9
merch55715@okhdfcbank,15.304347826086957,29,39234.244782608694,68643.95
merch55754@oksbi,18.821428571428573,37,106351.89142857143,249900.03
merch55774@paytm,15.5625,28,114170.06437499999,316139.14
merch55777@ybl,13.263157894736842,28,189421.86315789472,246980.71
merch55781@okhdfcbank,15.9,29,106361.49350000001,231839.29000000004
merch55795@okhdfcbank,19.0,38,300944.3209375,646475.6299999999
merch55800@ybl,11.545454545454545,19,137766.17363636364,228295.05000000005
merch55808@okhdfcbank,15.56,33,158861.66280000002,323893.23
merch55812@okhdfcbank,19.2,36,130206.3116,214225.48
merch55818@okicici,17.076923076923077,33,87770.565,186544.55
merch55820@ybl,21.153846153846153,40,208999.20846153845,561870.76
merch55836@okhdfcbank,19.423076923076923,37,436780.9661538461,813771.3799999999
merch55841@axl,22.392857142857142,42,212545.86142857143,385415.43
merch55843@paytm,24.296296296296298,45,365033.9244444445,525630.0999999999
merch55850@ybl,17.68,35,120909.60519999999,259442.35
merch55862@oksbi,12.4,26,93285.132,144885.7
merch55895@axl,19.387096774193548,39,148891.94677419358,393644.75
merch55909@paytm,16.952380952380953,35,261820.95904761902,453950.17
merch55913@oksbi,17.615384615384617,36,397742.7119230769,755477.51
merch55918@axl,17.26086956521739,38,281963.5256521739,637647.13
merch55933@oksbi,13.0625,25,98648.12875,257425.98
merch55941@paytm,20.91176470588235,41,151176.72411764707,311474.95
merch55957@paytm,15.142857142857142,28,161919.77809523809,283889.86
merch5595@paytm,17.833333333333332,34,301931.78375,395191.04999999993
merch56008@okhdfcbank,21.375,39,203800.36125,309344.1400000001
merch5600@ybl,17.96551724137931,38,142682.13137931033,251208.80000000005
merch56013@okicici,22.194444444444443,46,128355.62583333334,207729.45
merch5601@axl,18.48148148148148,34,262348.5722222222,379571.87
merch56034@ybl,19.848484848484848,41,347215.7384848485,630789.36
merch56037@oksbi,23.25925925925926,42,184653.71555555557,566015.5
merch56038@okicici,23.0,46,326280.7940625,668979.3800000001
merch56043@oksbi,14.692307692307692,33,203030.68461538464,492417.83
merch56046@ybl,15.6,31,39783.577000000005,94158.45
merch56090@okhdfcbank,19.88235294117647,39,152559.80205882355,378323.64
merch56097@ybl,19.08823529411765,39,162979.53588235294,370009.7799999999
merch56103@okhdfcbank,14.814814814814815,29,96573.63148148147,233625.86
merch56165@ybl,13.954545454545455,27,182583.5209090909,392878.48
merch56175@okicici,11.5,21,213221.1825,348231.6699999999
merch56178@oksbi,17.607142857142858,34,41623.11607142857,159222.78000000003
merch56188@axl,20.12121212121212,40,142024.12181818183,319990.93000000005
merch56197@oksbi,11.736842105263158,22,278786.36631578946,658007.4800000001
merch56208@ybl,19.59259259259259,37,330356.96222222224,445536.12
merch56214@ybl,26.21951219512195,53,208847.76219512196,373221.24
merch56215@axl,16.703703703703702,37,213194.61185185186,616494.3800000001
merch56235@okicici,24.75,49,144966.93812500002,356426.4
merch56240@axl,18.2,34,399356.5132,871099.62
merch56256@axl,17.304347826086957,35,165292.12043478264,633684.8900000001
merch56262@okicici,15.727272727272727,30,140619.5618181818,198005.07
merch5629@okicici,15.44,30,50319.01,106003.25999999998
merch56304@oksbi,19.285714285714285,37,557423.5414285715,832746.0000000001
merch56309@paytm,16.38095238095238,29,425551.2776190476,830687.3300000001
merch56313@paytm,18.791666666666668,33,254817.3633333333,343462.36999999994
merch56329@ybl,19.6875,41,226750.993125,382352.57000000007
merch56332@ybl,18.678571428571427,37,114007.9892857143,336544.01
merch56333@okicici,17.304347826086957,34,167646.97913043477,328921.15
merch56342@okicici,20.25,43,195585.2353125,525795.37
merch56361@okicici,16.38095238095238,33,171623.85904761904,221007.06
merch56372@okhdfcbank,18.84375,36,117011.38,267551.37
merch56398@axl,15.0,31,89522.171,240434.5
merch56406@okicici,20.962962962962962,41,450121.9496296297,844389.64
merch56412@oksbi,18.258064516129032,38,267973.83258064516,653921.55
merch56413@oksbi,13.904761904761905,29,92540.32999999999,123325.09
merch56416@okhdfcbank,19.23076923076923,38,184355.98730769227,489612.2799999999
merch56420@okhdfcbank,21.76,40,302168.2352,431682.36
merch5642@axl,16.85185185185185,38,131163.94925925924,233418.49
merch56430@axl,16.93103448275862,35,234203.99620689658,501769.52
merch56438@paytm,21.5,39,473682.00749999995,631070.48
merch56467@okhdfcbank,19.03846153846154,33,468527.55923076917,683912.05
merch56476@paytm,15.36,30,137419.1292,268464.99
merch56491@okhdfcbank,15.714285714285714,32,269359.4033333333,380949.7
merch56499@oksbi,24.09375,45,199864.46968749998,354294.50999999995
merch56517@oksbi,14.4,30,130443.6572,169269.56
merch56535@axl,20.074074074074073,40,308930.95,561707.8
merch56535@okhdfcbank,20.391304347826086,40,273512.9086956522,475770.32
merch56578@paytm,15.652173913043478,29,46027.08565217391,152504.08000000002
merch56597@oksbi,18.53125,40,89236.78031249999,385264.42
merch56598@oksbi,18.821428571428573,34,176830.08107142858,454248.9900000001
merch56618@okhdfcbank,16.333333333333332,32,432048.0718518518,685602.1799999999
merch56619@ybl,18.423076923076923,36,612155.6169230769,883382.65
merch56685@oksbi,15.238095238095237,30,189503.87142857144,323461.84
merch56696@okhdfcbank,18.64516129032258,36,182144.50935483875,359365.8600000001
merch56701@okhdfcbank,15.380952380952381,30,173276.07333333336,450001.4900000001
merch56710@okicici,19.304347826086957,34,98366.42173913043,167253.02
merch56715@ybl,13.818181818181818,28,220657.2159090909,316346.52
merch56723@okicici,13.409090909090908,32,129188.53000000001,250258.96
merch56735@paytm,16.2,31,184124.0548,257231.17
merch56744@ybl,23.575757575757574,45,543800.7990909091,1033374.0
merch56773@paytm,12.238095238095237,26,71124.54809523809,167647.31
merch56775@axl,17.74074074074074,35,335875.32444444444,548543.3500000001
merch56779@okicici,35.75,73,163684.54057692306,318502.08
merch56812@okhdfcbank,16.166666666666668,34,129918.67833333332,331644.74
merch5681@oksbi,23.03846153846154,42,223906.54807692306,556446.34
merch56822@ybl,24.7027027027027,49,269224.3997297297,717018.87
merch56831@oksbi,18.535714285714285,38,105093.04071428571,179008.04
merch56839@okicici,21.870967741935484,45,351687.17064516124,881942.9099999999
merch56842@axl,20.041666666666668,38,175816.71833333335,397058.29999999993
merch56852@okhdfcbank,16.5,31,115905.41909090908,197868.53
merch56892@okicici,19.535714285714285,39,445407.0007142857,760525.8899999999
merch56904@ybl,22.22222222222222,39,328578.84777777776,668745.2799999998
merch56916@paytm,33.372093023255815,64,449924.7727906977,869282.3500000001
merch56919@okicici,16.653846153846153,32,118486.73423076923,200869.84000000003
merch56942@okicici,21.8,41,300505.9853333334,468119.35
merch56983@okhdfcbank,18.192307692307693,36,304312.6726923077,503739.34
merch57006@paytm,14.619047619047619,29,101399.48142857144,225642.41
merch57023@okicici,19.25,38,131689.6825,282182.26
merch57049@okhdfcbank,18.72,37,369804.67760000005,848820.2700000001
merch57050@okicici,19.464285714285715,37,158674.72642857142,276335.33
merch57063@axl,13.38888888888889,26,107505.57444444444,158604.14
merch57078@okhdfcbank,23.0,45,516108.3232258064,1040343.0499999998
merch57087@paytm,20.612903225806452,40,366200.4977419355,690345.86
merch57088@okhdfcbank,18.678571428571427,37,218627.60964285716,419555.98
merch57105@okicici,21.142857142857142,39,233663.81392857147,323800.03
merch57126@ybl,19.434782608695652,36,129823.61086956524,340557.48
merch57132@axl,22.0,40,451088.35185185185,668693.69
merch57141@ybl,16.115384615384617,32,82781.58115384614,248767.42
merch57143@okhdfcbank,21.513513513513512,42,167182.28135135135,351049.35
merch57144@oksbi,18.96153846153846,36,519782.7880769231,906802.19
merch57147@oksbi,17.17391304347826,33,112605.2504347826,238398.16
merch57152@paytm,20.2,41,226490.81479999996,600414.89
merch57160@oksbi,16.956521739130434,33,321040.47173913044,427456.19
merch57165@paytm,17.136363636363637,33,405769.64136363636,676410.18
merch57172@oksbi,20.192307692307693,36,345830.53730769234,615039.11
merch57196@ybl,14.842105263157896,28,81766.18210526316,161186.83000000002
merch57210@paytm,14.157894736842104,28,403504.25,606705.5599999999
merch5721@okhdfcbank,14.473684210526315,28,154320.12789473683,279721.64
merch57224@ybl,15.68,31,121239.59919999998,320304.8399999999
merch57234@ybl,19.322580645161292,38,313863.2577419355,593170.4900000001
merch5723@okicici,15.958333333333334,32,215538.19083333333,355699.17000000004
merch57249@ybl,18.964285714285715,36,349516.2553571429,650027.3799999999
merch57251@okicici,14.19047619047619,31,121721.22952380951,345010.0
merch57289@oksbi,15.583333333333334,30,112176.69875,160531.71
merch57298@ybl,15.478260869565217,32,319693.92130434787,455153.25
merch57305@okicici,21.833333333333332,47,225142.7416666667,589023.2200000001
merch57306@axl,18.666666666666668,38,125392.33933333334,203352.73000000004
merch57309@okicici,14.954545454545455,31,281448.5527272727,504905.19
merch57317@okhdfcbank,19.095238095238095,35,343695.32952380955,554628.5
merch57319@okicici,15.08695652173913,30,99018.81521739131,184427.89
merch57321@okicici,23.516129032258064,45,424638.29741935484,711217.48
merch57332@paytm,18.142857142857142,35,203394.59285714285,261422.2
merch57333@paytm,21.85185185185185,41,284627.86185185186,697365.4099999999
merch57377@okicici,17.857142857142858,30,87260.71285714286,153529.86000000002
merch57381@oksbi,21.612903225806452,45,251767.18483870965,534374.6499999999
merch57388@axl,17.870967741935484,38,39924.41870967742,112171.55
merch57416@oksbi,13.714285714285714,28,97208.01571428572,349461.31000000006
merch57422@paytm,15.608695652173912,29,171942.27347826087,350157.87999999995
merch57437@ybl,15.238095238095237,29,197881.4361904762,328319.04
merch5743@paytm,12.272727272727273,24,192679.88363636367,362294.34
merch57441@oksbi,20.04,38,150410.456,319269.02
merch5746@okicici,19.214285714285715,38,197762.94535714286,381745.01
merch57485@okicici,15.875,34,67340.00583333334,182784.22
merch57488@okicici,16.82608695652174,31,262114.02826086959,392868.37
merch57503@axl,19.166666666666668,38,539992.75625,811448.4099999999
merch57521@okhdfcbank,13.55,26,177420.26750000002,450465.64
merch5752@okhdfcbank,19.23076923076923,42,279905.41576923075,501485.05
merch57539@ybl,17.193548387096776,34,465954.94032258063,948046.23
merch57550@okhdfcbank,16.08,35,208371.0248,333587.71
merch57561@ybl,20.363636363636363,37,391750.8354545454,630835.7799999999
merch57578@oksbi,19.166666666666668,40,301314.0686666667,545315.1100000001
merch57586@axl,16.275862068965516,37,239672.26034482758,516174.12
merch57588@paytm,19.304347826086957,36,210797.2695652174,479403.22
merch5758@axl,15.368421052631579,30,244861.88473684213,375731.7400000001
merch57614@ybl,11.894736842105264,26,134668.71842105262,572113.74
merch57624@axl,15.8125,29,266372.83,418416.13
merch57625@okicici,18.181818181818183,34,295362.56636363635,492290.91
merch57630@oksbi,18.96153846153846,39,196292.6903846154,412206.9
merch57680@okhdfcbank,13.434782608695652,28,270123.38434782607,376940.91
merch57690@okicici,10.375,23,230585.3525,507264.51
merch57738@okicici,19.59259259259259,39,80182.22037037036,155557.86
merch57751@axl,20.03448275862069,43,216187.2520689655,719902.4899999999
merch57764@oksbi,14.380952380952381,29,149485.76904761908,333368.55
merch57790@okicici,21.3,42,89521.52833333334,154022.47
merch57795@okicici,20.242424242424242,41,122361.99727272728,272625.53
merch57795@paytm,15.590909090909092,29,197246.39590909096,242765.3
merch5782@okhdfcbank,19.20689655172414,38,263893.9565517242,526437.83
merch57831@okhdfcbank,19.26923076923077,35,296943.52499999997,519296.5099999999
merch57831@oksbi,16.38888888888889,30,99052.76944444445,119034.72
merch57869@ybl,16.666666666666668,32,161735.63041666668,353937.09
merch57878@okhdfcbank,15.368421052631579,29,103467.69842105263,192412.66
merch5787@axl,20.483870967741936,40,211769.0193548387,437596.35
merch5789@paytm,22.11111111111111,40,266395.5407407407,421120.44
merch57902@oksbi,21.464285714285715,42,128307.61785714285,280624.31
merch57908@okhdfcbank,14.05,28,85809.4655,160326.27999999997
merch57921@okhdfcbank,20.70967741935484,43,116738.36419354839,375710.69
merch57921@paytm,20.70967741935484,39,294788.3490322581,457304.98999999993
merch57922@ybl,17.88888888888889,34,270349.7055555555,405617.8899999999
merch57955@okicici,16.95,33,156921.25250000003,297729.14
merch57959@axl,19.655172413793103,37,224307.24689655172,395354.69
merch57965@ybl,13.25,26,225762.609,448336.72
merch57967@paytm,16.185185185185187,33,212976.89666666667,423076.1500000001
merch57971@paytm,16.0,31,82013.5173076923,183413.83999999997
merch57977@ybl,20.25,39,217244.65785714288,385985.0500000001
merch57982@axl,22.09090909090909,44,71905.54636363636,135154.61999999997
merch57987@ybl,22.0625,43,350705.49843750003,581651.34
merch57997@paytm,18.96969696969697,39,232383.48757575758,379976.47
merch5799@okicici,23.64516129032258,42,529150.5590322581,698146.2999999999
merch58013@paytm,19.322580645161292,38,247843.83935483868,433830.56
merch58026@okhdfcbank,24.6875,46,243335.67,391171.4700000001
merch58033@axl,14.842105263157896,31,253392.88789473684,443171.18000000005
merch5803@okhdfcbank,14.291666666666666,27,124315.27875,331065.74000000005
merch58042@oksbi,17.037037037037038,34,240714.24407407406,471305.16
merch58055@oksbi,17.857142857142858,36,117949.40285714285,242928.12
merch58065@paytm,17.5,32,155097.49227272728,207420.59000000003
merch58072@axl,13.45,29,125140.6085,173792.46999999997
merch58103@paytm,19.666666666666668,36,186852.15185185187,425723.50000000006
merch58114@axl,20.096774193548388,40,86150.19483870968,166751.86000000002
merch58135@ybl,18.88888888888889,36,175914.34222222224,477145.32
merch58154@ybl,13.91304347826087,31,192754.45652173914,624122.05
merch58184@ybl,16.0625,30,186411.72375,357918.39
merch58193@oksbi,15.11111111111111,29,224743.3327777778,353076.66000000003
merch58205@oksbi,18.785714285714285,38,119335.25035714285,213656.75
merch58225@okicici,15.75,32,215230.68821428568,354687.73
merch58228@okicici,20.846153846153847,39,183687.4734615385,425557.45000000007
merch58230@oksbi,16.818181818181817,33,267073.2468181818,420925.2
merch58254@axl,14.333333333333334,28,141984.40125,231113.28
merch58255@oksbi,11.11111111111111,22,102664.27388888889,180167.64
merch58255@paytm,13.85,26,73470.189,192709.82
merch58263@okicici,15.208333333333334,31,287908.12,515700.2100000001
merch58266@okhdfcbank,14.91304347826087,33,44341.48869565217,78257.69
merch58268@paytm,17.52173913043478,33,94326.14608695653,166881.34000000003
merch58277@okicici,14.714285714285714,28,97076.42,274259.08
merch58290@paytm,20.870967741935484,40,226825.03741935483,520883.41
merch58290@ybl,21.275862068965516,46,187853.32344827586,366707.74
merch58295@okhdfcbank,18.233333333333334,37,79086.81366666667,140848.46
merch58298@ybl,18.1,36,213322.521,575647.12
merch58300@oksbi,15.5,32,370636.0136363636,677385.2
merch58320@axl,22.88235294117647,45,140155.09,356149.71
merch58324@paytm,18.434782608695652,36,255599.59173913044,413349.67
merch58326@oksbi,8.2,15,49659.057,91174.84
merch58331@paytm,20.46153846153846,38,246133.9376923077,569694.43
merch58333@okhdfcbank,18.814814814814813,36,82832.88666666666,163242.56
merch58353@oksbi,18.08,37,268419.8088,558143.81
merch58371@ybl,22.03030303030303,45,269408.9287878788,402527.61
merch58389@axl,22.8125,44,227497.2740625,699202.9499999998
merch5838@okhdfcbank,18.607142857142858,35,241311.97464285715,488460.62
merch58391@paytm,18.821428571428573,38,134875.76285714286,219043.77
merch58396@ybl,17.9,36,104437.0335,367800.14
merch58427@oksbi,16.807692307692307,33,262571.6380769231,540878.73
merch58429@okhdfcbank,21.75,42,316225.9596875,471073.94000000006
merch58435@okicici,19.434782608695652,35,239906.67695652175,352058.53
merch58443@okhdfcbank,13.470588235294118,25,84676.44647058824,100486.2
merch58450@ybl,15.076923076923077,30,75869.75807692307,127465.98
merch58467@oksbi,19.17391304347826,34,323094.81478260865,712637.9899999999
merch58505@oksbi,15.5,26,212118.67111111112,370063.64
merch58520@okhdfcbank,15.26086956521739,33,42585.62260869565,90015.92
merch58558@okicici,18.379310344827587,39,360466.9655172414,601696.18
merch58563@okicici,17.807692307692307,39,121947.51576923077,324570.97000000003
merch58572@ybl,12.615384615384615,23,22837.548461538463,79979.55
merch5858@paytm,17.59259259259259,40,78477.55370370371,234002.76
merch5860@okicici,10.61111111111111,21,57285.109444444446,70915.01
merch5861@okhdfcbank,16.285714285714285,33,164213.79904761905,360154.36
merch58645@okhdfcbank,11.166666666666666,24,97438.64722222222,173199.9
merch58693@oksbi,15.652173913043478,34,56263.48,161601.75
merch58694@paytm,25.0,50,262521.8011111111,687294.21
merch58702@paytm,19.272727272727273,34,168090.7081818182,335279.5200000001
merch5870@okhdfcbank,17.166666666666668,35,151867.474,367151.43
merch58728@paytm,16.923076923076923,33,367271.4026923077,615309.11
merch58737@oksbi,13.15,28,96968.12950000001,267287.66000000003
merch58755@ybl,18.6,35,78778.3788,154933.61000000002
merch58784@paytm,16.75,31,190150.4625,432227.54
merch58788@okhdfcbank,24.52777777777778,47,472144.2369444445,1030370.23
merch58797@axl,18.56,37,218155.03,480088.0
merch58805@paytm,18.161290322580644,35,222964.77967741934,496482.82
merch58849@oksbi,22.483870967741936,42,177808.35516129032,307925.32
merch58879@axl,19.304347826086957,35,249487.4513043478,436803.66
merch58889@oksbi,18.363636363636363,36,128358.85772727273,357808.64
merch58911@paytm,14.136363636363637,27,229914.4468181818,455906.11
merch58924@oksbi,13.578947368421053,30,51825.29263157895,95530.27
merch58926@ybl,17.863636363636363,32,181996.15818181817,314186.31
merch58935@okhdfcbank,22.444444444444443,47,232870.94851851853,404745.02
merch58941@paytm,21.363636363636363,45,113949.70757575758,259565.64000000004
merch58954@okicici,15.785714285714286,32,92065.35714285714,302861.79
merch58955@oksbi,20.782608695652176,37,159892.63043478262,253958.43000000005
merch58966@paytm,15.235294117647058,28,33034.66764705883,54078.94000000001
merch5897@paytm,16.2,34,115428.5744,400062.48999999993
merch58981@okicici,15.85,28,188488.55349999998,311948.51
merch58995@axl,19.75,40,533455.8909374999,669537.95
merch5899@paytm,16.272727272727273,32,56571.42818181818,269264.98
merch59001@okicici,22.228571428571428,42,168371.82342857143,342307.92999999993
merch59013@paytm,16.428571428571427,32,378627.27857142856,477342.82
merch59017@okicici,14.052631578947368,30,84963.89684210527,137178.41
merch5901@okhdfcbank,19.043478260869566,41,234692.79086956524,433309.56000000006
merch59027@okhdfcbank,14.166666666666666,30,73259.86708333333,198039.1
merch59046@okhdfcbank,17.607142857142858,39,132512.17035714287,245989.6
merch59049@okicici,20.666666666666668,39,376513.31375000003,717880.1400000001
merch59051@okhdfcbank,19.6,39,328729.66333333333,731594.15
merch59065@okhdfcbank,14.947368421052632,27,307937.77,405784.52
merch59070@oksbi,17.074074074074073,39,188435.99555555556,400544.86
merch59073@paytm,20.181818181818183,38,167106.8640909091,521588.33
merch59097@ybl,24.53846153846154,43,167648.4092307692,364313.44
merch59122@ybl,22.53125,43,205670.13156249997,401457.76
merch59139@paytm,21.866666666666667,42,225164.846,379462.00000000006
merch59168@axl,21.142857142857142,41,351300.9637142857,652714.0999999999
merch59171@paytm,23.466666666666665,46,698734.935,1300648.68
merch59175@ybl,12.4,25,96399.96133333333,173131.96
merch59176@axl,14.421052631578947,27,208068.4857894737,349589.80999999994
merch59177@okicici,12.555555555555555,28,183172.5527777778,465783.4
merch59185@paytm,22.724137931034484,41,274192.1572413793,421914.64
merch59186@okicici,17.894736842105264,34,220486.40315789473,339036.37
merch59188@oksbi,13.157894736842104,25,85680.23789473684,178619.76
merch59194@ybl,19.84375,40,133552.92781249998,380886.9900000001
merch59204@oksbi,15.136363636363637,31,302886.595,771392.6999999998
merch59209@okicici,16.321428571428573,34,105234.72857142857,191073.00000000003
merch5920@paytm,17.5,36,108008.93625000001,343776.96
merch59220@okhdfcbank,18.137931034482758,36,432325.94,760326.9199999999
merch59228@ybl,21.666666666666668,39,213454.49833333332,294994.27
merch59249@paytm,20.466666666666665,38,149276.658,258559.6
merch59260@ybl,16.541666666666668,31,224700.78333333333,508305.31
merch59282@oksbi,11.952380952380953,23,21461.295238095237,59741.17
merch5930@okhdfcbank,12.863636363636363,28,87968.53636363636,207109.69
merch59326@ybl,13.875,27,26331.897083333333,104832.13
merch59334@okicici,13.647058823529411,25,106660.84235294118,198154.61
merch59348@okhdfcbank,20.523809523809526,37,211639.09428571427,358978.85999999987
merch5934@axl,19.44,38,152065.496,268192.37000000005
merch59360@ybl,15.0,28,304064.8047368421,459452.63000000006
merch59390@paytm,16.136363636363637,32,368480.5109090909,693830.0999999999
merch59391@okhdfcbank,22.482758620689655,41,186710.9951724138,566686.48
merch59397@okicici,19.74074074074074,37,94261.18962962962,183031.83
merch59415@ybl,18.214285714285715,39,236355.61642857143,519425.45
merch5942@oksbi,16.166666666666668,34,63562.11208333333,134772.3
merch59434@oksbi,19.82608695652174,38,404939.3382608696,549828.14
merch59465@oksbi,14.38888888888889,26,415196.30055555556,737067.6599999999
merch59473@okhdfcbank,14.0,29,159234.3561904762,523115.81
merch59479@ybl,20.1,38,193222.81366666668,478040.58
merch59507@okhdfcbank,13.368421052631579,28,26176.721052631583,90420.61
merch59513@ybl,14.285714285714286,30,236332.06,518647.67
merch59528@paytm,18.17241379310345,36,198453.68620689656,410835.66
merch59535@okicici,15.2,31,197629.7988,361364.13
merch59552@okhdfcbank,20.586206896551722,41,331585.90724137926,753117.5800000001
merch59565@ybl,7.181818181818182,17,64945.737272727274,123926.41
merch59574@ybl,19.3,38,119509.42399999998,218625.23
merch59581@okicici,17.607142857142858,35,166318.73678571428,460160.99
merch59582@paytm,14.333333333333334,31,92900.28,442419.28
merch59584@paytm,17.666666666666668,35,165673.4903703704,415304.6
merch59596@paytm,23.0,42,234078.96214285717,368314.96
merch5959@okhdfcbank,18.76923076923077,35,129419.32923076923,216881.4
merch5959@oksbi,9.882352941176471,20,127578.79882352942,276629.29
merch59600@okhdfcbank,19.3,34,178409.032,485162.69
merch59609@ybl,14.26086956521739,30,55695.257826086956,103823.52999999998
merch59616@paytm,10.307692307692308,19,49782.230769230766,80340.87000000001
merch59618@oksbi,21.5,47,235779.91375,511213.68000000005
merch59620@okhdfcbank,18.62962962962963,38,74640.36037037037,293693.22
merch59630@axl,13.952380952380953,32,68619.32142857143,224606.93
merch59639@okicici,17.916666666666668,32,49769.31125,84841.07
merch59650@axl,15.818181818181818,28,132898.02,283906.9
merch5965@okicici,18.25,34,322850.29916666663,478040.75
merch59676@oksbi,20.705882352941178,42,220478.12852941174,624893.2399999999
merch59704@okhdfcbank,13.541666666666666,27,102931.93083333333,259869.02
merch59730@okhdfcbank,10.923076923076923,19,71570.74692307692,115714.12
merch59735@okicici,15.583333333333334,33,103056.61125,344843.12999999995
merch59739@ybl,18.0,36,351454.91206896555,541396.8800000001
merch59745@oksbi,15.791666666666666,29,315281.8204166666,479728.9599999999
merch59764@ybl,14.76,30,162444.9256,297493.81999999995
merch59765@okhdfcbank,18.766666666666666,38,89751.46266666666,147996.92
merch59770@paytm,25.685714285714287,46,141116.73257142855,250812.53999999995
merch59786@oksbi,11.722222222222221,22,135399.87944444444,251786.89
merch59791@axl,16.68421052631579,30,236674.90052631582,399965.92
merch59792@ybl,17.535714285714285,39,355850.9775,641972.6299999999
merch59799@okicici,18.0,36,169789.46666666667,371249.08
merch59813@oksbi,13.666666666666666,26,292916.5833333333,454838.44
merch59817@okhdfcbank,15.0,27,354805.21444444446,694597.78
merch5983@oksbi,14.833333333333334,25,198756.83333333334,255913.41000000003
merch59841@axl,13.0,27,115838.63764705883,243575.09
merch59855@axl,23.22222222222222,49,163717.76638888888,502423.6400000001
merch59860@oksbi,14.653846153846153,29,79339.39961538462,246418.17
merch59900@paytm,19.821428571428573,37,212994.9042857143,388244.16
merch59906@oksbi,14.705882352941176,30,222720.0364705882,355302.14
merch59914@paytm,14.041666666666666,27,164096.58874999997,322776.25999999995
merch59915@ybl,16.185185185185187,32,106750.89407407408,162747.93
merch59920@oksbi,14.391304347826088,34,145303.46956521738,298455.59
merch5992@ybl,16.0,31,92555.02095238095,161686.17
merch59940@axl,18.428571428571427,37,149882.81892857142,381409.03
merch59945@paytm,18.16,37,372273.2716,708730.6999999998
merch59951@okicici,15.45,27,74141.357,134196.41000000003
merch59951@paytm,17.63157894736842,33,137961.4415789474,266924.80000000005
merch59956@okicici,16.523809523809526,30,102613.1880952381,326006.11000000004
merch59968@okhdfcbank,11.863636363636363,25,95159.56909090909,165162.89
merch59973@paytm,11.45,29,113013.55499999998,276027.5300000001
merch59981@okhdfcbank,16.96,34,276648.8864,479006.61
merch60003@paytm,15.24,32,239030.1816,364100.36
merch60004@okicici,19.285714285714285,38,45537.34785714286,178084.18
merch6000@okhdfcbank,16.96,34,247626.99440000003,541385.72
merch60019@axl,17.964285714285715,35,64970.205,167925.82000000004
merch60021@axl,18.1875,37,142013.3921875,353045.64
merch60051@axl,15.8,31,148350.09680000003,346948.3700000001
merch60066@paytm,11.666666666666666,24,178225.95944444445,257244.36
merch6008@okicici,14.185185185185185,30,247366.11666666667,554724.9099999999
merch60090@paytm,19.14814814814815,38,180651.49333333335,387318.98
merch60119@okhdfcbank,22.041666666666668,41,237075.50541666665,513314.38
merch60145@oksbi,25.774193548387096,45,97341.55032258065,217373.59
merch6015@ybl,17.17241379310345,35,216907.03,380285.9699999999
merch60169@axl,19.892857142857142,42,103747.23821428571,224520.25
merch60183@okhdfcbank,16.620689655172413,34,189435.48896551726,396714.2
merch60184@paytm,14.615384615384615,31,164353.79846153845,564747.9999999999
merch60185@paytm,18.44,38,174031.40560000003,429811.14
merch60196@okhdfcbank,19.68,36,142029.9696,288421.36999999994
merch60201@axl,13.133333333333333,24,91872.12733333332,148895.0
merch60204@okhdfcbank,16.68,35,342675.3136,613978.9000000001
merch60204@okicici,15.291666666666666,31,257917.35166666668,523445.07000000007
merch60220@okhdfcbank,15.666666666666666,32,181839.16583333336,377036.9900000001
merch60220@okicici,17.814814814814813,38,217440.26185185183,299336.84
merch60223@okhdfcbank,18.48,38,193503.486,373560.8
merch60225@okhdfcbank,12.526315789473685,27,211774.03578947368,457091.26
merch60228@axl,15.434782608695652,31,131510.5847826087,196591.69
merch60231@okicici,15.727272727272727,34,89258.50545454546,265134.78
merch60232@okhdfcbank,18.903225806451612,38,141903.67677419353,336063.99
merch60241@ybl,14.227272727272727,31,141300.97,431034.99
merch60261@ybl,17.142857142857142,33,262099.30333333334,359464.97
merch60262@axl,19.193548387096776,38,232156.5748387097,366383.75
merch60263@paytm,14.64,31,76530.9788,152142.02999999997
merch60267@ybl,18.083333333333332,35,208696.5825,345360.81999999995
merch6027@oksbi,20.466666666666665,40,109206.284,371753.44
merch6028@oksbi,13.666666666666666,32,260122.91611111112,460687.16
merch60303@ybl,18.26923076923077,39,123929.2576923077,263690.04
merch60314@oksbi,18.304347826086957,38,341372.3391304348,694579.9
merch60315@axl,16.12,33,173755.018,358962.1
merch60321@axl,14.923076923076923,30,230216.07115384613,442889.79
merch60331@paytm,18.87878787878788,38,158757.76606060605,331724.96
merch60332@ybl,16.208333333333332,36,174023.98666666666,383842.25
merch60353@paytm,21.615384615384617,39,276424.575,461696.47
merch6037@okicici,20.428571428571427,37,341549.9260714286,595705.4200000002
merch60395@axl,20.70967741935484,39,158866.77193548385,204754.33000000005
merch60402@ybl,19.53846153846154,41,154719.42538461537,418579.78
merch60414@ybl,14.461538461538462,31,263393.19115384616,530805.9
merch60426@okhdfcbank,15.842105263157896,31,158534.62421052632,346146.10000000003
merch60430@axl,17.25,35,166128.98142857145,290034.63
merch60453@axl,17.964285714285715,36,189505.3692857143,512691.36
merch60478@ybl,15.72,30,173997.72559999998,242926.23
merch60486@okhdfcbank,17.17241379310345,35,56617.63689655173,133997.73
merch60488@oksbi,18.11764705882353,36,86522.43117647058,179217.22999999998
merch60507@okicici,18.59090909090909,32,287443.0822727273,493706.91
merch60526@okicici,13.263157894736842,24,222327.63789473684,294835.43
merch60534@okhdfcbank,19.782608695652176,38,124641.65434782607,235073.9
merch60538@ybl,19.71875,41,318901.4428125,719520.07
merch60547@axl,19.448275862068964,37,300217.31413793104,633436.26
merch6054@oksbi,17.821428571428573,36,223447.8382142857,549252.13
merch60556@oksbi,14.954545454545455,32,166891.00363636363,439068.89
merch60577@paytm,18.52173913043478,35,261178.2795652174,556253.59
merch60592@oksbi,21.620689655172413,45,153145.59310344828,505263.9
merch60607@okhdfcbank,15.761904761904763,31,82563.32476190476,214407.93
merch60611@axl,17.72222222222222,33,158060.84888888887,388111.68
merch60612@paytm,21.485714285714284,44,195182.1765714286,506894.32000000007
merch60613@ybl,20.517241379310345,39,118609.68103448275,214213.6
merch60615@paytm,15.433333333333334,33,208555.08266666668,365235.13
merch60618@axl,18.25,39,174507.39357142858,350779.56
merch60618@paytm,14.647058823529411,29,66711.31470588235,131242.32
merch60629@oksbi,17.366666666666667,36,131471.733,354416.3
merch60630@okhdfcbank,17.375,32,140427.1625,186033.34000000003
merch60660@okicici,16.88,34,189889.8852,485961.29
merch60668@oksbi,11.6,22,130827.17733333333,217425.62
merch60670@okhdfcbank,21.296296296296298,41,205669.42518518516,332455.55
merch60673@okhdfcbank,19.448275862068964,41,250507.54448275862,765541.82
merch60682@ybl,20.90909090909091,41,78955.30606060606,293164.52
merch60683@paytm,21.0,39,315024.255,596192.8400000001
merch60696@paytm,18.846153846153847,39,184977.75,349651.32000000007
merch60719@axl,15.68,31,271088.9368,614859.5200000001
merch60720@okicici,18.5,37,85843.51000000001,174862.88999999998
merch60739@paytm,15.842105263157896,29,141009.18210526314,175158.37999999998
merch60757@axl,23.057142857142857,45,449915.9185714285,708549.6
merch60784@okhdfcbank,19.035714285714285,36,295364.83535714285,772663.01
merch60789@okhdfcbank,13.0,25,135126.97235294117,260394.01
merch60789@paytm,14.461538461538462,34,231988.38999999998,435899.3599999999
merch60790@paytm,15.56,31,114456.99879999999,316970.5799999999
merch60799@paytm,16.92,36,96302.48,187110.15
merch60801@okicici,10.6875,20,27627.89125,46375.170000000006
merch60810@axl,15.869565217391305,30,117498.2047826087,237647.86
merch60817@paytm,14.708333333333334,30,117773.10083333333,238685.15
merch60819@paytm,17.071428571428573,36,157871.00178571427,387260.88
merch60821@oksbi,17.545454545454547,33,171791.16045454546,373249.72
merch60834@okhdfcbank,18.233333333333334,38,372915.4953333333,772969.5099999999
merch6084@okhdfcbank,20.97222222222222,46,213276.89944444445,556212.3699999999
merch60870@axl,20.65714285714286,44,212848.8874285714,595111.6099999999
merch60886@paytm,17.333333333333332,32,81529.06333333334,153353.11
merch60912@axl,20.057142857142857,44,95274.85800000001,341528.12000000005
merch60919@axl,18.392857142857142,37,98909.45214285715,363425.53
merch60949@ybl,18.678571428571427,36,256177.45821428573,560041.2899999999
merch60954@oksbi,20.87878787878788,42,135651.29484848486,266720.1
merch60965@okhdfcbank,17.607142857142858,35,63926.06035714286,114538.71
merch60967@ybl,16.62962962962963,32,158858.0822222222,386972.17
merch60998@axl,18.416666666666668,36,83741.20375,182639.63
merch61002@oksbi,18.28,34,268947.2528,703759.4600000001
merch61012@okhdfcbank,19.392857142857142,35,163566.76464285716,281208.4
merch61012@okicici,23.060606060606062,45,291230.51575757575,441307.4
merch61021@axl,20.448275862068964,41,120062.21034482759,383566.38000000006
merch61022@ybl,24.434782608695652,43,316058.7704347826,506708.89
merch61029@paytm,21.0,41,290577.53862068965,556486.85
merch61040@paytm,20.48148148148148,39,273210.1833333333,489106.3699999999
merch61044@ybl,20.03448275862069,41,322700.8103448276,776293.5599999999
merch61046@ybl,15.068965517241379,32,194624.36,536594.27
merch61062@oksbi,21.310344827586206,39,165099.9572413793,269811.0
merch61067@okicici,19.458333333333332,41,53401.698333333334,151562.49999999997
merch61098@okhdfcbank,13.1,27,77409.773,388633.91
merch61135@okhdfcbank,18.724137931034484,38,101977.84034482761,328045.9700000001
merch61167@okicici,17.416666666666668,33,285266.48000000004,532293.5800000001
merch61197@axl,13.227272727272727,25,57394.02909090908,145775.65
merch61200@oksbi,21.08823529411765,40,164974.65588235293,292536.86
merch61252@paytm,15.304347826086957,30,276081.2773913044,462325.1500000001
merch61262@oksbi,13.318181818181818,29,197159.545,383867.18000000005
merch61263@ybl,21.967741935483872,43,253793.93612903228,428371.99
merch61282@okhdfcbank,15.090909090909092,31,193280.7540909091,293314.31
merch61285@ybl,19.419354838709676,40,127241.36677419355,367449.41
merch61301@oksbi,14.36,30,323168.55199999997,574883.2699999999
merch61304@okicici,17.333333333333332,36,191425.05142857146,434837.26000000007
merch61308@okicici,18.566666666666666,40,408211.8756666667,976239.82
merch61309@ybl,17.307692307692307,34,127760.82346153847,461061.27
merch61314@ybl,14.9,28,133743.30950000003,170574.48
merch6131@paytm,15.56,32,111216.7932,187097.68
merch61342@ybl,18.774193548387096,39,198873.41193548386,244784.69
merch61360@okicici,22.36,40,204908.6948,584611.8300000001
merch61369@okhdfcbank,17.043478260869566,32,341320.67869565217,531016.13
merch61385@okhdfcbank,15.76923076923077,33,202370.71192307692,477139.25
merch61436@oksbi,17.73076923076923,33,121984.26384615384,275348.41
merch61438@axl,19.571428571428573,39,86207.37785714286,241089.10999999996
merch61466@okhdfcbank,19.444444444444443,35,299834.7837037037,427588.44
merch61482@okhdfcbank,12.666666666666666,27,96704.65428571429,168939.30999999997
merch61483@okicici,19.72,41,185571.2468,567328.1399999999
merch61496@axl,15.464285714285714,31,262511.8567857143,380778.62
merch6149@ybl,24.857142857142858,44,303508.77107142855,568472.16
merch61506@okicici,19.48,37,311360.61880000005,484165.68
merch61521@oksbi,22.90909090909091,42,234291.48515151514,450821.21
merch61523@ybl,16.571428571428573,33,179757.43476190476,378258.5500000001
merch61526@paytm,15.296296296296296,31,239282.0988888889,404371.97
merch61530@axl,17.275862068965516,33,89476.09827586207,253653.02
merch61558@axl,22.76,41,178911.8612,333179.69
merch61582@paytm,21.310344827586206,41,524546.5265517242,907858.37
merch61587@ybl,21.185185185185187,42,189685.98074074072,342501.55
merch61598@okicici,18.962962962962962,40,133039.75333333333,208346.75
merch61611@paytm,12.5,28,67148.809,247101.01
merch61616@oksbi,19.307692307692307,36,206992.21846153846,368093.37
merch61639@oksbi,20.25,46,103515.40861111111,395642.37
merch61658@oksbi,18.96153846153846,36,366405.6330769231,505518.03
merch61664@axl,20.413793103448278,41,198356.5044827586,507000.51
merch61666@ybl,16.8,31,268729.399,488827.09
merch61669@okicici,13.608695652173912,33,141378.59304347823,232120.23
merch6166@axl,18.379310344827587,41,233619.0720689655,507345.61
merch61683@axl,15.0,33,45897.76666666666,99211.04
merch61684@axl,20.2,43,356474.3396,762248.38
merch61709@okicici,18.862068965517242,38,120791.23413793104,298010.84
merch6171@axl,19.88888888888889,35,404864.9655555556,673290.79
merch61721@axl,15.695652173913043,30,118238.69217391303,204813.24
merch61746@oksbi,20.53846153846154,39,232601.36461538463,462805.58
merch61750@axl,12.4,24,82432.641,241214.33
merch61752@oksbi,21.529411764705884,45,267936.5852941177,576812.16
merch61760@okicici,16.88,33,256377.73320000002,517578.81
merch6177@paytm,27.2,50,181805.3757142857,307914.99
merch61784@oksbi,20.5,41,369058.8544117647,583079.6200000001
merch61796@oksbi,17.482758620689655,37,140773.35310344826,369007.86
merch61797@paytm,18.266666666666666,35,144787.70533333335,341437.53
merch61805@oksbi,17.4,36,379130.4036,740871.4700000001
merch61820@paytm,19.071428571428573,38,330246.6871428572,710711.5499999999
merch61840@ybl,24.5,49,385610.00974999997,721266.66
merch61848@okhdfcbank,18.448275862068964,36,118478.70275862068,185779.59000000003
merch61857@axl,13.476190476190476,28,95856.08238095237,262921.49999999994
merch61873@ybl,14.0,30,221818.81949999998,406905.85
merch61886@okicici,22.59375,43,384761.0165625,706570.6199999999
merch61895@ybl,14.384615384615385,31,95783.8946153846,327380.35
merch61940@okicici,20.25,43,242877.94999999998,390770.07
merch61945@okhdfcbank,16.875,34,237064.05041666667,570548.29
merch61955@oksbi,14.851851851851851,31,207865.51962962965,276908.15
merch61964@ybl,16.192307692307693,35,122822.41115384617,395337.14
merch61972@ybl,17.96153846153846,37,135969.45115384617,247839.97
merch61985@okhdfcbank,20.482758620689655,40,204273.84413793104,504965.7400000001
merch62005@okicici,14.666666666666666,31,70159.12333333332,169601.09
merch62040@axl,16.17241379310345,35,317471.02103448275,579438.15
merch62050@paytm,11.153846153846153,20,72066.24923076924,159221.40000000005
merch62064@okhdfcbank,16.318181818181817,33,90426.92227272727,316427.51
merch62072@ybl,20.61111111111111,40,240056.2736111111,444301.27
merch6207@ybl,14.8,30,85081.49519999999,188051.19
merch62086@ybl,19.63157894736842,33,258093.01578947366,379732.97
merch62102@paytm,23.28205128205128,51,223210.30846153846,569418.64
merch62104@ybl,14.357142857142858,25,77555.38428571429,209298.15
merch62109@paytm,13.411764705882353,27,134607.61705882355,304854.14
merch62134@ybl,14.9,26,37308.76899999999,74178.94999999998
merch62177@ybl,16.82608695652174,35,101838.70521739131,197826.94000000003
merch62196@axl,16.346153846153847,32,199220.67653846153,430984.79
merch62196@paytm,18.037037037037038,35,205495.1374074074,454198.9900000001
merch62201@oksbi,16.40909090909091,33,77819.74227272728,113916.75
merch62217@oksbi,8.11111111111111,22,28960.77888888889,102082.39
merch62248@oksbi,11.166666666666666,29,164799.51777777777,467197.87
merch62271@paytm,21.884615384615383,39,264887.765,440315.92
merch62273@okhdfcbank,18.23076923076923,34,243614.0546153846,502756.89
merch62274@axl,19.741935483870968,41,328110.8522580645,516223.91
merch62284@paytm,19.576923076923077,40,222348.63499999998,665879.78
merch62289@axl,12.722222222222221,23,93314.10555555554,159269.62999999995
merch62292@ybl,17.896551724137932,38,149114.83379310343,385844.16
merch62321@okhdfcbank,13.25,26,106734.93625,214652.48
merch62330@axl,20.875,42,108202.47218750001,317721.24
merch62331@paytm,12.882352941176471,29,181096.98823529412,589884.3899999999
merch62336@okicici,16.44,34,104854.0184,236076.98
merch62339@ybl,17.48,35,145932.8576,363820.23999999993
merch62340@okhdfcbank,23.64516129032258,46,258843.43322580645,726726.89
merch62351@okhdfcbank,18.033333333333335,37,241996.03366666666,532566.3099999999
merch62404@ybl,15.625,30,50545.11000000001,153404.36000000002
merch62410@axl,15.285714285714286,33,122471.98142857142,310643.9
merch62415@oksbi,14.916666666666666,29,116780.67,409926.69000000006
merch62417@paytm,19.925925925925927,41,307474.1088888889,466609.98
merch62455@okhdfcbank,23.035714285714285,43,332487.83142857143,513417.13
merch62455@ybl,20.782608695652176,38,273361.3904347826,489057.6
merch62457@oksbi,15.7,30,84269.245,181888.27999999997
merch62471@axl,16.46153846153846,32,271228.4061538462,729014.84
merch62477@paytm,16.25,33,228721.368125,314623.03
merch6250@paytm,12.6,25,123190.759,226443.95
merch62518@okicici,19.225806451612904,41,229960.5770967742,381463.3000000001
merch62526@axl,17.70967741935484,37,92474.01741935484,190084.16
merch62561@paytm,15.15,28,182331.98849999995,379967.77
merch62572@oksbi,15.76923076923077,32,176833.46923076923,433158.64
merch62585@okicici,20.29032258064516,41,248579.43032258065,449706.19
merch62589@ybl,20.41176470588235,39,156317.21176470586,296898.8899999999
merch62600@paytm,15.294117647058824,27,241493.9623529412,309007.45
merch62608@okicici,13.428571428571429,24,242271.66214285715,348823.42
merch62671@paytm,16.074074074074073,33,39398.49,204412.15
merch6267@ybl,20.2,38,160881.2516,328201.4
merch62683@okicici,14.31578947368421,26,142517.37578947368,243321.1
merch62684@oksbi,12.25,27,151958.49850000002,331015.62
merch62690@oksbi,18.47826086956522,37,185561.99434782608,316035.8
merch62700@okicici,14.130434782608695,28,253672.15130434782,352905.48
merch62710@okicici,20.03125,41,91280.4178125,205076.16
merch62717@paytm,17.185185185185187,36,213025.84,408392.06000000006
merch6271@okicici,10.5625,22,217508.161875,403738.03
merch62724@okhdfcbank,15.526315789473685,30,107123.67947368421,242368.69
merch62726@okhdfcbank,16.22222222222222,34,126683.5251851852,298768.21
merch6272@ybl,15.36,30,48101.9404,170211.55
merch62739@okhdfcbank,16.75,34,86538.06428571428,180965.38
merch62743@oksbi,22.228571428571428,50,126541.43657142858,333904.02
merch62779@oksbi,25.18421052631579,51,254258.63263157898,479436.3
merch6277@axl,20.636363636363637,42,143640.6209090909,321850.69
merch62794@paytm,31.48936170212766,64,390256.6931914893,728894.99
merch6279@paytm,14.5,27,259475.6705,681235.98
merch6280@axl,15.0,31,40130.91272727273,249632.73
merch62810@oksbi,14.4,29,61320.114,162278.28000000003
merch62829@ybl,13.0625,26,134518.06,400035.87
merch62852@paytm,10.733333333333333,21,386799.87200000003,698773.21
merch62854@paytm,18.85185185185185,39,206024.3737037037,341693.4499999999
merch6285@ybl,14.476190476190476,29,94807.23238095238,329304.21
merch62888@oksbi,17.863636363636363,36,217959.03181818183,377300.87
merch62897@paytm,15.619047619047619,34,125427.98809523809,246898.43
merch62902@okhdfcbank,16.25,36,208508.54357142857,275753.01
merch62915@okicici,24.074074074074073,46,250527.13814814814,629615.9700000001
merch62926@axl,16.85185185185185,34,236701.9148148148,488042.9
merch62934@okicici,10.4,21,179430.78333333333,383964.59
merch62978@ybl,19.85185185185185,37,177639.89666666667,367140.54
merch63001@okhdfcbank,14.666666666666666,30,166649.77000000002,359654.88
merch63002@ybl,20.96969696969697,46,457892.73242424236,594198.7399999998
merch63014@ybl,13.391304347826088,27,71701.9395652174,152672.16
merch63019@paytm,21.97142857142857,45,174494.20057142858,292816.37999999995
merch6302@oksbi,16.11111111111111,36,219031.8262962963,358766.96
merch63059@axl,17.64516129032258,38,55892.9035483871,253876.27
merch6305@okicici,17.413793103448278,37,127859.34931034483,352456.36000000004
merch63072@ybl,18.962962962962962,38,122639.67629629628,203124.63
merch63077@oksbi,16.321428571428573,33,183552.39142857143,410277.76
merch63103@paytm,21.379310344827587,39,327974.48,402741.1
merch6310@ybl,16.076923076923077,34,107664.12346153846,217966.37
merch63110@axl,18.964285714285715,36,178638.44571428574,349111.44
merch63126@okhdfcbank,16.0,34,105976.99,403825.35
merch63129@okhdfcbank,20.192307692307693,35,73220.74230769232,95622.57
merch63150@oksbi,20.52,36,320753.9272,444954.52
merch63151@axl,11.88888888888889,25,14295.966111111113,63363.490000000005
merch6315@okicici,14.789473684210526,28,94253.10684210526,282915.16
merch63167@okicici,15.04,33,298830.38920000003,599994.74
merch6316@okicici,16.857142857142858,31,96819.37071428573,344611.63000000006
merch63175@oksbi,21.852941176470587,43,229847.71470588236,380385.4900000001
merch63185@ybl,14.625,29,153013.37916666668,398831.1
merch63197@okicici,25.774193548387096,46,294606.4167741935,529689.03
merch63233@axl,21.314285714285713,44,146539.2637142857,432860.9100000001
merch63235@axl,19.606060606060606,40,143109.88121212122,261213.08
merch63239@ybl,15.391304347826088,34,195005.9808695652,368185.69
merch63244@paytm,16.565217391304348,31,124144.35739130434,252875.09999999995
merch63245@okhdfcbank,16.8,37,109509.60600000001,223706.60000000003
merch63257@okhdfcbank,16.357142857142858,35,156590.77571428573,247765.37
merch63278@paytm,13.958333333333334,31,300986.42083333334,607033.0399999998
merch63286@paytm,18.464285714285715,39,314436.40392857144,573523.6499999999
merch63293@axl,17.095238095238095,36,170907.4719047619,351476.36
merch63294@okicici,14.055555555555555,26,218411.9561111111,323839.68000000005
merch63303@axl,15.434782608695652,31,270712.9056521739,427165.23
merch63325@oksbi,13.153846153846153,29,136578.26,223509.45
merch63349@okicici,19.296296296296298,40,166121.9274074074,384388.79
merch63355@ybl,18.3125,38,287638.0684375,429168.23
merch63398@okicici,15.6,29,200818.8348,547078.2
merch63399@oksbi,18.807692307692307,36,149596.19961538463,340797.92000000004
merch63402@oksbi,19.862068965517242,39,546773.1827586207,803694.41
merch63408@okhdfcbank,13.533333333333333,27,92050.80333333333,183676.15
merch63423@oksbi,13.875,26,358502.23625,552792.0599999998
merch63425@axl,17.22222222222222,36,187321.44666666668,375630.55
merch63444@paytm,12.333333333333334,28,257087.74250000002,634542.8500000001
merch63461@oksbi,19.333333333333332,40,135458.68555555554,284013.24
merch63473@ybl,13.409090909090908,27,296884.73454545456,616481.15
merch63495@axl,22.814814814814813,43,250655.5011111111,559368.6100000001
merch63497@okicici,16.428571428571427,30,216543.65190476194,311070.77
merch6349@axl,14.4375,28,196367.79562500003,408347.8200000001
merch63552@paytm,21.193548387096776,43,439049.9016129033,779612.5100000001
merch63580@ybl,17.64,34,182970.0868,408936.32
merch63624@axl,20.6875,41,143314.349375,273627.24999999994
merch6362@ybl,21.681818181818183,37,261145.25227272726,506870.48
merch6363@paytm,17.458333333333332,34,192871.13083333333,306941.43
merch6364@okhdfcbank,17.193548387096776,38,291341.75483870966,481505.51
merch63651@oksbi,18.88,45,82055.4932,277301.53
merch63670@axl,18.03846153846154,35,141840.39230769232,318207.38
merch63679@okicici,12.68421052631579,27,351854.81315789477,569850.68
merch63683@axl,19.14814814814815,37,265257.96851851855,416059.98
merch63708@paytm,16.64,33,78672.61480000001,143273.45
merch63713@oksbi,18.347826086956523,37,85514.95652173914,254310.09
merch63714@ybl,30.23913043478261,59,208097.53130434782,539872.2
merch63723@ybl,15.0,32,107861.66772727272,285984.96
merch63726@okicici,24.59259259259259,47,158745.20222222223,268977.05
merch63744@axl,17.68,32,63479.356799999994,146899.01
merch63758@axl,15.217391304347826,30,131949.04347826086,206168.1
merch6375@okhdfcbank,23.34285714285714,43,115639.468,404906.75
merch63771@okhdfcbank,14.894736842105264,29,181788.34157894738,421152.61
merch6378@paytm,17.192307692307693,36,144992.62038461538,358671.77
merch63798@okhdfcbank,18.678571428571427,35,102045.15285714286,145305.24000000002
merch63805@paytm,18.482758620689655,37,188750.68413793104,441020.54
merch6380@axl,17.652173913043477,35,250313.02391304346,534719.0399999999
merch63813@okicici,15.681818181818182,30,190014.76045454544,300787.3099999999
merch63814@ybl,21.266666666666666,41,145769.99899999998,365835.5
merch63851@okicici,18.035714285714285,40,202889.30178571428,349012.60000000003
merch6385@paytm,16.571428571428573,31,257980.7557142857,450080.97
merch63866@ybl,13.105263157894736,24,213601.5421052632,370930.13
merch63873@axl,14.777777777777779,27,188325.86055555556,384564.96
merch63878@ybl,21.153846153846153,38,280319.33,521458.51
merch63881@paytm,11.61111111111111,25,205520.62944444444,378793.16
merch63886@okhdfcbank,24.161290322580644,48,154685.78580645163,233027.02
merch63898@axl,16.0,32,68008.32199999999,133345.32
merch63906@ybl,17.75862068965517,34,223153.23206896553,309314.83
merch63907@okicici,19.848484848484848,42,223168.67606060606,408902.96
merch63919@okicici,15.08,32,66970.132,250885.16000000003
merch6392@okhdfcbank,20.692307692307693,41,286250.05653846153,548136.01
merch63931@axl,19.692307692307693,37,247266.1953846154,654527.5
merch63958@paytm,18.043478260869566,34,330469.3839130435,721750.3099999999
merch63968@paytm,16.8,33,97762.65159999998,227702.27
merch63969@okhdfcbank,20.114285714285714,43,335180.6685714285,842067.3099999998
merch63969@ybl,16.615384615384617,34,121939.10192307692,374845.71
merch63979@oksbi,14.714285714285714,30,161046.30714285714,283134.36000000004
merch6397@okicici,16.84,33,251992.8048,417889.74
merch63982@paytm,20.25,42,236192.15343749998,563313.6899999998
merch63985@oksbi,17.923076923076923,35,94960.56730769231,201659.09
merch63995@axl,19.26923076923077,34,348521.31076923077,485511.91
merch63995@okhdfcbank,23.2,42,314935.0173333333,516485.67
merch63996@oksbi,19.5,34,83994.20115384615,273000.02
merch64001@axl,13.894736842105264,30,65513.62052631579,142638.74
merch64023@okicici,17.96,34,380871.5136,895238.7400000001
merch64038@oksbi,19.52,38,168947.09600000002,315965.06000000006
merch64043@paytm,22.90909090909091,45,136616.61727272728,448531.42999999993
merch6404@oksbi,16.08695652173913,31,142581.49869565218,256568.86
merch64059@okhdfcbank,11.6,24,216000.61799999996,632174.41
merch64081@oksbi,31.763157894736842,55,385065.9342105263,577507.6799999998
merch64083@oksbi,19.958333333333332,38,214748.61916666667,575424.21
merch64090@okhdfcbank,20.555555555555557,39,423145.5081481482,651732.7700000001
merch64094@okicici,12.210526315789474,25,50087.85263157894,76408.35
merch64103@okicici,17.181818181818183,31,31199.55590909091,87657.33
merch64115@oksbi,17.928571428571427,36,173348.13428571427,365389.94000000006
merch64123@ybl,24.384615384615383,42,337584.65769230766,606743.6900000001
merch64130@ybl,9.375,19,143624.6825,300989.9
merch6413@axl,20.75,38,164639.28285714288,277872.43000000005
merch64140@oksbi,15.4,33,271686.00680000003,606968.3900000001
merch64165@paytm,18.9375,40,113878.00906250002,248203.78
merch64165@ybl,15.5,34,160621.9377272727,407541.07
merch64172@oksbi,15.285714285714286,30,153295.86047619046,355975.42000000004
merch64175@paytm,22.205882352941178,43,101481.6888235294,217215.81
merch64176@okicici,21.580645161290324,43,228821.62451612906,387670.61
merch64179@okicici,19.24,37,254700.3084,452936.45
merch64184@paytm,22.925,45,230037.77325,417682.44
merch64190@axl,20.0,37,382157.1687096774,630877.73
merch64202@axl,15.72,33,186113.6528,511558.35
merch64203@ybl,16.125,32,155431.0125,202724.03
merch64209@oksbi,22.176470588235293,41,279004.7741176471,512079.85
merch64219@axl,20.161290322580644,38,235305.3364516129,507340.93
merch64232@ybl,16.235294117647058,32,135987.69470588234,265272.0
merch64238@oksbi,19.551724137931036,39,340598.82034482755,470854.41
merch64265@paytm,23.551724137931036,46,112688.19103448276,183715.57
merch64281@ybl,14.96,31,348827.2488,628077.2200000001
merch64294@ybl,22.176470588235293,44,76553.71117647058,171349.71999999997
merch64303@axl,20.866666666666667,40,44818.702000000005,117420.04
merch64308@ybl,14.05,30,102540.859,216421.18
merch64327@paytm,22.0,44,261946.63178571427,630576.5899999999
merch6432@okhdfcbank,24.43243243243243,49,288861.6043243243,626022.41
merch64332@paytm,14.478260869565217,30,133822.43173913046,267362.3400000001
merch64372@okicici,21.441176470588236,43,193938.0488235294,351258.54
merch64379@oksbi,19.724137931034484,40,95622.24344827587,359302.15
merch64401@axl,23.03125,44,321028.13375,547338.3999999999
merch64410@oksbi,17.333333333333332,32,220245.53666666665,355385.97
merch64411@oksbi,15.0,31,193320.85590909093,466729.88
merch64427@okicici,13.904761904761905,30,102169.65476190476,194776.25000000003
merch6443@ybl,18.807692307692307,36,49039.564999999995,138985.24
merch6446@oksbi,17.28,36,291366.898,522021.54
merch64474@okhdfcbank,16.962962962962962,33,341787.65518518514,497241.45
merch64528@paytm,17.82608695652174,37,110688.19956521741,280114.69000000006
merch6452@paytm,14.333333333333334,26,454207.4983333333,608484.8799999998
merch64545@axl,21.896551724137932,44,203112.41827586206,489971.66
merch64554@axl,18.57894736842105,35,225097.95157894737,437157.69
merch64560@paytm,19.5,35,278214.5391666666,433175.38
merch64576@oksbi,25.63888888888889,53,473871.9808333333,785126.37
merch64594@okhdfcbank,12.954545454545455,26,141061.64636363636,254349.57
merch64620@axl,15.130434782608695,34,59479.918695652166,126287.07
merch64620@oksbi,17.666666666666668,33,137448.86666666667,265116.53
merch64627@oksbi,17.566666666666666,36,127588.54133333333,231851.46
merch6462@ybl,18.551724137931036,36,389166.40413793107,567778.2600000001
merch64652@okicici,19.925925925925927,37,359646.6840740741,598984.25
merch6465@okicici,12.7,27,111168.32349999998,355743.01
merch64721@okhdfcbank,16.76,35,65892.69,126089.92
merch64763@oksbi,17.17241379310345,37,301652.10931034485,703027.83
merch64766@okhdfcbank,14.473684210526315,27,300516.41368421057,482762.86
merch64783@oksbi,16.8,33,223638.42440000002,342268.55
merch64788@oksbi,22.03030303030303,45,217556.4187878788,400069.19
merch64797@oksbi,16.482758620689655,35,170287.48379310343,333798.64
merch64804@okicici,21.78125,41,568852.2546875001,905401.73
merch64805@axl,16.25925925925926,33,137548.12814814816,358660.6
merch64815@okicici,17.1,33,127855.02333333335,264318.35
merch64825@oksbi,17.91304347826087,36,434241.99000000005,912947.71
merch64830@oksbi,16.925925925925927,36,54129.451111111106,94933.25
merch64853@axl,18.482758620689655,36,203762.79103448277,380851.87
merch64867@ybl,17.0,36,99941.14,186771.92
merch64874@okhdfcbank,20.7027027027027,44,175272.92243243242,394442.75000000006
merch64908@oksbi,17.80952380952381,32,82123.99333333333,128411.58
merch64910@axl,23.44,41,242592.03880000004,384924.62
merch64924@okhdfcbank,17.347826086956523,33,237410.6965217391,416459.81
merch64925@okicici,18.045454545454547,36,21503.33,76905.96
merch64944@ybl,21.029411764705884,40,247216.4194117647,494025.08
merch64960@oksbi,20.884615384615383,38,387531.9773076923,560008.0700000001
merch64964@axl,15.24,35,174790.90879999998,551604.17
merch64967@okhdfcbank,17.4,33,220858.07240000003,492573.09
merch64969@okicici,15.263157894736842,29,53935.52421052632,116590.1
merch64983@ybl,17.28,35,137808.4792,269076.41
merch65005@okicici,15.954545454545455,32,136780.01727272727,214139.77
merch65006@paytm,18.464285714285715,38,205208.5392857143,457779.1699999999
merch65014@axl,21.0,41,444440.8268571428,771411.5499999999
merch65022@paytm,15.217391304347826,29,297945.75999999995,559569.36
merch65037@okhdfcbank,15.444444444444445,31,112189.785,518055.04
merch65038@okhdfcbank,17.29032258064516,35,265600.44903225807,696934.9900000001
merch65042@paytm,16.045454545454547,30,350880.77,771416.6000000001
merch65054@ybl,16.956521739130434,35,87737.91391304349,195893.55
merch65057@paytm,15.333333333333334,28,293892.2519047619,507417.48
merch65067@okicici,18.23076923076923,36,94502.32923076923,235936.71
merch65079@oksbi,20.705882352941178,41,154273.58294117646,407704.9
merch65141@okicici,20.636363636363637,43,83375.63454545454,307527.54
merch65162@axl,15.464285714285714,31,161552.4060714286,331590.22000000003
merch65165@ybl,16.807692307692307,33,154976.0753846154,311406.8400000001
merch65175@axl,9.375,18,37264.368125,209814.94
merch65198@ybl,13.954545454545455,29,118973.0790909091,257167.03
merch65264@paytm,16.541666666666668,32,112586.90333333334,269607.8
merch65270@oksbi,20.384615384615383,36,192572.52884615384,367962.87000000005
merch65274@okicici,18.384615384615383,39,405096.3676923077,769168.92
merch65274@paytm,25.89189189189189,51,203439.03837837838,488163.15
merch65289@ybl,11.5,22,29852.0245,64164.12
merch65320@ybl,16.05263157894737,27,155566.42315789475,331331.34
merch65334@ybl,19.344827586206897,39,476175.9389655172,618122.0799999998
merch65366@paytm,12.533333333333333,23,89272.50666666667,152806.91000000003
merch65367@okicici,19.741935483870968,41,131330.77322580645,253483.38
merch65385@oksbi,17.620689655172413,39,284242.4544827586,637684.0399999999
merch6539@ybl,15.375,32,77049.02208333333,137675.19999999998
merch65409@paytm,12.473684210526315,25,195781.73736842108,644400.6700000002
merch65435@oksbi,13.571428571428571,27,462512.41380952386,959457.86
merch6543@axl,20.25925925925926,39,174594.55703703704,425319.53
merch6543@okicici,11.61111111111111,23,255980.36000000002,346735.23000000004
merch65442@ybl,18.166666666666668,37,175475.35416666666,282251.36
merch65467@paytm,22.36,40,484459.9796,627699.4199999999
merch65471@paytm,23.16216216216216,46,211897.87432432434,395601.59
merch65480@ybl,23.763157894736842,46,292046.24236842105,410678.6700000001
merch65482@oksbi,19.296296296296298,40,110678.24962962964,180853.46
merch65509@okhdfcbank,36.264150943396224,74,203343.1303773585,460633.63
merch65512@paytm,17.375,37,175604.17041666666,332693.24000000005
merch65538@axl,15.88888888888889,31,186461.8874074074,441286.46
merch65541@okicici,19.833333333333332,41,152592.07166666668,269570.98000000004
merch65544@ybl,21.125,38,148715.57218750002,238392.25
merch65555@oksbi,20.387096774193548,39,109504.49612903225,202830.3
merch65557@ybl,21.625,41,216498.29843749997,389864.25
merch65558@okhdfcbank,20.11111111111111,41,146196.30444444445,381855.89
merch65575@oksbi,20.516129032258064,42,226431.265483871,480744.47
merch65587@ybl,18.06896551724138,34,57807.498275862075,136986.40000000002
merch65600@oksbi,17.448275862068964,37,115375.06206896553,349096.86
merch65649@okicici,14.882352941176471,30,115566.8494117647,341160.14
merch65666@axl,11.944444444444445,23,187563.8538888889,299314.75999999995
merch65703@axl,18.181818181818183,38,80889.69818181818,170707.43000000002
merch65708@paytm,16.153846153846153,31,316731.7265384616,462389.2400000001
merch65723@oksbi,20.04,38,13357.814000000002,28958.25
merch65736@okicici,19.423076923076923,39,242868.79846153848,518729.2400000001
merch65749@oksbi,19.869565217391305,38,375279.0943478261,510650.88
merch65771@okhdfcbank,18.84,36,73086.39280000002,101326.66000000002
merch65808@axl,14.227272727272727,29,42949.84136363636,94684.29
merch65854@okicici,21.03125,43,151308.4959375,421118.76000000007
merch65873@okhdfcbank,18.65625,37,237387.273125,398271.41
merch65874@paytm,21.9375,46,557930.078125,1037952.6800000002
merch65889@paytm,17.27777777777778,31,405511.35555555555,741892.32
merch65910@okicici,20.714285714285715,37,53586.89035714285,116680.68
merch65913@okicici,18.043478260869566,37,441775.3082608696,626061.4
merch65928@ybl,14.277777777777779,29,289798.07833333337,511511.0500000001
merch65930@paytm,15.714285714285714,32,157092.68714285715,285331.15
merch65934@paytm,15.130434782608695,28,285044.8634782609,471424.03
merch65967@ybl,15.631578947368421,30,202780.08789473685,361859.79
merch66020@ybl,15.375,32,281900.69708333333,397041.79
merch66029@paytm,16.82608695652174,33,116826.14695652174,397147.66
merch66064@axl,13.222222222222221,28,79696.68111111112,175210.11000000002
merch66074@okicici,20.586206896551722,40,265270.94655172416,505372.13
merch66092@paytm,17.363636363636363,35,149256.0190909091,423705.94000000006
merch66126@axl,20.137931034482758,41,148994.08172413794,288152.35
merch66158@paytm,17.904761904761905,35,57270.63380952381,117821.89
merch6615@oksbi,19.64,37,176598.7364,418964.97
merch66180@oksbi,12.761904761904763,25,100881.5461904762,171873.41
merch66195@ybl,20.5,45,162848.784,479936.27
merch66197@okhdfcbank,11.470588235294118,25,189701.57000000004,344808.27
merch66206@okicici,24.387096774193548,45,362783.1612903226,538376.17
merch66206@ybl,10.666666666666666,22,111827.99166666667,169877.38
merch6620@okhdfcbank,18.583333333333332,36,328853.3075,581274.66
merch66211@paytm,18.846153846153847,38,369283.7361538462,660727.97
merch66214@okhdfcbank,13.526315789473685,28,79329.46684210526,155998.81999999998
merch66223@axl,17.047619047619047,33,78995.74476190477,200855.43
merch66227@axl,14.105263157894736,29,68091.18315789473,233959.61
merch66228@oksbi,19.26086956521739,35,255349.4352173913,608706.42
merch66231@ybl,16.38095238095238,32,306824.6914285715,533942.73
merch66252@ybl,19.434782608695652,40,132557.16826086957,265822.65
merch66254@axl,16.045454545454547,30,266548.41954545456,491293.88
merch66262@ybl,17.90909090909091,35,362895.405,516245.23
merch66267@ybl,17.454545454545453,31,221294.9959090909,343984.9
merch66282@ybl,18.344827586206897,36,273681.94482758624,484995.1200000001
merch66283@ybl,16.541666666666668,34,102348.38583333335,288574.57
merch66285@axl,23.228571428571428,47,389982.0862857143,555039.86
merch66296@okicici,18.96153846153846,37,416650.26192307693,879709.5200000001
merch66308@axl,20.75862068965517,40,302316.87310344825,646660.6299999999
merch6630@oksbi,19.26086956521739,37,216495.47608695654,375156.66
merch66311@oksbi,16.48148148148148,38,165766.00037037037,376958.63
merch6631@ybl,22.607142857142858,43,426602.4971428571,777989.03
merch66365@paytm,17.96551724137931,37,57467.51068965517,91783.65
merch66382@okhdfcbank,20.125,41,71518.7234375,215226.36
merch66391@axl,17.875,34,261148.64416666667,482401.26
merch6639@paytm,19.448275862068964,38,249624.18413793104,495129.32000000007
merch66402@okicici,15.826086956521738,32,344877.46130434785,457381.79
merch66403@okicici,15.73076923076923,32,262428.7342307692,430711.52
merch66428@oksbi,16.666666666666668,35,151522.10166666665,493605.29
merch66435@oksbi,16.6,31,261660.8585,538099.0900000001
merch66439@paytm,11.5,24,23848.8035,39671.81
merch66470@okicici,20.625,43,460136.67375,850025.64
merch66471@paytm,20.25,35,70929.20749999999,104012.14
merch66488@axl,38.9811320754717,78,241925.260754717,680563.4099999999
merch66499@oksbi,21.857142857142858,42,275127.2457142857,428657.01
merch66510@axl,11.9375,24,128908.08437499999,227558.28
merch66524@ybl,17.0,36,262180.1426923077,475938.6400000001
merch66527@okhdfcbank,19.966666666666665,39,154936.69933333332,373467.07
merch66552@paytm,22.805555555555557,49,209556.36388888888,464975.16
merch66555@oksbi,17.071428571428573,34,113953.96428571429,283212.47
merch66560@ybl,14.904761904761905,30,175714.80190476193,308176.08
merch66563@axl,17.047619047619047,32,167033.85857142857,261469.48
merch6656@oksbi,12.76923076923077,22,338594.2607692307,443588.41
merch66604@axl,25.214285714285715,45,234455.4107142857,387563.76
merch66615@axl,20.96153846153846,40,264943.6511538461,394307.36
merch66623@okicici,12.789473684210526,27,230712.10105263157,561614.7800000001
merch66642@ybl,13.052631578947368,27,76505.44684210526,154782.56999999998
merch66667@okicici,21.515151515151516,46,233237.15878787878,516773.82
merch66671@oksbi,22.86842105263158,45,311345.11,479385.5200000001
merch66687@okhdfcbank,20.655172413793103,41,217987.74206896554,414962.63
merch66696@oksbi,24.3125,47,274517.8540625,589397.3200000001
merch66696@ybl,14.181818181818182,28,344321.695,673946.79
merch66700@okhdfcbank,18.12,35,109976.8392,245237.2500000001
merch66714@oksbi,20.4,39,297789.55833333335,567495.03
merch66781@oksbi,14.185185185185185,30,182750.14592592593,279225.96
merch66792@okhdfcbank,14.705882352941176,27,64806.94294117647,135853.75999999998
merch66836@oksbi,20.583333333333332,41,133011.74722222224,271031.25
merch66841@paytm,19.035714285714285,36,207658.86964285714,494196.38
merch66842@okicici,14.047619047619047,26,120409.26761904762,260385.06
merch66843@oksbi,19.24137931034483,38,243380.68310344827,373297.2299999999
merch66873@okhdfcbank,20.476190476190474,37,121577.32047619048,372219.29
merch66875@okhdfcbank,20.95,34,77995.4015,161223.72000000003
merch66883@okhdfcbank,18.5,36,310361.50076923077,483052.16
merch66898@ybl,19.703703703703702,36,247397.93703703702,373015.91
merch66907@ybl,16.64,31,395484.49799999996,578359.7799999998
merch66911@oksbi,20.571428571428573,37,206594.76,348783.03
merch6691@axl,14.481481481481481,32,263625.75740740745,739629.87
merch66941@okicici,17.814814814814813,36,161062.84074074074,417516.3
merch66950@axl,12.071428571428571,24,45912.817142857144,115389.36000000002
merch66958@ybl,10.076923076923077,19,51418.021538461544,128020.37
merch66961@okicici,21.896551724137932,45,79904.08000000002,279850.45000000007
merch66984@okhdfcbank,13.857142857142858,29,360080.0266666667,800182.37
merch66985@okhdfcbank,18.724137931034484,37,342764.0075862069,683191.4700000002
merch66994@oksbi,20.88235294117647,40,300405.06264705886,829084.22
merch67003@okhdfcbank,16.0,35,168632.71,369405.56
merch67008@okhdfcbank,17.68,36,215965.9752,583531.81
merch6700@okicici,15.31578947368421,28,58022.04157894737,103796.02
merch67013@paytm,19.208333333333332,35,216206.14041666666,490238.89
merch6702@ybl,15.318181818181818,32,274428.1063636364,437791.57
merch67046@okhdfcbank,18.3,37,121931.66566666665,373986.67999999993
merch6704@paytm,18.357142857142858,40,164281.1217857143,389162.15
merch67063@oksbi,21.06451612903226,39,163698.4335483871,322884.84
merch67084@okicici,18.903225806451612,39,99239.16870967743,250158.85
merch67087@okicici,15.076923076923077,32,48686.473461538466,159517.82
merch67103@axl,18.962962962962962,40,176943.75518518517,448323.38
merch67113@oksbi,26.22222222222222,52,260742.08250000002,380246.4
merch67130@paytm,15.7,33,132633.492,201295.57
merch67141@okicici,19.193548387096776,37,89899.09451612904,215928.89
merch6717@oksbi,18.464285714285715,36,400765.78750000003,797791.98
merch67189@okicici,18.25,32,49598.4915,76926.62999999999
merch67194@okicici,16.041666666666668,32,149371.52458333332,246335.77
merch67198@ybl,19.647058823529413,37,479316.0788235294,731910.1199999999
merch67236@okhdfcbank,24.0,46,344053.816,597259.4600000001
merch67252@okicici,19.607142857142858,38,117202.26464285715,286281.92000000004
merch6728@okicici,16.625,32,133764.73458333334,281302.47000000003
merch67313@oksbi,17.296296296296298,38,241577.51925925928,616637.93
merch67330@oksbi,12.263157894736842,28,116731.85789473684,235812.78
merch67332@paytm,20.892857142857142,38,259127.62107142856,319835.11
merch67399@okhdfcbank,19.26923076923077,35,256486.25307692308,396733.73
merch67404@okhdfcbank,18.87878787878788,37,95623.56757575758,269874.05000000005
merch67457@okicici,20.6,40,196461.4596,458765.7
merch67470@paytm,17.61904761904762,31,125432.94904761904,191189.12
merch67480@okicici,18.238095238095237,31,175555.11571428573,219162.88
merch67504@okicici,18.785714285714285,36,268756.40857142856,474737.98
merch67535@paytm,19.76923076923077,43,182258.3003846154,364007.68000000005
merch67538@okicici,19.5,40,78942.33846153846,151395.77000000002
merch67553@okhdfcbank,18.64,34,118432.21,204419.3
merch67555@paytm,19.47826086956522,35,80971.32173913044,204246.6
merch67558@axl,19.035714285714285,38,128498.47678571429,361472.35
merch67567@axl,15.421052631578947,26,108888.05473684211,172345.99
merch67600@oksbi,19.566666666666666,38,112237.15833333331,283172.67999999993
merch67612@paytm,19.066666666666666,39,296556.65766666667,540527.02
merch67634@oksbi,12.529411764705882,25,114162.37823529412,331640.37
merch67635@oksbi,15.375,31,325399.31958333333,509379.14
merch67640@okicici,15.166666666666666,31,260483.97166666668,892815.5900000001
merch67686@okicici,14.652173913043478,31,231629.09347826088,451460.56
merch6769@ybl,15.894736842105264,31,84792.62263157895,205403.52
merch67704@paytm,16.925925925925927,33,247594.1588888889,402995.26
merch67714@ybl,22.962962962962962,43,296973.1340740741,566950.42
merch67723@okicici,19.620689655172413,39,507332.751724138,1271492.96
merch67735@ybl,18.192307692307693,35,93364.67269230771,212588.66
merch67753@okhdfcbank,18.37037037037037,36,293800.40814814816,641943.24
merch67758@axl,22.515151515151516,46,81538.35424242425,154039.97999999998
merch6776@ybl,22.275862068965516,40,200967.6844827586,389961.92
merch67770@okicici,18.541666666666668,34,59934.712499999994,122919.7
merch67775@okicici,15.125,32,297112.8641666667,491250.15
merch67777@okicici,15.333333333333334,33,230653.93458333332,583375.4299999999
merch67778@okicici,16.333333333333332,32,265611.10041666665,365481.79
merch67780@oksbi,18.93548387096774,37,247930.84516129032,440280.94
merch67786@okicici,12.764705882352942,25,67843.47705882354,259177.23
merch67794@ybl,14.642857142857142,24,38278.20285714285,93586.15
merch67800@axl,22.6,42,330974.766,488385.67
merch67836@okhdfcbank,11.631578947368421,28,78740.04,230336.21
merch67846@oksbi,15.75,32,120371.33541666668,269171.67000000004
merch67861@paytm,18.692307692307693,37,87845.97576923078,284752.0200000001
merch67863@okicici,13.19047619047619,27,196840.35285714286,279448.01
merch67890@oksbi,16.958333333333332,36,248915.74291666667,490687.2599999999
merch67905@ybl,14.681818181818182,33,247024.165,426131.07
merch67909@ybl,17.192307692307693,33,110697.86846153844,266319.42
merch67912@axl,21.84375,44,581174.9446875,1258723.9700000002
merch67940@okicici,18.125,35,167572.19208333336,340983.63
merch67968@okicici,19.782608695652176,35,112920.74478260869,251018.1
merch67988@ybl,17.642857142857142,39,360677.40142857144,654956.1199999999
merch68009@ybl,18.047619047619047,36,87843.95761904762,159637.98000000004
merch68035@paytm,12.285714285714286,23,81572.18357142857,256978.46
merch68058@paytm,15.047619047619047,29,89683.48285714285,239097.07
merch68071@axl,14.052631578947368,28,183514.54631578946,266543.69
merch68078@ybl,23.193548387096776,44,100588.17645161289,308786.25
merch68092@oksbi,24.65714285714286,49,266685.33514285716,398349.74
merch68113@paytm,17.130434782608695,35,241621.8752173913,564130.7899999999
merch68114@axl,14.869565217391305,31,271013.33,568547.8300000001
merch68115@okicici,15.434782608695652,30,225969.2595652174,327058.5
merch68136@axl,18.93103448275862,35,178865.6503448276,558192.4700000001
merch68156@ybl,19.107142857142858,40,167090.14214285716,391785.14
merch68158@ybl,17.0,31,242251.32545454547,674313.44
merch68160@ybl,11.647058823529411,23,58210.15529411765,179746.5
merch68170@ybl,15.92,35,109186.23120000001,287948.1400000001
merch68173@okicici,18.333333333333332,37,147664.19625,664554.83
merch68182@oksbi,23.62857142857143,46,311821.02542857145,628894.8300000001
merch6818@okhdfcbank,15.846153846153847,32,170953.17192307694,362127.08
merch68228@okhdfcbank,21.391304347826086,39,161507.73304347828,361308.55
merch68238@okicici,18.40740740740741,39,154317.9077777778,731924.15
merch68261@axl,18.862068965517242,37,82673.02379310345,206641.02
merch68271@axl,22.548387096774192,42,118476.98419354839,192478.91
merch6830@okhdfcbank,17.115384615384617,36,347919.0811538461,495196.9900000001
merch68310@ybl,17.0,34,118550.51636363636,250582.31
merch6833@axl,11.75,19,181073.76833333334,288179.21
merch68346@paytm,16.14814814814815,31,120062.3662962963,207666.65000000005
merch6837@oksbi,14.4,29,50179.5516,182649.36
merch68381@oksbi,17.11111111111111,34,176882.40296296295,428373.7900000001
merch68388@oksbi,18.428571428571427,38,218014.16499999998,371532.0799999999
merch68390@okhdfcbank,22.06451612903226,45,175577.2493548387,355185.25
merch68394@paytm,19.87878787878788,43,502461.8333333334,832797.9099999999
merch6839@paytm,16.842105263157894,29,117668.51631578947,199443.75999999995
merch6840@ybl,18.903225806451612,38,225108.43935483872,446185.92999999993
merch68439@okicici,16.25,33,223832.13357142857,403449.12
merch68442@ybl,19.814814814814813,36,183768.23888888888,294536.1400000001
merch68446@ybl,17.571428571428573,39,181819.98964285714,470098.85
merch68449@paytm,22.483870967741936,45,117018.78387096773,281216.15
merch68471@ybl,20.96551724137931,42,283420.4631034483,660675.8799999999
merch68474@ybl,16.095238095238095,31,172084.740952381,443359.5800000001
merch6849@okhdfcbank,16.333333333333332,31,167614.92857142858,464681.38000000006
merch68501@okicici,17.03846153846154,35,207547.20846153845,520216.31
merch68501@ybl,11.722222222222221,23,30417.343888888885,68227.54
merch68507@okicici,21.933333333333334,42,368120.6803333333,610386.7899999999
merch68519@paytm,23.310344827586206,48,102067.2996551724,420513.11
merch68525@axl,16.666666666666668,31,172817.81238095238,562955.21
merch68539@okicici,21.59259259259259,44,214636.71777777778,480140.17
merch68551@ybl,26.92105263157895,50,276525.74131578946,738697.8300000001
merch68561@axl,11.25,21,219653.75437500002,292875.41000000003
merch68567@paytm,16.51851851851852,36,331157.61148148146,613489.7499999998
merch68573@ybl,22.705882352941178,44,53628.18147058824,256157.17
merch68576@paytm,13.952380952380953,29,140951.42476190478,237761.89
merch68602@okhdfcbank,13.5,25,158120.743125,231960.78
merch68603@okhdfcbank,20.2,42,78677.22914285715,188081.58
merch68628@axl,21.483870967741936,41,284308.14645161293,448721.81
merch68641@axl,17.115384615384617,33,221308.49730769233,408667.95
merch68657@okhdfcbank,17.68,33,425721.8532,688771.9800000001
merch68680@paytm,20.416666666666668,38,73657.69041666666,196097.84
merch68690@okicici,20.5,40,244687.1359375,525652.21
merch68695@okicici,15.346153846153847,31,61709.40307692307,126963.44999999995
merch68699@ybl,17.208333333333332,35,319429.38625,506892.65
merch68703@axl,17.217391304347824,35,193211.96434782608,281611.88
merch68703@okicici,20.392857142857142,44,468477.3107142857,809628.47
merch68713@okhdfcbank,18.037037037037038,37,224148.2914814815,418365.91
merch68759@okhdfcbank,21.8,39,301636.038,604888.91
merch68770@axl,23.703703703703702,46,351361.41925925924,703817.36
merch68782@oksbi,21.18421052631579,44,80287.01894736843,205904.61
merch68784@axl,18.689655172413794,36,118935.19448275861,371602.4099999999
merch68787@axl,17.7,33,303778.575,607145.29
merch68799@okhdfcbank,12.947368421052632,25,109986.25052631581,205897.66000000003
merch68804@axl,15.75,30,55259.273499999996,142227.12000000002
merch68807@ybl,15.521739130434783,30,229858.4630434783,504923.81
merch68839@okhdfcbank,19.875,38,393547.0728125,548299.2100000001
merch68847@axl,21.85185185185185,39,68912.7837037037,172922.13999999998
merch68857@axl,21.78125,41,329351.158125,497507.11
merch68875@axl,19.071428571428573,34,392009.98214285716,575338.84
merch6888@axl,18.344827586206897,37,193939.77482758623,331647.28
merch68894@oksbi,17.125,34,75057.35,209590.4
merch68902@paytm,19.933333333333334,43,402550.46966666664,782283.8999999999
merch68916@okicici,18.464285714285715,39,336360.4796428572,643326.5100000001
merch68917@paytm,19.857142857142858,39,349092.7308571429,686433.08
merch68938@okhdfcbank,15.454545454545455,35,251498.79227272727,410982.93
merch68951@okicici,20.129032258064516,40,242519.63096774192,436025.64
merch68952@axl,17.56,33,229575.062,446682.65
merch68957@ybl,16.363636363636363,32,85698.645,248948.97000000003
merch68963@okicici,10.866666666666667,22,125508.43133333331,311868.81999999995
merch68969@oksbi,21.14814814814815,40,461158.5381481482,733528.76
merch68975@okicici,13.75,31,175959.8285,321668.39
merch68982@paytm,18.26086956521739,34,162531.12260869567,372953.3000000001
merch69008@oksbi,18.666666666666668,34,106460.40583333334,166897.66999999998
merch6900@okicici,14.85,32,95719.0895,295664.74
merch69019@ybl,14.777777777777779,28,119450.08555555556,280985.04
merch6902@ybl,14.695652173913043,30,269012.59173913044,504265.11
merch69038@ybl,16.363636363636363,32,263028.5786363636,406188.48
merch69040@paytm,12.952380952380953,28,170699.22476190477,271100.45
merch69056@oksbi,21.233333333333334,40,267949.046,380579.31
merch6906@okicici,20.06451612903226,36,464333.2229032258,659871.34
merch69078@okicici,14.045454545454545,31,230249.0340909091,598898.28
merch69079@paytm,23.864864864864863,47,224667.46162162162,533483.1499999999
merch69089@paytm,11.142857142857142,25,199927.92357142855,491047.06000000006
merch69099@ybl,19.178571428571427,38,288993.8760714286,494626.69000000006
merch69117@okhdfcbank,14.75,27,164125.27833333335,379849.31
merch69149@ybl,16.583333333333332,32,148017.55250000002,275818.65
merch69165@axl,15.666666666666666,29,335563.4142857143,526768.97
merch69172@ybl,11.875,24,33040.239375,144098.29
merch69173@okicici,20.296296296296298,40,168577.88407407407,446385.31
merch69196@paytm,11.363636363636363,22,336365.2313636364,611919.0599999998
merch69206@oksbi,17.473684210526315,35,179789.74578947367,450276.87000000005
merch69207@okicici,16.192307692307693,34,184416.21423076926,317618.62000000005
merch69211@oksbi,20.392857142857142,42,114452.965,233532.74
merch69225@paytm,24.470588235294116,50,317634.0291176471,703669.9199999999
merch69235@oksbi,15.5,33,179492.40181818182,241043.7
merch69248@ybl,16.454545454545453,32,118844.08409090909,282408.72
merch69264@paytm,17.73076923076923,35,108701.06653846154,260608.71
merch69283@axl,15.208333333333334,31,213736.91291666668,436141.63
merch69285@oksbi,17.526315789473685,32,280131.5515789474,415032.29
merch69289@ybl,18.115384615384617,37,156315.16153846154,257580.19000000003
merch69309@okicici,15.090909090909092,30,50969.623636363634,104518.64
merch69315@axl,18.366666666666667,38,398879.22900000005,697948.2
merch69319@axl,17.75,32,135471.66374999998,349685.77
merch69323@oksbi,17.285714285714285,32,226264.5633333333,417747.15
merch69340@okicici,14.956521739130435,32,72760.93347826086,178258.67
merch69344@okicici,14.2,32,104992.118,313837.5
merch69354@ybl,17.26923076923077,36,121821.10884615385,278217.23999999993
merch69358@okhdfcbank,17.14814814814815,32,242604.36629629627,372807.06
merch69363@oksbi,12.904761904761905,28,108374.86428571428,168241.94999999998
merch69376@okicici,18.678571428571427,36,162902.46821428573,402536.2
merch69382@axl,13.818181818181818,27,130794.90681818183,278554.87
merch69408@ybl,20.178571428571427,40,287101.95285714284,483006.53
merch6942@ybl,15.0,29,16764.2405,37487.600000000006
merch6943@oksbi,18.071428571428573,38,209259.56428571432,474747.28
merch69456@okicici,13.0,26,235416.22368421053,421495.2
merch69458@oksbi,18.185185185185187,35,130263.95074074074,301553.4
merch69464@okicici,19.81081081081081,41,182576.7464864865,507315.27
merch69481@ybl,15.633333333333333,34,294682.764,592820.8400000001
merch6948@paytm,23.0,44,226513.92117647058,570672.78
merch6950@okhdfcbank,16.63157894736842,30,75405.01421052632,158639.80000000002
merch69513@paytm,21.620689655172413,43,155647.18655172415,448765.59
merch69531@okhdfcbank,17.93103448275862,41,196540.7651724138,451755.33
merch69560@okhdfcbank,20.464285714285715,42,246482.2832142857,524914.4400000001
merch69578@oksbi,19.074074074074073,36,258657.65296296295,518390.16
merch69582@axl,16.166666666666668,30,163405.30166666667,407386.26
merch69591@ybl,20.676470588235293,39,89072.10470588236,180519.14000000004
merch69607@ybl,22.71875,41,466660.3465625,693112.09
merch69617@oksbi,12.409090909090908,27,188231.9359090909,335987.8
merch69617@paytm,18.75,34,271950.6141666667,620465.5800000002
merch69623@paytm,13.833333333333334,28,51140.84208333333,114934.73999999998
merch69625@oksbi,13.0625,25,61678.75750000001,118893.82
merch6962@axl,21.6,42,418364.8353333333,892083.13
merch69650@okhdfcbank,13.181818181818182,26,129047.72863636365,310796.64
merch69659@okhdfcbank,19.71875,39,171649.8375,448733.6699999999
merch69669@paytm,16.818181818181817,31,102510.26227272727,284149.1
merch6967@okhdfcbank,21.103448275862068,41,205605.5431034483,389970.95000000007
merch6969@okhdfcbank,16.391304347826086,32,89902.39956521739,273105.11
merch6969@paytm,15.772727272727273,33,150359.92363636362,329385.43
merch6972@okhdfcbank,15.84,32,204359.90079999997,465336.04
merch69731@okhdfcbank,16.333333333333332,35,63427.71166666667,257014.2
merch69745@okhdfcbank,23.5,41,215463.2473076923,311872.54
merch69748@paytm,17.2,35,116094.9,297709.73
merch69772@ybl,20.59259259259259,42,237850.6174074074,459367.52
merch69774@paytm,22.657894736842106,45,368130.0957894737,813741.14
merch69783@paytm,19.53846153846154,44,71173.72423076922,171605.18
merch69787@oksbi,19.242424242424242,38,204829.05272727273,440081.39
merch69812@okhdfcbank,17.307692307692307,34,165605.51730769232,360567.69
merch69819@paytm,14.227272727272727,29,368887.51318181824,567640.5100000001
merch69831@axl,18.62962962962963,36,118318.12703703705,189293.57
merch69835@okicici,17.041666666666668,35,27823.585000000003,75313.02000000002
merch69835@oksbi,19.38095238095238,35,164703.86047619046,396679.13
merch69843@okhdfcbank,21.47826086956522,37,121681.89347826088,277307.60000000003
merch69850@okhdfcbank,18.916666666666668,35,172131.13958333334,305706.71
merch69861@ybl,17.28,34,97562.7088,370300.75
merch69868@oksbi,17.93548387096774,41,188423.03258064514,379325.82
merch69894@paytm,18.08,34,310201.9816,470048.4
merch69895@okhdfcbank,21.3125,44,153006.34375,335583.49
merch69896@paytm,13.555555555555555,31,102493.84481481482,148543.72
merch69906@axl,21.606060606060606,44,242455.17242424242,523939.75
merch69908@oksbi,16.074074074074073,32,122304.95444444443,232617.33
merch69947@oksbi,18.307692307692307,34,354009.48576923076,642827.0499999999
merch69993@paytm,19.838709677419356,38,161021.19612903227,610431.68
merch70001@axl,17.178571428571427,37,330918.88249999995,437334.25999999983
merch70001@oksbi,13.5,32,203201.78136363637,452576.45
merch70015@axl,16.923076923076923,32,86197.17269230771,205484.62
merch70051@axl,18.03846153846154,32,359386.6530769231,624769.2999999999
merch70057@paytm,19.6,36,145555.4548,373366.62000000005
merch70070@okicici,18.862068965517242,37,181987.39793103447,277373.4
merch70074@paytm,24.107142857142858,41,139744.39392857143,548668.88
merch70076@axl,18.48148148148148,35,167806.63592592592,348607.32
merch70081@paytm,17.05,31,131769.60150000002,208109.60000000003
merch70082@okhdfcbank,15.944444444444445,30,189501.98055555555,364152.28
merch70108@axl,11.0,24,164907.038,316644.24
merch70109@oksbi,16.0,32,211265.04045454544,620861.97
merch70110@okhdfcbank,12.157894736842104,25,178657.36052631578,316776.2
merch70123@okhdfcbank,16.071428571428573,30,65683.20321428572,157057.64
merch70139@okicici,21.90909090909091,41,60320.41,164834.43000000002
merch7015@okicici,15.73913043478261,34,143115.18260869567,306237.47
merch70180@paytm,16.55,33,157904.391,363615.81
merch70187@okhdfcbank,9.538461538461538,20,76400.05076923076,246271.48
merch70192@paytm,19.08,36,285666.2516,482992.41
merch70201@axl,18.791666666666668,37,171230.71,241401.08
merch70205@paytm,18.448275862068964,36,126472.17862068966,280086.49
merch70208@okicici,17.85185185185185,37,310612.21814814815,495615.3
merch70211@oksbi,16.8,33,391983.21119999996,730932.4900000001
merch70216@axl,20.205882352941178,42,156574.31264705883,418091.66
merch70217@axl,21.666666666666668,42,143906.04624999998,265865.21
merch7023@ybl,20.153846153846153,37,171298.6669230769,286726.19999999995
merch70253@axl,17.615384615384617,34,202692.3623076923,448468.76
merch70254@paytm,18.466666666666665,36,373093.52933333337,547509.1900000002
merch70278@paytm,18.96875,40,87557.89281250001,201989.06
merch70283@ybl,20.607142857142858,38,50822.94357142858,116581.11000000004
merch70284@oksbi,15.307692307692308,31,204659.425,479295.61
merch70285@ybl,19.75,40,170651.81107142856,443976.06000000006
merch7028@okicici,18.20689655172414,36,90026.40724137932,200836.38000000003
merch70290@ybl,17.875,36,184290.4009375,378873.63
merch7030@okicici,16.61904761904762,33,236101.2280952381,482474.34
merch70329@okicici,18.586206896551722,38,194269.45862068963,415257.36
merch70336@axl,15.45,31,39413.784499999994,86417.01999999999
merch7033@okicici,20.0,39,129664.04407407407,340210.9
merch70353@okicici,22.6,42,255843.58200000002,361035.19
merch70377@oksbi,23.838709677419356,46,266308.55483870965,778547.6299999999
merch70381@paytm,17.608695652173914,32,141323.80782608697,222739.31
merch70392@paytm,13.947368421052632,29,376745.337368421,597081.9999999999
merch70393@okhdfcbank,19.677419354838708,45,326491.52612903225,602273.06
merch70407@ybl,23.736842105263158,46,320703.00763157895,550105.2300000002
merch70428@axl,16.692307692307693,36,235081.73500000002,459380.14
merch70432@okicici,14.954545454545455,29,90395.605,186507.3
merch70434@okhdfcbank,17.5,35,165251.55000000002,394965.86
merch70483@okicici,18.428571428571427,38,101594.30071428571,322871.75999999995
merch70506@axl,17.11111111111111,34,170919.5348148148,437736.46
merch70535@okicici,16.692307692307693,33,63022.51115384616,95307.05000000002
merch70537@oksbi,11.0625,22,168332.509375,297987.39
merch70541@oksbi,20.53846153846154,40,224716.39384615386,442157.13
merch70549@okicici,21.903225806451612,40,219411.27064516128,348723.56000000006
merch70563@okhdfcbank,17.266666666666666,34,65113.89,136214.28
merch70585@axl,15.08695652173913,32,89165.06,318025.96
merch70599@okhdfcbank,24.107142857142858,43,267733.85035714286,514266.26
merch70610@ybl,17.2,32,347698.17079999996,637547.33
merch70617@oksbi,20.20689655172414,38,251778.6155172414,445664.61
merch70625@okhdfcbank,10.0625,20,129722.138125,278048.01
merch70669@oksbi,20.096774193548388,40,177489.09838709678,290597.65
merch7066@okhdfcbank,20.580645161290324,39,164086.42032258064,375111.66
merch70690@ybl,24.314285714285713,47,258767.1297142857,423374.22
merch70694@okicici,16.76923076923077,33,99631.12230769229,242224.89
merch70702@axl,20.258064516129032,40,207138.5377419355,362302.99
merch70726@okhdfcbank,19.444444444444443,37,157888.99370370372,352971.2300000001
merch7073@paytm,17.576923076923077,37,213110.8823076923,459388.17
merch70770@paytm,19.181818181818183,34,86374.37590909092,142480.91999999998
merch70786@axl,17.636363636363637,31,183732.43,359065.83
merch70806@axl,21.869565217391305,39,153692.8508695652,269273.41000000003
merch70806@paytm,26.76923076923077,50,279837.89794871793,430076.05
merch70810@okhdfcbank,15.043478260869565,33,79863.78391304347,163763.46
merch70815@axl,17.464285714285715,35,288594.91535714286,475713.45
merch70838@axl,23.82857142857143,45,225908.0262857143,631976.7800000001
merch70843@axl,15.52,34,188751.12720000002,305359.08
merch70854@ybl,17.666666666666668,40,100099.54125000001,236435.86
merch7089@ybl,15.0,33,195919.51217391304,454625.38
merch70902@okicici,22.83783783783784,47,305398.1845945946,550360.03
merch70903@paytm,15.772727272727273,34,279286.055,529762.9400000002
merch70909@paytm,15.727272727272727,30,134806.4927272727,225349.75
merch70918@okhdfcbank,20.866666666666667,43,392891.3626666667,748783.27
merch70925@axl,18.428571428571427,35,77575.03761904762,190899.57
merch70926@okhdfcbank,18.586206896551722,38,67130.97344827586,163911.17
merch7092@ybl,20.916666666666668,37,111228.96333333332,179553.31
merch70939@axl,16.291666666666668,33,137991.7691666667,405205.22
merch70939@okicici,18.620689655172413,36,264380.81689655175,497354.4900000001
merch7094@okicici,21.9,43,181512.27466666666,408521.63000000006
merch70951@ybl,19.608695652173914,37,140960.98043478263,418024.2900000001
merch70998@ybl,21.433333333333334,40,246976.147,475792.87
merch71035@okhdfcbank,21.441176470588236,45,160568.3214705882,498650.6300000001
merch7103@paytm,16.62962962962963,33,164922.86111111112,247764.12
merch71043@okicici,18.85185185185185,35,271497.4025925926,400676.23
merch71043@oksbi,21.666666666666668,43,186984.73133333336,517675.01
merch71047@oksbi,12.65,25,237429.38000000003,391297.59
merch71053@axl,19.413793103448278,38,122753.91,324662.66
merch71063@oksbi,19.476190476190474,35,279674.69761904766,623181.0599999999
merch71069@okhdfcbank,20.514285714285716,41,219868.29999999996,342554.6699999999
merch71072@oksbi,17.32,32,119626.52640000003,166955.96000000002
merch7107@axl,14.85,29,182705.4565,319770.57
merch71089@okicici,19.083333333333332,39,231275.665,420621.25
merch7109@paytm,18.043478260869566,34,55180.80173913043,164073.99
merch71112@paytm,14.571428571428571,29,323576.85333333333,696702.98
merch7114@oksbi,17.272727272727273,31,89080.43681818183,315585.66000000003
merch71162@axl,14.578947368421053,28,288786.10736842104,444856.66
merch71162@oksbi,14.818181818181818,30,120984.07636363637,265669.67
merch71207@okhdfcbank,10.8,20,303475.4013333333,640967.61
merch71218@oksbi,16.46153846153846,34,312113.94153846154,651097.8999999999
merch71218@paytm,12.9,28,69119.93950000001,134488.81
merch71227@okicici,16.583333333333332,32,318054.19916666666,533322.18
merch71229@okicici,17.037037037037038,36,94793.04666666666,208868.01
merch71233@paytm,21.1,41,120884.73766666667,318986.41
merch7123@paytm,17.789473684210527,33,272553.80210526317,435520.42
merch71246@paytm,14.15,29,136300.378,252893.34
merch71258@axl,14.304347826086957,29,103935.59217391304,323340.81
merch7125@oksbi,21.464285714285715,43,404194.5535714286,641401.8400000001
merch71290@axl,17.5,32,139592.90181818182,520294.4900000001
merch71320@okhdfcbank,19.37037037037037,37,319739.61703703704,726197.17
merch71323@oksbi,15.545454545454545,31,209102.14727272728,310255.44
merch71333@ybl,18.772727272727273,36,216223.87772727275,362424.89
merch71366@okhdfcbank,15.409090909090908,29,252931.62272727268,278537.4199999999
merch71377@ybl,22.61111111111111,45,340948.35,614084.86
merch71385@okicici,19.03448275862069,36,86370.08206896551,269329.28
merch71392@paytm,15.954545454545455,29,70300.89409090909,162608.4
merch71393@okhdfcbank,19.677419354838708,40,216656.5048387097,368151.46
merch71402@okhdfcbank,15.333333333333334,33,233344.14666666667,414343.36
merch71410@okicici,12.142857142857142,27,301391.76071428566,608057.85
merch71441@okhdfcbank,13.714285714285714,28,85196.26952380952,178134.87999999998
merch71453@ybl,12.4,24,70511.898,213881.46
merch71459@axl,15.357142857142858,34,350152.3275,877724.8200000001
merch71474@axl,14.954545454545455,30,63187.23045454546,157077.18
merch71478@okicici,22.0625,41,313028.62093750003,567654.8
merch71496@oksbi,20.40625,41,147933.173125,298516.65
merch71499@okhdfcbank,14.681818181818182,29,244911.57454545458,463052.6600000001
merch71511@axl,19.185185185185187,37,189980.13333333333,322547.38
merch71540@axl,19.533333333333335,37,158218.91366666666,357366.55
merch71543@okicici,27.473684210526315,55,188495.69684210527,314330.79000000004
merch71559@paytm,16.5,33,236336.42875,462942.21
merch71560@axl,15.791666666666666,31,124945.09791666667,271869.8900000001
merch71585@axl,14.952380952380953,27,136149.84333333332,329873.43
merch71597@okicici,22.033333333333335,44,314531.7406666667,489262.64
merch71599@ybl,18.413793103448278,39,271902.5444827586,534671.32
merch71605@oksbi,19.275862068965516,37,144104.72655172413,316189.94
merch71624@ybl,18.52173913043478,36,280579.65173913044,527511.99
merch71627@axl,19.24,37,295207.2496,625499.01
merch71631@ybl,16.238095238095237,29,228341.13523809524,359893.58
merch71640@ybl,12.944444444444445,25,87021.15444444444,171458.96000000002
merch71647@okicici,14.692307692307692,31,58649.89692307693,118764.62
merch71648@okicici,17.73913043478261,37,120943.39739130436,383502.82
merch71678@okhdfcbank,22.07894736842105,45,335393.4044736842,667910.7900000002
merch71683@oksbi,22.805555555555557,46,174753.48722222223,423897.79
merch71687@oksbi,15.916666666666666,33,257996.36125,405158.19
merch71739@paytm,13.217391304347826,28,234585.2465217391,601720.94
merch71766@axl,17.0,36,311122.8385714286,524608.24
merch71779@okhdfcbank,13.68421052631579,29,283874.61947368423,494755.33
merch71780@okicici,21.705882352941178,44,105702.70529411765,177124.0
merch71780@paytm,17.25,33,85270.1505,221221.53
merch71815@ybl,19.03030303030303,37,285527.9854545454,429704.06
merch71831@ybl,17.652173913043477,33,377193.1595652174,542839.12
merch71854@okicici,17.9,35,192738.231,326221.37
merch71886@ybl,19.214285714285715,36,114864.52928571428,236852.25
merch71902@axl,13.047619047619047,28,155464.17142857143,251605.65
merch71912@ybl,15.157894736842104,26,164125.3857894737,228506.85
merch71916@paytm,20.484848484848484,41,436282.29333333333,726841.3099999998
merch71917@okicici,17.5,36,138167.20458333334,308446.43999999994
merch71935@axl,15.521739130434783,29,55548.233478260874,182742.44
merch71935@paytm,17.75,32,243211.2304166667,406202.25
merch71949@okhdfcbank,18.291666666666668,36,186836.60916666666,319696.8
merch71949@okicici,18.083333333333332,34,151588.38875,276537.24
merch71975@okhdfcbank,19.545454545454547,41,245149.21212121213,522192.63
merch71977@ybl,18.083333333333332,35,259883.42250000002,433004.84
merch71990@oksbi,15.166666666666666,30,302256.12833333336,532744.8200000001
merch71994@oksbi,14.818181818181818,30,193993.67272727273,354177.7299999999
merch72011@paytm,12.0,26,56571.818947368425,145554.27000000002
merch72019@oksbi,20.423076923076923,41,135171.55576923076,327025.28
merch72031@ybl,20.214285714285715,38,134662.55321428573,361025.01
merch72054@ybl,10.733333333333333,23,82462.66466666668,248446.29000000004
merch72062@axl,19.869565217391305,35,114209.35652173914,453443.85
merch72066@paytm,16.15,32,142494.544,236253.75
merch72074@ybl,16.272727272727273,35,291730.90545454546,857552.6
merch72094@ybl,18.606060606060606,39,304468.3051515152,515957.72
merch72150@oksbi,17.076923076923077,35,210186.51307692306,364695.5
merch72152@okhdfcbank,15.045454545454545,28,237997.62272727268,358888.86000000004
merch72153@oksbi,15.761904761904763,32,117054.22761904761,236555.47
merch72156@okicici,19.2,39,241353.33966666667,504658.3000000001
merch72180@oksbi,24.08823529411765,49,505144.10470588243,944516.42
merch7218@okhdfcbank,22.59375,44,72035.3196875,213251.89
merch72192@axl,17.25,34,338310.76625000004,432899.22
merch7220@paytm,21.580645161290324,41,220684.86258064516,393554.77
merch72229@oksbi,17.923076923076923,34,345322.4703846154,502752.77
merch72246@paytm,16.384615384615383,33,97809.91153846154,154142.18999999997
merch72250@axl,15.580645161290322,32,394815.1106451613,761522.84
merch72257@ybl,23.296296296296298,45,347561.2,709458.8500000001
merch72279@ybl,24.466666666666665,45,131849.32633333333,319386.26
merch7229@paytm,15.333333333333334,31,141683.55166666667,270394.06
merch72301@oksbi,17.608695652173914,32,44209.59695652174,115650.87
merch72303@axl,11.85,24,333086.9645,590350.81
merch72303@okicici,13.0,25,154229.97272727272,260725.31
merch72310@paytm,20.46875,39,391015.41874999995,634190.3399999999
merch72333@okicici,19.107142857142858,35,256610.94928571428,403536.11
merch72347@ybl,18.714285714285715,35,109135.95607142858,310881.06
merch72388@okhdfcbank,23.26923076923077,44,382829.01423076924,870370.2100000001
merch72404@okicici,11.0,20,31549.152000000002,127256.69
merch72427@ybl,15.956521739130435,30,123941.39739130436,299742.81
merch72428@paytm,17.304347826086957,33,281297.28304347827,564012.66
merch72435@paytm,13.35,26,94038.15699999999,148984.99000000002
merch72442@okicici,21.0,42,218260.08843749997,359007.98
merch72445@okicici,21.91176470588235,41,310375.25,699938.43
merch72448@ybl,21.84375,44,207862.9278125,514603.2
merch72455@okhdfcbank,16.666666666666668,33,199487.2540740741,349802.51
merch72458@paytm,17.0,33,217976.5448,586138.02
merch72469@axl,11.6,24,106158.70250000001,204535.21
merch72474@oksbi,21.448275862068964,40,142343.0824137931,221075.61
merch72519@okhdfcbank,18.25,35,284048.7966666667,557038.0900000002
merch72520@okhdfcbank,21.037037037037038,41,69823.57518518518,140179.62
merch72531@paytm,19.242424242424242,39,153586.0081818182,384866.41
merch72540@okhdfcbank,19.967741935483872,42,332730.7170967742,715532.0599999999
merch72548@okicici,17.764705882352942,33,116957.74941176469,211070.38
merch7259@ybl,21.928571428571427,41,413535.02214285714,826029.25
merch72602@ybl,18.130434782608695,37,161505.40695652174,298558.8599999999
merch72609@oksbi,14.1,26,313468.606,640178.18
merch72610@ybl,11.6,24,125192.78733333334,500262.73
merch72612@ybl,18.76,36,109367.41600000001,334966.43000000005
merch72622@paytm,19.413793103448278,40,397583.12655172416,732320.1499999999
merch72632@axl,16.06896551724138,33,127988.45068965518,252485.71
merch72633@ybl,15.814814814814815,34,213115.29703703706,439338.3000000001
merch72641@axl,16.379310344827587,35,211504.01551724138,552829.42
merch72642@axl,22.84375,48,324945.540625,564816.3700000001
merch7265@ybl,13.428571428571429,28,118949.25190476191,353378.33
merch72677@oksbi,14.761904761904763,28,51484.041428571436,77201.02
merch72718@paytm,16.782608695652176,32,147820.23217391307,359741.71
merch72727@ybl,15.105263157894736,29,38755.735789473685,100429.1
merch72728@paytm,15.578947368421053,28,138073.9394736842,267410.01
merch72739@oksbi,19.379310344827587,37,505458.5796551725,989407.5100000002
merch72745@okicici,18.130434782608695,32,120733.8595652174,251977.37
merch72778@axl,17.391304347826086,32,126449.9860869565,221563.5
merch72779@okicici,15.958333333333334,33,149094.27791666667,450304.16
merch72791@okhdfcbank,13.0,25,140216.84684210527,304230.52
merch72792@oksbi,13.08695652173913,26,193979.0004347826,267903.09
merch72819@okhdfcbank,16.647058823529413,31,247994.64764705882,344944.25
merch72834@axl,19.97142857142857,42,205460.23885714286,370865.59
merch72839@oksbi,13.36,27,73986.6896,293780.48
merch72854@oksbi,20.61764705882353,44,385692.3179411765,915090.61
merch72857@okhdfcbank,20.82857142857143,47,214131.37971428575,481714.9
merch72873@okicici,22.513513513513512,43,442182.5686486486,1175350.77
merch72880@paytm,15.761904761904763,31,161700.5119047619,327125.96
merch72885@axl,18.416666666666668,35,321552.31875,763069.57
merch72895@axl,17.925925925925927,37,244536.98481481482,460274.73
merch72908@oksbi,16.545454545454547,29,176683.8059090909,248791.38
merch72918@oksbi,18.9,39,143207.52466666666,361432.04
merch72942@paytm,17.08695652173913,36,236381.22826086957,758023.68
merch72973@okicici,21.419354838709676,45,332747.29225806455,571527.9799999999
merch72979@ybl,24.055555555555557,54,497683.7063888889,885580.39
merch72980@ybl,26.233333333333334,49,511896.36933333334,813522.2200000001
merch72982@okicici,19.941176470588236,41,193143.42764705882,385167.76
merch72984@axl,13.181818181818182,28,131713.35818181818,254135.27
merch72988@okicici,16.434782608695652,34,86412.0252173913,134662.62000000002
merch73008@axl,15.904761904761905,33,136602.52952380953,398827.02
merch73009@okhdfcbank,16.72,33,136838.4772,294263.44
merch73022@oksbi,18.033333333333335,35,113997.58433333335,262546.46
merch73035@oksbi,14.08695652173913,29,82691.45260869566,153684.21000000002
merch73036@axl,21.620689655172413,43,363889.64448275865,712386.79
merch73042@okhdfcbank,17.304347826086957,34,218238.38608695657,325702.0300000001
merch73043@oksbi,16.16,33,227862.1284,346359.41000000003
merch73048@okhdfcbank,20.3,41,254841.16600000003,466347.43
merch7304@okicici,18.892857142857142,43,369732.9492857143,649662.36
merch7306@paytm,14.571428571428571,28,114113.51761904762,239469.0
merch7307@okhdfcbank,19.53846153846154,35,318326.5884615384,458892.99
merch73082@oksbi,18.962962962962962,36,181070.31,275199.13000000006
merch73084@okicici,15.0,29,137784.063,313400.4599999999
merch73089@okicici,21.65,40,344549.39800000004,545472.8600000001
merch73102@ybl,15.307692307692308,34,110339.61,189703.79
merch73123@okhdfcbank,19.047619047619047,34,405011.82666666666,575200.95
merch73123@paytm,15.909090909090908,29,117033.76181818181,245307.03
merch73126@oksbi,16.61904761904762,30,252265.82285714286,397785.3
merch73134@ybl,18.0,35,282313.8428,474742.0
merch73144@ybl,17.464285714285715,32,182347.75535714283,512780.47
merch73158@oksbi,13.555555555555555,28,116502.44166666668,239587.59000000003
merch73177@axl,18.26923076923077,37,241067.02576923076,446574.29
merch73179@axl,18.041666666666668,32,189439.65083333335,377809.75
merch73190@paytm,18.24137931034483,36,73765.26827586206,195579.35
merch73197@paytm,16.703703703703702,36,250993.17444444445,653217.4299999999
merch73204@ybl,14.96,31,78524.596,246038.56
merch7320@oksbi,17.88888888888889,39,225142.91185185185,543662.32
merch73231@ybl,15.222222222222221,31,64611.24740740741,125038.69
merch73240@okicici,14.473684210526315,33,176373.74789473685,347753.04
merch73246@axl,18.692307692307693,35,313791.45692307694,663960.96
merch73264@okicici,17.52,36,136235.0968,404007.68
merch73265@oksbi,17.125,36,246767.2645833333,440920.7199999999
merch73287@okicici,20.208333333333332,39,354121.33708333335,541777.6399999999
merch73317@okhdfcbank,23.75862068965517,44,237792.56103448273,750730.5499999999
merch7331@okicici,15.75,35,276885.4091666667,482970.91
merch73322@okhdfcbank,14.31578947368421,28,54304.283684210524,134576.68999999997
merch73323@paytm,11.235294117647058,26,110209.02764705883,264927.4
merch73354@axl,20.107142857142858,36,306984.2510714286,404073.51000000007
merch73369@ybl,15.73913043478261,31,331071.97913043475,557979.87
merch7338@ybl,12.117647058823529,25,239470.01470588238,447764.3000000001
merch73392@ybl,16.458333333333332,32,200734.67166666666,354602.83
merch73402@ybl,20.392857142857142,40,183807.12214285714,422949.49
merch73427@okicici,19.875,36,182587.74333333332,316234.45
merch73436@ybl,18.51851851851852,38,90293.36037037037,250585.68
merch73439@axl,16.642857142857142,35,100044.8425,235150.52
merch73468@ybl,13.16,27,167747.8792,283660.14
merch73489@paytm,17.047619047619047,34,217993.1861904762,475944.63
merch73495@oksbi,18.448275862068964,38,271207.7268965517,649746.66
merch73498@okhdfcbank,16.17391304347826,33,212928.53130434785,460581.3
merch73502@paytm,17.76,34,136538.3648,231731.05
merch73534@axl,17.454545454545453,36,62907.880909090905,112352.59
merch73551@axl,20.041666666666668,39,298504.03833333333,532501.9099999999
merch73551@okicici,12.409090909090908,28,79458.34363636364,175821.99000000002
merch73553@ybl,20.0,37,221878.70714285717,548473.8800000001
merch73554@axl,24.393939393939394,46,468465.46909090906,851748.14
merch73561@ybl,22.392857142857142,43,138104.71642857144,346626.61
merch73590@oksbi,17.916666666666668,34,94811.19625,233119.28
merch73592@axl,15.333333333333334,32,124176.79888888888,335825.05
merch73597@okhdfcbank,14.875,30,135315.57291666666,267596.69999999995
merch7360@okicici,22.82857142857143,45,246524.57114285714,429988.78
merch73613@okicici,14.2,31,123974.49359999999,271638.57
merch73613@oksbi,15.347826086956522,31,114233.3,259691.78
merch73618@okhdfcbank,11.705882352941176,23,71183.40352941176,216311.47000000003
merch73629@paytm,15.105263157894736,34,198560.64,491835.03
merch73644@paytm,15.384615384615385,30,54317.08653846153,81073.14999999998
merch73651@okicici,14.863636363636363,30,88275.69090909092,194269.00000000003
merch73652@ybl,16.045454545454547,32,42994.51500000001,86971.37
merch73656@okicici,21.46875,40,437294.3940625,680885.62
merch73657@okicici,13.291666666666666,28,195798.385,326768.3400000001
merch73663@okhdfcbank,15.925925925925926,31,223923.62074074073,372224.9
merch73717@axl,16.52,33,155545.2544,343321.19999999995
merch73725@okicici,18.90909090909091,32,284674.0977272727,402005.75
merch73739@paytm,14.565217391304348,30,320174.14652173914,642666.06
merch73752@paytm,15.793103448275861,33,314747.79827586206,727586.96
merch7376@oksbi,21.78787878787879,43,213836.91181818183,286297.2200000001
merch73776@oksbi,18.9,38,74572.99333333333,206358.05
merch73780@axl,16.0,29,112553.55739130433,274486.93
merch73781@okicici,22.59375,43,110962.03156250001,560617.27
merch73795@oksbi,14.210526315789474,31,239096.03210526312,328993.8
merch73799@okhdfcbank,18.217391304347824,34,237300.7304347826,482623.62000000005
merch73812@axl,23.057142857142857,45,196058.42857142858,451854.11
merch73832@oksbi,21.962962962962962,40,442056.575925926,726084.19
merch73843@okicici,15.692307692307692,30,103468.37423076923,209821.63
merch73855@paytm,16.48,34,270173.6096,624995.65
merch7385@okhdfcbank,16.653846153846153,33,83488.89961538461,177708.5
merch73867@okicici,10.0,22,72007.33111111111,230793.25
merch73869@okhdfcbank,13.9375,31,125550.5,310283.20000000007
merch73870@oksbi,21.129032258064516,41,182847.25193548386,290823.2
merch7389@paytm,17.846153846153847,37,153334.1980769231,210670.49
merch73925@okhdfcbank,13.55,26,145308.2805,366952.64
merch73949@axl,14.055555555555555,30,134602.96277777778,425529.75
merch73972@okhdfcbank,19.46153846153846,37,342035.05846153846,515046.6499999999
merch73994@okhdfcbank,12.75,26,265446.492,360949.1699999999
merch74002@oksbi,23.34375,46,181280.4125,574966.8
merch74029@okhdfcbank,15.115384615384615,30,216500.65615384612,398528.51000000007
merch7402@ybl,15.4,30,287340.2248,443765.73
merch74042@ybl,18.2,40,146520.261,282701.28
merch74062@ybl,16.166666666666668,35,50135.04625000001,96732.97
merch74065@ybl,18.0,37,190450.47592592594,390743.08
merch74071@oksbi,21.64516129032258,42,328596.6103225806,594176.34
merch7408@okicici,20.806451612903224,38,168848.7106451613,307822.50000000006
merch74098@oksbi,20.892857142857142,43,240994.0292857143,368268.71
merch74100@ybl,24.033333333333335,47,433411.92,726892.19
merch74108@okhdfcbank,13.352941176470589,23,185397.05411764706,402481.82
merch74124@okhdfcbank,18.928571428571427,36,234514.95464285716,343538.68000000005
merch74133@axl,15.461538461538462,31,123526.96384615384,268821.64
merch7414@oksbi,25.694444444444443,50,95532.22694444444,234248.06
merch74158@axl,20.125,43,52932.506875,116153.52
merch74162@paytm,21.03448275862069,43,105020.53103448277,272189.71
merch7416@oksbi,11.941176470588236,24,270113.24,517150.71
merch74185@oksbi,13.052631578947368,28,112975.97105263156,250160.34
merch74202@axl,17.695652173913043,32,379977.9486956522,511576.14
merch7421@axl,13.090909090909092,28,101864.91772727272,235170.33
merch74229@ybl,15.12,33,106901.95640000001,315289.09
merch74246@okhdfcbank,21.771428571428572,49,431773.68742857146,704487.25
merch74251@okhdfcbank,17.8,34,81086.68166666667,174558.74999999997
merch74271@okhdfcbank,19.23076923076923,39,128736.45384615386,260464.43
merch74285@ybl,16.32,35,148289.60640000002,410044.4100000001
merch74306@oksbi,18.666666666666668,36,213771.14925925925,444266.25
merch74318@okicici,17.318181818181817,33,198107.495,350290.11
merch74332@okicici,15.863636363636363,31,292948.0413636364,452477.77
merch74346@okicici,19.454545454545453,38,78964.56303030303,171530.11
merch74352@okhdfcbank,16.48,33,211204.54520000002,456508.35
merch74356@oksbi,19.88,37,253128.5984,609733.64
merch74391@okhdfcbank,17.724137931034484,40,142044.47896551722,227834.07
merch74398@ybl,22.8,45,408471.17159999994,696340.5299999999
merch74404@paytm,14.944444444444445,26,313687.0911111111,484681.43000000005
merch74410@okicici,23.416666666666668,46,621294.9338888889,1071562.6
merch7441@axl,18.033333333333335,36,126135.33433333335,309821.7600000001
merch74471@oksbi,21.566666666666666,39,191539.62300000002,287798.02
merch74480@okicici,19.833333333333332,39,121927.07333333332,322582.63
merch74502@ybl,14.409090909090908,31,162679.11772727274,563605.79
merch74509@okhdfcbank,17.0,32,98109.87759999999,387637.39
merch7450@oksbi,21.0,42,305634.5503333333,547877.89
merch74511@okhdfcbank,21.82758620689655,40,201626.94827586206,262507.31
merch74511@okicici,14.869565217391305,31,176195.9708695652,518850.28
merch74511@oksbi,16.333333333333332,31,307440.52952380956,492643.8000000001
merch74537@okicici,16.958333333333332,33,163030.78875,488036.18
merch74563@okicici,19.903225806451612,43,256306.1164516129,508494.31
merch74567@okhdfcbank,19.62962962962963,37,353847.6225925926,735950.24
merch7457@ybl,11.263157894736842,24,36005.68947368421,119636.82
merch74598@okhdfcbank,17.413793103448278,35,343082.12,520260.2100000001
merch74602@okicici,18.580645161290324,39,295158.56258064514,525938.9400000001
merch74613@okicici,21.933333333333334,45,585450.681,1041971.91
merch74634@ybl,15.052631578947368,33,240996.00736842104,381921.62
merch74638@okhdfcbank,15.15,30,173108.74,420340.43
merch74644@okicici,17.741935483870968,35,116834.66451612904,250930.92
merch74653@ybl,19.785714285714285,41,74817.6717857143,190957.13000000003
merch74662@okicici,15.105263157894736,37,141174.50315789474,447056.50000000006
merch74667@okicici,21.607142857142858,46,228943.3714285714,472614.73
merch74678@paytm,19.035714285714285,37,228357.18,464070.34
merch74695@okhdfcbank,14.333333333333334,29,218689.46,349860.11000000004
merch74703@oksbi,22.114285714285714,43,184948.90828571428,361652.96
merch74719@okhdfcbank,14.476190476190476,27,76545.27857142857,191752.04
merch74728@oksbi,13.454545454545455,32,101297.25454545455,320170.71
merch7472@axl,20.166666666666668,41,180783.04400000002,482685.29
merch7473@axl,16.916666666666668,33,77958.295,309179.11
merch74758@paytm,13.3125,25,143980.4925,370624.3
merch74809@paytm,11.857142857142858,23,120420.015,316040.34
merch74820@axl,15.666666666666666,32,208454.3575,480568.4199999999
merch74823@paytm,19.607142857142858,39,373355.4192857143,519294.1
merch74844@oksbi,22.666666666666668,43,119217.78166666666,432599.41
merch74844@ybl,20.129032258064516,38,122050.54225806452,225007.89
merch74851@oksbi,15.3,28,112281.70800000001,297911.0900000001
merch74883@okhdfcbank,17.14814814814815,35,152074.7562962963,287191.24000000005
merch74885@ybl,8.6,20,60998.138,250877.43999999997
merch74905@paytm,22.448275862068964,45,248145.23379310346,396064.94000000006
merch7490@oksbi,15.772727272727273,31,100716.01136363637,279676.38
merch74916@paytm,14.904761904761905,29,369379.9614285714,587028.9700000001
merch74920@okicici,20.142857142857142,40,126305.06749999999,372748.73
merch74927@oksbi,16.48,38,162945.88239999997,362373.04
merch74932@okicici,16.956521739130434,32,90455.72130434783,147726.38
merch74937@axl,13.25,25,26396.121874999997,74626.65999999999
merch74947@oksbi,15.884615384615385,33,172583.57884615386,371715.39
merch74967@paytm,20.103448275862068,38,267419.83931034483,760349.2599999999
merch75000@ybl,18.821428571428573,35,141173.83357142858,308574.60000000003
merch75005@axl,17.130434782608695,33,314232.16,618451.6
merch75031@axl,16.17391304347826,33,164968.07260869566,298145.98000000004
merch75062@paytm,19.653846153846153,36,190220.30653846153,478275.67
merch75081@okhdfcbank,19.166666666666668,35,210714.03625,384030.6
merch75084@paytm,16.962962962962962,33,332534.36703703704,662126.7599999999
merch75095@axl,16.105263157894736,31,53019.066315789474,148729.14
merch75130@okicici,24.054054054054053,47,287526.2351351351,507905.99
merch75134@ybl,17.03846153846154,35,159531.17423076922,470616.85
merch75155@axl,11.727272727272727,26,180150.89727272728,392999.74
merch75155@paytm,14.473684210526315,26,102335.86210526316,125802.36
merch75159@paytm,15.26086956521739,33,257790.66304347827,437474.54
merch75180@paytm,16.576923076923077,33,78070.11961538462,184662.01
merch75181@paytm,26.864864864864863,52,232840.1089189189,672646.58
merch7518@oksbi,12.421052631578947,24,151899.80000000002,226487.29000000004
merch75216@paytm,15.434782608695652,35,99036.59739130436,290298.9
merch75221@oksbi,17.095238095238095,33,180106.90904761906,475693.46
merch75225@ybl,19.77777777777778,38,220592.75518518517,381207.3599999999
merch75236@axl,20.5,37,197667.84333333335,345997.71
merch75237@okhdfcbank,19.26923076923077,38,191576.32423076924,597090.1799999999
merch75258@axl,20.64516129032258,38,169617.64838709676,210986.98000000004
merch75264@okhdfcbank,20.4,40,168698.6722857143,244138.89
merch75289@okhdfcbank,21.066666666666666,43,513704.83533333335,652434.6499999999
merch75292@paytm,19.678571428571427,35,105154.91785714286,193886.01
merch75300@axl,16.571428571428573,29,288129.62619047624,461200.28
merch75302@okhdfcbank,21.68,37,364376.8968,505187.45
merch75310@okicici,19.296296296296298,37,83977.9662962963,154070.50000000003
merch75310@ybl,14.047619047619047,28,50042.26952380952,115853.57
merch75319@paytm,18.035714285714285,34,462013.7253571428,663542.4299999999
merch75329@ybl,18.32,35,537715.054,961255.75
merch75332@oksbi,13.095238095238095,29,280896.4733333333,430102.29
merch75335@paytm,18.076923076923077,36,116855.53692307693,361931.76
merch75354@okhdfcbank,20.347826086956523,37,141666.6995652174,354990.77
merch75356@axl,21.666666666666668,37,121291.28749999999,188136.57
merch75362@ybl,14.55,27,39267.683999999994,126061.47
merch75385@ybl,19.896551724137932,37,193572.98586206895,541692.4199999999
merch75397@okicici,18.869565217391305,39,96361.06739130434,266723.1
merch75418@oksbi,15.16,31,184954.8284,453359.0500000001
merch7544@okicici,18.916666666666668,37,313139.9141666667,840753.14
merch75451@ybl,18.75,37,182701.29,575650.6000000001
merch75460@okhdfcbank,18.464285714285715,34,351815.66321428574,579411.8400000001
merch75474@paytm,14.347826086956522,29,88163.36608695652,395532.81
merch75486@okhdfcbank,17.258064516129032,33,268075.634516129,664695.61
merch75490@okhdfcbank,16.72,33,89360.7268,339566.99
merch75491@paytm,17.416666666666668,34,185730.7004166667,351477.4
merch75492@okhdfcbank,18.296296296296298,40,303816.8140740741,569925.76
merch75525@okicici,15.692307692307692,31,357745.73115384614,723400.04
merch75526@paytm,17.966666666666665,36,90270.67,185219.89
merch75543@okicici,18.714285714285715,35,72816.705,110131.94
merch75570@ybl,16.428571428571427,32,357954.32714285713,643914.8200000001
merch75586@okhdfcbank,16.695652173913043,34,106289.39391304347,203236.61
merch75590@okicici,15.5,31,203720.89791666667,501773.5999999999
merch75624@okhdfcbank,16.708333333333332,33,114518.43708333334,303305.09
merch75628@paytm,17.533333333333335,36,418655.0003333334,686973.2300000002
merch75638@oksbi,8.8125,21,180759.800625,245621.01000000004
merch7563@paytm,17.6,36,191364.836,287665.79
merch75642@okicici,21.703703703703702,40,216689.10296296296,450402.68000000005
merch75642@ybl,19.551724137931036,41,130208.3727586207,241972.08
merch75647@okicici,19.17391304347826,39,300754.7752173913,533736.49
merch7565@oksbi,24.34285714285714,49,579144.874,969035.66
merch75667@ybl,22.783783783783782,45,175673.03135135135,295558.43
merch7566@paytm,16.925925925925927,37,177985.0862962963,402274.82
merch75676@ybl,21.692307692307693,42,482951.6246153846,768759.31
merch75684@oksbi,19.615384615384617,39,168686.8126923077,298289.6799999999
merch75693@ybl,20.0,40,158485.53933333332,430541.2
merch75710@ybl,19.142857142857142,34,66974.38619047619,138244.48
merch75711@okhdfcbank,18.166666666666668,35,282961.10066666664,504268.41
merch75714@axl,17.12,35,262485.5956,462783.3300000001
merch75727@okicici,13.176470588235293,25,259054.34705882357,391720.29
merch7577@paytm,12.772727272727273,28,197898.44045454546,427101.36
merch75781@axl,17.84,37,244702.284,473000.78
merch75783@okhdfcbank,22.666666666666668,45,377630.6863888889,572877.9700000001
merch75796@paytm,16.904761904761905,32,171784.56714285712,284523.39
merch75796@ybl,14.421052631578947,27,219897.36052631578,497472.92999999993
merch7584@okicici,18.06896551724138,38,131443.27413793103,253829.86
merch75855@okicici,14.68421052631579,28,97183.68210526316,192022.83
merch75861@okhdfcbank,21.74074074074074,40,257415.87925925927,463018.07
merch75868@okhdfcbank,23.38235294117647,46,142845.54911764705,321866.94
merch75874@oksbi,22.806451612903224,43,157560.3558064516,264397.21
merch75888@okicici,14.863636363636363,29,198680.24863636366,520881.33
merch75893@okhdfcbank,16.423076923076923,35,163831.73115384614,525270.2399999999
merch7589@axl,13.458333333333334,29,46366.23875,271084.36
merch7589@paytm,17.074074074074073,35,134596.2237037037,295429.7
merch75900@oksbi,13.944444444444445,26,108241.04333333333,266080.75
merch75904@okicici,21.0,38,214708.96964285715,508747.8500000001
merch7590@okicici,14.789473684210526,32,156759.50315789477,367613.95000000007
merch7590@ybl,16.655172413793103,33,253590.8024137931,397798.5500000001
merch75935@ybl,15.2,31,266137.762,410354.52
merch75944@oksbi,16.75,33,350387.6579166667,534893.9500000001
merch75967@axl,15.380952380952381,31,222727.17333333337,437421.14
merch75974@okhdfcbank,17.03846153846154,36,57359.276538461534,179332.28000000003
merch75990@axl,18.304347826086957,34,162866.77739130435,275776.93
merch75996@okicici,18.333333333333332,37,83883.94851851852,130631.12
merch76019@okicici,15.5,30,278567.39,473383.91
merch76023@okicici,22.71875,44,189696.4559375,442673.95
merch76033@okicici,15.304347826086957,31,24041.967391304348,72207.98
merch76033@paytm,16.375,32,140649.32125,243365.05
merch76051@okicici,19.647058823529413,41,259432.56470588234,599392.0999999999
merch76079@okicici,20.545454545454547,42,79807.83151515153,188930.57
merch76082@paytm,15.954545454545455,32,219453.47272727275,376320.85
merch76088@oksbi,21.333333333333332,41,176376.72925925924,449569.46
merch76093@paytm,23.105263157894736,46,119509.34605263156,280618.74
merch76096@oksbi,20.392857142857142,41,308003.9685714286,555581.5499999999
merch7611@axl,15.173913043478262,33,182292.23260869566,609179.59
merch76138@okhdfcbank,18.0,37,173743.84258064517,266697.03
merch7613@okhdfcbank,20.74074074074074,41,88268.9425925926,149351.78
merch76147@okicici,23.06451612903226,46,460633.69129032263,1045813.48
merch76164@axl,13.454545454545455,28,73908.88727272727,86632.62999999999
merch76172@axl,19.076923076923077,39,192428.86576923076,423915.13
merch76174@oksbi,19.576923076923077,36,271307.79500000004,472346.28
merch76188@okicici,11.352941176470589,25,181026.67470588232,258921.52
merch76205@okhdfcbank,16.59090909090909,34,173203.34409090912,481968.08
merch76207@oksbi,10.105263157894736,24,171278.8389473684,364926.13
merch76214@ybl,16.23076923076923,34,156118.71076923076,346446.15
merch7621@okicici,19.48148148148148,39,127718.97888888892,331075.83
merch76246@okicici,14.090909090909092,29,201207.9422727273,372052.82000000007
merch7624@axl,20.06451612903226,41,203401.50129032257,372099.64
merch76265@ybl,18.296296296296298,36,196751.73481481482,357977.3499999999
merch76276@okicici,21.823529411764707,47,383683.71882352943,818074.83
merch76281@okhdfcbank,19.571428571428573,39,223377.4564285714,359577.66
merch76324@oksbi,16.448275862068964,34,129617.05586206896,448086.0399999999
merch76355@axl,26.181818181818183,49,473604.1851515152,862112.3300000001
merch76379@okhdfcbank,21.416666666666668,45,318747.4983333333,741388.5
merch76396@axl,15.884615384615385,33,381080.07769230765,806189.3699999999
merch76400@axl,15.105263157894736,28,158325.63947368422,228395.18
merch76400@okhdfcbank,18.272727272727273,38,461183.00772727275,709337.8300000001
merch76419@ybl,20.774193548387096,41,174517.71612903225,342003.52
merch7641@okicici,17.576923076923077,33,136673.89269230768,437714.85
merch76422@ybl,18.0,35,212910.54916666666,459020.15
merch76453@okicici,22.916666666666668,46,309550.4538888889,609014.41
merch7647@okhdfcbank,16.5,35,207509.17076923078,387583.72
merch76486@okhdfcbank,16.72,32,291161.64959999995,539653.15
merch76499@ybl,12.130434782608695,25,107385.12217391304,184357.71
merch76503@ybl,13.444444444444445,30,61027.82277777778,185949.03
merch76519@axl,13.909090909090908,29,144107.35363636364,266798.48000000004
merch76532@ybl,18.526315789473685,32,203524.4021052632,289400.57
merch7654@paytm,19.807692307692307,39,277689.65192307695,552764.7
merch76561@ybl,16.2,31,209098.46439999997,303000.68999999994
merch76569@okhdfcbank,11.25,22,86724.084375,140953.69
merch76577@axl,13.391304347826088,29,246649.54565217395,363724.83
merch76583@paytm,19.695652173913043,33,174688.05826086958,413523.76
merch7659@axl,15.32,30,179768.5084,322762.19
merch7661@ybl,16.791666666666668,32,288953.89458333334,521368.36
merch76656@okhdfcbank,13.2,29,39942.852,91831.63
merch76665@okicici,17.74074074074074,35,56723.642222222225,101244.73
merch76667@ybl,13.521739130434783,28,83368.22826086957,193603.0
merch76675@ybl,21.066666666666666,42,154771.3106666667,437867.29
merch76676@okhdfcbank,17.0,35,68833.56000000001,136510.44
merch76681@paytm,12.222222222222221,24,210387.29944444445,484445.63
merch7668@oksbi,23.060606060606062,44,430931.0787878788,1038822.8
merch76692@okhdfcbank,10.88888888888889,22,206710.21388888886,321813.17999999993
merch76697@okhdfcbank,19.75862068965517,40,271266.0420689655,608441.79
merch76723@ybl,17.12,33,263013.06080000004,450658.57000000007
merch7674@paytm,16.0,30,220499.94999999998,381510.0799999999
merch76751@okhdfcbank,22.79310344827586,40,118676.9875862069,259171.64
merch76756@paytm,16.36,33,218150.5684,373183.1
merch7677@axl,10.235294117647058,20,217681.7394117647,472214.77
merch7678@okhdfcbank,14.454545454545455,30,209198.34363636363,376515.27
merch76801@okicici,11.666666666666666,25,144537.35222222222,299996.46
merch76828@oksbi,17.65,32,304605.762,531267.6799999999
merch76829@oksbi,17.689655172413794,35,331091.21034482756,644668.36
merch76842@paytm,17.12,32,47046.563200000004,145436.18
merch76846@oksbi,19.870967741935484,37,283254.8029032258,489103.89
merch76852@paytm,12.3,26,132081.81199999998,346949.19999999995
merch76857@paytm,18.606060606060606,37,441825.53181818186,698572.5
merch76871@paytm,13.571428571428571,31,153806.6076190476,368499.94
merch76874@axl,17.73913043478261,33,199446.0247826087,340655.86
merch76876@paytm,22.470588235294116,43,290115.53382352943,497285.5200000001
merch76885@oksbi,18.28125,38,63700.341562500005,155126.55
merch76893@paytm,21.5,44,376075.59775,637949.7500000002
merch76911@okhdfcbank,24.0,43,186722.5862962963,274279.2
merch76918@paytm,12.833333333333334,26,241204.1038888889,502781.37
merch76922@okhdfcbank,16.72222222222222,28,136881.47722222225,201980.94000000003
merch76937@oksbi,17.84,36,208424.8396,439377.95
merch76940@axl,17.136363636363637,33,192730.98954545453,322552.47
merch76948@oksbi,16.384615384615383,33,167914.27615384615,352588.57
merch76952@oksbi,16.476190476190474,31,283285.03142857144,455548.78
merch76955@axl,21.542857142857144,44,155190.72,521843.9700000001
merch76955@paytm,17.962962962962962,37,435044.8059259259,766846.36
merch76973@ybl,11.083333333333334,23,49273.2425,98379.92
merch76974@axl,17.964285714285715,36,207076.18785714285,417957.72
merch76976@okhdfcbank,16.03846153846154,34,132956.80538461538,271651.69
merch77002@oksbi,17.625,37,270096.98291666666,600940.98
merch77008@oksbi,16.38888888888889,28,334030.515,608604.3
merch77022@paytm,20.22222222222222,36,116000.37777777777,205048.23
merch77023@axl,16.65,30,136016.0575,291368.82
merch77024@axl,20.5,39,564722.502,1113893.95
merch77034@axl,12.0,25,119465.83941176471,186059.9
merch77041@axl,16.571428571428573,34,244225.64333333337,340339.28
merch77064@axl,10.666666666666666,23,155041.14,369838.86
merch77067@paytm,23.391304347826086,41,143605.17869565217,254867.31
merch77068@oksbi,21.0,42,401895.4948148149,680922.05
merch77084@ybl,21.783783783783782,46,334049.54378378374,954520.33
merch77095@axl,20.88235294117647,41,137593.48705882355,330245.75
merch77097@ybl,14.791666666666666,30,84322.01708333332,215301.07
merch77126@paytm,18.074074074074073,37,305707.55370370374,616098.8200000001
merch77133@axl,16.125,33,122118.4875,427669.07
merch77147@oksbi,16.59090909090909,33,266358.7604545455,450397.63
merch77151@axl,21.3125,42,527788.4796874999,906850.61
merch77190@oksbi,11.941176470588236,23,232097.4094117647,408530.09
merch77202@okicici,20.384615384615383,39,177484.38730769232,261220.16000000003
merch77286@paytm,11.608695652173912,25,224497.83521739132,569364.67
merch77289@okicici,12.5,26,122559.190625,177677.18
merch77293@oksbi,18.818181818181817,38,109083.57045454545,188850.42
merch77310@okhdfcbank,15.08,32,66499.06520000001,252230.78
merch77313@oksbi,17.565217391304348,33,175015.82826086954,309117.38000000006
merch77325@okhdfcbank,15.923076923076923,34,52505.29807692308,139658.36
merch7732@okhdfcbank,14.083333333333334,31,412928.2691666667,874259.8800000001
merch7734@axl,20.27777777777778,34,452144.4505555555,549555.2199999999
merch77355@paytm,21.096774193548388,43,95270.38967741936,283619.59
merch77380@paytm,17.967741935483872,40,400632.4164516129,800799.3099999999
merch77421@okicici,18.08,35,65763.7932,213406.35
merch77433@okicici,15.909090909090908,30,352659.4454545455,791619.6400000001
merch77441@okicici,15.928571428571429,34,137013.53785714286,205380.35
merch77454@oksbi,23.324324324324323,47,418486.2575675676,674084.8400000001
merch77465@oksbi,19.48,34,217238.59960000002,345447.08
merch77475@okicici,20.307692307692307,41,91903.32846153846,196806.61
merch77497@paytm,21.476190476190474,36,122485.55428571429,227320.31000000003
merch7749@okhdfcbank,14.714285714285714,31,113175.43142857144,233053.60000000003
merch77514@oksbi,14.380952380952381,27,150662.16333333333,422981.7
merch77519@paytm,15.785714285714286,32,304334.09964285715,757273.3999999999
merch77521@okicici,16.46153846153846,33,100419.05692307695,322323.52
merch77534@okhdfcbank,14.96,36,297761.178,517057.46
merch77544@oksbi,17.93103448275862,36,102508.40000000001,385485.92
merch77574@okhdfcbank,17.476190476190474,35,98337.93095238095,231028.42
merch77586@okicici,21.633333333333333,42,160200.38433333335,341526.11000000004
merch77614@paytm,14.923076923076923,32,127743.25230769231,341804.78
merch77620@oksbi,21.733333333333334,41,492749.60900000005,919929.74
merch77625@oksbi,18.652173913043477,33,105640.87217391304,155404.47999999998
merch77637@oksbi,13.142857142857142,28,37490.20809523809,274933.18
merch77639@paytm,21.303030303030305,42,127419.8693939394,420755.4900000001
merch77670@paytm,21.272727272727273,45,309861.9939393939,644687.07
merch77674@paytm,14.791666666666666,28,219658.53333333333,424389.33
merch77676@okicici,20.0,37,123859.93960000001,210902.61
merch77681@okicici,16.653846153846153,36,119650.55576923078,260564.14
merch77688@ybl,19.85185185185185,38,391284.58259259263,558559.7700000001
merch77693@ybl,10.55,22,83493.66,304721.33
merch77700@axl,19.392857142857142,40,276942.3225,457410.27
merch77708@axl,20.9375,42,313207.52906250005,598644.7699999999
merch77729@oksbi,14.904761904761905,31,161810.1776190476,315893.94999999995
merch77737@paytm,18.59259259259259,37,145393.7725925926,328117.8900000001
merch7773@okicici,15.38888888888889,31,105130.37944444445,273248.18
merch77749@okhdfcbank,14.772727272727273,29,40182.99909090909,81698.62000000001
merch7774@oksbi,25.714285714285715,47,174317.54314285718,320885.16000000003
merch77757@paytm,18.625,36,178156.94166666665,425102.07000000007
merch77759@oksbi,19.40909090909091,38,65345.10954545455,153097.34000000003
merch77794@okhdfcbank,16.40909090909091,31,273802.2963636364,598404.5700000001
merch77830@okicici,16.551724137931036,32,335479.1772413793,848285.85
merch77864@okhdfcbank,22.303030303030305,44,500157.43878787884,786066.3
merch77868@axl,20.551724137931036,39,162732.27896551724,267438.49
merch77868@okicici,18.291666666666668,35,348473.2208333334,420340.50000000006
merch77882@oksbi,21.714285714285715,40,97198.16785714286,158885.83
merch77905@oksbi,15.75,29,228391.912,452207.64
merch77907@ybl,16.8125,33,155879.5090625,286491.02
merch77922@ybl,19.275862068965516,40,201609.7772413793,322480.17
merch77942@ybl,22.205128205128204,44,42690.123846153845,109408.15
merch77944@axl,20.458333333333332,36,180519.1625,267655.37
merch77945@oksbi,16.095238095238095,30,128349.63523809523,193496.93999999997
merch77948@paytm,15.5,33,171520.58583333335,639676.14
merch77949@oksbi,15.090909090909092,30,173189.57,605149.22
merch77955@okicici,18.285714285714285,34,276249.89380952384,369491.2
merch77960@oksbi,16.608695652173914,31,355970.40956521744,604389.02
merch77968@axl,18.214285714285715,38,234950.99500000002,377595.13
merch77970@okicici,18.807692307692307,35,98112.545,230713.8
merch77970@ybl,12.80952380952381,26,62656.00857142857,89424.7
merch77979@ybl,13.44,28,114506.57,229887.62
merch7798@okicici,19.346153846153847,39,188328.05269230768,423918.45
merch78001@okicici,13.52,27,70655.5496,123172.96
merch7800@oksbi,17.807692307692307,34,209078.9930769231,495039.03
merch78015@okhdfcbank,23.03125,41,151610.40125,266421.38
merch78017@okhdfcbank,19.914285714285715,41,70113.4837142857,119289.08
merch78022@ybl,15.727272727272727,35,181983.4722727273,247473.23
merch78084@paytm,19.379310344827587,39,178150.18379310344,556270.77
merch78089@okicici,19.441176470588236,44,342334.92558823526,1254108.9300000002
merch78092@paytm,15.826086956521738,31,106354.13695652173,204066.98
merch78097@okicici,19.0,38,204644.15333333332,357967.68999999994
merch78112@okicici,20.379310344827587,40,331584.11310344824,521241.7
merch78160@okhdfcbank,15.045454545454545,30,205225.9290909091,373292.7400000001
merch78166@okicici,23.36842105263158,47,204145.26131578945,428011.47
merch78169@okhdfcbank,17.77777777777778,34,109056.05962962963,333155.27
merch78173@ybl,20.586206896551722,41,98402.15448275862,228437.86
merch78179@ybl,19.076923076923077,42,194449.54884615383,322182.48000000004
merch78192@oksbi,14.35,28,271809.628,482539.09
merch78195@axl,16.464285714285715,32,157912.38535714286,262316.97
merch78199@oksbi,16.0,32,159956.6791304348,357325.51
merch7820@axl,12.95,26,281555.196,573408.1799999999
merch7820@paytm,13.875,27,107733.9575,266554.21
merch78219@paytm,14.92,30,32672.174,101315.6
merch78223@axl,19.76923076923077,38,532703.9196153847,731638.1900000001
merch78223@okicici,19.608695652173914,37,151225.5247826087,390233.33
merch78228@okhdfcbank,17.14814814814815,34,80347.7911111111,173687.18
merch78233@okicici,18.5,35,184084.2103846154,458926.3400000001
merch78236@okicici,16.043478260869566,29,209488.27652173914,392106.43000000005
merch78248@okicici,22.705882352941178,44,104085.54911764705,273348.09
merch78255@ybl,19.88888888888889,39,281940.4666666667,720467.1400000001
merch78259@paytm,16.047619047619047,30,174804.6857142857,268284.66000000003
merch7827@okicici,14.047619047619047,27,117340.23095238095,359671.45000000007
merch78281@paytm,14.571428571428571,30,392334.5104761905,620379.06
merch7829@okicici,15.533333333333333,33,191260.00266666667,284087.32
merch78318@okicici,18.794117647058822,39,356586.65147058823,577433.99
merch78331@ybl,17.24,35,279028.2716,512480.6499999999
merch78332@axl,15.181818181818182,32,255919.68090909094,400463.77
merch78347@okicici,19.333333333333332,39,109590.45791666665,248357.55
merch7834@oksbi,16.90909090909091,31,340908.9772727273,477939.97
merch78366@axl,12.625,27,413935.1095833333,797222.63
merch78384@paytm,18.7,39,138832.08233333332,330818.7099999999
merch78391@paytm,14.941176470588236,25,183678.68411764706,239340.42
merch78400@paytm,16.217391304347824,35,30169.964782608695,55501.13999999999
merch78413@okhdfcbank,16.136363636363637,33,136676.405,448309.78
merch78450@okicici,14.714285714285714,29,384593.3447619048,631766.8800000001
merch7846@okhdfcbank,22.03125,44,123811.9134375,258390.62
merch78513@oksbi,17.92,39,399004.05960000004,688434.3300000001
merch78521@axl,17.6,31,205937.95533333335,290230.94
merch78564@ybl,22.151515151515152,44,246458.22757575757,698558.35
merch78582@paytm,18.5,38,179148.43357142856,362485.17
merch7858@ybl,21.451612903225808,40,93652.03548387098,114436.41
merch78593@paytm,17.724137931034484,35,202324.5255172414,359672.12
merch78605@ybl,21.037037037037038,39,184125.11,281384.0299999999
merch78608@oksbi,14.16,30,244432.3328,434086.1699999999
merch78614@oksbi,17.923076923076923,35,297159.01384615386,400563.37000000005
merch7861@okhdfcbank,12.941176470588236,25,104747.59352941177,287828.73000000004
merch7862@paytm,16.333333333333332,31,98857.49523809523,254693.92
merch78661@paytm,20.0,40,131496.39678571429,438248.8999999999
merch78670@okicici,14.458333333333334,28,76909.95583333333,179768.11
merch78681@okicici,16.869565217391305,30,207051.3543478261,345115.8500000001
merch78701@paytm,19.65625,38,274188.0096875,513536.67
merch78701@ybl,19.466666666666665,39,257961.61366666667,330365.38
merch78712@axl,16.071428571428573,36,100959.36285714286,238504.11
merch78714@okhdfcbank,13.833333333333334,26,44385.725000000006,124752.03
merch78722@axl,14.91304347826087,33,168971.89608695655,592268.3600000001
merch78734@paytm,10.545454545454545,19,58640.39818181817,134310.5
merch78751@okicici,20.807692307692307,43,362995.7446153846,511551.94
merch78754@paytm,17.09090909090909,32,322020.89045454544,511478.2
merch78755@okhdfcbank,15.176470588235293,27,143262.87411764706,314247.37
merch78758@okicici,21.846153846153847,37,368884.98038461537,514387.02
merch78761@oksbi,15.55,30,181557.565,388175.45
merch78763@okhdfcbank,17.791666666666668,37,226248.93458333335,404487.94
merch78810@axl,10.3,21,138724.59300000002,229235.2500000001
merch78818@oksbi,13.45,28,57138.7395,84495.5
merch78853@okhdfcbank,12.375,26,115544.30125,344216.62000000005
merch78857@oksbi,21.09090909090909,41,158130.18606060604,467541.55
merch78857@paytm,15.181818181818182,33,227117.61,447709.01
merch78865@axl,18.903225806451612,39,101789.72548387098,234868.07000000004
merch78891@axl,13.294117647058824,25,47299.20352941176,80431.3
merch78911@oksbi,15.090909090909092,30,137581.85045454543,303850.4399999999
merch78918@ybl,13.375,27,197947.11583333334,353848.5900000001
merch78929@oksbi,14.708333333333334,31,99157.7925,259965.73
merch78932@paytm,19.84,36,155612.17200000002,285983.73000000004
merch78937@paytm,13.705882352941176,28,50547.99411764706,145979.23
merch78952@okicici,15.2,31,140218.578,283352.08
merch7895@oksbi,23.615384615384617,50,387537.19641025644,724333.4
merch78982@okicici,21.12,39,421107.13759999996,616624.11
merch78989@okicici,20.233333333333334,36,177718.07433333335,321947.11
merch78990@paytm,17.307692307692307,34,433925.4099999999,746235.04
merch78991@paytm,15.904761904761905,29,92209.77142857143,237819.64
merch78994@oksbi,16.0,33,104703.0884,259100.26
merch79000@axl,24.870967741935484,47,242534.85322580647,492772.7400000001
merch79059@axl,21.967741935483872,41,176924.31193548386,321232.27
merch79062@oksbi,20.93548387096774,42,393762.7422580645,852080.34
merch79082@paytm,24.0625,48,221403.048125,405010.65
merch79101@okicici,19.344827586206897,39,223973.3027586207,583597.76
merch79108@ybl,14.703703703703704,33,254383.35333333333,511728.33
merch79118@paytm,18.03846153846154,37,56729.280384615384,106206.06
merch79142@okicici,17.5,35,102088.41166666668,311776.53
merch79157@paytm,18.653846153846153,37,252400.31423076923,438770.6500000001
merch79167@ybl,14.846153846153847,32,503026.2684615385,882382.9799999999
merch79179@axl,12.210526315789474,26,79963.7947368421,230648.35
merch79183@paytm,21.61764705882353,44,163065.0155882353,274774.62
merch79206@axl,14.857142857142858,31,57972.200952380954,230175.36000000004
merch79229@paytm,19.964285714285715,39,275991.09464285715,528820.96
merch79277@axl,15.291666666666666,36,156581.91125,234226.57
merch79283@paytm,15.047619047619047,30,493469.8261904761,614926.3099999998
merch7928@paytm,17.40740740740741,34,284022.7114814815,435762.5800000001
merch79303@okhdfcbank,12.090909090909092,23,294540.4763636364,548978.56
merch79311@oksbi,13.5,28,235434.76307692312,529907.6900000001
merch79313@oksbi,13.65,28,398510.9105,630310.09
merch79337@okhdfcbank,26.128205128205128,51,285977.53615384613,528051.97
merch79349@axl,14.961538461538462,30,205843.2353846154,373920.96
merch79352@paytm,14.647058823529411,24,72327.33176470587,110486.25
merch7940@ybl,15.947368421052632,31,191302.0642105263,273024.5399999999
merch79411@ybl,22.962962962962962,43,310471.99074074073,500676.72
merch79412@okhdfcbank,16.76923076923077,33,90495.78076923077,206766.69
merch79437@okhdfcbank,13.954545454545455,28,271998.28954545455,557884.4800000001
merch79443@ybl,16.0,29,311847.245,561661.76
merch79455@axl,11.294117647058824,25,79026.09352941177,144211.65
merch79461@ybl,17.08695652173913,30,118610.89304347827,265008.93
merch79478@axl,21.75,39,525785.5025000001,858900.7900000002
merch79488@axl,10.066666666666666,21,212306.20066666667,325329.32
merch79513@ybl,20.285714285714285,41,106383.94321428573,331008.64
merch79515@okicici,20.933333333333334,42,64797.89633333334,138792.14
merch79533@axl,17.035714285714285,34,172952.00535714286,286954.51
merch79542@paytm,15.409090909090908,30,83796.26136363637,129455.55
merch7955@paytm,13.428571428571429,29,106182.93142857144,251636.67
merch79565@paytm,17.454545454545453,33,325354.75363636366,465511.92
merch79578@ybl,20.384615384615383,36,130703.03000000001,262035.7
merch79591@axl,19.0,34,87563.9548,167062.86
merch79604@axl,16.681818181818183,32,152801.585,271336.53
merch79609@axl,20.88888888888889,42,117716.96694444446,338571.15
merch79629@ybl,16.416666666666668,34,80397.14625,153957.59
merch79643@okhdfcbank,18.32,36,479042.614,780966.7000000001
merch79655@axl,15.583333333333334,36,204266.97374999998,733625.0899999999
merch7967@oksbi,15.545454545454545,30,173374.0181818182,435340.77
merch79711@oksbi,20.137931034482758,40,147119.62,319947.39
merch79731@ybl,16.64,31,106108.72959999999,398809.48
merch79743@paytm,14.166666666666666,28,80562.47000000002,163744.41
merch79748@axl,19.964285714285715,37,146873.3432142857,250416.47
merch79763@axl,18.29032258064516,41,273489.59387096774,590627.8300000001
merch79766@ybl,13.55,28,148386.01,320533.3
merch79771@oksbi,23.555555555555557,45,198698.81305555557,401057.3899999999
merch79798@ybl,11.733333333333333,23,228629.16066666666,369993.53
merch79860@okicici,21.5625,42,212839.7940625,346475.34
merch79867@paytm,17.586206896551722,37,122227.18827586208,443546.27
merch79872@okhdfcbank,25.545454545454547,48,415318.7927272727,591590.01
merch79872@okicici,17.347826086956523,33,278322.1952173913,725798.14
merch79883@axl,15.15,31,218376.27849999996,402595.3
merch79885@paytm,16.1,34,116934.7905,225314.82000000004
merch79886@oksbi,17.11111111111111,33,269944.0022222222,543787.65
merch79919@ybl,19.296296296296298,41,304409.68925925926,578541.89
merch79930@okhdfcbank,12.666666666666666,25,37004.67722222223,84158.32
merch79944@ybl,15.695652173913043,32,277532.2330434783,679773.3300000001
merch79950@okhdfcbank,21.22222222222222,40,320717.9918518518,534871.3399999999
merch79950@oksbi,18.076923076923077,35,78131.74269230769,138703.34
merch79978@axl,14.619047619047619,29,95635.44952380953,144763.54
merch79993@okhdfcbank,21.516129032258064,41,159699.80258064516,334385.17
merch80003@oksbi,18.083333333333332,37,292466.8079166667,445843.5
merch80008@okhdfcbank,16.23076923076923,33,190485.9426923077,337525.43999999994
merch80023@paytm,17.333333333333332,35,270501.6342857143,603785.09
merch80030@okhdfcbank,14.272727272727273,30,180444.96545454545,316370.30999999994
merch80031@okicici,13.625,25,56469.10375,92056.72
merch80036@oksbi,22.205882352941178,41,78637.11029411765,169864.19000000003
merch80044@ybl,17.181818181818183,32,135197.3890909091,244847.14
merch80045@oksbi,15.392857142857142,31,99559.68785714287,489099.65
merch80049@axl,17.291666666666668,37,204948.5770833333,367209.96
merch80056@okicici,13.055555555555555,26,68829.5611111111,84005.48
merch80059@oksbi,17.76923076923077,38,183261.3553846154,389968.12
merch8008@okhdfcbank,16.473684210526315,35,73357.02684210526,304072.35000000003
merch80098@okicici,20.0,39,345022.74852941174,771510.17
merch80118@okhdfcbank,15.346153846153847,33,101024.90769230768,204405.89
merch80118@ybl,13.266666666666667,24,123492.212,343661.45
merch80134@oksbi,24.916666666666668,47,341006.0313888889,786711.3700000001
merch80139@okicici,15.55,30,72551.14050000001,176569.98000000007
merch8014@oksbi,15.88,34,72911.686,151516.83
merch80172@ybl,18.357142857142858,36,170698.80321428573,272476.7
merch80180@okhdfcbank,19.05263157894737,34,126862.10210526315,227014.65
merch80182@axl,13.56,29,280515.71640000003,595300.79
merch80183@okicici,20.379310344827587,40,359350.1403448276,521046.67999999993
merch80183@oksbi,21.694444444444443,43,73774.54666666668,161094.36000000002
merch80199@okicici,14.038461538461538,31,35964.96846153846,126166.87
merch8019@oksbi,17.5,36,152618.5692857143,232984.48
merch80214@okhdfcbank,25.9,50,290568.33849999995,567449.49
merch8021@paytm,21.181818181818183,42,77438.80757575757,183417.48
merch80232@oksbi,23.705882352941178,45,190658.82617647058,392337.98999999993
merch80239@okhdfcbank,20.3125,40,284040.410625,417018.63
merch80244@okhdfcbank,12.91304347826087,24,79525.85652173913,155725.56
merch80303@okhdfcbank,20.896551724137932,41,146919.72034482757,281369.18000000005
merch80304@okicici,15.535714285714286,32,46715.39000000001,117166.55
merch80314@oksbi,15.208333333333334,28,153332.95625000002,238796.35
merch80324@ybl,12.761904761904763,27,189918.84,415811.63
merch80345@paytm,17.833333333333332,36,350399.58366666664,848754.72
merch80382@ybl,14.166666666666666,28,238779.1083333333,393521.19
merch80386@axl,20.870967741935484,43,216786.46612903225,443744.34
merch8038@axl,18.166666666666668,34,262355.91566666664,383840.14
merch80401@okhdfcbank,15.818181818181818,31,181590.9609090909,433920.81
merch80417@ybl,18.16,34,62559.7976,176366.82
merch80424@axl,18.571428571428573,39,154486.14321428575,352144.55000000005
merch80434@ybl,18.944444444444443,37,367493.21222222224,593736.77
merch80453@okhdfcbank,14.181818181818182,30,26752.211363636365,121519.71
merch80455@axl,13.3125,27,190496.37,400397.7
merch80472@okhdfcbank,16.952380952380953,31,149434.82047619048,349264.51
merch80483@paytm,16.63157894736842,34,317531.70263157896,610268.64
merch8048@ybl,18.967741935483872,39,250557.83387096776,508515.42
merch80491@okhdfcbank,16.59090909090909,32,139671.055,291708.56
merch80522@ybl,17.789473684210527,34,241143.7315789474,282924.91
merch80538@axl,14.608695652173912,32,122017.55434782608,247690.99
merch80544@axl,17.52173913043478,35,331583.5291304348,596637.4299999999
merch80552@okhdfcbank,21.6,40,261238.8896,523044.67
merch80566@axl,15.136363636363637,28,297809.1336363636,456452.29999999993
merch80587@oksbi,21.24137931034483,41,262156.79724137933,626931.73
merch80614@axl,14.130434782608695,28,52961.67652173913,95998.59000000004
merch80618@oksbi,23.322580645161292,46,381845.600967742,526267.91
merch80622@ybl,13.347826086956522,28,164300.65260869564,346560.6599999999
merch80624@okhdfcbank,12.894736842105264,27,63364.054210526316,117555.84
merch80632@okicici,16.61904761904762,29,29124.16952380952,47246.96
merch80637@ybl,13.904761904761905,28,182777.33666666667,475870.4099999999
merch8066@okicici,10.894736842105264,24,172626.60789473687,285287.7
merch8066@paytm,18.17241379310345,35,185966.71896551727,344406.47000000003
merch80697@paytm,14.428571428571429,32,41838.38238095238,76891.45
merch80711@okhdfcbank,8.166666666666666,19,269767.0833333333,473699.46
merch80714@paytm,17.12,32,193445.19199999998,396435.42
merch80737@ybl,14.24,29,272134.5512,662252.13
merch8073@paytm,14.65,31,34817.485,126391.51999999996
merch80741@okhdfcbank,17.678571428571427,38,175269.98357142857,277485.14
merch80763@ybl,14.5,32,103738.2931818182,242697.26
merch8076@axl,14.909090909090908,32,61891.72227272727,145451.35
merch80777@okicici,19.956521739130434,35,504145.1908695652,823067.1900000001
merch80781@okhdfcbank,13.8,31,107031.6936,397641.9199999999
merch80789@oksbi,14.958333333333334,32,75588.99583333333,365036.21
merch80794@okhdfcbank,22.29032258064516,42,246526.63193548386,436356.9599999999
merch8081@paytm,19.576923076923077,40,500605.8234615385,745739.21
merch80833@okicici,18.266666666666666,38,359683.57933333336,497091.47
merch80841@ybl,17.25,36,253347.88785714286,569684.9700000001
merch80845@ybl,15.916666666666666,33,444041.7175,813491.66
merch8084@axl,20.103448275862068,39,187972.26310344826,430963.73
merch80852@axl,17.20689655172414,35,73345.79310344828,126627.88
merch80858@paytm,12.235294117647058,24,85535.39823529412,159017.28999999998
merch80865@oksbi,25.5,50,272770.90725000005,781951.2
merch8087@okhdfcbank,17.93548387096774,36,85258.85129032258,241356.21
merch8088@oksbi,16.76,36,161483.62720000002,267366.07
merch80900@okicici,15.0,31,297225.65625,518089.08
merch80921@axl,15.703703703703704,32,156793.4988888889,369956.36
merch80923@oksbi,18.14814814814815,35,172832.83481481482,278012.9
merch80946@okhdfcbank,24.129032258064516,44,115157.30451612904,217710.85
merch80968@ybl,14.833333333333334,27,91070.72333333333,259723.5
merch80996@oksbi,23.029411764705884,43,533623.3923529412,1062735.18
merch81015@paytm,11.866666666666667,27,88511.166,180389.14
merch8101@oksbi,17.384615384615383,36,195209.77192307694,921057.72
merch81039@okicici,14.894736842105264,29,158871.89105263157,363460.2699999999
merch81051@oksbi,16.96,32,85635.8124,192180.1
merch81084@oksbi,15.041666666666666,28,123090.69,237740.66
merch81093@okhdfcbank,20.15625,42,198189.74437499998,380294.62000000005
merch81105@okhdfcbank,19.962962962962962,37,462403.02777777775,754982.37
merch81107@okhdfcbank,17.125,32,501640.18624999997,976803.55
merch81123@paytm,18.366666666666667,36,218842.145,515664.19
merch81140@okicici,21.64516129032258,45,398203.8548387097,889454.3100000002
merch81145@okhdfcbank,18.9,39,242266.98066666667,498818.15
merch81171@ybl,17.73913043478261,33,210785.3543478261,518721.88
merch81192@okhdfcbank,19.466666666666665,39,219280.94099999996,553421.6199999998
merch81198@oksbi,22.060606060606062,46,128524.7993939394,261426.01
merch81206@axl,20.735294117647058,44,175555.5244117647,354907.69
merch8121@okicici,18.80952380952381,34,182415.44476190477,265528.76
merch81221@okhdfcbank,20.02857142857143,43,428095.1777142857,987673.61
merch81227@oksbi,26.829268292682926,52,174715.2,228700.95
merch81253@axl,13.136363636363637,27,114541.03090909091,180899.28000000003
merch81262@axl,18.44,36,410855.7816,501973.70000000007
merch81263@okicici,14.695652173913043,29,154342.86173913046,384507.2300000001
merch81291@oksbi,21.208333333333332,43,300850.73875,431187.22
merch81291@ybl,12.5,24,52370.073333333334,176639.07
merch81294@paytm,20.416666666666668,39,200086.15208333335,534629.35
merch81298@axl,15.5,32,185982.45035714286,482720.99
merch81303@okhdfcbank,20.93548387096774,40,147781.675483871,320434.26
merch81331@okicici,19.541666666666668,35,89246.04458333332,178341.22999999995
merch81336@ybl,13.105263157894736,25,69524.90947368421,191550.26
merch81337@okhdfcbank,23.666666666666668,48,436130.27878787875,704932.74
merch81382@ybl,14.681818181818182,29,144799.6068181818,362136.9
merch81383@paytm,17.53846153846154,34,42986.78615384615,141189.39
merch81398@okicici,19.125,40,162376.295,395843.24
merch8139@okicici,18.642857142857142,36,186791.9192857143,406993.65
merch8141@okicici,19.076923076923077,38,303547.6665384615,579403.9899999999
merch81442@axl,15.695652173913043,31,206148.99260869567,419006.99
merch81459@axl,25.6,45,180540.912,346077.22000000003
merch81488@paytm,19.642857142857142,40,202811.64535714287,303827.81000000006
merch81501@okicici,19.607142857142858,39,171889.00464285715,425102.9900000001
merch81516@oksbi,20.615384615384617,38,146334.60115384613,297876.1099999999
merch81520@ybl,18.666666666666668,36,330691.03708333336,391608.75
merch81522@ybl,15.166666666666666,30,104618.56458333333,235106.99
merch81541@okicici,20.666666666666668,37,152348.62481481483,348810.93
merch81543@okhdfcbank,14.608695652173912,29,301772.36043478263,486939.45
merch81562@okhdfcbank,20.419354838709676,40,171655.31516129035,388135.37
merch81565@paytm,11.85,25,68001.4115,110194.67
merch81570@okhdfcbank,16.6,32,221017.08160000003,329435.45
merch81576@okicici,19.21875,40,227278.91312500002,403613.24
merch81589@okhdfcbank,11.0,21,49277.09333333333,87431.81
merch81591@oksbi,21.4375,45,186211.895625,483722.53000000014
merch81596@oksbi,12.875,26,139368.52,357011.42
merch8159@axl,22.096774193548388,45,159235.02548387097,438464.62000000005
merch8160@ybl,21.676470588235293,43,632142.4314705882,955961.69
merch81630@okhdfcbank,17.565217391304348,32,173318.57956521737,315204.46
merch81631@paytm,17.551724137931036,35,289410.794137931,633476.2200000001
merch81634@okhdfcbank,13.55,31,50239.684,121935.92
merch81636@oksbi,21.35483870967742,40,164553.28322580646,386825.28
merch8163@okhdfcbank,17.384615384615383,34,222329.02461538464,449563.54
merch81659@okhdfcbank,18.391304347826086,35,299721.96434782614,594841.0800000001
merch81664@okhdfcbank,18.20689655172414,34,23711.948965517244,93407.08
merch81667@okicici,17.53846153846154,33,155589.66576923078,303612.75
merch81672@okhdfcbank,20.866666666666667,42,163491.646,277385.61
merch81691@okhdfcbank,17.48148148148148,38,145318.40333333332,292005.3499999999
merch8169@okhdfcbank,14.0,28,112743.60333333333,343897.81
merch81721@okhdfcbank,12.31578947368421,23,245985.63421052636,521240.69
merch81730@oksbi,20.185185185185187,39,205526.52444444445,282729.15
merch81732@oksbi,18.862068965517242,43,342764.1362068965,958706.51
merch81746@ybl,16.55,30,133092.07700000002,177862.68000000005
merch81754@axl,18.52173913043478,36,300341.5752173913,645695.3999999999
merch81781@okhdfcbank,13.636363636363637,29,219305.54227272727,492111.38
merch81799@oksbi,23.97142857142857,47,213411.256,365164.33
merch81821@axl,15.333333333333334,28,113832.95047619047,173186.77000000002
merch81853@oksbi,13.45,27,52091.977,170751.16999999998
merch81857@okhdfcbank,18.074074074074073,35,319015.0811111111,625154.6499999998
merch81869@okicici,14.0,27,69675.52166666667,102194.33
merch81875@paytm,16.16,33,195637.93120000002,502511.73
merch81876@axl,16.458333333333332,33,117262.67166666668,270677.49
merch81880@ybl,13.625,29,171751.94375,444805.89
merch8188@okicici,33.32608695652174,65,640192.162826087,1420070.15
merch81890@okhdfcbank,17.06896551724138,35,202457.25344827585,487151.35
merch81893@okicici,16.84,36,222224.72360000003,407881.6700000001
merch81901@axl,12.9,29,167294.4445,427274.84
merch81913@axl,20.16,39,301457.8644000001,636897.7500000001
merch81934@axl,16.75,36,198502.4642857143,310305.30999999994
merch81946@ybl,11.764705882352942,21,270526.4629411765,367624.88
merch81972@okhdfcbank,16.53846153846154,32,189242.18692307692,294419.72000000003
merch81978@okicici,20.029411764705884,39,92615.33764705883,215952.47
merch81989@oksbi,23.53846153846154,47,335007.56000000006,582193.16
merch82008@oksbi,18.523809523809526,33,68537.48285714285,171402.22
merch82014@ybl,17.285714285714285,35,83580.95964285712,361232.5899999999
merch82032@paytm,24.897435897435898,47,239558.20512820513,597217.82
merch82046@oksbi,20.8,38,59172.29533333333,141187.5
merch82049@oksbi,15.576923076923077,31,217053.0619230769,433276.00999999983
merch82071@axl,19.68,37,250968.21120000002,651946.08
merch82080@oksbi,22.56756756756757,48,117113.76972972974,237105.27
merch82088@axl,11.0625,21,64775.04375,136122.71
merch82098@ybl,18.625,35,107172.98875,330465.01
merch82099@okicici,15.407407407407407,32,317127.50111111114,504651.1
merch82113@oksbi,15.916666666666666,31,131421.025,305759.41
merch82120@ybl,17.423076923076923,34,38973.878461538465,85044.45999999999
merch82122@ybl,19.571428571428573,37,234855.21678571426,394858.64
merch82136@ybl,14.583333333333334,31,213708.42083333337,369037.54000000015
merch82163@paytm,16.285714285714285,31,69438.34047619048,193732.11000000004
merch82165@okhdfcbank,16.444444444444443,32,305872.1314814815,429606.44000000006
merch82190@ybl,16.48,33,170951.99079999997,343305.67
merch82213@ybl,21.0,43,252422.62387096774,491433.33
merch82223@oksbi,17.535714285714285,38,422232.6239285714,787556.47
merch82227@paytm,17.153846153846153,32,123141.91076923077,397746.38
merch8222@ybl,13.4375,28,246869.85875,485107.47
merch82251@okicici,13.565217391304348,27,355645.88260869565,705583.2000000001
merch82256@paytm,12.157894736842104,25,94124.08736842107,158445.34
merch82257@paytm,12.238095238095237,24,259216.81809523812,385735.02
merch82266@okicici,19.96969696969697,40,213474.93454545454,371838.51
merch82271@paytm,15.428571428571429,32,92806.40428571428,185048.8
merch82288@oksbi,17.233333333333334,34,162749.083,385807.8
merch82352@okhdfcbank,14.923076923076923,32,76368.62923076923,315241.53
merch8235@paytm,17.379310344827587,35,202493.4675862069,350932.26000000007
merch82363@paytm,21.233333333333334,43,110773.01766666668,298487.6
merch82365@oksbi,21.11764705882353,40,310085.5244117647,550762.39
merch82380@oksbi,14.75,31,256346.75208333333,415881.96
merch82393@axl,18.6,39,114478.57133333334,362312.92
merch8240@okicici,19.464285714285715,37,176659.50642857142,270825.56
merch82427@paytm,15.571428571428571,31,241060.0166666667,447406.7100000001
merch82439@oksbi,12.210526315789474,23,135179.83684210526,350043.71
merch82443@axl,24.22222222222222,47,311149.2208333333,601153.6199999999
merch82457@okicici,16.76923076923077,35,90511.6776923077,197410.58
merch82459@okhdfcbank,22.433333333333334,41,98104.35766666666,151254.2
merch82478@okhdfcbank,17.4,35,424601.97520000004,809111.95
merch8248@okicici,13.0,28,185858.55130434784,281365.0400000001
merch8248@ybl,17.555555555555557,34,139639.24296296295,375208.04
merch82499@oksbi,20.40625,39,133460.4334375,239636.44
merch82512@okicici,17.214285714285715,36,236458.74785714285,302889.46
merch82526@ybl,17.333333333333332,34,234293.6304166667,420376.03
merch82527@ybl,19.807692307692307,41,106085.865,219582.98
merch82548@oksbi,16.36,33,150541.5948,318344.31
merch82551@axl,14.19047619047619,28,309654.53285714285,490258.86
merch82560@ybl,14.8,25,246623.0,395381.5
merch82583@oksbi,14.416666666666666,30,323460.20375,493511.17
merch82610@axl,21.848484848484848,46,203724.23030303032,580130.6200000001
merch82617@okhdfcbank,17.666666666666668,35,63184.756296296306,290358.57
merch82619@okicici,15.095238095238095,30,143220.17,346258.25
merch82646@axl,16.0,31,98210.911,165113.02
merch82662@oksbi,15.090909090909092,32,258540.9740909091,514466.95
merch82664@ybl,22.2,44,181971.91624999998,582187.5099999999
merch82666@axl,21.214285714285715,42,67798.04785714285,110893.36
merch82673@ybl,18.352941176470587,37,26039.313823529414,43045.77
merch82696@oksbi,21.677419354838708,46,200722.4,567864.14
merch82738@oksbi,11.65,24,59333.47300000001,141154.57
merch82738@ybl,14.272727272727273,28,68932.69272727273,182565.87
merch82748@okicici,17.185185185185187,35,346038.17148148146,606730.27
merch82751@oksbi,22.03448275862069,43,136218.67620689655,439080.48
merch82782@ybl,19.933333333333334,42,282005.77733333333,554075.36
merch82785@paytm,18.40740740740741,34,190119.19444444444,341450.81
merch8282@axl,17.85,38,352834.47750000004,561133.0600000002
merch82838@oksbi,11.714285714285714,25,552758.5057142858,841262.75
merch82844@paytm,17.545454545454547,38,296580.5178787879,515769.69
merch82855@axl,15.714285714285714,33,128229.55333333334,264105.93000000005
merch82863@paytm,16.384615384615383,32,133216.7242307692,197564.49
merch8288@oksbi,19.677419354838708,37,153290.49774193548,264528.22000000003
merch82897@okhdfcbank,14.823529411764707,27,215374.6488235294,337756.7299999999
merch82909@oksbi,16.625,33,55867.2825,126713.76
merch82924@okicici,16.807692307692307,37,292470.2161538462,640022.7000000001
merch82947@oksbi,19.0,38,252401.67035714284,582230.3300000001
merch82975@axl,16.80952380952381,32,261804.10523809525,671498.02
merch82981@okhdfcbank,16.666666666666668,29,75368.09333333334,134049.05000000002
merch82981@ybl,19.97222222222222,42,277145.7263888889,596523.3899999999
merch82983@okicici,21.56756756756757,46,68995.53,216560.3
merch82984@axl,19.71875,39,271333.54281250003,445799.09
merch82985@ybl,15.947368421052632,28,258967.3457894737,367482.04999999993
merch82986@okicici,23.375,46,116218.90281249999,362695.56
merch82991@paytm,16.5,34,269527.9232142857,789742.83
merch82993@axl,12.941176470588236,26,12991.37588235294,25946.94
merch82998@oksbi,15.72,30,263865.1192,442599.37
merch83018@paytm,13.0,27,237382.28772727272,300876.54
merch83025@okicici,17.48,33,302470.33119999996,689199.42
merch83025@paytm,16.925925925925927,35,254113.28148148148,482757.67999999993
merch83032@axl,15.958333333333334,31,103820.75833333332,149474.56
merch83036@okhdfcbank,18.25,35,151153.36041666666,431619.54999999993
merch83048@ybl,19.161290322580644,38,125939.55967741935,220498.83
merch83051@okicici,16.363636363636363,33,93667.03409090909,203387.76
merch83055@okicici,17.04,34,81177.18560000001,185646.54
merch83060@ybl,41.78787878787879,77,483115.07954545453,1005185.52
merch83069@okhdfcbank,15.45,33,193507.6265,496756.98
merch83089@okicici,15.772727272727273,31,257084.1781818182,474926.4499999999
merch83092@paytm,18.689655172413794,41,305123.70172413794,531296.47
merch83096@axl,21.363636363636363,39,234435.45727272725,631488.99
merch83097@ybl,11.944444444444445,25,224519.70555555553,460046.42
merch83115@ybl,18.307692307692307,37,125184.25115384617,330381.34
merch83124@paytm,22.06896551724138,40,271183.52482758625,485186.19
merch8312@okhdfcbank,20.026315789473685,43,464738.63236842107,666218.7599999999
merch8313@ybl,15.916666666666666,32,174121.74333333335,391784.52
merch83158@paytm,23.214285714285715,40,386696.355,499321.97
merch83162@okicici,19.612903225806452,41,385003.51096774195,740420.8600000001
merch83164@ybl,19.620689655172413,40,248082.85620689654,457522.13
merch83168@okhdfcbank,14.1,27,80691.3895,144620.88999999998
merch83168@paytm,20.92,40,222683.8308,492994.86
merch83172@oksbi,10.933333333333334,25,55836.80733333333,142989.85
merch83174@ybl,20.266666666666666,38,67189.53400000001,250005.49000000005
merch83201@okhdfcbank,20.807692307692307,37,190169.00615384616,347723.03
merch83212@paytm,17.416666666666668,36,218345.4591666667,329493.75
merch83263@paytm,23.041666666666668,42,180184.545,405342.2
merch83277@oksbi,22.0,44,229719.8409090909,354021.31000000006
merch83297@oksbi,13.5,29,42671.84,109552.8
merch83298@oksbi,22.48,37,150426.8776,289570.41
merch83307@okhdfcbank,14.411764705882353,28,150333.47941176474,250251.83000000005
merch83318@axl,20.0,36,247966.53374999997,522200.0199999999
merch83319@ybl,12.647058823529411,28,61223.115294117655,191790.95
merch83418@paytm,13.222222222222221,26,39567.468888888885,81246.35999999999
merch83418@ybl,14.235294117647058,27,259814.9688235294,541559.87
merch83427@okhdfcbank,18.655172413793103,38,246199.82517241378,515375.3
merch83446@okicici,15.80952380952381,31,36626.967142857146,124414.11
merch83455@oksbi,15.5,27,264648.2377777778,354841.26
merch83486@ybl,18.347826086956523,33,124199.97173913044,215773.49
merch83488@axl,13.826086956521738,29,131880.70913043479,249971.22
merch83504@oksbi,17.307692307692307,34,84781.41307692308,166167.98
merch83516@okhdfcbank,28.03125,49,450025.10218750004,796164.1200000001
merch83542@okhdfcbank,16.22222222222222,31,84205.56148148149,132723.71
merch8354@okhdfcbank,18.928571428571427,38,270833.00785714283,379343.0
merch83579@okicici,21.11111111111111,37,257969.0351851852,410285.35
merch83593@okicici,18.40909090909091,35,129497.24227272725,333798.47
merch83597@oksbi,16.2,33,184442.202,333829.25999999995
merch83598@oksbi,15.5,31,352978.15400000004,605669.5000000001
merch83604@ybl,12.0,25,140300.6142105263,396321.96
merch83606@axl,17.464285714285715,34,52123.079285714295,130221.05000000002
merch83607@okhdfcbank,13.941176470588236,28,96326.90705882353,158162.17000000004
merch83627@oksbi,23.464285714285715,44,320515.25999999995,436675.82
merch83629@okicici,20.838709677419356,42,212282.59516129032,359666.72
merch83632@ybl,14.476190476190476,28,255750.3438095238,368186.98
merch83633@okhdfcbank,19.11111111111111,34,204364.25851851853,250764.89000000004
merch83641@okicici,17.28,33,137181.1516,205163.50999999995
merch83646@ybl,19.5,40,219561.49566666668,432145.89
merch83673@ybl,16.115384615384617,34,144500.6176923077,226616.41
merch83678@oksbi,15.7,28,224141.39849999998,313266.4
merch83694@ybl,14.16,31,285748.406,535102.0599999999
merch83702@okhdfcbank,22.357142857142858,42,171951.11714285714,287336.16000000003
merch83705@oksbi,17.26923076923077,34,166684.1603846154,368920.5999999999
merch8370@axl,18.076923076923077,34,250291.535,447986.99
merch83720@axl,19.125,38,221813.7659375,506822.57
merch83747@ybl,22.357142857142858,44,490732.77035714284,802470.78
merch83755@axl,17.24,34,58605.0828,101761.52
merch83757@paytm,13.052631578947368,25,257714.40263157897,412351.65
merch83762@paytm,14.25,30,305541.61625,531261.22
merch83799@okhdfcbank,15.68421052631579,28,102997.63263157895,282078.60000000003
merch83805@okhdfcbank,13.285714285714286,25,129951.3919047619,269928.61999999994
merch83819@axl,21.43243243243243,42,204696.94,422033.0999999999
merch83850@okhdfcbank,12.777777777777779,26,337048.11166666663,478390.49
merch83864@okicici,19.96969696969697,42,284155.7736363637,405057.71
merch8386@ybl,14.666666666666666,32,173289.60259259256,283398.91000000003
merch83897@paytm,18.52,35,214772.2132,359699.73999999993
merch83910@oksbi,17.0,30,265096.27749999997,379779.23
merch83911@okhdfcbank,15.75,32,165800.972,447948.97
merch83915@ybl,16.894736842105264,29,496686.0284210527,605789.2500000001
merch83938@oksbi,23.07894736842105,48,241754.04921052628,596057.64
merch8393@okhdfcbank,17.076923076923077,31,330871.93,486454.27
merch83945@axl,12.869565217391305,28,107274.05304347827,223918.48
merch83949@paytm,18.74074074074074,37,387218.0762962963,782626.3700000001
merch83951@ybl,19.20689655172414,36,115041.42655172414,305062.18000000005
merch83963@okhdfcbank,14.826086956521738,29,140224.64304347825,272317.01
merch83971@oksbi,22.2,43,343796.82685714285,931806.25
merch83979@okhdfcbank,17.814814814814813,35,376669.6296296296,681212.5900000001
merch83979@oksbi,18.74074074074074,41,84752.71814814815,307890.92
merch8398@axl,21.823529411764707,45,256357.0026470588,500663.95
merch83990@okhdfcbank,14.75,30,109251.76125,438341.78
merch84000@ybl,38.0,72,501597.28,1060044.06
merch84017@oksbi,19.76,37,313334.27199999994,560965.5599999998
merch84035@axl,15.235294117647058,26,193315.51294117648,241245.01
merch84040@okicici,20.17241379310345,39,199501.9903448276,458064.85
merch84045@okicici,25.58823529411765,48,256188.32823529412,483453.26
merch84063@axl,20.615384615384617,38,463498.5142307692,765845.3799999999
merch8407@paytm,19.074074074074073,45,122305.07148148149,194414.96
merch84086@okicici,18.5,35,264343.0231818182,424719.06
merch84098@okicici,15.047619047619047,30,77453.43904761906,120152.15000000004
merch84100@okhdfcbank,17.25925925925926,36,262544.71851851855,707131.79
merch84114@ybl,21.029411764705884,43,188810.01970588235,401002.82000000007
merch84115@okhdfcbank,17.304347826086957,32,265875.70956521743,485586.86
merch84120@okicici,17.04,37,119533.84080000002,313248.83
merch84130@oksbi,14.826086956521738,34,98547.48478260869,313597.5299999999
merch84133@oksbi,20.2,38,319742.372,468666.52
merch84137@okicici,14.454545454545455,30,112542.21272727274,350006.38
merch84138@ybl,16.15,28,136557.866,250049.47
merch84140@ybl,15.11111111111111,27,175729.81333333332,349474.37
merch84149@oksbi,18.285714285714285,38,52896.05464285715,109252.08999999998
merch84169@oksbi,15.095238095238095,28,93387.74666666666,193354.97
merch84171@oksbi,14.1,28,74343.5505,187573.15
merch84187@ybl,12.444444444444445,24,25047.636666666673,55938.08
merch84190@axl,14.791666666666666,31,276564.6204166667,502378.2999999999
merch84197@okicici,19.37037037037037,37,292092.5892592593,403218.77
merch84201@oksbi,14.65,29,143202.3895,330487.24999999994
merch84205@oksbi,21.91891891891892,46,184967.92945945947,402205.98
merch84220@oksbi,33.69230769230769,71,474072.4607692308,841096.7899999999
merch84230@okhdfcbank,20.142857142857142,36,157345.70785714287,355886.3
merch84247@paytm,15.869565217391305,33,73031.0243478261,181251.69
merch84251@okicici,19.535714285714285,36,375403.2925,552714.67
merch84251@ybl,18.516129032258064,38,295580.38096774195,553645.1600000001
merch8425@ybl,16.51851851851852,37,293656.1974074074,541235.4599999998
merch84274@oksbi,19.12,37,252617.986,531306.16
merch84290@okicici,16.555555555555557,33,91452.9288888889,147892.59
merch84301@axl,27.02857142857143,50,497124.4359999999,1050112.84
merch84301@paytm,13.714285714285714,26,117860.78571428571,219831.19
merch84323@okhdfcbank,18.6,32,97446.09550000001,191331.35
merch84324@paytm,18.708333333333332,36,195497.45875,293626.07
merch84325@axl,15.75,33,149345.25958333333,241547.08
merch84336@ybl,20.607142857142858,40,229138.42392857143,442789.36
merch84339@axl,10.11111111111111,21,79983.56833333333,137487.4
merch84345@axl,22.766666666666666,46,147795.67533333332,393226.65
merch8434@ybl,24.933333333333334,44,357138.36000000004,786268.0800000001
merch84378@oksbi,20.9,40,160439.65666666668,480157.75000000006
merch84384@oksbi,18.73076923076923,37,191310.34076923074,356387.8
merch84385@ybl,19.32,34,109577.97,270920.0
merch84388@okicici,18.391304347826086,32,226269.61652173917,418734.89
merch84406@paytm,28.097560975609756,51,645550.3446341464,1069588.0100000005
merch84420@paytm,15.909090909090908,31,271792.8854545455,430193.85
merch84422@okhdfcbank,19.82758620689655,44,301572.6017241379,466030.8399999999
merch8443@oksbi,19.428571428571427,36,188399.65785714288,337896.35000000003
merch84442@axl,19.848484848484848,41,390764.23393939395,656332.3300000001
merch84443@okhdfcbank,19.1,42,255843.28133333332,561552.36
merch84449@oksbi,16.217391304347824,32,191336.7730434783,463272.05
merch84452@paytm,17.52,37,85878.3296,169772.31999999998
merch84453@okhdfcbank,22.0,44,237137.0535294118,514455.95
merch84457@okhdfcbank,18.0,38,241017.4448275862,368471.68000000005
merch84459@okhdfcbank,18.045454545454547,33,125061.82999999999,277638.94999999995
merch84460@axl,19.423076923076923,41,310285.1723076923,524567.59
merch84463@okhdfcbank,12.555555555555555,24,69553.15444444444,193247.81
merch84468@okhdfcbank,12.277777777777779,27,194055.91444444444,403181.79999999993
merch8446@oksbi,21.032258064516128,42,179689.1516129032,426848.68
merch84470@paytm,14.863636363636363,31,170505.76045454547,571462.9900000001
merch84481@oksbi,16.095238095238095,29,256331.41285714286,409159.67
merch84481@ybl,15.368421052631579,29,88916.6194736842,150011.85999999996
merch84488@okhdfcbank,11.55,23,164113.738,199470.05
merch84488@paytm,19.48,35,111838.60320000003,213428.89000000004
merch8450@oksbi,16.714285714285715,31,192066.93666666668,318099.69
merch84512@okhdfcbank,11.9,23,119239.0615,252080.68
merch84514@paytm,18.291666666666668,38,283631.92916666664,655241.39
merch84533@okhdfcbank,21.096774193548388,40,432061.1377419355,614421.0499999999
merch84537@ybl,16.217391304347824,31,141515.2956521739,280351.17
merch84557@okhdfcbank,10.8,24,67906.8695,110291.49
merch84568@okhdfcbank,12.705882352941176,25,156322.20411764705,288636.99000000005
merch84574@paytm,18.066666666666666,36,338532.2766666666,561108.7200000001
merch84576@okhdfcbank,16.15,35,180429.2095,618508.9
merch84583@paytm,14.473684210526315,28,170740.2505263158,279056.54000000004
merch84597@ybl,23.26923076923077,43,147818.32,264300.13000000006
merch84608@ybl,19.0,41,187584.7151612903,325739.64
merch84611@okhdfcbank,17.363636363636363,37,54611.25272727273,122557.71000000002
merch84625@paytm,18.346153846153847,36,78478.02038461539,244299.42
merch84632@okicici,13.304347826086957,29,94722.00434782609,214363.61
merch84634@axl,21.142857142857142,41,213558.74371428572,338048.25999999995
merch8464@oksbi,20.85185185185185,40,115231.54592592594,224325.76
merch84652@ybl,12.277777777777779,23,147897.58166666667,238451.29000000004
merch84654@okicici,18.06896551724138,33,193792.19655172413,374577.19
merch8466@ybl,16.695652173913043,35,49159.01173913044,110951.21
merch84692@axl,15.0,33,55673.3261904762,222024.15
merch84704@ybl,13.352941176470589,26,27204.808235294116,60027.86
merch84710@okicici,18.870967741935484,40,153254.77,336546.12
merch84749@oksbi,17.333333333333332,35,204538.45625000002,333116.27
merch84766@okhdfcbank,16.227272727272727,32,54651.83636363636,92638.86
merch84785@ybl,14.5,32,158168.61958333335,352282.89
merch84791@paytm,11.85,24,134803.69650000002,393797.5
merch84794@paytm,20.428571428571427,39,187552.93571428573,258354.76
merch84796@oksbi,17.68,34,105439.1192,183373.15
merch84804@ybl,15.851851851851851,32,140018.41629629632,252860.62
merch84805@oksbi,18.75,38,255125.5634375,468925.24
merch84817@okicici,15.363636363636363,29,202764.86181818182,330843.57
merch84824@okhdfcbank,13.095238095238095,29,146831.09333333332,255799.77
merch84828@okicici,21.17241379310345,43,213238.5217241379,442000.47
merch8482@okhdfcbank,11.842105263157896,24,92496.6094736842,174618.48
merch84845@okicici,22.5,42,456538.6776666667,1017774.31
merch84845@paytm,21.433333333333334,39,120536.34533333333,229864.78
merch8485@axl,17.36842105263158,31,127673.34842105264,211159.63
merch8485@oksbi,17.115384615384617,38,300438.99153846153,800456.78
merch84866@axl,25.057142857142857,46,125231.88457142857,247775.32000000004
merch84905@okicici,26.137931034482758,48,222740.41344827588,428002.89
merch84910@ybl,23.0,41,391497.8717857143,577429.1900000001
merch84911@ybl,16.12,33,141693.4156,350763.04
merch84938@okicici,15.5,32,29009.021111111113,106473.92
merch84969@oksbi,14.407407407407407,30,192709.92407407408,374335.0300000001
merch84984@okhdfcbank,17.925925925925927,37,104267.30925925926,157395.52
merch8501@okicici,15.153846153846153,34,65497.03307692308,166072.71000000002
merch85029@axl,18.5,37,75925.64857142858,146613.44999999998
merch85042@okicici,23.46875,47,395409.4771875,919296.9
merch85046@okicici,17.523809523809526,36,119303.33428571429,296148.93999999994
merch8504@oksbi,21.2,37,438843.1491999999,901792.89
merch85054@axl,19.25,39,162219.5917857143,236353.98000000004
merch85074@okicici,15.0,27,215445.76,507436.93
merch85075@paytm,18.0,35,61446.32793103448,132370.55
merch85083@okhdfcbank,15.72,31,171107.6016,210869.34
merch85084@okhdfcbank,17.952380952380953,31,282028.6285714286,415935.92
merch85117@ybl,21.4,42,246737.7968,491584.8
merch85120@paytm,20.09375,40,208395.08156249998,438203.15
merch85124@axl,22.735294117647058,46,105422.93382352941,220128.08
merch85124@oksbi,16.782608695652176,31,62876.2352173913,121375.67999999998
merch85131@oksbi,16.92,34,115428.1736,380941.32
merch85156@okhdfcbank,9.61111111111111,23,80544.05222222222,178319.72000000003
merch85166@paytm,20.807692307692307,39,368098.1107692308,784747.3799999999
merch85192@okhdfcbank,16.791666666666668,35,457089.0145833334,661525.73
merch85217@axl,16.818181818181817,39,191558.73318181818,349883.8099999999
merch85218@okicici,22.17241379310345,42,486195.56758620695,753354.1900000001
merch85224@oksbi,18.0,33,147634.27,223549.86000000004
merch85225@paytm,22.875,43,544885.0340625,975906.55
merch85238@okicici,16.142857142857142,29,203123.1076190476,245580.25000000003
merch85268@ybl,18.90909090909091,34,552795.2109090909,993295.39
merch85269@okhdfcbank,21.59375,43,288631.59875,553323.51
merch85291@okicici,18.272727272727273,36,238297.32,393765.3399999999
merch85297@ybl,15.227272727272727,31,42208.25363636364,78186.78
merch8532@paytm,17.96,33,174601.7612,387964.49
merch85335@paytm,17.571428571428573,33,250912.28761904762,366063.61
merch85347@paytm,21.65625,44,208853.7875,406135.41
merch85351@paytm,16.56,32,280485.9508,454597.66
merch85358@okhdfcbank,13.68421052631579,30,83400.71,188787.32000000004
merch85403@oksbi,15.333333333333334,26,218560.13133333332,301473.4199999999
merch85418@axl,19.806451612903224,43,238852.38774193547,460662.6
merch85437@paytm,15.4,31,174687.33400000003,291412.37000000005
merch8543@paytm,18.0,32,77613.09360000001,229285.49000000005
merch85451@oksbi,19.275862068965516,38,270967.88344827585,486390.86
merch85458@ybl,15.5,30,47386.697,282793.87
merch85475@paytm,21.391304347826086,36,318177.6286956522,499468.87000000005
merch85482@oksbi,19.322580645161292,39,352993.7274193549,731167.8600000001
merch8549@axl,16.75,35,170948.09291666668,425533.39
merch85511@oksbi,17.107142857142858,34,60165.20464285714,165443.01
merch8551@paytm,14.142857142857142,27,29765.879999999997,122402.66
merch85544@oksbi,18.464285714285715,39,340188.835,750996.44
merch85546@okhdfcbank,22.392857142857142,43,318614.13499999995,734396.81
merch85553@okicici,17.258064516129032,34,188147.13258064518,315603.85
merch85590@oksbi,17.217391304347824,32,171647.20347826087,276797.89
merch85600@okicici,26.81081081081081,53,340523.50648648647,658096.3300000001
merch85610@ybl,13.38888888888889,29,221277.74666666664,306753.96
merch85612@okicici,17.037037037037038,33,307816.89518518513,734793.98
merch85619@okicici,15.695652173913043,33,84054.60304347827,384152.0800000001
merch85620@paytm,15.75,34,104643.87642857143,200568.59000000003
merch85677@okhdfcbank,18.0,36,402273.4246153846,711827.48
merch85715@okhdfcbank,25.774193548387096,51,298431.0174193548,620512.46
merch85716@okhdfcbank,15.583333333333334,29,123631.10916666668,257728.09
merch85719@paytm,13.695652173913043,27,311672.97695652174,413113.58
merch85731@oksbi,19.782608695652176,38,105866.38695652173,199239.42
merch85738@okhdfcbank,20.423076923076923,38,524026.311923077,769310.6100000002
merch85749@okicici,12.761904761904763,26,53443.66047619047,103869.58
merch85766@okhdfcbank,14.0,30,224304.4007407407,351143.17000000004
merch85766@ybl,23.266666666666666,46,195006.086,466723.2900000001
merch85798@paytm,21.11764705882353,42,332288.74941176473,867847.85
merch85814@paytm,17.517241379310345,35,173176.8148275862,403194.97
merch85814@ybl,19.375,37,156572.99625,260115.05000000005
merch85816@okhdfcbank,13.352941176470589,27,301706.7982352941,582381.66
merch85816@ybl,14.08695652173913,30,277385.5939130435,343289.55
merch85834@ybl,15.541666666666666,29,118397.46583333334,237773.16000000003
merch85845@okicici,22.575757575757574,44,249105.42757575758,717844.5500000002
merch85859@ybl,18.428571428571427,37,377850.6167857143,659373.77
merch85860@okicici,20.933333333333334,41,295655.947,622220.8
merch85873@axl,26.84375,47,322261.9115625,672300.8500000001
merch85874@paytm,20.4,37,92826.3375,310279.18
merch85886@okhdfcbank,16.444444444444443,36,255090.33296296297,387084.8000000001
merch85891@oksbi,21.178571428571427,41,174701.9992857143,261844.75000000003
merch8591@okhdfcbank,15.653846153846153,31,81272.60961538462,159705.06999999998
merch85930@paytm,16.153846153846153,34,93956.43269230769,314583.51
merch8593@oksbi,18.866666666666667,38,102376.92333333334,214023.45
merch85946@paytm,31.238095238095237,59,211201.81547619047,626865.39
merch85954@axl,11.166666666666666,23,148381.2827777778,259361.4
merch85958@okhdfcbank,20.517241379310345,40,107116.88827586207,283566.84
merch85963@axl,14.636363636363637,28,120148.725,150595.01
merch85971@ybl,19.846153846153847,39,407876.7053846154,813106.26
merch85982@axl,18.037037037037038,35,246067.2855555555,480524.58
merch85983@oksbi,18.379310344827587,34,89268.03965517241,182696.72
merch86008@okhdfcbank,24.3125,45,113656.82687500001,190792.88000000003
merch86040@paytm,19.346153846153847,36,385925.5546153846,807886.67
merch86078@ybl,21.352941176470587,46,102595.86617647059,227710.62
merch86094@axl,13.944444444444445,31,65539.82,132781.65
merch86096@oksbi,12.45,27,307044.31350000005,445467.34
merch86097@axl,19.666666666666668,40,264370.85555555555,453414.94000000006
merch86107@ybl,17.56,35,469155.656,893959.1799999999
merch86125@oksbi,16.875,35,163476.26875000002,282636.11
merch86140@oksbi,19.772727272727273,36,289927.84454545454,482816.15
merch86141@oksbi,23.61764705882353,44,407849.00411764707,818742.41
merch86151@oksbi,19.7,39,86069.72066666668,143981.31
merch86159@okhdfcbank,18.045454545454547,34,155715.7568181818,300344.67000000004
merch86163@okhdfcbank,12.842105263157896,25,109678.87894736842,257037.74
merch86172@okicici,20.555555555555557,40,146278.9411111111,295454.99
merch86180@axl,20.807692307692307,40,144409.73384615386,292842.03
merch86186@ybl,17.526315789473685,33,195672.7305263158,396486.52
merch86203@ybl,18.807692307692307,41,218211.98153846152,514654.01
merch86220@oksbi,20.23076923076923,38,173581.2253846154,241396.17
merch86227@paytm,13.125,27,42814.34208333333,117259.98
merch86237@axl,22.17241379310345,39,293229.1113793103,423395.4799999999
merch86311@ybl,18.4,37,208459.55120000002,546617.13
merch86333@okhdfcbank,16.238095238095237,33,256829.07571428572,499695.47
merch86354@oksbi,12.526315789473685,25,50858.345789473686,124140.10000000002
merch86359@ybl,19.576923076923077,39,160701.59692307696,371448.26000000007
merch86365@ybl,17.041666666666668,32,133486.24125,235606.18
merch86379@paytm,13.26086956521739,27,76108.32,181371.03
merch86380@okicici,18.82758620689655,37,156694.83000000002,457513.25
merch86404@ybl,16.115384615384617,32,278709.98461538466,530815.1699999999
merch86411@ybl,12.894736842105264,28,189221.50631578948,374655.68
merch86421@axl,18.26923076923077,37,76202.09,154339.35000000003
merch86455@ybl,16.833333333333332,33,195565.99875,619163.22
merch8645@okhdfcbank,16.043478260869566,33,94617.9547826087,212216.34000000003
merch86470@okhdfcbank,16.608695652173914,36,280587.7530434783,463067.36
merch86476@okicici,17.428571428571427,36,128541.59904761905,286497.29000000004
merch86483@paytm,17.875,36,144424.72666666665,360959.49
merch86488@okhdfcbank,19.34375,38,226570.26625000004,459794.7400000001
merch86488@ybl,21.708333333333332,43,167163.14166666666,512099.74
merch86490@oksbi,17.0,32,181200.32608695654,270734.95
merch86504@oksbi,20.705882352941178,42,99365.14294117647,258225.71
merch86513@okhdfcbank,19.2,39,290618.684,676614.3399999999
merch86517@ybl,18.142857142857142,34,173118.18095238096,281108.02
merch86523@okhdfcbank,16.4,36,165060.564,535401.84
merch86535@okicici,13.5,26,199793.09350000002,466162.1
merch86550@axl,15.541666666666666,33,85532.56166666666,175544.0
merch86550@okicici,15.136363636363637,29,178125.24681818183,330248.71
merch86553@paytm,21.333333333333332,40,340413.60030303034,490586.57
merch86571@oksbi,18.93103448275862,37,206503.85206896553,443006.7100000001
merch86587@okicici,19.3,37,234725.14433333333,539023.0299999999
merch86591@okhdfcbank,19.071428571428573,41,292297.1735714286,584573.92
merch8660@okicici,13.52,28,292360.33640000003,817278.1
merch86641@oksbi,20.516129032258064,42,181287.21774193548,419197.95
merch86642@okhdfcbank,18.451612903225808,39,77765.49806451613,191098.72
merch8664@axl,20.035714285714285,37,178321.9032142857,305025.9699999999
merch86666@ybl,15.363636363636363,30,113221.44772727274,217342.00000000003
merch86683@ybl,15.681818181818182,36,228863.41227272723,416325.67
merch86687@axl,20.48148148148148,39,163714.18074074073,451545.75
merch86687@okicici,13.8,31,47142.11,130330.68
merch86695@ybl,22.28125,48,230741.8971875,566226.2000000001
merch86701@okicici,14.807692307692308,30,110996.73192307692,241564.27
merch86705@okicici,7.8,14,48485.145000000004,68622.69
merch8670@oksbi,15.736842105263158,29,264124.8005263158,518349.17
merch86717@paytm,16.666666666666668,33,368992.8066666667,739306.24
merch86727@axl,20.571428571428573,39,154742.89142857143,496371.9700000001
merch86745@okhdfcbank,17.88,37,62560.39599999999,146552.19999999998
merch86751@okhdfcbank,13.210526315789474,26,131513.65315789473,370206.28
merch86759@okhdfcbank,16.181818181818183,34,134410.72772727275,294594.07
merch86772@axl,22.586206896551722,42,183572.86896551723,417559.93000000005
merch86802@oksbi,8.818181818181818,22,33057.00636363636,117763.55
merch86814@paytm,25.02777777777778,48,177687.49388888886,325517.67
merch86823@okicici,19.545454545454547,36,377457.43318181817,549296.71
merch86827@oksbi,18.966666666666665,39,137055.73666666666,254289.71
merch86834@okhdfcbank,21.045454545454547,39,212677.21181818182,337710.42
merch86835@oksbi,18.115384615384617,36,319222.56923076924,522352.12000000005
merch86837@paytm,16.0,31,89850.50857142858,241836.70000000004
merch86856@ybl,17.137931034482758,34,81288.71827586208,371093.64
merch86864@axl,19.466666666666665,40,202949.56866666666,388357.9
merch86865@paytm,16.0,33,87225.66391304348,184997.31
merch86870@paytm,16.17391304347826,30,333778.5065217391,474736.63
merch86895@okhdfcbank,11.588235294117647,28,46829.09823529412,322903.2
merch86909@axl,13.695652173913043,30,88480.45434782609,334271.67
merch86920@okicici,17.59259259259259,41,226060.8722222222,696802.99
merch86924@axl,18.482758620689655,40,175601.96034482762,341945.26
merch86965@paytm,14.5,29,193882.26625,337781.53
merch86970@okhdfcbank,17.903225806451612,36,151858.3612903226,339873.37
merch86971@okhdfcbank,23.923076923076923,51,248033.60897435897,448359.69
merch86981@ybl,10.533333333333333,21,150712.04733333332,453084.59
merch86982@okicici,18.875,37,161219.42,444133.9000000001
merch86997@paytm,23.82051282051282,47,91000.94615384615,188792.78
merch8699@axl,14.153846153846153,22,97260.32615384615,224677.46
merch87009@paytm,20.612903225806452,44,296623.1912903226,627479.38
merch8702@oksbi,21.53125,40,225189.1234375,371221.65
merch8704@axl,17.333333333333332,32,70156.06916666667,167857.1
merch8704@paytm,15.782608695652174,27,317699.2030434782,429179.5799999999
merch87053@axl,13.421052631578947,26,141230.84210526315,331608.25999999995
merch87058@paytm,14.941176470588236,28,355447.5394117647,536516.0
merch87062@ybl,13.363636363636363,27,29636.994545454545,82361.43
merch87066@okicici,18.956521739130434,36,142574.91391304348,267387.84
merch87067@paytm,18.333333333333332,38,259811.77416666667,612734.9400000001
merch87089@paytm,15.565217391304348,31,70018.14347826087,110843.75999999998
merch87117@paytm,21.9,41,99746.389,231830.18
merch8711@oksbi,17.208333333333332,34,64154.77458333334,111016.82
merch87120@okhdfcbank,18.24,41,212301.4328,419775.67
merch8712@oksbi,15.476190476190476,28,198520.83904761905,320309.19000000006
merch87150@oksbi,13.38888888888889,27,114591.01444444444,266362.98
merch87151@axl,18.53846153846154,37,247770.13692307693,394082.43
merch87151@ybl,24.15,46,317767.06975,551772.9899999999
merch87157@ybl,15.115384615384615,32,35729.60076923077,91341.66
merch8717@oksbi,23.10810810810811,47,146700.68864864865,386008.16
merch87209@paytm,13.947368421052632,29,104403.07578947367,218913.0
merch87217@axl,14.055555555555555,27,169863.18888888892,331210.30000000005
merch87219@axl,17.130434782608695,33,180843.76565217393,375123.15
merch87246@okicici,16.791666666666668,35,138125.89541666667,277807.79
merch87257@paytm,16.227272727272727,32,156570.01545454544,309719.31
merch87284@paytm,13.45,28,92857.548,158114.71000000002
merch87287@paytm,17.63157894736842,31,166482.27368421052,238775.25000000003
merch87298@okhdfcbank,17.0,38,62128.6328,121708.83
merch87314@ybl,12.066666666666666,22,59925.91533333332,108480.13999999996
merch87348@okhdfcbank,16.304347826086957,34,297963.48434782604,579323.6099999999
merch87363@paytm,18.74074074074074,35,321223.78962962964,534262.7200000001
merch87366@axl,15.52,32,328110.718,558446.8500000001
merch87371@ybl,16.304347826086957,32,172334.33086956522,304819.36
merch87379@axl,16.074074074074073,33,128141.9937037037,316261.69
merch87388@oksbi,15.32,31,124360.8324,235857.35000000003
merch87437@ybl,15.380952380952381,33,35944.88952380953,112963.55
merch87450@okicici,16.272727272727273,30,128782.92545454545,241949.84
merch87472@okicici,22.03448275862069,42,324718.4075862069,648602.94
merch87479@okhdfcbank,21.76923076923077,37,82026.68807692306,135135.22
merch87491@paytm,18.727272727272727,34,69654.93954545454,115364.99
merch87496@axl,15.130434782608695,33,383091.0034782609,635477.69
merch8749@okhdfcbank,17.416666666666668,33,51259.68458333333,111504.89
merch8750@oksbi,17.535714285714285,34,252886.17357142858,390331.0
merch8750@paytm,19.074074074074073,36,137188.50851851853,552115.06
merch87512@axl,23.161290322580644,46,283597.3870967742,762007.33
merch87526@paytm,19.11111111111111,39,88050.65444444444,155111.68000000002
merch87540@paytm,18.214285714285715,36,127360.60785714284,354033.2299999999
merch87544@oksbi,12.15,27,46481.024999999994,122755.79
merch87545@oksbi,18.153846153846153,35,162489.63076923077,411551.78
merch87569@okicici,17.06451612903226,36,323589.5993548387,859924.8600000001
merch87570@okicici,20.36,38,506376.84719999996,782864.58
merch87623@axl,14.095238095238095,26,300411.9514285714,613838.87
merch87623@okhdfcbank,15.4,33,132107.9215,263631.77
merch87643@axl,16.75,33,289648.7417857143,736021.7300000001
merch87643@paytm,16.958333333333332,35,359627.54,799781.0399999999
merch87661@paytm,13.894736842105264,29,120247.83,257863.82
merch87675@paytm,19.071428571428573,38,440735.5,575977.45
merch87677@ybl,13.318181818181818,29,68431.03454545455,216087.45
merch87678@okicici,14.055555555555555,27,21621.211666666666,34170.07
merch87682@axl,16.85,36,425452.5265,736239.0599999999
merch87687@ybl,17.384615384615383,38,173756.97153846154,314143.02
merch87706@okicici,20.791666666666668,36,103642.64791666665,168442.70999999996
merch87717@oksbi,18.96,35,403273.95399999997,513287.34
merch8771@oksbi,23.59259259259259,43,244965.66555555558,409477.68
merch87724@ybl,22.363636363636363,46,157308.9796969697,453398.3
merch87728@ybl,21.548387096774192,43,254207.00451612903,505335.23
merch87732@axl,18.333333333333332,34,181505.28857142857,258888.37
merch87743@ybl,19.545454545454547,39,414661.5695454545,630265.5199999998
merch87753@okhdfcbank,18.448275862068964,35,48239.69827586207,77108.73999999999
merch87755@okhdfcbank,22.9375,41,126888.47218750001,200566.72
merch87755@paytm,16.814814814814813,36,98753.05370370371,207637.52
merch87762@okicici,15.814814814814815,33,134101.46185185187,199592.57
merch87778@oksbi,12.166666666666666,22,192918.4491666667,342446.22
merch87796@paytm,13.772727272727273,29,38347.90045454546,80496.81000000001
merch87800@okicici,15.4,32,388327.636,656952.92
merch87805@okhdfcbank,17.61111111111111,32,317268.1266666667,676443.25
merch87813@axl,13.761904761904763,31,102565.13142857145,280756.28
merch87821@okhdfcbank,21.214285714285715,38,338082.5510714286,471352.9699999999
merch87826@ybl,21.238095238095237,44,181592.47761904763,361374.83
merch87843@okhdfcbank,19.962962962962962,39,126369.43555555557,242123.39
merch87850@okhdfcbank,13.636363636363637,31,214237.71909090912,395512.38
merch87861@ybl,22.333333333333332,44,256823.61888888886,442456.6999999999
merch87900@axl,19.8,36,237631.84759999998,444537.96
merch87900@ybl,16.91304347826087,31,104027.95391304346,328854.5899999999
merch87916@paytm,10.266666666666667,20,222963.72799999997,572311.8699999999
merch87936@ybl,21.142857142857142,45,256181.08714285717,408136.47
merch87940@okhdfcbank,15.296296296296296,34,133584.22074074074,254253.24
merch87940@ybl,13.777777777777779,25,169264.80055555556,266751.8
merch87951@okhdfcbank,15.238095238095237,31,123767.21333333333,255555.76
merch87971@axl,16.772727272727273,34,127626.1290909091,283280.79000000004
merch87978@ybl,18.53846153846154,35,215635.8123076923,503844.64
merch87994@okicici,21.419354838709676,41,204892.39677419353,378015.53
merch87998@ybl,17.166666666666668,30,314284.89916666667,348565.06000000006
merch88007@oksbi,21.6,42,288911.09533333336,572356.6
merch8802@oksbi,39.24,75,190054.3064,516778.96
merch88047@okicici,16.157894736842106,30,285291.83631578943,531510.19
merch88049@oksbi,18.0,36,240360.77153846156,439001.6
merch8804@paytm,18.04,35,332720.9048,749270.3700000001
merch88054@oksbi,19.766666666666666,43,110878.71933333334,510270.05
merch88063@ybl,17.96,37,253361.44559999998,605949.4099999999
merch8806@oksbi,12.875,24,65613.8925,123774.06
merch88073@okicici,18.26923076923077,40,222890.67346153848,552590.46
merch88081@ybl,23.333333333333332,43,408265.7093333333,660474.49
merch88084@axl,14.857142857142858,26,178267.2542857143,258453.77
merch88087@ybl,8.272727272727273,21,86273.47545454545,259719.74
merch88090@okicici,17.37037037037037,36,157035.08925925926,344650.44
merch88091@axl,13.0,28,184009.5817647059,456637.06
merch88091@paytm,17.192307692307693,34,189425.6873076923,324607.8
merch88099@oksbi,12.210526315789474,23,48518.13789473685,75571.44
merch88102@axl,15.181818181818182,30,73341.06363636363,138227.45999999996
merch88110@axl,20.434782608695652,40,212259.25739130433,301845.87000000005
merch88123@oksbi,21.714285714285715,41,289442.1646428571,614526.22
merch88144@okhdfcbank,16.571428571428573,33,136667.4061904762,365448.7
merch8814@okicici,17.423076923076923,36,179143.99538461538,536856.23
merch88150@ybl,15.428571428571429,31,61497.442142857144,131818.95
merch88151@paytm,16.73913043478261,32,367218.7895652174,453488.57
merch88154@okhdfcbank,20.413793103448278,41,128848.55448275864,187723.69
merch88157@axl,17.555555555555557,34,228678.2192592593,338807.42000000004
merch88160@axl,14.947368421052632,32,22306.552105263156,78239.42
merch88171@ybl,12.736842105263158,27,72752.98157894737,160481.76
merch88185@ybl,20.333333333333332,38,119660.19,230851.58
merch88187@okhdfcbank,15.28,33,37839.744399999996,181145.14
merch88189@okicici,8.0,15,123862.71285714286,180438.6
merch88191@oksbi,22.05263157894737,43,188407.165,320585.63000000006
merch88208@ybl,16.6,34,77339.2724,147149.02000000002
merch88218@okhdfcbank,13.473684210526315,30,66630.06842105262,101420.5
merch88221@axl,15.727272727272727,28,174323.61727272728,269795.36
merch88236@okicici,13.052631578947368,27,213201.48631578946,431962.0299999999
merch88242@oksbi,18.88,36,204515.9404,453290.15
merch88267@okicici,16.136363636363637,32,90132.39818181818,188757.74
merch88273@okhdfcbank,21.2,42,198032.4326666667,427141.88
merch88278@okhdfcbank,16.285714285714285,31,252895.33095238096,434618.66
merch88287@oksbi,19.25,40,243622.8008333333,407710.48
merch88298@oksbi,17.53846153846154,35,156302.3976923077,304087.04
merch88320@okhdfcbank,16.92,35,142398.3436,334271.60000000003
merch88328@oksbi,20.933333333333334,43,129022.27333333335,403696.54
merch88329@okicici,19.583333333333332,39,300888.8391666667,488845.0500000001
merch8832@okhdfcbank,14.571428571428571,27,82714.72428571428,137632.84
merch88342@okicici,17.384615384615383,36,69308.10961538462,155656.87
merch88346@oksbi,20.571428571428573,39,186062.61178571428,326273.53
merch88350@ybl,18.45,37,466363.9665,610804.24
merch88351@oksbi,18.130434782608695,35,82491.01304347826,136278.06
merch88366@axl,17.40740740740741,34,289012.2411111111,444267.83
merch88367@oksbi,14.545454545454545,27,156516.59318181817,329762.84
merch8837@okhdfcbank,15.3,29,262470.36549999996,464230.26
merch88385@oksbi,15.666666666666666,30,70290.47571428571,219068.63
merch88388@okhdfcbank,18.51851851851852,37,220989.63185185182,427351.25
merch8838@ybl,14.625,29,215150.27666666664,535015.79
merch88399@okicici,19.071428571428573,40,119731.91464285714,442407.29999999993
merch88402@oksbi,18.82758620689655,35,74424.2824137931,160407.36000000002
merch88404@oksbi,17.31578947368421,32,128435.09842105264,246735.82
merch88408@ybl,15.592592592592593,33,82467.42777777778,136613.5
merch88409@paytm,21.551724137931036,43,342366.18896551727,504886.79
merch88440@axl,14.3125,28,270005.65249999997,383276.96
merch88457@okicici,17.444444444444443,35,260731.2140740741,469671.44000000006
merch88477@okhdfcbank,13.047619047619047,28,204442.06619047618,285130.2700000001
merch88486@paytm,13.38888888888889,26,115725.155,207544.34000000003
merch88507@oksbi,16.208333333333332,33,239381.47375,378592.8
merch88508@axl,16.0,33,65469.54000000001,215932.16
merch88508@okicici,20.0,35,268836.28652173915,417917.06000000006
merch88513@paytm,18.933333333333334,38,112188.68299999999,233390.65
merch8851@paytm,16.4,27,110020.95133333333,169634.85
merch88520@ybl,12.909090909090908,26,222016.7218181818,544743.81
merch88561@axl,11.631578947368421,24,45739.40526315789,72089.84999999999
merch88562@oksbi,16.333333333333332,31,124438.44,305882.92
merch88592@paytm,18.076923076923077,34,188682.65384615384,399919.61
merch88594@okicici,18.846153846153847,34,239046.75961538462,343461.27
merch88601@okhdfcbank,20.307692307692307,40,317959.84564102563,445659.83
merch88629@okicici,11.411764705882353,25,41588.26470588235,125762.41999999998
merch88636@okicici,17.772727272727273,35,89414.37136363635,241960.08
merch88643@oksbi,15.782608695652174,36,40805.54695652174,127869.24
merch88659@okicici,21.178571428571427,43,163676.49214285714,433739.48
merch88663@oksbi,12.142857142857142,24,59018.77,234367.31
merch88667@okicici,19.227272727272727,37,136673.82136363635,228475.44
merch8867@okicici,16.576923076923077,32,198650.18153846153,292184.47
merch88680@oksbi,21.848484848484848,48,179126.5621212121,407508.59
merch88681@axl,21.266666666666666,41,219834.84866666666,305595.84
merch88685@axl,17.185185185185187,34,85888.58037037037,218487.79
merch88688@paytm,18.962962962962962,37,362712.6607407407,625948.87
merch88725@okhdfcbank,20.428571428571427,37,249911.99535714285,627657.26
merch88745@axl,22.40740740740741,41,326205.08037037036,456537.0500000001
merch88748@okhdfcbank,18.24,37,231561.3988,396762.62
merch88753@oksbi,14.714285714285714,29,65447.61333333334,129317.54
merch88777@oksbi,16.77777777777778,34,287737.6796296296,656876.16
merch88778@ybl,17.3,32,112094.58350000002,320685.93000000005
merch88789@okhdfcbank,22.714285714285715,42,223780.54514285715,411537.88
merch88793@ybl,17.863636363636363,35,262577.21636363637,377253.41
merch88802@paytm,22.483870967741936,45,311646.13483870967,614075.2699999999
merch88804@oksbi,15.642857142857142,33,456197.72964285716,800247.19
merch88812@okicici,16.40909090909091,30,176648.99363636362,377570.78
merch88826@axl,15.115384615384615,31,246371.86961538464,547934.23
merch88826@okhdfcbank,16.413793103448278,35,222427.90103448275,455599.94
merch88829@ybl,24.564102564102566,49,150193.79205128204,284106.48
merch88834@axl,18.0,33,133995.3525,437448.07
merch8883@paytm,17.866666666666667,39,169119.078,303352.75
merch88844@okicici,19.6875,39,183601.66687500002,542087.0800000002
merch88846@axl,20.833333333333332,38,141387.77625,332339.76
merch88851@paytm,16.153846153846153,31,65429.33038461539,185823.66000000003
merch88856@ybl,17.842105263157894,31,333536.09473684215,538463.42
merch88858@okhdfcbank,18.555555555555557,36,41367.14518518518,174757.31
merch88893@axl,12.761904761904763,25,34436.362857142856,70256.43
merch88897@axl,21.90909090909091,42,96482.47484848485,163397.87
merch88905@paytm,14.74074074074074,33,78980.82925925926,486048.53
merch88914@axl,9.4375,21,13712.63375,39213.130000000005
merch88919@paytm,17.571428571428573,37,49399.45035714286,178374.01
merch88943@okhdfcbank,24.20689655172414,44,114659.50103448275,260370.91
merch8894@okicici,18.310344827586206,35,122974.48689655171,263571.80999999994
merch88971@oksbi,17.884615384615383,34,142893.94423076924,362425.2299999999
merch88973@paytm,19.517241379310345,38,239089.3620689655,457780.9
merch8897@axl,16.346153846153847,31,188638.70500000002,551687.21
merch88988@ybl,12.904761904761905,28,90944.89904761904,202337.7
merch88995@ybl,20.23076923076923,40,211751.59615384616,477030.8
merch8899@paytm,22.79310344827586,39,238730.7596551724,407108.3300000001
merch89003@okicici,17.666666666666668,32,169669.0925,302372.81
merch89016@okhdfcbank,10.333333333333334,22,180806.50933333335,581879.94
merch89017@paytm,14.8,30,97760.2845,396591.85
merch8903@paytm,16.346153846153847,34,441151.89384615386,815905.6200000001
merch89074@okhdfcbank,15.944444444444445,30,176535.64555555556,465726.16
merch89075@axl,16.04,31,69187.4656,203639.13
merch89078@oksbi,22.0,42,355634.49870967737,612246.4600000001
merch89087@oksbi,23.714285714285715,43,85704.47285714287,272703.71
merch89091@axl,17.05,32,307258.292,559702.3600000001
merch89095@axl,18.074074074074073,36,250801.40740740742,413341.8000000001
merch89096@okhdfcbank,17.96153846153846,35,242937.07038461542,508290.13
merch89112@oksbi,20.733333333333334,42,317901.29933333327,530086.4
merch89114@okicici,16.95,32,287390.302,494975.32
merch89116@paytm,11.95,24,66516.08200000001,191079.05
merch89131@ybl,18.107142857142858,35,254348.82535714286,457301.52
merch89148@oksbi,15.363636363636363,31,29040.647727272728,69440.52
merch89151@okicici,20.379310344827587,38,456072.1903448276,841270.1900000001
merch89176@paytm,18.896551724137932,36,267427.12724137935,770884.3200000001
merch89177@ybl,18.071428571428573,37,176978.29750000002,526161.8099999999
merch89196@okhdfcbank,21.375,42,242398.99875,416731.33
merch89202@oksbi,13.523809523809524,30,172913.8014285714,382730.8599999999
merch89232@okicici,21.928571428571427,40,497974.0546428571,800392.0
merch89242@okicici,19.129032258064516,41,321486.7658064516,504163.86
merch89257@okicici,19.7,39,139828.39366666667,391042.59
merch8925@paytm,17.125,37,47797.04791666667,131427.63
merch89260@axl,21.9,44,154917.68166666664,369971.02
merch89271@ybl,20.766666666666666,41,213959.27366666665,540099.4099999999
merch89279@paytm,23.0625,43,172878.66999999998,302215.99999999994
merch89287@axl,23.416666666666668,46,229489.41555555555,548922.5
merch89290@paytm,14.318181818181818,30,80910.6340909091,202544.72
merch89293@okhdfcbank,18.47826086956522,37,413059.845652174,736073.11
merch89294@axl,16.875,34,94413.77875,337609.78
merch89301@axl,16.727272727272727,35,333137.08272727276,535530.46
merch89306@ybl,10.117647058823529,24,174268.95235294115,491585.9
merch89321@ybl,18.08,37,170840.4356,286938.12
merch8933@oksbi,18.076923076923077,36,115091.38076923076,224975.83
merch89364@okhdfcbank,14.222222222222221,30,395848.0833333333,525100.27
merch89367@oksbi,15.428571428571429,30,31199.528095238093,61285.35
merch89377@okicici,17.416666666666668,34,181892.82625,405221.66
merch89378@paytm,21.0,39,93989.936,201653.0
merch89388@ybl,14.782608695652174,30,143691.7013043478,303519.28
merch89399@ybl,18.04,32,119817.4552,228569.32
merch89405@paytm,15.095238095238095,29,225263.7619047619,370337.73999999993
merch89417@oksbi,12.722222222222221,25,85273.325,200493.67
merch89435@paytm,15.933333333333334,34,153245.61533333332,306204.31999999995
merch89444@ybl,15.869565217391305,32,129244.59130434784,319031.05000000005
merch89456@oksbi,16.96,33,151054.02800000002,250362.49
merch8946@oksbi,21.419354838709676,42,468745.3693548387,1015750.23
merch89487@paytm,16.884615384615383,35,152127.91461538462,305135.86
merch89517@paytm,22.233333333333334,40,113528.92233333335,333747.68000000005
merch89529@ybl,15.608695652173912,31,141888.4656521739,262364.05
merch89534@oksbi,15.652173913043478,30,140054.28869565218,467267.29
merch89559@ybl,22.846153846153847,46,170593.4235897436,486184.22
merch89567@okhdfcbank,15.538461538461538,31,59842.0723076923,115919.91
merch89571@paytm,12.95,29,51109.3155,144476.37999999998
merch89578@axl,14.5,28,251511.45899999997,409749.32
merch89627@okhdfcbank,17.1,31,180270.44199999998,349440.7899999999
merch89627@ybl,11.764705882352942,24,76367.75470588235,125230.12
merch89636@ybl,32.62222222222222,66,405779.6906666667,687876.66
merch89644@oksbi,16.26923076923077,32,57384.14000000001,97725.06
merch89652@okicici,14.095238095238095,31,264747.9361904762,457684.6899999999
merch89659@axl,17.238095238095237,31,138930.59904761906,257723.99
merch89672@axl,19.655172413793103,42,166587.84000000003,497406.42
merch89675@paytm,17.666666666666668,40,139380.0888888889,400586.98
merch89704@axl,23.555555555555557,46,462742.68805555557,666544.28
merch8970@oksbi,18.0,34,181049.2468,301252.78
merch89728@okicici,14.4,30,178002.1695,422301.0
merch89730@okicici,21.90625,45,105411.85187500001,264699.61000000004
merch89731@axl,14.578947368421053,28,316320.86894736846,477070.79
merch89732@ybl,10.894736842105264,23,142385.5147368421,233630.78000000003
merch89747@ybl,16.76923076923077,31,290248.06384615385,663043.73
merch89757@axl,19.642857142857142,38,218108.1764285714,371223.54
merch89759@okicici,20.416666666666668,40,171912.94875,332877.47000000003
merch89768@ybl,14.047619047619047,29,83894.03142857143,127382.57
merch89771@okicici,15.066666666666666,28,97576.99933333333,387314.63000000006
merch89782@ybl,15.125,31,245535.69875,442706.3900000001
merch89789@paytm,20.142857142857142,43,119427.35057142857,188945.42
merch89794@oksbi,15.444444444444445,32,253423.21703703704,472897.63
merch89867@okicici,14.923076923076923,32,322407.1065384616,541473.99
merch89876@axl,17.0,31,318073.9976,499584.5900000001
merch89890@axl,18.25925925925926,37,187527.59,634225.5499999999
merch89896@paytm,15.2,32,121589.4324,293600.53
merch89898@ybl,15.44,31,43613.888399999996,235798.71
merch89909@paytm,12.047619047619047,28,99646.35142857142,214676.6
merch89911@okicici,23.727272727272727,48,288935.0090909091,422036.07
merch89918@okhdfcbank,16.636363636363637,30,168967.62181818183,276916.64
merch89921@okhdfcbank,14.91304347826087,29,123412.76000000002,216347.8
merch89940@oksbi,16.227272727272727,32,275743.2618181818,461295.39
merch89941@axl,16.071428571428573,31,120464.97892857144,230831.75
merch8994@oksbi,18.476190476190474,34,430159.32095238095,713697.3099999999
merch89954@paytm,14.26086956521739,27,167821.43521739132,238675.91000000003
merch90001@okicici,22.46153846153846,43,159641.5476923077,189312.64
merch90007@okhdfcbank,23.275862068965516,43,155884.55931034486,226745.72000000003
merch90017@axl,19.93548387096774,40,529676.5335483871,822651.24
merch90017@paytm,13.181818181818182,25,114484.9109090909,200204.79000000004
merch90023@okicici,11.857142857142858,23,79521.20785714286,264547.56
merch90023@ybl,13.5,27,85429.49149999999,159565.83
merch90025@okhdfcbank,18.576923076923077,34,124029.36538461539,427740.41
merch90042@ybl,14.0,28,303612.44849999994,466988.6
merch90043@paytm,16.653846153846153,33,152019.4676923077,221609.39
merch90049@ybl,27.232558139534884,53,259074.04860465115,632174.0700000001
merch90067@okhdfcbank,18.75862068965517,36,123791.14379310346,521149.07000000007
merch9009@axl,16.9,36,478428.53633333335,707706.9299999998
merch90100@okicici,18.444444444444443,36,298664.9155555556,454959.77
merch90117@oksbi,17.52173913043478,33,270274.68,688190.87
merch90119@okhdfcbank,14.052631578947368,31,171706.67736842105,309061.86000000004
merch90142@okicici,12.857142857142858,25,119303.10571428572,241093.16
merch90147@oksbi,18.083333333333332,36,88534.21583333334,287362.79000000004
merch90157@paytm,14.074074074074074,29,41189.13333333334,141432.41000000003
merch90170@ybl,16.551724137931036,33,341403.26103448274,699467.7
merch90199@axl,18.814814814814813,36,514343.8540740741,960429.09
merch90229@ybl,13.0,26,245099.17411764705,372611.26
merch90241@okicici,20.576923076923077,38,184890.75846153844,541928.9099999999
merch90244@paytm,18.857142857142858,39,167645.24964285715,451855.44000000006
merch90247@paytm,19.875,39,179622.0428125,404023.85
merch90298@axl,21.727272727272727,37,266684.58,479719.35
merch90301@okicici,18.8,37,90692.11233333334,174952.94999999998
merch90322@axl,17.3,31,253370.59699999998,395510.43
merch90328@okicici,12.91304347826087,26,173940.6465217391,303595.91
merch90333@axl,17.51851851851852,34,117441.88074074074,268255.45
merch90343@axl,14.857142857142858,29,101062.67904761904,525801.29
merch90350@okicici,18.666666666666668,41,252126.90333333338,643184.63
merch90363@axl,15.0,34,177006.8819230769,342775.75999999995
merch90364@ybl,15.35,28,135263.824,257504.77
merch9036@okhdfcbank,17.923076923076923,36,232494.89884615384,429175.08
merch90379@okicici,18.61904761904762,37,337714.8357142857,553884.9800000001
merch9039@okhdfcbank,17.3,35,102947.751,346746.99000000005
merch9039@ybl,20.51851851851852,37,437121.1007407408,819622.1299999999
merch9041@paytm,15.05,32,269511.10699999996,687003.23
merch90432@okicici,17.88,37,251448.77120000002,464095.43000000005
merch90438@axl,17.275862068965516,35,218291.39655172417,482889.44000000006
merch9043@oksbi,20.423076923076923,38,156531.33615384618,371244.4
merch90447@okicici,18.75,35,86881.57375000001,152911.69
merch90449@axl,17.689655172413794,35,122514.05724137931,201218.74
merch90451@okicici,16.88,33,94260.3932,165727.59999999998
merch9046@oksbi,12.391304347826088,27,68966.19565217392,142847.94
merch90509@oksbi,14.761904761904763,28,97808.8680952381,159689.53000000003
merch9050@axl,18.0,35,65318.93695652174,126298.82
merch90515@axl,15.545454545454545,29,76569.47772727272,288106.71
merch90523@okicici,13.055555555555555,26,91316.66777777778,204352.48
merch90527@axl,23.571428571428573,47,258610.11771428573,538948.8
merch90535@axl,16.875,32,72112.57458333333,227098.66000000003
merch90541@okhdfcbank,17.26086956521739,32,237402.91739130433,463303.01
merch90552@okicici,17.74074074074074,37,219629.5448148148,551357.1100000001
merch90566@okicici,11.764705882352942,23,242043.62647058826,369494.6500000001
merch90590@axl,13.619047619047619,25,131871.22904761904,280787.62999999995
merch90590@paytm,19.653846153846153,36,249225.5,386758.89
merch90609@oksbi,18.333333333333332,35,154023.09,299665.97
merch90616@okhdfcbank,21.24137931034483,41,188333.40551724136,425369.63
merch90622@okhdfcbank,11.529411764705882,27,92203.12411764706,332641.47000000003
merch90627@axl,20.625,37,134640.34874999998,190239.54
merch90627@okicici,18.045454545454547,32,114141.49636363635,198301.95
merch90690@ybl,19.696969696969695,39,261145.3296969697,469049.59
merch90695@ybl,17.4,37,424788.5984,699622.0900000001
merch9070@oksbi,18.157894736842106,32,51435.98684210526,183202.53000000003
merch90711@okicici,22.833333333333332,44,217501.19361111114,650340.4400000001
merch90716@okhdfcbank,19.06896551724138,38,73747.43620689657,286273.4000000001
merch90751@okicici,19.17241379310345,40,371223.7993103448,540214.27
merch90754@okicici,19.896551724137932,41,200990.57655172417,382728.07000000007
merch90756@paytm,19.548387096774192,38,205926.16580645164,345974.55000000005
merch90758@paytm,15.923076923076923,34,92847.13923076923,126422.23
merch9076@okicici,18.708333333333332,39,237356.61416666667,361986.14
merch90772@ybl,19.53846153846154,36,109493.095,257265.64
merch90779@axl,24.705882352941178,46,343039.0729411765,752160.4500000002
merch90780@paytm,21.275862068965516,39,115181.50724137931,193991.39
merch90788@ybl,17.15,31,38055.31049999999,96645.21999999996
merch90791@okicici,16.0,34,516692.5266666667,1015128.6
merch90831@paytm,22.22222222222222,44,178496.81166666665,328047.11000000004
merch90834@oksbi,24.352941176470587,45,205390.74,477356.45
merch9083@okhdfcbank,15.857142857142858,31,135320.63,228921.53
merch90846@okicici,15.181818181818182,29,228100.3563636364,362946.63000000006
merch90848@oksbi,20.5625,43,222968.6446875,378915.18
merch90865@okicici,18.428571428571427,32,216059.8185714286,420441.66
merch90871@okhdfcbank,16.814814814814813,36,222727.41333333336,423202.18000000005
merch90891@okicici,16.03846153846154,32,169229.37923076923,289564.56000000006
merch90893@oksbi,14.478260869565217,28,103786.9547826087,282451.68999999994
merch90895@ybl,16.59090909090909,33,125176.73409090911,282173.30000000005
merch90905@okicici,23.15625,44,235218.8903125,413874.3000000001
merch90907@axl,15.681818181818182,34,242493.3959090909,649889.8899999999
merch90934@okicici,15.35,31,137918.9485,409940.22
merch90966@oksbi,18.5,36,95434.20461538463,264717.2200000001
merch90973@axl,20.482758620689655,42,111818.50724137931,299616.55000000005
merch90976@ybl,19.413793103448278,41,244408.45172413794,490250.12
merch90987@okicici,11.6,25,30167.942500000005,60086.97
merch91027@axl,16.4,35,156453.1616,416597.34
merch91027@okhdfcbank,24.46875,47,368195.16750000004,648153.8900000001
merch91027@paytm,12.363636363636363,23,44713.67636363636,144518.97
merch91036@axl,20.833333333333332,38,121813.04333333333,206963.94
merch9103@axl,19.818181818181817,37,71148.82181818182,201253.91
merch91042@okhdfcbank,18.5,35,454184.8666666667,839352.14
merch91045@paytm,14.578947368421053,29,28409.72421052631,147876.36999999997
merch91047@axl,15.578947368421053,28,102004.66263157896,286421.9700000001
merch91048@oksbi,25.939393939393938,49,252325.4496969697,379305.79999999993
merch9104@axl,18.103448275862068,34,140254.25551724137,372568.26
merch91051@oksbi,13.294117647058824,25,282908.0152941177,577883.57
merch91069@okicici,19.4,40,107264.99699999999,233691.27
merch91085@okhdfcbank,15.521739130434783,32,252316.97260869565,404391.16
merch91088@okicici,19.333333333333332,35,332081.84875,464144.44
merch91091@okhdfcbank,17.185185185185187,37,294521.477037037,438686.72
merch9109@okicici,21.51851851851852,41,118928.94777777778,334527.97
merch91141@okicici,16.48148148148148,33,245968.87814814816,368303.57
merch91152@oksbi,19.857142857142858,36,337448.10178571433,519507.48
merch91153@ybl,13.777777777777779,27,121155.66555555555,319510.77
merch91155@oksbi,17.962962962962962,36,159732.0548148148,290486.4799999999
merch91179@oksbi,22.419354838709676,43,308935.7422580645,615343.5000000001
merch91197@okhdfcbank,12.3,24,72660.6435,168674.43
merch91203@ybl,19.9,39,591978.4766666666,987173.3499999996
merch91216@okhdfcbank,16.56,33,177361.3804,449007.66
merch91253@oksbi,15.35,31,215560.8335,395274.2400000001
merch91266@okhdfcbank,13.722222222222221,26,99201.44666666667,226052.38
merch91288@ybl,18.818181818181817,38,231393.3172727273,469926.97
merch91296@oksbi,11.9375,25,100586.424375,286950.59
merch91298@axl,13.909090909090908,31,283573.9759090909,788599.6699999999
merch9129@axl,18.476190476190474,33,293105.23000000004,540135.12
merch91330@axl,17.36842105263158,31,115537.16368421052,188725.26
merch91341@ybl,19.62962962962963,36,330415.1162962963,627197.0800000002
merch91352@oksbi,12.409090909090908,28,57899.31136363637,306062.49
merch91365@axl,17.545454545454547,30,119135.57454545452,159849.33
merch91381@okhdfcbank,22.08108108108108,45,157008.15054054055,555256.4299999999
merch91382@axl,18.56,38,178004.6432,397697.45
merch91388@oksbi,14.380952380952381,30,88709.48714285714,267681.74
merch91417@ybl,22.8,41,182283.4784,399162.38
merch91426@oksbi,15.0,31,186231.105,476624.2
merch91429@oksbi,14.071428571428571,29,176489.98714285716,439490.57
merch91444@oksbi,8.466666666666667,19,40865.867333333335,132900.31
merch91450@okhdfcbank,30.62162162162162,59,220698.07675675675,558751.36
merch91450@oksbi,21.137931034482758,40,66588.7475862069,120546.87
merch91452@paytm,15.052631578947368,32,178904.4205263158,497482.38
merch91466@ybl,20.107142857142858,41,141125.60464285713,375215.24
merch91480@okhdfcbank,13.130434782608695,26,112342.71,208013.10000000003
merch91485@okhdfcbank,23.405405405405407,45,168672.5497297297,452066.31
merch91488@axl,14.923076923076923,31,73293.74346153846,147176.53
merch9149@axl,18.576923076923077,40,56812.08269230769,120190.55
merch91502@paytm,16.73076923076923,36,69817.10423076923,308977.7
merch91506@axl,17.185185185185187,34,67258.11888888889,144972.44
merch91508@paytm,19.476190476190474,35,158443.93904761906,235225.21000000005
merch91510@okicici,16.52173913043478,36,111843.46086956523,182957.82
merch91510@ybl,10.631578947368421,24,208889.7757894737,378293.19
merch91546@okhdfcbank,15.75,33,102341.56708333333,303783.26
merch9155@paytm,16.678571428571427,35,73037.30357142857,304021.9699999999
merch91574@okicici,9.9375,20,11177.382500000002,23447.460000000003
merch91576@axl,24.3,46,325601.9693333333,658537.78
merch91627@axl,15.7,30,95835.6195,374933.44
merch91627@okhdfcbank,19.741935483870968,41,199700.81161290323,382845.13
merch91629@okhdfcbank,14.75,28,93980.267,196776.72000000003
merch9163@okhdfcbank,17.866666666666667,37,33297.04866666666,151301.12
merch91666@oksbi,17.0,30,70036.84333333334,178002.50999999998
merch91674@paytm,15.95,34,106156.50299999998,211755.46
merch9167@okhdfcbank,19.545454545454547,36,196758.45409090907,308514.7099999999
merch91693@oksbi,12.090909090909092,26,50420.34000000001,77936.28000000001
merch91695@axl,20.375,45,124393.8978125,429730.53
merch91709@okicici,19.923076923076923,37,295186.67192307697,528200.85
merch91710@oksbi,15.571428571428571,35,270218.21285714285,485793.91
merch91725@ybl,18.12,35,235880.7264,434059.76
merch91726@ybl,12.869565217391305,26,168533.0795652174,202102.37
merch9172@oksbi,19.82608695652174,35,138947.79652173913,311918.96
merch91762@okicici,17.344827586206897,37,244537.82103448277,427363.43000000005
merch9177@axl,17.0,34,194728.54777777777,408050.85
merch9177@oksbi,16.576923076923077,33,106068.27461538462,189764.7
merch91805@oksbi,14.842105263157896,28,161787.64736842105,263076.69
merch91807@ybl,19.428571428571427,40,117046.27107142856,313755.39
merch91818@okicici,16.923076923076923,34,269929.3615384615,438503.2199999999
merch91854@axl,13.411764705882353,31,57391.28588235294,292004.35
merch91855@paytm,18.035714285714285,35,348889.70607142855,517113.55
merch91859@paytm,15.91304347826087,32,138221.69478260868,224195.55
merch91875@okicici,18.962962962962962,42,173942.94925925924,255395.51000000004
merch91884@okicici,18.44,37,354998.91240000003,914940.0
merch91893@okhdfcbank,22.151515151515152,42,199375.30484848484,477087.54
merch91917@axl,20.06451612903226,38,146328.70193548387,238662.13
merch91918@okicici,18.074074074074073,37,113964.4588888889,289353.53
merch91933@oksbi,20.047619047619047,37,247979.91333333336,365217.82
merch91938@oksbi,18.772727272727273,36,238321.10136363638,402347.2
merch91941@okicici,17.923076923076923,35,226915.1046153846,538146.8
merch9195@oksbi,15.047619047619047,30,255296.08904761905,385454.38
merch91975@okhdfcbank,19.0,36,264310.3695652174,400361.91
merch91979@okhdfcbank,25.647058823529413,46,159644.91470588234,278811.94999999995
merch91982@okhdfcbank,20.58823529411765,42,284479.57852941175,406501.43
merch91987@paytm,15.653846153846153,35,245448.075,437830.62
merch9198@okicici,15.8,35,240209.0735,367537.33
merch91998@paytm,12.91304347826087,29,90357.46260869564,419049.44
merch92005@paytm,25.75,47,282690.73000000004,693159.6100000001
merch92043@oksbi,15.2,31,140495.9135,424139.23
merch92049@ybl,17.75862068965517,38,94470.12,200875.72000000003
merch92057@paytm,21.54054054054054,43,100390.98,264020.86
merch92070@paytm,23.8,47,250249.85514285718,580583.8700000001
merch92071@okhdfcbank,16.727272727272727,35,98775.64045454547,267118.41000000003
merch92104@axl,17.586206896551722,35,340534.04655172414,669697.12
merch92110@okicici,17.125,36,275509.2304166667,650118.9600000001
merch92115@okicici,20.433333333333334,41,73187.88966666667,148073.94
merch92118@okhdfcbank,18.40740740740741,36,102005.21296296296,271956.50999999995
merch92149@ybl,14.208333333333334,28,594937.4908333333,814731.75
merch92150@oksbi,14.818181818181818,31,165105.44363636363,250556.96000000005
merch92181@okicici,16.964285714285715,36,99030.52642857144,226371.31
merch92190@paytm,18.51851851851852,34,141032.90444444443,340090.0
merch92192@axl,22.90909090909091,44,53793.298484848485,199145.17
merch9219@paytm,20.258064516129032,42,103921.60838709679,213159.92
merch92200@okhdfcbank,14.925925925925926,32,66890.16814814815,211432.59
merch92202@okicici,18.52173913043478,34,105111.8491304348,227725.45
merch92228@ybl,23.783783783783782,45,496913.2105405405,743825.65
merch92237@paytm,15.0,33,59956.21352941176,170460.16999999998
merch92238@okhdfcbank,18.041666666666668,33,209436.70958333334,536759.61
merch92250@oksbi,18.964285714285715,37,236873.94142857142,359996.52
merch92257@oksbi,24.2,47,126099.594,249573.37
merch92269@paytm,18.77777777777778,37,365012.01703703706,667339.33
merch92277@ybl,15.217391304347826,30,88208.22869565217,234015.62
merch92279@paytm,20.441176470588236,46,204935.10029411764,472719.49
merch92280@paytm,15.962962962962964,32,113046.48703703703,332777.0
merch92288@oksbi,14.96,32,296985.1372,654095.11
merch92291@axl,22.344827586206897,41,475482.22,705185.94
merch92296@oksbi,17.40909090909091,31,346496.65909090906,706029.5299999999
merch92302@axl,18.85185185185185,38,107594.01814814816,260053.68
merch92320@paytm,13.88888888888889,27,102822.60111111111,177808.82
merch92352@axl,20.8125,40,422205.4378125,814394.5
merch92378@paytm,20.5,41,280377.15857142856,664510.11
merch92380@okhdfcbank,21.580645161290324,46,99106.99612903225,329540.44
merch92404@oksbi,18.580645161290324,38,309356.07451612904,649390.43
merch92411@oksbi,16.77777777777778,36,193316.95148148146,481167.09
merch92414@ybl,9.0,19,44825.36722222222,56870.1
merch92426@oksbi,21.5,43,321496.6533333333,722642.3400000001
merch92434@paytm,17.8,36,245711.283,484094.37
merch92467@paytm,16.482758620689655,32,89555.99931034482,184960.17
merch92483@okhdfcbank,20.956521739130434,38,238634.0982608696,451742.61
merch92502@axl,21.535714285714285,42,80198.03142857143,178711.03999999998
merch9250@paytm,20.0,37,216901.78600000002,359922.06999999995
merch92512@oksbi,18.153846153846153,36,619920.0373076922,1059787.0099999998
merch92544@paytm,17.807692307692307,38,104271.44192307693,272698.69
merch92549@ybl,12.428571428571429,23,217213.62095238097,307248.52
merch92564@okicici,13.73913043478261,29,250837.91086956518,562378.3599999999
merch92576@okhdfcbank,17.137931034482758,37,126871.75241379312,494937.0900000001
merch92610@okicici,21.296296296296298,43,254371.2151851852,521774.43000000005
merch92614@paytm,18.346153846153847,35,180901.31115384615,296762.16
merch9261@paytm,18.655172413793103,38,175802.2231034483,284887.04000000004
merch92626@okicici,14.31578947368421,26,191363.58315789475,296673.43999999994
merch92628@okhdfcbank,18.333333333333332,35,582955.0607407407,895517.17
merch9262@oksbi,35.32727272727273,71,423938.76436363644,1271891.5800000003
merch92634@oksbi,20.806451612903224,40,92921.89,239156.62
merch92640@paytm,19.852941176470587,41,163813.05529411766,412127.00000000006
merch92641@oksbi,11.952380952380953,25,116222.68095238096,193261.82000000004
merch92644@okhdfcbank,15.217391304347826,33,344740.4417391304,776617.3300000001
merch92663@axl,18.74074074074074,37,85918.0911111111,147425.67999999996
merch92665@axl,16.52,32,67816.79479999999,245015.84000000003
merch92685@okhdfcbank,18.5,36,289748.8660714286,503098.94
merch92713@axl,17.884615384615383,37,104412.59653846153,203091.35
merch9271@paytm,16.51851851851852,32,106341.05259259259,206415.37
merch92724@oksbi,17.689655172413794,40,59607.48310344827,127373.88999999998
merch92729@okhdfcbank,20.266666666666666,45,379566.67899999995,765714.9599999998
merch92732@okhdfcbank,13.590909090909092,27,238577.32818181816,429997.74
merch92737@okicici,21.193548387096776,40,217185.26709677422,501918.94
merch92740@okicici,15.384615384615385,34,209468.8323076923,742247.1399999999
merch92742@ybl,16.761904761904763,33,385660.4223809524,790324.96
merch92779@ybl,17.916666666666668,37,17788.416666666668,40581.14
merch92786@axl,11.68421052631579,23,84063.46315789474,163467.58
merch92787@okicici,15.6,26,292636.2033333333,399008.17
merch92788@paytm,21.0,40,274616.23,407614.28
merch92797@paytm,17.22222222222222,33,283110.0655555556,564262.88
merch92801@okhdfcbank,21.9375,42,271989.25375,722001.8399999999
merch92803@okhdfcbank,16.925925925925927,32,105596.1248148148,241316.33
merch92820@axl,16.79310344827586,36,68466.82068965517,232565.71
merch92826@okicici,19.29032258064516,37,227591.87387096774,366206.73
merch92837@paytm,15.333333333333334,30,100335.63444444445,189653.58
merch92851@okicici,13.608695652173912,28,174778.39173913046,431878.9
merch92860@okhdfcbank,14.166666666666666,28,148057.4611111111,289080.85000000003
merch92865@paytm,20.814814814814813,41,222293.04,439391.94000000006
merch92876@axl,17.36,33,265189.4176,410333.19
merch92903@paytm,20.115384615384617,38,98219.12038461538,248049.07
merch92908@okhdfcbank,17.88888888888889,37,241335.40444444443,576512.79
merch9291@paytm,18.51851851851852,35,128604.22962962964,309303.7100000001
merch92937@oksbi,15.041666666666666,29,163787.51625000002,337283.35
merch9294@oksbi,17.846153846153847,33,157063.14500000002,303053.17000000004
merch92951@paytm,22.25925925925926,40,347399.06296296295,690004.64
merch92954@paytm,18.047619047619047,33,89532.51238095238,251484.73
merch92956@okhdfcbank,16.814814814814813,31,350220.8681481481,513722.5899999999
merch92963@axl,19.576923076923077,37,270895.0361538462,427965.7599999999
merch92987@axl,20.38095238095238,35,321484.92571428575,550223.5499999999
merch92997@axl,15.476190476190476,30,317506.7319047619,569253.5700000001
merch93008@ybl,19.625,37,71754.215,202879.13
merch9301@axl,13.523809523809524,27,123713.41619047619,180541.99
merch93024@ybl,17.92,33,203263.39,318525.15
merch9302@okhdfcbank,21.78125,43,551873.168125,929625.96
merch9303@ybl,16.0,32,343602.27625,562321.01
merch93040@paytm,13.0,28,76456.99913043478,182137.97
merch93057@axl,21.586206896551722,42,172293.02137931035,495352.44
merch93062@axl,18.130434782608695,33,279186.52173913043,555090.3
merch93087@okicici,14.956521739130435,30,167151.6804347826,420462.88
merch93099@paytm,19.5,38,457194.4293333333,807563.0999999999
merch93104@axl,20.12,39,248114.45440000002,676064.2599999999
merch93114@oksbi,20.958333333333332,36,275453.2141666667,406273.2800000001
merch93116@okicici,14.909090909090908,28,115583.00545454546,179700.01
merch93141@paytm,14.571428571428571,30,162354.88000000003,383482.95000000007
merch93162@axl,16.434782608695652,30,225836.7013043478,416010.26
merch93167@oksbi,17.68,34,342815.0028,488772.71
merch93174@paytm,13.95,28,144070.949,320935.36
merch93199@paytm,15.0,29,336635.17954545456,642529.2500000001
merch93201@okhdfcbank,17.137931034482758,35,221869.41172413796,316561.64
merch93203@axl,14.761904761904763,30,98013.57476190478,211290.6900000001
merch93211@okhdfcbank,19.838709677419356,41,230049.27322580645,436745.09
merch93229@oksbi,13.789473684210526,26,132642.29789473684,178463.12
merch93230@paytm,23.181818181818183,43,94864.15212121212,180357.59
merch93246@okhdfcbank,15.421052631578947,29,93375.31894736842,289781.02
merch93302@okhdfcbank,16.52,33,144869.674,272242.36000000004
merch93303@ybl,16.821428571428573,35,156544.2017857143,393309.98999999993
merch9330@okicici,18.05263157894737,33,328442.68842105265,541911.55
merch93313@paytm,17.46153846153846,37,60708.1123076923,147162.22999999995
merch93338@okhdfcbank,17.962962962962962,35,463941.28037037037,785125.02
merch93345@axl,19.3,42,209020.56000000003,667182.92
merch93404@oksbi,16.608695652173914,37,373442.20608695655,653543.9199999999
merch93407@ybl,18.23076923076923,36,104728.51192307692,234470.62
merch93422@oksbi,17.52173913043478,33,157205.09130434782,255276.23
merch93449@okicici,21.451612903225808,45,211036.2164516129,383926.97
merch93449@ybl,16.2,33,209708.03919999997,326276.85
merch93452@ybl,18.310344827586206,37,332468.10931034485,788702.0500000002
merch93511@ybl,15.727272727272727,29,289501.4940909091,500482.31000000006
merch93515@okicici,15.238095238095237,29,78043.30571428573,231938.20000000004
merch93526@okicici,21.857142857142858,38,321028.7633333333,562055.0599999998
merch93529@ybl,17.958333333333332,37,120135.25791666668,365223.25000000006
merch93545@okicici,20.392857142857142,39,148177.60142857145,286261.46
merch93551@paytm,17.285714285714285,35,273171.47285714286,439515.79
merch93554@axl,22.387096774193548,41,401708.1664516129,552671.7999999999
merch93556@ybl,15.08695652173913,34,143253.44826086957,357788.22
merch93558@okhdfcbank,16.363636363636363,32,98531.00818181816,191897.99
merch93564@oksbi,19.413793103448278,41,107966.96206896551,360836.23999999993
merch93604@ybl,14.35,28,105126.943,373590.51
merch93607@oksbi,12.705882352941176,28,41810.61058823529,126702.65
merch93641@okicici,20.238095238095237,36,119285.88,303170.8
merch93643@okhdfcbank,16.2,31,125190.44520000002,251896.38000000003
merch93648@ybl,17.125,35,91321.37,217188.88
merch93661@okicici,19.210526315789473,41,207180.6844736842,531788.3999999999
merch93662@axl,9.588235294117647,19,153530.3723529412,241131.2
merch93663@okicici,21.29032258064516,40,118596.67419354839,206232.43
merch9366@ybl,14.333333333333334,29,123530.38500000001,219394.53
merch93675@paytm,14.73076923076923,29,413949.17500000005,575291.88
merch93676@okicici,17.41176470588235,30,49357.33235294118,94715.45
merch9367@axl,13.782608695652174,27,93323.13,239447.65
merch93680@paytm,17.185185185185187,37,187980.29074074072,650233.49
merch93694@okicici,13.1,24,229210.7765,349119.4
merch93721@axl,18.17391304347826,36,99613.28521739131,430792.63
merch93724@paytm,17.391304347826086,35,99973.55739130436,272218.63000000006
merch93735@okicici,19.333333333333332,43,234501.48272727273,537645.37
merch93756@okicici,19.6,35,175069.15439999997,413489.2299999999
merch93758@okicici,15.818181818181818,27,386881.4531818182,526612.5
merch93776@paytm,22.896551724137932,42,209204.06620689656,381657.66
merch93783@ybl,18.476190476190474,38,351123.89428571425,760179.2599999999
merch93800@paytm,22.09090909090909,43,170807.64060606062,425506.08
merch9382@okicici,18.666666666666668,34,89367.97166666666,146015.15
merch9382@paytm,17.52173913043478,35,180420.2147826087,412483.15
merch93838@oksbi,21.344827586206897,43,590303.4920689655,1013625.31
merch93862@axl,17.954545454545453,35,126641.07636363637,360031.53
merch93890@okhdfcbank,19.7,39,161265.37133333334,310327.1600000001
merch9389@axl,16.379310344827587,35,150978.7379310345,358836.57
merch93905@ybl,13.695652173913043,26,149156.55173913043,394812.67
merch93917@oksbi,18.962962962962962,36,205381.21962962963,354442.04
merch93930@axl,11.176470588235293,27,88737.30823529413,373806.57000000007
merch93944@ybl,16.26923076923077,32,252802.51307692312,666619.0
merch93945@axl,14.26086956521739,30,180612.0747826087,329556.13
merch93969@okicici,13.947368421052632,28,177886.24736842106,314275.25
merch93973@okhdfcbank,21.533333333333335,42,295709.0186666667,411353.83
merch93981@paytm,16.434782608695652,35,181505.39739130434,498367.05
merch93995@oksbi,13.473684210526315,25,53158.8,125450.5
merch93999@okhdfcbank,23.794871794871796,51,64589.19564102564,153981.17000000004
merch94005@paytm,16.366666666666667,34,396646.31599999993,742631.48
merch94012@paytm,19.37037037037037,36,190811.5874074074,411427.32
merch94057@ybl,13.708333333333334,31,42358.628749999996,137821.78999999998
merch94059@axl,17.814814814814813,36,283381.6848148148,625233.1000000001
merch94063@ybl,19.5,37,384625.4914285714,797745.72
merch94095@okhdfcbank,19.344827586206897,39,68251.17034482758,123530.56999999998
merch94137@okhdfcbank,10.11111111111111,21,99741.83666666667,236757.96
merch94141@okhdfcbank,17.25925925925926,35,173441.37185185184,430334.78
merch94143@okhdfcbank,16.0,34,255376.2664,435537.41
merch94177@okhdfcbank,19.53125,36,706781.32375,1126384.4400000002
merch9417@ybl,16.291666666666668,33,220310.57291666666,507157.17
merch9418@paytm,19.733333333333334,38,99423.74033333334,257585.35
merch94238@oksbi,19.137931034482758,36,339339.80206896557,790899.2800000001
merch94248@axl,15.666666666666666,30,112344.24,224750.57000000004
merch94249@okicici,17.14814814814815,33,212926.33518518522,422684.81000000006
merch94260@axl,19.806451612903224,39,335785.01967741933,487285.82
merch94280@okhdfcbank,20.5,42,288217.95192307694,741955.85
merch94304@okhdfcbank,23.473684210526315,39,166295.9863157895,348586.22
merch9430@oksbi,18.586206896551722,37,192091.94689655173,547373.7499999999
merch94316@okicici,18.59375,35,120469.17468750001,217937.56000000003
merch94318@okhdfcbank,21.62857142857143,41,291092.6280000001,582403.5400000002
merch94321@okicici,20.78787878787879,43,500929.1057575758,784537.2699999999
merch94329@paytm,19.041666666666668,37,231407.06083333332,452693.4
merch94339@axl,15.3,33,134028.145,252338.29
merch94361@oksbi,17.22222222222222,34,375493.8381481481,587956.82
merch94375@axl,15.846153846153847,34,223145.88384615385,409634.73
merch94396@oksbi,13.95,30,198698.3665,321277.27
merch94417@ybl,15.166666666666666,32,190941.04625,323004.24
merch94430@okicici,20.97142857142857,45,101517.40485714286,226459.1
merch9444@axl,12.0,23,80948.43736842106,130630.72999999998
merch94468@okhdfcbank,18.096774193548388,36,171819.5483870968,229301.49
merch94480@oksbi,13.61111111111111,31,111002.99444444444,267203.92000000004
merch94513@oksbi,13.411764705882353,28,140576.35705882352,244018.01
merch94515@axl,18.32,34,294465.56720000005,588340.87
merch94517@ybl,21.142857142857142,42,265544.7702857143,430509.81
merch94526@oksbi,13.521739130434783,29,142700.64130434784,389380.11
merch94528@paytm,17.928571428571427,36,144493.16285714286,305584.66
merch94550@axl,15.384615384615385,33,215285.13346153844,522582.37
merch94558@okicici,15.956521739130435,31,158328.42130434784,243608.41999999995
merch94565@oksbi,16.68,33,150073.7028,346426.68
merch94566@okicici,15.416666666666666,33,80605.72833333333,226125.63
merch94616@okicici,15.153846153846153,30,48532.76115384616,146626.47999999998
merch9463@ybl,20.060606060606062,41,245729.49515151515,429713.89
merch94659@okhdfcbank,17.208333333333332,35,178060.13166666668,440916.1500000001
merch94676@okicici,17.40909090909091,34,193992.8490909091,281336.06
merch94676@ybl,27.647058823529413,54,148095.24411764706,302276.75999999995
merch94699@axl,25.566666666666666,47,103375.95800000001,187105.41
merch9469@axl,24.64864864864865,49,184781.48405405405,307064.23
merch94709@axl,18.16,34,269354.4324,395120.2499999999
merch94749@paytm,15.31578947368421,32,166789.59210526315,320933.72
merch94770@okhdfcbank,21.366666666666667,43,202380.25700000004,409459.72
merch94812@okhdfcbank,15.476190476190476,29,103422.85999999999,163712.24
merch94826@axl,17.884615384615383,32,165520.63461538462,383995.52
merch94847@paytm,14.565217391304348,29,138227.38695652175,244360.51
merch9486@okhdfcbank,19.533333333333335,39,353327.4316666667,457254.32
merch94885@axl,18.27777777777778,35,136376.90111111113,219988.55
merch94891@ybl,18.741935483870968,39,83759.40483870968,313407.16000000003
merch94899@oksbi,41.25925925925926,74,324553.06055555557,566126.3099999999
merch94913@paytm,17.0,36,128338.59642857143,340442.21
merch94925@ybl,21.7,40,252639.93533333336,542823.14
merch94926@oksbi,26.647058823529413,51,192877.07117647058,532815.1699999999
merch94937@okhdfcbank,19.714285714285715,42,272894.07457142853,371901.67
merch94938@ybl,13.80952380952381,27,158694.29142857142,299579.74
merch94949@oksbi,14.173913043478262,28,157719.41391304348,197647.06
merch9496@okhdfcbank,27.52777777777778,51,159850.61666666667,323511.84
merch9498@paytm,11.714285714285714,23,84722.3780952381,188174.59
merch94993@oksbi,17.958333333333332,36,147295.07749999998,249840.97000000003
merch95003@oksbi,23.875,46,253642.44874999998,651323.8799999999
merch95020@paytm,22.392857142857142,44,216949.16821428572,320032.05
merch95036@paytm,17.071428571428573,37,444470.4142857143,677571.4000000001
merch95048@ybl,14.782608695652174,29,217726.87260869567,461116.77
merch95067@oksbi,11.055555555555555,22,184835.57444444447,287271.53
merch95071@paytm,21.291666666666668,38,209924.96583333332,359505.74999999994
merch95075@axl,18.681818181818183,34,99502.1159090909,218783.48
merch95079@ybl,18.954545454545453,33,298893.49863636366,374728.33
merch95088@okicici,22.548387096774192,44,148163.24322580645,278159.72
merch95094@axl,19.225806451612904,38,261364.09129032257,472285.32
merch9512@ybl,21.06896551724138,44,177375.10655172414,397826.86
merch95176@axl,22.970588235294116,44,369946.53029411763,657694.78
merch95181@okicici,19.555555555555557,41,269797.78925925924,682163.6099999999
merch95182@ybl,11.083333333333334,18,16893.076666666668,22467.01000000001
merch95194@oksbi,16.807692307692307,34,109572.75615384616,284901.51
merch95208@okicici,14.055555555555555,28,132257.4061111111,268780.78
merch95231@okhdfcbank,20.942857142857143,42,308824.028,628771.8499999999
merch95240@ybl,19.73076923076923,39,277062.6715384615,564699.9
merch95242@okicici,20.285714285714285,38,277672.8957142857,559756.3400000001
merch95243@okicici,17.434782608695652,31,92865.73695652172,152190.15999999997
merch95266@okicici,17.96551724137931,40,210767.42931034483,498831.44000000006
merch95279@paytm,20.814814814814813,40,107996.70592592593,392884.15
merch95302@ybl,12.411764705882353,27,89158.71294117648,298874.99
merch95311@paytm,19.703703703703702,38,490514.6414814815,830790.83
merch95325@oksbi,15.142857142857142,31,179123.6417857143,321264.40000000014
merch95328@ybl,22.766666666666666,45,276025.9926666667,454222.3300000001
merch95330@axl,11.4375,25,156977.944375,245338.84000000003
merch95368@paytm,22.392857142857142,48,337292.6675,910988.93
merch95369@okhdfcbank,14.0,32,79653.70363636363,225352.16
merch95376@oksbi,16.458333333333332,35,174405.24416666667,366995.04
merch9539@axl,17.35483870967742,37,151612.37903225806,290315.02
merch95410@okicici,25.93103448275862,44,153500.4893103448,347302.18999999994
merch95414@oksbi,12.210526315789474,24,74760.2447368421,149848.65
merch95430@ybl,13.272727272727273,29,100355.265,267351.63
merch95436@axl,14.65,29,106630.146,232574.43
merch95449@ybl,14.304347826086957,30,223342.59478260868,340414.87000000005
merch95450@axl,18.84,37,498593.0772,844940.81
merch95452@okhdfcbank,14.72,30,310112.7456,693848.3800000001
merch95461@okicici,22.542857142857144,43,162481.67485714285,461555.75
merch95463@ybl,17.535714285714285,37,224369.25392857142,651164.5899999997
merch95467@oksbi,20.571428571428573,37,311288.8182142857,478079.07
merch95467@paytm,15.782608695652174,35,386034.9313043478,1023785.07
merch95472@okhdfcbank,14.578947368421053,29,222630.59157894738,309584.03
merch95478@ybl,20.794117647058822,41,471283.6894117647,976789.46
merch95482@ybl,15.909090909090908,32,109676.67227272727,290443.76
merch95483@oksbi,19.074074074074073,38,297912.0437037037,539299.53
merch95485@oksbi,13.9,30,230163.0915,596931.25
merch95486@okhdfcbank,11.0,27,131647.49052631579,227056.24
merch95499@okhdfcbank,13.5,26,168589.602,298874.03
merch95520@okhdfcbank,16.64,32,96452.93,358026.59
merch95524@ybl,17.62962962962963,39,186368.85,508425.4900000001
merch95540@okhdfcbank,23.606060606060606,44,267571.3112121212,591443.1999999998
merch95542@paytm,17.115384615384617,34,339944.74115384615,590373.21
merch95559@ybl,11.736842105263158,25,168867.45789473684,367072.37
merch95576@paytm,21.228571428571428,43,234711.90885714287,475214.52
merch95583@oksbi,18.73913043478261,35,265575.0117391304,538933.87
merch95584@okhdfcbank,11.526315789473685,24,40311.42736842105,73091.73999999999
merch95593@paytm,25.83783783783784,51,462813.50486486487,977623.55
merch95611@paytm,14.583333333333334,31,35371.03666666667,98409.43
merch95627@paytm,18.48148148148148,37,73404.44592592593,188030.30000000005
merch95633@axl,17.82608695652174,32,239038.05739130435,404212.35
merch9566@okhdfcbank,20.733333333333334,42,344094.82433333335,630136.2499999999
merch95671@paytm,20.03125,39,206796.3046875,415150.12
merch95682@axl,16.952380952380953,33,133491.73761904764,392901.89
merch95688@okhdfcbank,22.678571428571427,45,490897.75499999995,656704.43
merch95711@okhdfcbank,22.933333333333334,42,254753.94866666666,387921.53
merch95727@oksbi,16.695652173913043,36,184711.35217391307,364070.6400000001
merch9573@okhdfcbank,14.15,28,60132.05500000001,225703.98
merch95760@axl,15.1,31,77360.546,233670.04000000004
merch95769@ybl,14.047619047619047,28,154418.87,374528.33
merch9576@okhdfcbank,18.93103448275862,37,397991.6531034483,1056924.64
merch95791@ybl,19.79310344827586,43,274111.75448275864,593698.3600000001
merch95792@axl,19.26923076923077,39,222373.79692307694,494011.31
merch95805@okhdfcbank,21.93548387096774,43,141302.36258064516,265063.76000000007
merch95817@axl,18.724137931034484,41,156897.89068965518,436639.89
merch95825@axl,10.6,26,168095.412,424898.55
merch95841@paytm,15.19047619047619,30,71387.17476190475,104629.44
merch95870@axl,13.478260869565217,30,155279.5352173913,317835.56
merch95877@paytm,18.928571428571427,37,239054.22464285715,378520.82
merch95890@paytm,15.869565217391305,29,90161.98695652174,200462.19
merch95891@axl,19.9375,42,221663.004375,414390.79
merch95897@axl,19.0625,37,34764.849062500005,123013.32
merch95925@oksbi,10.071428571428571,20,75354.04357142858,150199.71
merch95929@okhdfcbank,26.194444444444443,50,166818.93666666665,297345.02
merch95948@axl,20.5,42,208341.6009090909,339270.2
merch95961@okhdfcbank,17.24,36,343661.9588,553791.31
merch95965@axl,22.53125,42,379597.2909375,689116.2000000001
merch95977@okicici,15.157894736842104,30,272540.40315789473,750078.28
merch95978@ybl,10.61111111111111,24,329593.56666666665,579250.78
merch96001@paytm,15.333333333333334,31,230383.24500000002,333709.45000000007
merch96002@oksbi,25.511111111111113,54,340442.85066666664,781343.7899999998
merch96012@axl,12.45,27,59319.19299999999,261515.84
merch96014@axl,17.833333333333332,37,227905.82041666668,691593.75
merch96017@ybl,15.047619047619047,29,115108.50285714286,275390.58
merch96018@okicici,15.8,30,353395.5144,560344.37
merch96024@okhdfcbank,19.033333333333335,39,120204.84333333334,245709.07
merch96025@ybl,18.612903225806452,41,242295.3722580645,573080.26
merch96029@okhdfcbank,14.409090909090908,26,96232.74545454545,255578.7
merch96044@okhdfcbank,15.181818181818182,31,101402.07454545455,202018.58
merch96049@okhdfcbank,17.5,34,145496.94071428574,328570.0
merch96051@axl,19.225806451612904,39,121773.06419354839,321185.1699999999
merch96057@ybl,15.636363636363637,32,233334.44363636363,373277.73
merch96063@okhdfcbank,10.066666666666666,22,228029.37133333334,488415.61
merch96066@okhdfcbank,19.576923076923077,36,111299.84076923078,197839.57000000004
merch96070@oksbi,21.689655172413794,42,200363.9444827586,421486.38
merch96072@ybl,18.46153846153846,37,261780.40115384615,531183.7000000001
merch9611@okicici,19.5,36,407041.09227272734,640394.7700000001
merch96140@okicici,15.5,33,182952.14076923078,620207.16
merch96146@okicici,16.615384615384617,35,181072.84884615382,519139.13
merch96148@oksbi,23.13157894736842,49,214176.20763157893,505223.85
merch96149@ybl,11.4,24,140655.4265,335840.83
merch96192@okhdfcbank,21.321428571428573,43,198676.08535714285,385007.81000000006
merch96195@paytm,22.13888888888889,43,280587.7727777778,355031.35
merch96201@oksbi,12.578947368421053,28,100968.60578947369,243165.24
merch96220@oksbi,14.2,25,159943.69300000003,282821.92
merch96249@okhdfcbank,16.96153846153846,35,149573.28846153847,269828.28
merch96253@okhdfcbank,17.75,35,75668.17785714286,342974.4
merch96259@ybl,16.96,34,272540.886,495654.42999999993
merch96273@okhdfcbank,15.75,28,172513.83000000002,519248.53
merch96279@oksbi,22.433333333333334,40,189910.94966666668,284855.26
merch96289@ybl,18.666666666666668,37,330266.8433333333,682437.6600000001
merch9631@axl,20.782608695652176,38,151992.17869565217,260835.10000000003
merch96320@ybl,15.444444444444445,31,144429.11629629627,290458.23999999993
merch96326@okhdfcbank,19.48148148148148,37,309654.32,491585.8999999999
merch96334@oksbi,15.041666666666666,31,303110.27625,426915.3
merch96341@paytm,19.076923076923077,35,308443.74653846154,532579.12
merch96341@ybl,15.65,29,181762.435,285740.0
merch96347@axl,17.633333333333333,36,342507.04233333335,639976.56
merch96351@axl,12.944444444444445,26,343635.90222222224,656456.52
merch96352@axl,12.68421052631579,27,179359.78263157897,273857.81000000006
merch96373@axl,16.454545454545453,34,98745.02863636363,249735.48
merch96381@okhdfcbank,13.352941176470589,26,149160.8205882353,255150.46
merch96384@okhdfcbank,18.2,36,99587.7464,220356.44
merch96387@axl,19.26923076923077,40,188123.9173076923,321325.7
merch96482@okicici,18.413793103448278,35,338148.16896551725,508452.0
merch96505@paytm,20.38095238095238,36,255158.35333333333,327436.66
merch96533@oksbi,14.0,27,73059.33333333333,158082.51
merch96547@ybl,23.59375,46,186613.6209375,430067.78
merch96559@oksbi,20.870967741935484,44,320164.1277419355,627098.7000000001
merch96561@okicici,17.967741935483872,36,222186.86967741937,405094.72
merch9657@okhdfcbank,21.482758620689655,40,152104.63344827585,312638.51
merch96603@paytm,19.785714285714285,37,64797.39,138196.95
merch9660@okicici,17.275862068965516,33,142478.8231034483,390307.7
merch96614@axl,21.0,38,177609.385,268740.71
merch96619@oksbi,23.257142857142856,46,193964.26257142858,409284.7400000001
merch96638@ybl,19.4,38,346434.58759999997,433161.82
merch96668@ybl,20.333333333333332,42,189984.62242424244,259482.39
merch96698@axl,19.0,33,282399.81136363634,520263.93000000005
merch9669@paytm,17.384615384615383,37,94831.72884615386,239695.43000000005
merch96716@okicici,14.0,28,111489.1245,296033.0200000001
merch96719@oksbi,13.333333333333334,26,17573.442222222224,28835.36
merch96729@okhdfcbank,21.666666666666668,41,333011.37875,692040.93
merch96737@ybl,17.692307692307693,34,216123.86846153846,279765.08
merch96747@axl,17.04,36,350560.6868,648116.0
merch96758@okhdfcbank,20.62962962962963,39,274279.05,523970.62000000005
merch96773@oksbi,17.88888888888889,37,494337.0011111111,933126.5
merch96777@paytm,18.0,34,99245.21892857143,249173.93
merch96797@okhdfcbank,13.2,26,106585.45300000001,159967.05000000002
merch96825@axl,18.38888888888889,32,154481.4777777778,251770.01
merch96826@okhdfcbank,18.870967741935484,40,91983.39483870969,187640.7
merch96836@axl,18.576923076923077,42,119880.64307692308,237860.97000000003
merch96849@oksbi,10.444444444444445,21,35093.91166666667,70552.64
merch96856@paytm,21.387096774193548,42,184799.1141935484,438896.3
merch96869@okicici,17.4,33,233157.319,423324.27
merch96884@ybl,21.62962962962963,37,182307.8148148148,318642.99
merch96887@axl,15.0,33,371937.81230769225,582636.06
merch96894@oksbi,16.653846153846153,33,67062.29192307692,145843.82
merch96898@oksbi,19.227272727272727,33,142159.34818181818,256112.9
merch96909@paytm,14.545454545454545,32,126426.19409090909,258144.14000000004
merch9691@paytm,14.409090909090908,28,125555.60545454545,206902.32
merch96930@oksbi,19.82758620689655,41,333351.5451724138,720237.8899999999
merch96939@oksbi,16.272727272727273,31,141667.35227272726,497456.27
merch96967@axl,26.0,49,440510.3232142857,862856.53
merch9697@ybl,10.125,22,19377.3125,55480.33
merch96980@okhdfcbank,20.387096774193548,40,333194.8503225806,640838.2899999999
merch9698@axl,12.333333333333334,27,165542.395,339008.51000000007
merch9699@paytm,19.75,38,357643.87,438774.2100000001
merch97005@okhdfcbank,23.147058823529413,45,370526.66147058824,780487.0599999999
merch97045@oksbi,20.392857142857142,40,159933.89392857143,217923.78
merch97047@paytm,15.48,32,138331.78280000002,542096.5700000001
merch97059@paytm,23.53125,47,103648.2453125,317988.48
merch97063@okicici,22.384615384615383,40,97118.30538461538,173585.07
merch97080@okhdfcbank,21.433333333333334,39,280414.62100000004,422392.58
merch97085@okicici,16.28,32,76952.73439999999,148798.35
merch9709@ybl,15.291666666666666,32,170551.0166666667,339068.68000000005
merch97102@oksbi,17.333333333333332,34,317143.13296296296,552029.95
merch97111@oksbi,19.22222222222222,37,65121.155185185184,116804.45
merch97129@ybl,12.235294117647058,24,23091.053529411765,53287.37
merch97134@axl,11.866666666666667,24,107895.25733333334,238675.89
merch97150@okhdfcbank,16.82608695652174,32,57404.04565217392,146528.38
merch97171@paytm,36.458333333333336,69,171669.82458333333,314068.66000000003
merch97177@okicici,13.294117647058824,29,184421.46470588236,372156.02
merch97190@paytm,22.9375,43,677486.4615625,1207489.05
merch97204@oksbi,11.176470588235293,21,99249.04176470588,163838.96
merch97220@axl,15.047619047619047,30,232008.13380952383,460550.6000000001
merch97226@okhdfcbank,20.928571428571427,41,226113.69642857142,473590.06
merch97226@oksbi,14.3,28,98043.46650000001,349751.23000000004
merch97238@ybl,22.035714285714285,43,205552.48642857143,327535.28
merch97242@paytm,17.625,36,87453.27708333333,162036.22999999998
merch9724@paytm,15.416666666666666,32,149228.61125,222463.53
merch97256@axl,37.354166666666664,73,542113.421875,1074719.36
merch9727@okhdfcbank,19.11111111111111,37,147865.7325925926,387701.15
merch97307@oksbi,20.413793103448278,41,507486.48758620693,949225.4
merch97319@okicici,17.875,34,63948.57000000001,200052.52
merch97319@ybl,22.060606060606062,46,117578.96515151515,410467.48
merch97344@okicici,16.551724137931036,34,288284.765862069,601054.8899999999
merch9734@oksbi,16.074074074074073,33,78617.51666666666,168223.41
merch97355@okhdfcbank,17.545454545454547,33,314197.3118181818,580012.8600000001
merch97367@axl,16.130434782608695,34,189432.26695652175,737699.8400000001
merch97368@paytm,13.166666666666666,26,37247.85111111111,146384.12
merch97384@oksbi,17.782608695652176,39,258431.94,507756.91
merch97404@ybl,15.095238095238095,30,111787.58999999998,167033.88999999998
merch97421@ybl,21.59259259259259,39,378706.0874074074,512570.42
merch97422@okhdfcbank,18.96551724137931,37,158761.10344827586,444242.08
merch97447@oksbi,16.96153846153846,33,115486.89038461538,159359.75999999998
merch97453@ybl,15.384615384615385,31,92336.46884615385,209372.27
merch97460@oksbi,11.8,23,70770.20066666667,152762.95
merch97481@axl,21.5609756097561,43,341452.17097560974,752292.6799999999
merch97487@okicici,17.962962962962962,36,199735.64481481482,366776.46
merch97490@axl,20.185185185185187,40,153679.10111111111,298810.82
merch97494@oksbi,19.714285714285715,38,30467.655357142856,101885.57
merch97517@paytm,15.272727272727273,28,406221.58272727276,656903.78
merch9752@okicici,21.125,44,255814.4684375,496220.94
merch97531@ybl,13.368421052631579,27,142656.85,259792.96
merch97548@oksbi,22.91176470588235,43,473635.45852941176,826445.7400000001
merch97554@okicici,17.692307692307693,35,281527.4734615385,560141.6000000001
merch97559@axl,16.0,30,194783.55333333334,348347.13
merch97565@ybl,16.291666666666668,36,184640.0875,461579.66
merch97572@okhdfcbank,18.714285714285715,38,244647.35464285713,446657.4
merch97576@ybl,22.09090909090909,43,222784.74757575756,439991.6400000001
merch9758@paytm,21.393939393939394,42,226513.72272727275,391769.95000000007
merch97590@ybl,15.0,31,286630.6376,500966.00000000006
merch97621@ybl,14.428571428571429,31,263568.2233333333,595512.2699999999
merch97622@oksbi,16.037037037037038,34,119652.2037037037,301002.98999999993
merch97623@axl,18.423076923076923,39,164351.4880769231,581772.4
merch97629@okicici,13.368421052631579,28,123031.61842105263,345064.11
merch97643@paytm,18.185185185185187,35,111717.12518518518,292453.07
merch97665@paytm,12.722222222222221,23,280505.71499999997,505267.8599999999
merch97666@okhdfcbank,10.588235294117647,25,255987.63529411764,688892.2199999999
merch97669@oksbi,16.84,34,262138.9204,550846.04
merch97706@okicici,18.17391304347826,41,293554.6539130435,739855.94
merch97728@ybl,13.181818181818182,27,256397.75454545452,541992.32
merch97738@oksbi,19.8125,37,178781.39781249998,434745.91
merch97746@okicici,20.291666666666668,39,194323.28791666668,451138.5999999999
merch97753@okhdfcbank,17.125,33,159111.3625,443532.98999999993
merch97766@okicici,21.451612903225808,42,268106.61161290325,583063.75
merch97775@okhdfcbank,19.928571428571427,37,168360.43214285717,350683.13
merch97777@paytm,22.0,48,109581.669375,286211.62
merch97782@axl,17.958333333333332,35,215232.97999999998,453255.97
merch97784@okhdfcbank,19.266666666666666,43,274997.3443333333,464849.44
merch97815@okhdfcbank,19.115384615384617,38,78442.76269230769,237233.37
merch97818@oksbi,15.678571428571429,32,60465.537142857145,132406.08
merch97819@paytm,10.705882352941176,22,170027.3376470588,319666.12
merch97822@paytm,15.869565217391305,33,161614.7747826087,237288.26
merch97853@oksbi,15.92,32,69789.3836,171488.31
merch97854@okicici,17.782608695652176,32,175984.47130434783,356575.58
merch97857@axl,15.636363636363637,32,70894.45999999999,215026.29
merch97876@ybl,17.666666666666668,34,152488.67333333334,380612.13
merch97889@ybl,17.695652173913043,32,580885.8004347826,1000829.28
merch97905@okhdfcbank,17.333333333333332,34,134612.87958333333,250191.39
merch97912@okhdfcbank,16.041666666666668,32,52221.118333333325,106255.72
merch97917@okicici,12.533333333333333,27,324777.6453333333,601792.4099999998
merch97920@ybl,24.41176470588235,46,309618.4170588236,572311.1100000001
merch97921@okhdfcbank,16.347826086956523,34,194082.26521739128,514093.54
merch97946@okhdfcbank,12.45,27,108837.269,227064.66
merch97951@oksbi,20.451612903225808,38,318150.7251612903,444743.76
merch97981@okhdfcbank,17.642857142857142,39,198331.08321428573,556897.5199999999
merch97985@okicici,14.590909090909092,30,56975.27,188980.38
merch9800@okicici,15.45,30,119589.6435,171852.05999999997
merch98031@axl,18.40909090909091,34,194979.79363636364,343107.97
merch98046@oksbi,17.76,33,21246.3116,49038.78
merch98047@okhdfcbank,24.38235294117647,47,265572.8211764706,422921.08
merch98052@okhdfcbank,18.04,35,228627.33800000002,434259.68
merch98069@paytm,18.333333333333332,37,403967.3442857142,910206.48
merch98079@okicici,13.409090909090908,29,149415.0972727273,386384.7100000001
merch98081@axl,17.6,35,371165.39160000003,637791.8500000001
merch98095@okhdfcbank,22.51851851851852,41,328893.1796296296,553428.74
merch98138@okhdfcbank,20.15,38,167771.0665,406016.6699999999
merch98158@oksbi,17.06896551724138,35,218055.63551724138,516521.51
merch98169@paytm,18.0,39,116242.58444444444,360369.17
merch9816@okhdfcbank,20.925925925925927,42,279900.7211111111,549240.4099999999
merch98179@oksbi,17.37037037037037,38,143692.52259259258,276777.98
merch98180@axl,17.75,32,131618.63083333333,233167.39
merch98180@ybl,15.074074074074074,34,152461.80185185184,278965.53
merch98201@okhdfcbank,20.558823529411764,44,232569.23911764706,519640.76
merch98208@paytm,17.652173913043477,35,160821.3756521739,222379.6
merch98217@ybl,11.61111111111111,27,176726.47944444444,287470.5
merch98229@ybl,15.476190476190476,30,232390.90238095238,479326.6100000001
merch98255@okicici,13.0,27,264394.9295652174,517625.82
merch98267@okicici,16.8,37,163318.016,369624.44
merch98275@okicici,19.5,39,99327.99892857143,230317.25999999995
merch98276@oksbi,16.045454545454547,32,141333.32636363638,311874.64
merch98282@axl,15.526315789473685,31,128355.63210526317,295465.7
merch98284@okicici,16.625,34,211760.3945833333,366107.8899999999
merch98288@okhdfcbank,13.578947368421053,26,60382.74789473684,117563.54
merch98289@axl,16.208333333333332,35,388486.5770833334,674178.8200000001
merch98294@okhdfcbank,19.666666666666668,43,490996.07592592586,910646.84
merch98317@okhdfcbank,16.692307692307693,32,342924.33653846156,793354.8999999999
merch98328@axl,20.535714285714285,42,402262.4996428572,748096.1000000001
merch98332@axl,14.083333333333334,32,28395.2975,62660.93
merch9833@axl,21.40625,45,185558.40375,507489.79
merch98354@paytm,18.875,38,78863.3384375,226918.89
merch98357@ybl,20.193548387096776,42,112238.11612903226,255935.82
merch98371@ybl,18.48,34,233372.93200000003,336570.98000000004
merch98375@ybl,20.387096774193548,43,275268.47806451615,411716.3
merch98379@okicici,15.68,33,144707.3052,272467.59
merch98392@axl,13.909090909090908,28,55173.615454545456,123059.02
merch98398@oksbi,12.952380952380953,28,158612.06952380954,436575.5500000001
merch98417@axl,21.136363636363637,36,245280.40954545455,325787.78
merch98421@okhdfcbank,16.09090909090909,31,109701.64318181817,338939.79000000004
merch98425@axl,21.96,46,191331.8256,488553.44000000006
merch98427@axl,15.391304347826088,35,135044.80304347826,247957.62
merch98435@ybl,16.52,33,221965.68319999997,544616.7
merch98445@okhdfcbank,12.8125,27,53155.28125,109124.19000000002
merch98449@okicici,16.923076923076923,38,189092.5780769231,414593.0500000001
merch98449@ybl,18.6,37,254063.6576,397888.61
merch98458@axl,16.73076923076923,33,256139.15769230766,618653.9299999999
merch98480@axl,21.74074074074074,45,214146.58888888886,611319.94
merch98504@ybl,11.076923076923077,22,61549.67923076924,145759.46
merch98507@oksbi,18.24,34,169908.25280000002,444571.69
merch98520@paytm,14.055555555555555,33,168160.80944444443,438583.27
merch98540@okicici,15.862068965517242,33,182744.93620689653,326384.46
merch98547@paytm,16.925925925925927,33,156059.1862962963,553648.81
merch98555@axl,34.0625,65,475380.47770833335,1007267.16
merch98556@okhdfcbank,15.291666666666666,28,72314.84791666667,212773.08
merch98572@paytm,17.242424242424242,35,211841.65,445326.2800000001
merch98576@axl,16.666666666666668,30,128547.63666666667,176473.87
merch98583@okhdfcbank,16.454545454545453,30,278165.4218181818,469358.1299999999
merch98599@paytm,11.5625,24,229790.2725,483609.61
merch98616@okicici,16.25,29,285243.36375,439464.13000000006
merch98630@axl,18.615384615384617,37,145588.75884615383,332323.7199999999
merch98631@okicici,17.23076923076923,37,302362.8623076923,805012.32
merch98639@ybl,18.321428571428573,35,238295.72892857142,328619.89
merch98661@oksbi,12.625,25,48300.3625,117719.49
merch98683@axl,21.5,39,138876.43666666668,328552.08
merch98686@okicici,20.65625,40,118134.9225,255305.26
merch98694@ybl,15.38888888888889,31,354106.90611111117,624578.8700000001
merch98724@oksbi,21.529411764705884,42,198897.31205882356,393033.26
merch98739@ybl,21.08,42,258799.52560000002,519318.67
merch98753@paytm,15.16,33,269975.4952,480247.54
merch98771@okhdfcbank,16.291666666666668,31,104758.47958333332,562872.94
merch98779@oksbi,10.4,21,98150.042,252306.89000000004
merch98792@axl,19.357142857142858,39,312671.3635714286,617031.5
merch98799@paytm,22.041666666666668,38,340140.3858333333,496017.83
merch98803@okicici,17.551724137931036,36,241275.04379310345,403480.89
merch98812@paytm,18.15,33,181134.168,299305.11
merch98813@okhdfcbank,15.789473684210526,28,196503.23631578952,287159.01
merch98847@axl,21.59259259259259,39,320921.81629629625,509010.9899999999
merch98847@paytm,19.96153846153846,36,156669.7973076923,320995.59
merch98869@paytm,15.703703703703704,32,243712.25185185188,741743.3400000001
merch98898@paytm,18.517241379310345,35,436450.11482758616,689199.47
merch98904@ybl,18.821428571428573,34,147444.38,354522.33
merch98911@okhdfcbank,15.5,31,69658.05115384616,137579.32
merch98919@ybl,14.0,28,266309.64875000005,331686.44
merch98930@ybl,14.72,30,97884.642,173759.68000000002
merch98958@okicici,11.55,27,128226.48199999999,531173.09
merch98994@okhdfcbank,20.848484848484848,43,358523.11454545456,700392.7700000001
merch99016@oksbi,15.818181818181818,32,99926.48227272727,244624.02
merch99026@oksbi,16.045454545454547,30,180340.97545454546,480728.89
merch99039@oksbi,13.105263157894736,28,30593.203157894735,159251.43999999997
merch9906@paytm,13.571428571428571,30,244495.58619047617,491364.32
merch99075@okhdfcbank,19.68,39,252669.1932,704372.9500000001
merch99075@oksbi,18.310344827586206,37,106139.19758620688,304010.6599999999
merch99092@ybl,16.0,32,294712.14458333334,679771.1900000001
merch99104@axl,15.52,31,62200.912000000004,116595.84
merch99120@ybl,24.454545454545453,46,126952.77272727272,373459.22
merch99122@paytm,16.82608695652174,30,167721.68391304347,365808.05
merch99144@ybl,23.166666666666668,41,219570.81600000002,364617.87
merch99151@okhdfcbank,17.52,36,98030.5096,255167.64
merch99151@paytm,21.032258064516128,43,76863.33064516129,148678.03
merch99163@oksbi,16.17391304347826,35,160526.15652173915,301966.89
merch9916@ybl,12.65,30,102446.39300000001,292104.67
merch99171@ybl,19.363636363636363,35,295248.8640909091,431974.03
merch99228@ybl,16.35,32,387931.57,561824.73
merch99231@axl,13.944444444444445,26,251839.85944444442,418364.21
merch99244@paytm,23.633333333333333,46,351332.76499999996,656996.63
merch99247@okicici,19.736842105263158,36,146369.03894736842,371544.79
merch99261@paytm,17.785714285714285,38,144556.75142857144,399017.8400000001
merch99262@axl,10.083333333333334,18,24249.303333333333,45868.96000000001
merch99279@okicici,21.75,44,159983.156875,409802.8500000001
merch99297@axl,17.35,34,93102.8315,477265.83
merch99303@okicici,16.166666666666668,30,91623.60458333335,211623.53000000003
merch99315@paytm,19.346153846153847,39,117193.54769230768,279619.15
merch99318@okicici,20.79310344827586,40,180368.37172413795,330589.83
merch99322@ybl,15.777777777777779,36,160887.47074074074,329361.09
merch99329@ybl,11.571428571428571,21,52184.849285714285,282512.88
merch99331@axl,19.68,35,239729.18480000002,532184.02
merch9933@okhdfcbank,17.035714285714285,37,63232.12785714286,106841.51
merch99342@okicici,17.772727272727273,36,358746.42909090914,661041.13
merch99351@okhdfcbank,16.916666666666668,37,136437.79583333334,261149.15
merch99354@oksbi,19.782608695652176,36,83453.91565217392,163589.15
merch99366@ybl,13.238095238095237,25,264026.4033333334,426020.3
merch99369@oksbi,20.035714285714285,35,198061.16535714286,286026.95
merch99376@oksbi,14.363636363636363,28,67228.65090909091,180178.55
merch99388@okicici,14.85,30,347914.68700000003,633619.34
merch99410@paytm,9.933333333333334,21,33848.30933333333,76086.70999999999
merch99417@oksbi,18.77777777777778,37,100149.8337037037,343160.05
merch99452@oksbi,21.392857142857142,42,202212.25607142856,659494.6000000001
merch99453@oksbi,14.0,27,181577.7204347826,225176.73
merch9945@oksbi,18.482758620689655,38,166598.1451724138,302302.41
merch99463@axl,17.933333333333334,36,193459.56133333332,410364.84
merch99475@okhdfcbank,17.806451612903224,35,287821.50129032263,487553.03
merch99510@ybl,15.28,30,147455.0292,530598.14
merch9951@okhdfcbank,17.576923076923077,40,252507.9253846154,517862.09
merch99529@okhdfcbank,21.032258064516128,42,93652.53709677419,293377.46
merch99560@okicici,18.448275862068964,40,73800.56137931035,198757.81000000003
merch99580@ybl,19.09375,40,163091.886875,317751.55000000005
merch99597@okicici,12.625,25,237450.69,564608.4199999999
merch99598@paytm,17.541666666666668,35,244606.10499999998,351057.02
merch99622@axl,11.105263157894736,25,123905.42473684209,383040.35
merch99636@okhdfcbank,16.606060606060606,37,99888.95484848483,479797.28
merch99651@okhdfcbank,17.40740740740741,35,287147.6785185185,476115.44
merch99679@axl,19.928571428571427,39,253960.22607142857,426915.23999999993
merch9967@paytm,14.333333333333334,25,118519.53866666667,238213.14
merch99694@axl,20.833333333333332,42,549846.5486666666,951550.92
merch99704@okicici,21.4,39,180143.3632,281923.92
merch99706@ybl,17.620689655172413,36,243939.66758620687,581481.3399999999
merch99717@okhdfcbank,18.75,34,497764.8433333333,662398.37
merch99717@oksbi,20.225806451612904,38,174537.4729032258,258378.63
merch99724@okicici,18.677419354838708,40,211855.31258064514,324218.18
merch99730@oksbi,18.153846153846153,37,163623.80192307694,211865.66
merch99743@okhdfcbank,17.677419354838708,36,289139.5990322581,559308.58
merch99746@okhdfcbank,15.62962962962963,31,193294.3862962963,308889.1799999999
merch99752@axl,20.96969696969697,47,344139.6148484848,700857.78
merch99753@axl,19.846153846153847,42,146790.33461538464,404582.37000000005
merch99756@okicici,23.342105263157894,44,99982.52500000001,284986.86
merch99812@paytm,17.476190476190474,31,292849.99523809523,560369.7799999999
merch99818@axl,15.666666666666666,32,106293.69962962963,178318.39
merch9981@ybl,13.578947368421053,33,98098.01473684212,225126.07
merch99829@oksbi,16.08,32,279173.5888,391134.71
merch99831@okhdfcbank,13.318181818181818,28,32905.46181818182,72687.38
merch99833@oksbi,17.791666666666668,35,100040.33,157067.11
merch99837@okhdfcbank,18.77777777777778,38,193632.37777777776,459798.18000000005
merch9983@axl,20.29032258064516,41,80873.09096774193,199999.04
merch99847@okhdfcbank,17.05,32,86032.1375,274948.88
merch99863@paytm,22.322580645161292,43,234122.86096774193,595186.2299999999
merch99873@okicici,14.61111111111111,29,299389.51333333337,585879.54
merch99884@oksbi,17.678571428571427,37,281176.68,564293.23
merch9988@paytm,14.2,33,261824.804,527364.7299999999
merch99917@paytm,19.46153846153846,39,204899.63692307693,357669.9100000001
merch99923@okhdfcbank,19.566666666666666,36,302229.97266666667,443032.20000000007
merch99979@oksbi,17.19047619047619,32,207391.66333333333,301155.29
merch99980@oksbi,14.35,27,290374.675,402894.86
merch99983@paytm,12.294117647058824,31,109248.6517647059,418565.47
merch9998@okhdfcbank,16.045454545454547,28,136731.03136363637,343965.2
merch99991@axl,19.096774193548388,38,253972.50612903226,479447.07
merch99993@oksbi,19.392857142857142,38,229760.31035714285,392716.56
mule10114@ybl,0.0,0,0.0,0.0
mule10134@ybl,0.0,0,0.0,0.0
mule10146@oksbi,0.0,0,0.0,0.0
mule10156@ybl,0.0,0,0.0,0.0
mule10294@okhdfcbank,0.0,0,0.0,0.0
mule10302@paytm,0.0,0,0.0,0.0
mule10357@paytm,0.0,0,0.0,0.0
mule10367@okhdfcbank,0.0,0,0.0,0.0
mule1042@oksbi,0.0,0,0.0,0.0
mule10431@axl,0.0,0,0.0,0.0
mule10441@okhdfcbank,0.0,0,0.0,0.0
mule10452@okicici,0.0,0,0.0,0.0
mule10624@oksbi,0.0,0,0.0,0.0
mule10629@paytm,0.0,0,0.0,0.0
mule10725@okhdfcbank,0.0,0,0.0,0.0
mule10767@okhdfcbank,0.0,0,0.0,0.0
mule10805@okicici,0.0,0,0.0,0.0
mule10832@oksbi,0.0,0,0.0,0.0
mule10892@ybl,0.0,0,0.0,0.0
mule10947@okicici,0.0,0,0.0,0.0
mule1094@ybl,0.0,0,0.0,0.0
mule11036@ybl,0.0,0,0.0,0.0
mule11090@oksbi,0.0,0,0.0,0.0
mule11094@axl,0.0,0,0.0,0.0
mule11110@oksbi,0.0,0,0.0,0.0
mule11173@oksbi,0.0,0,0.0,0.0
mule11196@okhdfcbank,0.0,0,0.0,0.0
mule1148@okicici,0.0,0,0.0,0.0
mule11524@okicici,0.0,0,0.0,0.0
mule11559@oksbi,0.0,0,0.0,0.0
mule11567@okhdfcbank,0.0,0,0.0,0.0
mule11608@oksbi,0.0,0,0.0,0.0
mule11631@oksbi,0.0,0,0.0,0.0
mule11659@oksbi,0.0,0,0.0,0.0
mule11678@ybl,0.0,0,0.0,0.0
mule11735@axl,0.0,0,0.0,0.0
mule11759@axl,0.0,0,0.0,0.0
mule11789@okhdfcbank,0.0,0,0.0,0.0
mule11792@paytm,0.0,0,0.0,0.0
mule11828@okhdfcbank,0.0,0,0.0,0.0
mule11865@okhdfcbank,0.0,0,0.0,0.0
mule1186@axl,0.0,0,0.0,0.0
mule11875@okicici,0.0,0,0.0,0.0
mule1187@paytm,0.0,0,0.0,0.0
mule11963@oksbi,0.0,0,0.0,0.0
mule12053@okhdfcbank,0.0,0,0.0,0.0
mule12068@axl,0.0,0,0.0,0.0
mule12097@okicici,0.0,0,0.0,0.0
mule1210@okicici,0.0,0,0.0,0.0
mule12132@paytm,0.0,0,0.0,0.0
mule12173@okhdfcbank,0.0,0,0.0,0.0
mule12182@axl,0.0,0,0.0,0.0
mule12200@okhdfcbank,0.0,0,0.0,0.0
mule12229@okicici,0.0,0,0.0,0.0
mule12328@okhdfcbank,0.0,0,0.0,0.0
mule12370@ybl,0.0,0,0.0,0.0
mule12497@okicici,0.0,0,0.0,0.0
mule1257@axl,0.0,0,0.0,0.0
mule12699@oksbi,0.0,0,0.0,0.0
mule12700@okicici,0.0,0,0.0,0.0
mule12722@ybl,0.0,0,0.0,0.0
mule12724@axl,0.0,0,0.0,0.0
mule12751@okicici,0.0,0,0.0,0.0
mule12753@okhdfcbank,0.0,0,0.0,0.0
mule1278@axl,0.0,0,0.0,0.0
mule12802@oksbi,0.0,0,0.0,0.0
mule1281@okhdfcbank,0.0,0,0.0,0.0
mule12832@okhdfcbank,0.0,0,0.0,0.0
mule12863@okicici,0.0,0,0.0,0.0
mule12866@okhdfcbank,0.0,0,0.0,0.0
mule12940@okicici,0.0,0,0.0,0.0
mule12994@oksbi,0.0,0,0.0,0.0
mule13077@axl,0.0,0,0.0,0.0
mule13101@okicici,0.0,0,0.0,0.0
mule13132@axl,0.0,0,0.0,0.0
mule1320@okhdfcbank,0.0,0,0.0,0.0
mule13219@okhdfcbank,0.0,0,0.0,0.0
mule13236@okicici,0.0,0,0.0,0.0
mule13305@paytm,0.0,0,0.0,0.0
mule13306@oksbi,0.0,0,0.0,0.0
mule13406@okicici,0.0,0,0.0,0.0
mule13508@oksbi,0.0,0,0.0,0.0
mule13836@okicici,0.0,0,0.0,0.0
mule13862@okhdfcbank,0.0,0,0.0,0.0
mule13880@okhdfcbank,0.0,0,0.0,0.0
mule13888@paytm,0.0,0,0.0,0.0
mule13901@okicici,0.0,0,0.0,0.0
mule1393@ybl,0.0,0,0.0,0.0
mule13960@axl,0.0,0,0.0,0.0
mule13987@paytm,0.0,0,0.0,0.0
mule14005@okicici,0.0,0,0.0,0.0
mule14102@ybl,0.0,0,0.0,0.0
mule14210@ybl,0.0,0,0.0,0.0
mule14213@okicici,0.0,0,0.0,0.0
mule14242@axl,0.0,0,0.0,0.0
mule14247@oksbi,0.0,0,0.0,0.0
mule14318@oksbi,0.0,0,0.0,0.0
mule14367@okhdfcbank,0.0,0,0.0,0.0
mule14435@ybl,0.0,0,0.0,0.0
mule14471@paytm,0.0,0,0.0,0.0
mule14556@okicici,0.0,0,0.0,0.0
mule14607@paytm,0.0,0,0.0,0.0
mule14648@oksbi,0.0,0,0.0,0.0
mule14731@paytm,0.0,0,0.0,0.0
mule14872@okicici,0.0,0,0.0,0.0
mule14907@axl,0.0,0,0.0,0.0
mule14949@axl,0.0,0,0.0,0.0
mule15013@okhdfcbank,0.0,0,0.0,0.0
mule15053@oksbi,0.0,0,0.0,0.0
mule15123@ybl,0.0,0,0.0,0.0
mule15163@okicici,0.0,0,0.0,0.0
mule15170@ybl,0.0,0,0.0,0.0
mule15192@okicici,0.0,0,0.0,0.0
mule15233@axl,0.0,0,0.0,0.0
mule15255@ybl,0.0,0,0.0,0.0
mule15324@axl,0.0,0,0.0,0.0
mule15362@okicici,0.0,0,0.0,0.0
mule15410@okhdfcbank,0.0,0,0.0,0.0
mule15458@axl,0.0,0,0.0,0.0
mule15579@ybl,0.0,0,0.0,0.0
mule15620@axl,0.0,0,0.0,0.0
mule15646@paytm,0.0,0,0.0,0.0
mule15735@ybl,0.0,0,0.0,0.0
mule15807@ybl,0.0,0,0.0,0.0
mule15819@okicici,0.0,0,0.0,0.0
mule15929@axl,0.0,0,0.0,0.0
mule1594@oksbi,0.0,0,0.0,0.0
mule15963@paytm,0.0,0,0.0,0.0
mule15974@okicici,0.0,0,0.0,0.0
mule1597@axl,0.0,0,0.0,0.0
mule16012@okhdfcbank,0.0,0,0.0,0.0
mule1605@ybl,0.0,0,0.0,0.0
mule16079@okicici,0.0,0,0.0,0.0
mule16196@okhdfcbank,0.0,0,0.0,0.0
mule16226@okicici,0.0,0,0.0,0.0
mule16291@paytm,0.0,0,0.0,0.0
mule16369@okhdfcbank,0.0,0,0.0,0.0
mule16450@ybl,0.0,0,0.0,0.0
mule16522@ybl,0.0,0,0.0,0.0
mule16570@okicici,0.0,0,0.0,0.0
mule1659@okhdfcbank,0.0,0,0.0,0.0
mule16623@oksbi,0.0,0,0.0,0.0
mule16674@axl,0.0,0,0.0,0.0
mule16677@oksbi,0.0,0,0.0,0.0
mule16700@axl,0.0,0,0.0,0.0
mule16705@okicici,0.0,0,0.0,0.0
mule16757@oksbi,0.0,0,0.0,0.0
mule16758@okhdfcbank,0.0,0,0.0,0.0
mule16803@paytm,0.0,0,0.0,0.0
mule16873@ybl,0.0,0,0.0,0.0
mule16920@ybl,0.0,0,0.0,0.0
mule16974@axl,0.0,0,0.0,0.0
mule1698@oksbi,0.0,0,0.0,0.0
mule17031@oksbi,0.0,0,0.0,0.0
mule17047@okhdfcbank,0.0,0,0.0,0.0
mule17076@axl,0.0,0,0.0,0.0
mule17095@ybl,0.0,0,0.0,0.0
mule17165@ybl,0.0,0,0.0,0.0
mule1731@okhdfcbank,0.0,0,0.0,0.0
mule17334@okicici,0.0,0,0.0,0.0
mule17361@oksbi,0.0,0,0.0,0.0
mule17425@paytm,0.0,0,0.0,0.0
mule17506@okicici,0.0,0,0.0,0.0
mule17555@oksbi,0.0,0,0.0,0.0
mule17636@ybl,0.0,0,0.0,0.0
mule17670@axl,0.0,0,0.0,0.0
mule17709@okhdfcbank,0.0,0,0.0,0.0
mule1771@ybl,0.0,0,0.0,0.0
mule17739@okhdfcbank,0.0,0,0.0,0.0
mule17883@axl,0.0,0,0.0,0.0
mule17893@ybl,0.0,0,0.0,0.0
mule17909@oksbi,0.0,0,0.0,0.0
mule17962@okicici,0.0,0,0.0,0.0
mule17980@okicici,0.0,0,0.0,0.0
mule17990@okicici,0.0,0,0.0,0.0
mule18041@paytm,0.0,0,0.0,0.0
mule18077@paytm,0.0,0,0.0,0.0
mule18090@axl,0.0,0,0.0,0.0
mule18175@axl,0.0,0,0.0,0.0
mule1824@okhdfcbank,0.0,0,0.0,0.0
mule18257@ybl,0.0,0,0.0,0.0
mule18265@ybl,0.0,0,0.0,0.0
mule18353@okhdfcbank,0.0,0,0.0,0.0
mule18433@oksbi,0.0,0,0.0,0.0
mule18438@okhdfcbank,0.0,0,0.0,0.0
mule18453@okhdfcbank,0.0,0,0.0,0.0
mule1850@axl,0.0,0,0.0,0.0
mule18560@ybl,0.0,0,0.0,0.0
mule18580@paytm,0.0,0,0.0,0.0
mule18585@oksbi,0.0,0,0.0,0.0
mule18758@okicici,0.0,0,0.0,0.0
mule18765@axl,0.0,0,0.0,0.0
mule18798@oksbi,0.0,0,0.0,0.0
mule1882@okhdfcbank,0.0,0,0.0,0.0
mule1882@ybl,0.0,0,0.0,0.0
mule18839@axl,0.0,0,0.0,0.0
mule18966@okicici,0.0,0,0.0,0.0
mule19072@axl,0.0,0,0.0,0.0
mule19153@oksbi,0.0,0,0.0,0.0
mule19164@ybl,0.0,0,0.0,0.0
mule1927@oksbi,0.0,0,0.0,0.0
mule19286@axl,0.0,0,0.0,0.0
mule19300@okhdfcbank,0.0,0,0.0,0.0
mule19337@oksbi,0.0,0,0.0,0.0
mule19356@oksbi,0.0,0,0.0,0.0
mule19392@paytm,0.0,0,0.0,0.0
mule19401@okhdfcbank,0.0,0,0.0,0.0
mule19412@oksbi,0.0,0,0.0,0.0
mule19450@okhdfcbank,0.0,0,0.0,0.0
mule19506@paytm,0.0,0,0.0,0.0
mule19527@paytm,0.0,0,0.0,0.0
mule19534@axl,0.0,0,0.0,0.0
mule19906@okicici,0.0,0,0.0,0.0
mule19912@paytm,0.0,0,0.0,0.0
mule1992@axl,0.0,0,0.0,0.0
mule19942@okhdfcbank,0.0,0,0.0,0.0
mule20145@axl,0.0,0,0.0,0.0
mule20239@ybl,0.0,0,0.0,0.0
mule20325@ybl,0.0,0,0.0,0.0
mule2038@axl,0.0,0,0.0,0.0
mule20402@paytm,0.0,0,0.0,0.0
mule20408@okicici,0.0,0,0.0,0.0
mule20426@okhdfcbank,0.0,0,0.0,0.0
mule20435@okicici,0.0,0,0.0,0.0
mule2044@okhdfcbank,0.0,0,0.0,0.0
mule20451@axl,0.0,0,0.0,0.0
mule20473@okhdfcbank,0.0,0,0.0,0.0
mule20531@okicici,0.0,0,0.0,0.0
mule20542@axl,0.0,0,0.0,0.0
mule20569@paytm,0.0,0,0.0,0.0
mule20572@ybl,0.0,0,0.0,0.0
mule20691@paytm,0.0,0,0.0,0.0
mule20707@okhdfcbank,0.0,0,0.0,0.0
mule20732@axl,0.0,0,0.0,0.0
mule20769@ybl,0.0,0,0.0,0.0
mule20794@okicici,0.0,0,0.0,0.0
mule20796@paytm,0.0,0,0.0,0.0
mule20801@okhdfcbank,0.0,0,0.0,0.0
mule20819@okhdfcbank,0.0,0,0.0,0.0
mule20863@paytm,0.0,0,0.0,0.0
mule20911@axl,0.0,0,0.0,0.0
mule20923@oksbi,0.0,0,0.0,0.0
mule20953@ybl,0.0,0,0.0,0.0
mule21125@paytm,0.0,0,0.0,0.0
mule2117@ybl,0.0,0,0.0,0.0
mule21221@ybl,0.0,0,0.0,0.0
mule21267@oksbi,0.0,0,0.0,0.0
mule21298@axl,0.0,0,0.0,0.0
mule21320@axl,0.0,0,0.0,0.0
mule21368@ybl,0.0,0,0.0,0.0
mule21369@okhdfcbank,0.0,0,0.0,0.0
mule21389@okicici,0.0,0,0.0,0.0
mule21391@paytm,0.0,0,0.0,0.0
mule2141@paytm,0.0,0,0.0,0.0
mule21523@okhdfcbank,0.5,1,89214.02,178428.04
mule21683@ybl,0.0,0,0.0,0.0
mule21751@okhdfcbank,0.0,0,0.0,0.0
mule21760@paytm,0.0,0,0.0,0.0
mule21780@okicici,0.0,0,0.0,0.0
mule21806@axl,0.0,0,0.0,0.0
mule21916@ybl,0.0,0,0.0,0.0
mule21927@oksbi,0.0,0,0.0,0.0
mule21935@ybl,0.0,0,0.0,0.0
mule21944@oksbi,0.0,0,0.0,0.0
mule2194@ybl,0.0,0,0.0,0.0
mule21979@oksbi,0.0,0,0.0,0.0
mule22001@oksbi,0.0,0,0.0,0.0
mule22017@paytm,0.0,0,0.0,0.0
mule22033@oksbi,0.0,0,0.0,0.0
mule22072@okhdfcbank,0.0,0,0.0,0.0
mule22093@ybl,0.0,0,0.0,0.0
mule22129@oksbi,0.0,0,0.0,0.0
mule22145@okhdfcbank,0.0,0,0.0,0.0
mule22160@axl,0.0,0,0.0,0.0
mule2220@paytm,0.0,0,0.0,0.0
mule22215@okhdfcbank,0.0,0,0.0,0.0
mule22226@oksbi,0.0,0,0.0,0.0
mule22233@ybl,0.0,0,0.0,0.0
mule22238@okicici,0.0,0,0.0,0.0
mule22278@okhdfcbank,0.0,0,0.0,0.0
mule22279@axl,0.0,0,0.0,0.0
mule22364@okicici,0.0,0,0.0,0.0
mule2239@oksbi,0.0,0,0.0,0.0
mule2245@oksbi,0.0,0,0.0,0.0
mule22506@okhdfcbank,0.0,0,0.0,0.0
mule22523@okicici,0.0,0,0.0,0.0
mule22604@oksbi,0.0,0,0.0,0.0
mule22790@paytm,0.0,0,0.0,0.0
mule22804@okicici,0.0,0,0.0,0.0
mule22882@ybl,0.0,0,0.0,0.0
mule22952@okicici,0.0,0,0.0,0.0
mule22990@ybl,0.0,0,0.0,0.0
mule23017@okicici,0.0,0,0.0,0.0
mule23025@okhdfcbank,0.0,0,0.0,0.0
mule23071@paytm,0.0,0,0.0,0.0
mule23129@oksbi,0.0,0,0.0,0.0
mule23134@okhdfcbank,0.0,0,0.0,0.0
mule23199@ybl,0.0,0,0.0,0.0
mule2320@ybl,0.0,0,0.0,0.0
mule23218@paytm,0.0,0,0.0,0.0
mule23255@okhdfcbank,0.0,0,0.0,0.0
mule23300@paytm,0.0,0,0.0,0.0
mule23326@okicici,0.0,0,0.0,0.0
mule23335@oksbi,0.0,0,0.0,0.0
mule23426@okhdfcbank,0.0,0,0.0,0.0
mule23476@axl,0.0,0,0.0,0.0
mule23483@paytm,0.0,0,0.0,0.0
mule23488@oksbi,0.0,0,0.0,0.0
mule23636@ybl,0.0,0,0.0,0.0
mule23648@ybl,0.0,0,0.0,0.0
mule23676@axl,0.0,0,0.0,0.0
mule23694@oksbi,0.0,0,0.0,0.0
mule23744@ybl,0.0,0,0.0,0.0
mule23748@okhdfcbank,0.0,0,0.0,0.0
mule23876@oksbi,0.0,0,0.0,0.0
mule23897@okicici,0.0,0,0.0,0.0
mule23959@ybl,0.0,0,0.0,0.0
mule23994@axl,0.0,0,0.0,0.0
mule24043@ybl,0.0,0,0.0,0.0
mule24065@ybl,0.0,0,0.0,0.0
mule24087@okicici,0.0,0,0.0,0.0
mule24202@okhdfcbank,0.0,0,0.0,0.0
mule24240@okhdfcbank,0.0,0,0.0,0.0
mule24387@okhdfcbank,0.0,0,0.0,0.0
mule24420@oksbi,0.0,0,0.0,0.0
mule24493@okicici,0.0,0,0.0,0.0
mule24511@oksbi,0.0,0,0.0,0.0
mule24549@ybl,0.0,0,0.0,0.0
mule24551@axl,0.0,0,0.0,0.0
mule24554@axl,0.0,0,0.0,0.0
mule24582@paytm,0.0,0,0.0,0.0
mule24600@oksbi,0.0,0,0.0,0.0
mule24607@ybl,0.0,0,0.0,0.0
mule24655@okicici,0.0,0,0.0,0.0
mule24742@okhdfcbank,0.5,1,1776.115,3552.23
mule24743@paytm,0.0,0,0.0,0.0
mule24792@okicici,0.0,0,0.0,0.0
mule24870@okhdfcbank,0.0,0,0.0,0.0
mule24876@axl,0.0,0,0.0,0.0
mule24942@axl,0.0,0,0.0,0.0
mule24953@ybl,0.0,0,0.0,0.0
mule24966@okicici,0.0,0,0.0,0.0
mule25117@okicici,0.0,0,0.0,0.0
mule25156@oksbi,0.0,0,0.0,0.0
mule25172@paytm,0.0,0,0.0,0.0
mule2519@paytm,0.0,0,0.0,0.0
mule2520@okicici,0.0,0,0.0,0.0
mule25307@ybl,0.0,0,0.0,0.0
mule2531@okicici,0.0,0,0.0,0.0
mule25328@axl,0.0,0,0.0,0.0
mule25370@oksbi,0.0,0,0.0,0.0
mule25496@okicici,0.0,0,0.0,0.0
mule25517@paytm,0.0,0,0.0,0.0
mule25559@okhdfcbank,0.0,0,0.0,0.0
mule25576@axl,0.0,0,0.0,0.0
mule25613@axl,0.0,0,0.0,0.0
mule2576@paytm,0.0,0,0.0,0.0
mule25830@axl,0.0,0,0.0,0.0
mule2598@okhdfcbank,0.0,0,0.0,0.0
mule2599@axl,0.0,0,0.0,0.0
mule26005@paytm,0.0,0,0.0,0.0
mule26085@axl,0.0,0,0.0,0.0
mule2617@axl,0.0,0,0.0,0.0
mule26180@oksbi,0.0,0,0.0,0.0
mule26241@okicici,0.0,0,0.0,0.0
mule26242@oksbi,0.0,0,0.0,0.0
mule26262@axl,0.0,0,0.0,0.0
mule26267@paytm,0.0,0,0.0,0.0
mule26362@oksbi,0.0,0,0.0,0.0
mule26364@paytm,0.0,0,0.0,0.0
mule26368@axl,0.0,0,0.0,0.0
mule26502@okicici,0.0,0,0.0,0.0
mule26608@paytm,0.0,0,0.0,0.0
mule26630@okicici,0.0,0,0.0,0.0
mule26748@okhdfcbank,0.0,0,0.0,0.0
mule26803@ybl,0.0,0,0.0,0.0
mule26810@oksbi,0.0,0,0.0,0.0
mule26873@oksbi,0.0,0,0.0,0.0
mule26918@paytm,0.0,0,0.0,0.0
mule26933@paytm,0.0,0,0.0,0.0
mule26961@okicici,0.0,0,0.0,0.0
mule26963@ybl,0.0,0,0.0,0.0
mule26967@ybl,0.0,0,0.0,0.0
mule27114@okhdfcbank,0.0,0,0.0,0.0
mule27115@paytm,0.0,0,0.0,0.0
mule2712@oksbi,0.0,0,0.0,0.0
mule27223@okhdfcbank,0.0,0,0.0,0.0
mule27315@okicici,0.0,0,0.0,0.0
mule27367@axl,0.0,0,0.0,0.0
mule27411@ybl,0.0,0,0.0,0.0
mule27431@okhdfcbank,0.0,0,0.0,0.0
mule27444@ybl,0.0,0,0.0,0.0
mule27511@axl,0.0,0,0.0,0.0
mule27526@ybl,0.0,0,0.0,0.0
mule27573@paytm,0.0,0,0.0,0.0
mule27584@axl,0.0,0,0.0,0.0
mule27650@ybl,0.0,0,0.0,0.0
mule27689@paytm,0.0,0,0.0,0.0
mule27694@okhdfcbank,0.0,0,0.0,0.0
mule27696@paytm,0.0,0,0.0,0.0
mule27707@axl,0.0,0,0.0,0.0
mule27707@okhdfcbank,0.0,0,0.0,0.0
mule27717@paytm,0.0,0,0.0,0.0
mule27849@okicici,0.0,0,0.0,0.0
mule27878@axl,0.0,0,0.0,0.0
mule27917@axl,0.0,0,0.0,0.0
mule27991@axl,0.0,0,0.0,0.0
mule28048@axl,0.0,0,0.0,0.0
mule28080@okhdfcbank,0.0,0,0.0,0.0
mule28111@axl,0.0,0,0.0,0.0
mule28167@ybl,0.0,0,0.0,0.0
mule28174@okicici,0.0,0,0.0,0.0
mule28212@paytm,0.0,0,0.0,0.0
mule28349@axl,0.0,0,0.0,0.0
mule28363@oksbi,0.0,0,0.0,0.0
mule28452@oksbi,0.0,0,0.0,0.0
mule28474@okicici,0.0,0,0.0,0.0
mule28535@okicici,0.0,0,0.0,0.0
mule28725@oksbi,0.0,0,0.0,0.0
mule2886@axl,0.0,0,0.0,0.0
mule28905@okicici,0.0,0,0.0,0.0
mule28917@axl,0.0,0,0.0,0.0
mule28938@axl,0.0,0,0.0,0.0
mule29038@oksbi,0.0,0,0.0,0.0
mule29083@okhdfcbank,0.0,0,0.0,0.0
mule29123@okicici,0.0,0,0.0,0.0
mule2919@axl,0.0,0,0.0,0.0
mule29202@axl,0.0,0,0.0,0.0
mule29222@oksbi,0.0,0,0.0,0.0
mule29288@oksbi,0.0,0,0.0,0.0
mule2931@axl,0.0,0,0.0,0.0
mule29399@oksbi,0.0,0,0.0,0.0
mule29407@ybl,0.0,0,0.0,0.0
mule29454@okhdfcbank,0.0,0,0.0,0.0
mule29468@paytm,0.0,0,0.0,0.0
mule29486@oksbi,0.0,0,0.0,0.0
mule29518@paytm,0.0,0,0.0,0.0
mule29609@okicici,0.0,0,0.0,0.0
mule29669@oksbi,0.0,0,0.0,0.0
mule29717@okicici,0.0,0,0.0,0.0
mule29725@axl,0.0,0,0.0,0.0
mule29875@okicici,0.0,0,0.0,0.0
mule29990@okicici,0.0,0,0.0,0.0
mule29992@ybl,0.0,0,0.0,0.0
mule30006@paytm,0.0,0,0.0,0.0
mule3001@paytm,0.0,0,0.0,0.0
mule3004@okhdfcbank,0.0,0,0.0,0.0
mule30103@axl,0.0,0,0.0,0.0
mule30131@axl,0.0,0,0.0,0.0
mule30380@axl,0.0,0,0.0,0.0
mule30433@oksbi,0.0,0,0.0,0.0
mule30448@okhdfcbank,0.0,0,0.0,0.0
mule30455@paytm,0.0,0,0.0,0.0
mule30493@oksbi,0.0,0,0.0,0.0
mule30494@oksbi,0.0,0,0.0,0.0
mule30510@oksbi,0.0,0,0.0,0.0
mule30511@okhdfcbank,0.0,0,0.0,0.0
mule30542@okicici,0.0,0,0.0,0.0
mule30581@oksbi,0.0,0,0.0,0.0
mule30613@paytm,0.0,0,0.0,0.0
mule30690@ybl,0.0,0,0.0,0.0
mule30708@paytm,0.0,0,0.0,0.0
mule30765@paytm,0.0,0,0.0,0.0
mule3077@ybl,0.0,0,0.0,0.0
mule30813@ybl,0.0,0,0.0,0.0
mule30830@oksbi,0.0,0,0.0,0.0
mule30870@ybl,0.0,0,0.0,0.0
mule30879@paytm,0.0,0,0.0,0.0
mule30910@okicici,0.0,0,0.0,0.0
mule30923@axl,0.0,0,0.0,0.0
mule31041@okicici,0.0,0,0.0,0.0
mule31217@paytm,0.0,0,0.0,0.0
mule31243@okicici,0.0,0,0.0,0.0
mule3128@paytm,0.0,0,0.0,0.0
mule31313@okhdfcbank,0.0,0,0.0,0.0
mule31438@axl,0.0,0,0.0,0.0
mule31457@oksbi,0.0,0,0.0,0.0
mule31460@oksbi,0.0,0,0.0,0.0
mule31489@ybl,0.0,0,0.0,0.0
mule31497@ybl,0.0,0,0.0,0.0
mule31505@okicici,0.0,0,0.0,0.0
mule31537@okhdfcbank,0.0,0,0.0,0.0
mule31561@axl,0.0,0,0.0,0.0
mule31646@ybl,0.0,0,0.0,0.0
mule31648@ybl,0.0,0,0.0,0.0
mule31734@paytm,0.0,0,0.0,0.0
mule31793@axl,0.0,0,0.0,0.0
mule31819@paytm,0.0,0,0.0,0.0
mule31847@okicici,0.0,0,0.0,0.0
mule3185@okicici,0.0,0,0.0,0.0
mule31891@axl,0.0,0,0.0,0.0
mule31912@axl,0.0,0,0.0,0.0
mule31947@paytm,0.0,0,0.0,0.0
mule32000@axl,0.0,0,0.0,0.0
mule32041@oksbi,0.0,0,0.0,0.0
mule32130@ybl,0.0,0,0.0,0.0
mule3213@okhdfcbank,0.0,0,0.0,0.0
mule32211@axl,0.0,0,0.0,0.0
mule32256@paytm,0.0,0,0.0,0.0
mule32277@paytm,0.0,0,0.0,0.0
mule32297@paytm,0.0,0,0.0,0.0
mule32378@oksbi,0.0,0,0.0,0.0
mule32483@ybl,0.0,0,0.0,0.0
mule32484@oksbi,0.0,0,0.0,0.0
mule32504@oksbi,0.0,0,0.0,0.0
mule32528@ybl,0.0,0,0.0,0.0
mule32579@okhdfcbank,0.0,0,0.0,0.0
mule32601@oksbi,0.0,0,0.0,0.0
mule32611@okhdfcbank,0.0,0,0.0,0.0
mule32620@ybl,0.0,0,0.0,0.0
mule32656@oksbi,0.0,0,0.0,0.0
mule32684@okhdfcbank,0.0,0,0.0,0.0
mule32690@ybl,0.0,0,0.0,0.0
mule32735@oksbi,0.0,0,0.0,0.0
mule32793@paytm,0.0,0,0.0,0.0
mule32798@paytm,0.0,0,0.0,0.0
mule32871@paytm,0.0,0,0.0,0.0
mule32902@okhdfcbank,0.0,0,0.0,0.0
mule32964@paytm,0.0,0,0.0,0.0
mule32978@oksbi,0.0,0,0.0,0.0
mule32989@axl,0.0,0,0.0,0.0
mule33003@okicici,0.0,0,0.0,0.0
mule3301@axl,0.0,0,0.0,0.0
mule33128@ybl,0.0,0,0.0,0.0
mule33134@paytm,0.0,0,0.0,0.0
mule33146@okicici,0.0,0,0.0,0.0
mule3336@okicici,0.0,0,0.0,0.0
mule33389@paytm,0.0,0,0.0,0.0
mule33438@okicici,0.0,0,0.0,0.0
mule33478@oksbi,0.0,0,0.0,0.0
mule33479@okhdfcbank,0.0,0,0.0,0.0
mule33487@okicici,0.0,0,0.0,0.0
mule33493@ybl,0.0,0,0.0,0.0
mule33503@ybl,0.0,0,0.0,0.0
mule33559@okhdfcbank,0.0,0,0.0,0.0
mule33614@ybl,0.0,0,0.0,0.0
mule33632@oksbi,0.0,0,0.0,0.0
mule3364@paytm,0.0,0,0.0,0.0
mule33714@paytm,0.0,0,0.0,0.0
mule3371@okhdfcbank,0.0,0,0.0,0.0
mule33908@okhdfcbank,0.0,0,0.0,0.0
mule33931@okicici,0.0,0,0.0,0.0
mule33932@paytm,0.0,0,0.0,0.0
mule34058@okhdfcbank,0.0,0,0.0,0.0
mule34208@axl,0.0,0,0.0,0.0
mule3420@okhdfcbank,0.0,0,0.0,0.0
mule34219@paytm,0.0,0,0.0,0.0
mule34229@okhdfcbank,0.0,0,0.0,0.0
mule34308@oksbi,0.0,0,0.0,0.0
mule34330@paytm,0.0,0,0.0,0.0
mule34416@okhdfcbank,0.0,0,0.0,0.0
mule34436@okhdfcbank,0.0,0,0.0,0.0
mule34451@ybl,0.0,0,0.0,0.0
mule3446@paytm,0.0,0,0.0,0.0
mule34486@axl,0.0,0,0.0,0.0
mule34518@ybl,0.0,0,0.0,0.0
mule34643@okhdfcbank,0.0,0,0.0,0.0
mule34654@ybl,0.0,0,0.0,0.0
mule3465@paytm,0.0,0,0.0,0.0
mule34756@oksbi,0.0,0,0.0,0.0
mule34793@paytm,0.0,0,0.0,0.0
mule34798@paytm,0.0,0,0.0,0.0
mule3487@paytm,0.0,0,0.0,0.0
mule35003@okhdfcbank,0.0,0,0.0,0.0
mule35014@okicici,0.0,0,0.0,0.0
mule35041@ybl,0.0,0,0.0,0.0
mule35044@ybl,0.0,0,0.0,0.0
mule3506@okhdfcbank,0.0,0,0.0,0.0
mule3509@paytm,0.0,0,0.0,0.0
mule3516@paytm,0.0,0,0.0,0.0
mule35172@oksbi,0.0,0,0.0,0.0
mule35177@axl,0.0,0,0.0,0.0
mule35251@oksbi,0.0,0,0.0,0.0
mule35395@ybl,0.0,0,0.0,0.0
mule35448@axl,0.0,0,0.0,0.0
mule35506@ybl,0.0,0,0.0,0.0
mule35518@oksbi,0.0,0,0.0,0.0
mule35543@ybl,0.0,0,0.0,0.0
mule35560@oksbi,0.0,0,0.0,0.0
mule35585@okhdfcbank,0.0,0,0.0,0.0
mule35595@okicici,0.0,0,0.0,0.0
mule35612@axl,0.5,1,84591.81,169183.62
mule35700@oksbi,0.0,0,0.0,0.0
mule35730@okicici,0.0,0,0.0,0.0
mule35753@okicici,0.0,0,0.0,0.0
mule35796@oksbi,0.0,0,0.0,0.0
mule36118@oksbi,0.0,0,0.0,0.0
mule3611@paytm,0.0,0,0.0,0.0
mule36130@okicici,0.0,0,0.0,0.0
mule36131@ybl,0.0,0,0.0,0.0
mule36167@okicici,0.0,0,0.0,0.0
mule3622@oksbi,0.0,0,0.0,0.0
mule3635@paytm,0.0,0,0.0,0.0
mule36421@oksbi,0.0,0,0.0,0.0
mule3642@axl,0.0,0,0.0,0.0
mule36498@okhdfcbank,0.0,0,0.0,0.0
mule36518@okhdfcbank,0.0,0,0.0,0.0
mule36572@okhdfcbank,0.0,0,0.0,0.0
mule36579@okhdfcbank,0.0,0,0.0,0.0
mule36730@oksbi,0.0,0,0.0,0.0
mule36736@okhdfcbank,0.0,0,0.0,0.0
mule36766@okhdfcbank,0.0,0,0.0,0.0
mule3680@ybl,0.0,0,0.0,0.0
mule36819@okhdfcbank,0.0,0,0.0,0.0
mule36839@okhdfcbank,0.0,0,0.0,0.0
mule36877@okhdfcbank,0.0,0,0.0,0.0
mule36880@ybl,0.0,0,0.0,0.0
mule36894@okhdfcbank,0.0,0,0.0,0.0
mule36941@okhdfcbank,0.0,0,0.0,0.0
mule36958@okhdfcbank,0.0,0,0.0,0.0
mule36966@oksbi,0.0,0,0.0,0.0
mule36980@oksbi,0.0,0,0.0,0.0
mule37068@axl,0.0,0,0.0,0.0
mule37100@axl,0.0,0,0.0,0.0
mule37182@ybl,0.0,0,0.0,0.0
mule37238@okicici,0.0,0,0.0,0.0
mule3729@okhdfcbank,0.0,0,0.0,0.0
mule3733@ybl,0.0,0,0.0,0.0
mule37370@axl,0.0,0,0.0,0.0
mule37385@oksbi,0.0,0,0.0,0.0
mule3738@okhdfcbank,0.0,0,0.0,0.0
mule37486@oksbi,0.0,0,0.0,0.0
mule37542@paytm,0.0,0,0.0,0.0
mule37550@okhdfcbank,0.0,0,0.0,0.0
mule37550@okicici,0.0,0,0.0,0.0
mule37580@ybl,0.0,0,0.0,0.0
mule37591@okicici,0.0,0,0.0,0.0
mule37606@oksbi,0.0,0,0.0,0.0
mule3761@paytm,0.0,0,0.0,0.0
mule37684@ybl,0.0,0,0.0,0.0
mule37757@axl,0.0,0,0.0,0.0
mule3778@axl,0.0,0,0.0,0.0
mule37796@paytm,0.0,0,0.0,0.0
mule37836@paytm,0.0,0,0.0,0.0
mule37878@paytm,0.0,0,0.0,0.0
mule37918@paytm,0.0,0,0.0,0.0
mule37981@oksbi,0.0,0,0.0,0.0
mule37997@oksbi,0.0,0,0.0,0.0
mule38001@paytm,0.0,0,0.0,0.0
mule38185@ybl,0.0,0,0.0,0.0
mule38230@oksbi,0.0,0,0.0,0.0
mule38336@okicici,0.0,0,0.0,0.0
mule38349@ybl,0.0,0,0.0,0.0
mule38424@oksbi,0.0,0,0.0,0.0
mule38426@ybl,0.0,0,0.0,0.0
mule3843@axl,0.0,0,0.0,0.0
mule38474@paytm,0.0,0,0.0,0.0
mule38555@paytm,0.0,0,0.0,0.0
mule38685@okicici,0.0,0,0.0,0.0
mule38743@axl,0.0,0,0.0,0.0
mule38816@oksbi,0.0,0,0.0,0.0
mule3885@okhdfcbank,0.0,0,0.0,0.0
mule38885@ybl,0.0,0,0.0,0.0
mule38973@ybl,0.0,0,0.0,0.0
mule38994@okhdfcbank,0.0,0,0.0,0.0
mule39010@okicici,0.0,0,0.0,0.0
mule39049@paytm,0.0,0,0.0,0.0
mule39094@ybl,0.0,0,0.0,0.0
mule39112@oksbi,0.0,0,0.0,0.0
mule39184@oksbi,0.0,0,0.0,0.0
mule39199@paytm,0.0,0,0.0,0.0
mule39260@okhdfcbank,0.0,0,0.0,0.0
mule39382@axl,0.0,0,0.0,0.0
mule39388@okhdfcbank,0.0,0,0.0,0.0
mule39401@ybl,0.0,0,0.0,0.0
mule39447@paytm,0.0,0,0.0,0.0
mule39477@axl,0.0,0,0.0,0.0
mule39540@axl,0.0,0,0.0,0.0
mule39601@paytm,0.0,0,0.0,0.0
mule39646@oksbi,0.0,0,0.0,0.0
mule39674@okicici,0.0,0,0.0,0.0
mule39676@okicici,0.0,0,0.0,0.0
mule39762@axl,0.0,0,0.0,0.0
mule39763@axl,0.0,0,0.0,0.0
mule39843@oksbi,0.0,0,0.0,0.0
mule39892@paytm,0.0,0,0.0,0.0
mule39894@okhdfcbank,0.0,0,0.0,0.0
mule3996@ybl,0.0,0,0.0,0.0
mule40008@oksbi,0.0,0,0.0,0.0
mule40086@ybl,0.0,0,0.0,0.0
mule40099@axl,0.0,0,0.0,0.0
mule40117@okicici,0.0,0,0.0,0.0
mule40161@axl,0.0,0,0.0,0.0
mule40224@okhdfcbank,0.0,0,0.0,0.0
mule40239@okhdfcbank,0.0,0,0.0,0.0
mule40241@paytm,0.0,0,0.0,0.0
mule40252@okicici,0.0,0,0.0,0.0
mule40296@okicici,0.0,0,0.0,0.0
mule40315@axl,0.0,0,0.0,0.0
mule40327@axl,0.0,0,0.0,0.0
mule40342@okhdfcbank,0.0,0,0.0,0.0
mule40407@ybl,0.0,0,0.0,0.0
mule40435@okicici,0.0,0,0.0,0.0
mule40450@okhdfcbank,0.0,0,0.0,0.0
mule40500@okhdfcbank,0.0,0,0.0,0.0
mule40544@ybl,0.0,0,0.0,0.0
mule40578@okhdfcbank,0.0,0,0.0,0.0
mule4057@okhdfcbank,0.0,0,0.0,0.0
mule40731@okhdfcbank,0.0,0,0.0,0.0
mule40773@okicici,0.0,0,0.0,0.0
mule40808@paytm,0.0,0,0.0,0.0
mule40816@okicici,0.0,0,0.0,0.0
mule40824@ybl,0.0,0,0.0,0.0
mule40850@oksbi,0.0,0,0.0,0.0
mule40887@oksbi,0.0,0,0.0,0.0
mule40905@ybl,0.0,0,0.0,0.0
mule40928@oksbi,0.0,0,0.0,0.0
mule40935@paytm,0.0,0,0.0,0.0
mule40978@oksbi,0.0,0,0.0,0.0
mule41068@okicici,0.0,0,0.0,0.0
mule4106@okhdfcbank,0.0,0,0.0,0.0
mule41123@axl,0.0,0,0.0,0.0
mule41191@ybl,0.0,0,0.0,0.0
mule41236@ybl,0.0,0,0.0,0.0
mule41362@oksbi,0.0,0,0.0,0.0
mule4136@okicici,0.0,0,0.0,0.0
mule41411@ybl,0.0,0,0.0,0.0
mule41522@okhdfcbank,0.0,0,0.0,0.0
mule41549@okhdfcbank,0.0,0,0.0,0.0
mule41602@paytm,0.0,0,0.0,0.0
mule41603@paytm,0.0,0,0.0,0.0
mule41615@ybl,0.0,0,0.0,0.0
mule41630@axl,0.0,0,0.0,0.0
mule41806@okhdfcbank,0.0,0,0.0,0.0
mule41853@ybl,0.0,0,0.0,0.0
mule41933@okicici,0.0,0,0.0,0.0
mule41967@ybl,0.0,0,0.0,0.0
mule41983@paytm,0.0,0,0.0,0.0
mule41995@axl,0.0,0,0.0,0.0
mule42017@okicici,0.0,0,0.0,0.0
mule42022@okhdfcbank,0.0,0,0.0,0.0
mule42027@oksbi,0.0,0,0.0,0.0
mule42065@paytm,0.0,0,0.0,0.0
mule4206@okicici,0.0,0,0.0,0.0
mule42071@oksbi,0.0,0,0.0,0.0
mule42108@axl,0.0,0,0.0,0.0
mule42189@okicici,0.0,0,0.0,0.0
mule42201@okhdfcbank,0.0,0,0.0,0.0
mule42202@okicici,0.0,0,0.0,0.0
mule42225@okhdfcbank,0.0,0,0.0,0.0
mule42419@oksbi,0.0,0,0.0,0.0
mule42426@okhdfcbank,0.0,0,0.0,0.0
mule42432@okicici,0.0,0,0.0,0.0
mule42539@okhdfcbank,0.0,0,0.0,0.0
mule42564@paytm,0.0,0,0.0,0.0
mule42585@oksbi,0.0,0,0.0,0.0
mule4259@okicici,0.0,0,0.0,0.0
mule42887@oksbi,0.0,0,0.0,0.0
mule42891@paytm,0.0,0,0.0,0.0
mule42893@paytm,0.0,0,0.0,0.0
mule42934@okicici,0.0,0,0.0,0.0
mule42935@okhdfcbank,0.0,0,0.0,0.0
mule43009@paytm,0.0,0,0.0,0.0
mule43020@okhdfcbank,0.0,0,0.0,0.0
mule43023@ybl,0.0,0,0.0,0.0
mule43026@okhdfcbank,0.0,0,0.0,0.0
mule43041@oksbi,0.0,0,0.0,0.0
mule43065@ybl,0.0,0,0.0,0.0
mule4307@paytm,0.0,0,0.0,0.0
mule43116@okhdfcbank,0.0,0,0.0,0.0
mule43277@axl,0.0,0,0.0,0.0
mule43305@okhdfcbank,0.0,0,0.0,0.0
mule43417@okicici,0.0,0,0.0,0.0
mule43438@okhdfcbank,0.0,0,0.0,0.0
mule43574@ybl,0.0,0,0.0,0.0
mule43640@ybl,0.0,0,0.0,0.0
mule43649@okicici,0.0,0,0.0,0.0
mule43796@okicici,0.0,0,0.0,0.0
mule43818@paytm,0.0,0,0.0,0.0
mule43853@ybl,0.0,0,0.0,0.0
mule43895@ybl,0.0,0,0.0,0.0
mule4406@okicici,0.0,0,0.0,0.0
mule44092@axl,0.0,0,0.0,0.0
mule44099@oksbi,0.0,0,0.0,0.0
mule44100@axl,0.0,0,0.0,0.0
mule44107@paytm,0.0,0,0.0,0.0
mule44161@paytm,0.0,0,0.0,0.0
mule44214@okhdfcbank,0.0,0,0.0,0.0
mule44348@axl,0.0,0,0.0,0.0
mule44364@ybl,0.0,0,0.0,0.0
mule44370@oksbi,0.0,0,0.0,0.0
mule44375@okicici,0.0,0,0.0,0.0
mule44414@okhdfcbank,0.0,0,0.0,0.0
mule44452@oksbi,0.0,0,0.0,0.0
mule4447@oksbi,0.0,0,0.0,0.0
mule44539@oksbi,0.0,0,0.0,0.0
mule44544@oksbi,0.0,0,0.0,0.0
mule44553@ybl,0.0,0,0.0,0.0
mule44582@axl,0.0,0,0.0,0.0
mule44590@okicici,0.0,0,0.0,0.0
mule44630@okicici,0.0,0,0.0,0.0
mule44650@okhdfcbank,0.0,0,0.0,0.0
mule44717@paytm,0.0,0,0.0,0.0
mule4472@ybl,0.0,0,0.0,0.0
mule44792@axl,0.0,0,0.0,0.0
mule44835@paytm,0.0,0,0.0,0.0
mule44849@axl,0.0,0,0.0,0.0
mule44886@ybl,0.0,0,0.0,0.0
mule44938@okhdfcbank,0.0,0,0.0,0.0
mule45069@axl,0.0,0,0.0,0.0
mule45080@axl,0.0,0,0.0,0.0
mule45122@axl,0.0,0,0.0,0.0
mule45129@okhdfcbank,0.0,0,0.0,0.0
mule45137@ybl,0.0,0,0.0,0.0
mule45143@ybl,0.0,0,0.0,0.0
mule45147@axl,0.0,0,0.0,0.0
mule45200@oksbi,0.0,0,0.0,0.0
mule45296@okicici,0.0,0,0.0,0.0
mule4535@ybl,0.0,0,0.0,0.0
mule45392@okhdfcbank,0.0,0,0.0,0.0
mule4539@okicici,0.0,0,0.0,0.0
mule45436@oksbi,0.0,0,0.0,0.0
mule45463@okhdfcbank,0.0,0,0.0,0.0
mule45483@axl,0.0,0,0.0,0.0
mule45515@oksbi,0.0,0,0.0,0.0
mule45540@okicici,0.0,0,0.0,0.0
mule45544@okhdfcbank,0.0,0,0.0,0.0
mule45550@okhdfcbank,0.0,0,0.0,0.0
mule45560@okicici,0.0,0,0.0,0.0
mule45584@ybl,0.0,0,0.0,0.0
mule45613@ybl,0.0,0,0.0,0.0
mule45638@axl,0.0,0,0.0,0.0
mule45703@paytm,0.0,0,0.0,0.0
mule45756@okicici,0.0,0,0.0,0.0
mule45758@paytm,0.0,0,0.0,0.0
mule45824@paytm,0.0,0,0.0,0.0
mule45831@ybl,0.0,0,0.0,0.0
mule45855@oksbi,0.0,0,0.0,0.0
mule4590@axl,0.0,0,0.0,0.0
mule45981@okicici,0.0,0,0.0,0.0
mule46027@paytm,0.0,0,0.0,0.0
mule46080@okhdfcbank,0.0,0,0.0,0.0
mule46113@oksbi,0.0,0,0.0,0.0
mule46177@oksbi,0.0,0,0.0,0.0
mule46236@oksbi,0.0,0,0.0,0.0
mule46337@okhdfcbank,0.0,0,0.0,0.0
mule46549@okhdfcbank,0.0,0,0.0,0.0
mule46549@oksbi,0.0,0,0.0,0.0
mule46568@axl,0.0,0,0.0,0.0
mule46573@okicici,0.0,0,0.0,0.0
mule46616@ybl,0.0,0,0.0,0.0
mule46622@axl,0.0,0,0.0,0.0
mule46636@okhdfcbank,0.0,0,0.0,0.0
mule46790@oksbi,0.0,0,0.0,0.0
mule46899@okhdfcbank,0.0,0,0.0,0.0
mule46907@paytm,0.0,0,0.0,0.0
mule46922@oksbi,0.0,0,0.0,0.0
mule46926@ybl,0.0,0,0.0,0.0
mule46935@oksbi,0.0,0,0.0,0.0
mule46938@paytm,0.0,0,0.0,0.0
mule46958@oksbi,0.0,0,0.0,0.0
mule4703@oksbi,0.0,0,0.0,0.0
mule47055@axl,0.0,0,0.0,0.0
mule47143@paytm,0.0,0,0.0,0.0
mule4723@axl,0.0,0,0.0,0.0
mule47294@axl,0.0,0,0.0,0.0
mule47309@okhdfcbank,0.0,0,0.0,0.0
mule47379@okhdfcbank,0.0,0,0.0,0.0
mule47398@okhdfcbank,0.0,0,0.0,0.0
mule47422@paytm,0.0,0,0.0,0.0
mule47426@okhdfcbank,0.0,0,0.0,0.0
mule47432@okhdfcbank,0.0,0,0.0,0.0
mule47491@paytm,0.0,0,0.0,0.0
mule47507@oksbi,0.0,0,0.0,0.0
mule47538@paytm,0.0,0,0.0,0.0
mule47555@okicici,0.0,0,0.0,0.0
mule47595@paytm,0.0,0,0.0,0.0
mule47636@okhdfcbank,0.0,0,0.0,0.0
mule47808@okhdfcbank,0.0,0,0.0,0.0
mule47871@okhdfcbank,0.0,0,0.0,0.0
mule47934@okhdfcbank,0.0,0,0.0,0.0
mule47948@paytm,0.0,0,0.0,0.0
mule4803@axl,0.0,0,0.0,0.0
mule48041@paytm,0.0,0,0.0,0.0
mule48048@okicici,0.0,0,0.0,0.0
mule48079@ybl,0.0,0,0.0,0.0
mule48085@oksbi,0.0,0,0.0,0.0
mule48143@oksbi,0.0,0,0.0,0.0
mule48173@ybl,0.0,0,0.0,0.0
mule48196@paytm,0.0,0,0.0,0.0
mule48241@ybl,0.0,0,0.0,0.0
mule48255@oksbi,0.0,0,0.0,0.0
mule48421@okhdfcbank,0.0,0,0.0,0.0
mule48506@paytm,0.0,0,0.0,0.0
mule48607@paytm,0.0,0,0.0,0.0
mule48624@ybl,0.0,0,0.0,0.0
mule48754@ybl,0.0,0,0.0,0.0
mule48818@okicici,0.0,0,0.0,0.0
mule48874@oksbi,0.0,0,0.0,0.0
mule48887@axl,0.0,0,0.0,0.0
mule48888@okhdfcbank,0.0,0,0.0,0.0
mule48990@okicici,0.0,0,0.0,0.0
mule49055@axl,0.0,0,0.0,0.0
mule49069@oksbi,0.0,0,0.0,0.0
mule49143@okicici,0.0,0,0.0,0.0
mule49144@ybl,0.0,0,0.0,0.0
mule49182@okhdfcbank,0.0,0,0.0,0.0
mule49214@paytm,0.0,0,0.0,0.0
mule49220@okicici,0.0,0,0.0,0.0
mule49234@oksbi,0.0,0,0.0,0.0
mule49235@okicici,0.0,0,0.0,0.0
mule49306@okhdfcbank,0.0,0,0.0,0.0
mule49311@okhdfcbank,0.0,0,0.0,0.0
mule49333@ybl,0.0,0,0.0,0.0
mule49414@ybl,0.0,0,0.0,0.0
mule49540@axl,0.0,0,0.0,0.0
mule4957@paytm,0.0,0,0.0,0.0
mule49586@ybl,0.0,0,0.0,0.0
mule4973@oksbi,0.0,0,0.0,0.0
mule49757@paytm,0.0,0,0.0,0.0
mule49771@paytm,0.0,0,0.0,0.0
mule49789@ybl,0.0,0,0.0,0.0
mule49799@okhdfcbank,0.0,0,0.0,0.0
mule49858@ybl,0.0,0,0.0,0.0
mule49942@oksbi,0.0,0,0.0,0.0
mule49963@ybl,0.0,0,0.0,0.0
mule50049@paytm,0.0,0,0.0,0.0
mule50068@oksbi,0.0,0,0.0,0.0
mule50211@okicici,0.0,0,0.0,0.0
mule50314@oksbi,0.0,0,0.0,0.0
mule5033@axl,0.0,0,0.0,0.0
mule50360@okhdfcbank,0.0,0,0.0,0.0
mule50474@okhdfcbank,0.0,0,0.0,0.0
mule50526@oksbi,0.0,0,0.0,0.0
mule50614@okicici,0.0,0,0.0,0.0
mule50690@axl,0.0,0,0.0,0.0
mule50809@axl,0.0,0,0.0,0.0
mule50876@oksbi,0.0,0,0.0,0.0
mule50898@okicici,0.0,0,0.0,0.0
mule50910@okicici,0.0,0,0.0,0.0
mule50987@okicici,0.0,0,0.0,0.0
mule50992@oksbi,0.0,0,0.0,0.0
mule51041@axl,0.0,0,0.0,0.0
mule51063@ybl,0.0,0,0.0,0.0
mule51066@paytm,0.0,0,0.0,0.0
mule51110@oksbi,0.0,0,0.0,0.0
mule51129@okicici,0.0,0,0.0,0.0
mule51133@ybl,0.0,0,0.0,0.0
mule5114@paytm,0.0,0,0.0,0.0
mule51213@ybl,0.0,0,0.0,0.0
mule51246@ybl,0.0,0,0.0,0.0
mule51252@okhdfcbank,0.0,0,0.0,0.0
mule51292@oksbi,0.0,0,0.0,0.0
mule51337@okicici,0.0,0,0.0,0.0
mule51355@okhdfcbank,0.0,0,0.0,0.0
mule51397@okhdfcbank,0.0,0,0.0,0.0
mule51398@paytm,0.0,0,0.0,0.0
mule51466@okicici,0.0,0,0.0,0.0
mule51482@paytm,0.0,0,0.0,0.0
mule51497@okicici,0.0,0,0.0,0.0
mule51505@axl,0.0,0,0.0,0.0
mule5153@axl,0.0,0,0.0,0.0
mule51596@oksbi,0.0,0,0.0,0.0
mule51632@paytm,0.0,0,0.0,0.0
mule51640@okicici,0.0,0,0.0,0.0
mule51693@okicici,0.0,0,0.0,0.0
mule51704@okhdfcbank,0.0,0,0.0,0.0
mule51713@oksbi,0.0,0,0.0,0.0
mule51717@okhdfcbank,0.0,0,0.0,0.0
mule51803@axl,0.0,0,0.0,0.0
mule51818@paytm,0.0,0,0.0,0.0
mule51842@okicici,0.0,0,0.0,0.0
mule51921@ybl,0.0,0,0.0,0.0
mule52069@ybl,0.0,0,0.0,0.0
mule52187@axl,0.0,0,0.0,0.0
mule52199@paytm,0.0,0,0.0,0.0
mule52293@paytm,0.0,0,0.0,0.0
mule52313@ybl,0.0,0,0.0,0.0
mule52327@okhdfcbank,0.0,0,0.0,0.0
mule52350@paytm,0.0,0,0.0,0.0
mule52427@axl,0.0,0,0.0,0.0
mule5248@ybl,0.0,0,0.0,0.0
mule52494@paytm,0.0,0,0.0,0.0
mule52533@axl,0.0,0,0.0,0.0
mule52564@ybl,0.0,0,0.0,0.0
mule52661@ybl,0.0,0,0.0,0.0
mule52700@paytm,0.0,0,0.0,0.0
mule52714@oksbi,0.0,0,0.0,0.0
mule52725@oksbi,0.0,0,0.0,0.0
mule52733@ybl,0.0,0,0.0,0.0
mule52767@oksbi,0.0,0,0.0,0.0
mule52837@paytm,0.0,0,0.0,0.0
mule52857@oksbi,0.0,0,0.0,0.0
mule52865@paytm,0.0,0,0.0,0.0
mule52911@paytm,0.0,0,0.0,0.0
mule52913@paytm,0.0,0,0.0,0.0
mule52964@paytm,0.0,0,0.0,0.0
mule53032@okhdfcbank,0.0,0,0.0,0.0
mule53077@ybl,0.0,0,0.0,0.0
mule53083@okicici,0.0,0,0.0,0.0
mule53104@ybl,0.0,0,0.0,0.0
mule53165@oksbi,0.0,0,0.0,0.0
mule5318@paytm,0.0,0,0.0,0.0
mule53231@ybl,0.0,0,0.0,0.0
mule53272@oksbi,0.0,0,0.0,0.0
mule53277@okhdfcbank,0.0,0,0.0,0.0
mule53285@okhdfcbank,0.0,0,0.0,0.0
mule53345@okicici,0.0,0,0.0,0.0
mule53423@okicici,0.0,0,0.0,0.0
mule53463@oksbi,0.0,0,0.0,0.0
mule5356@okicici,0.0,0,0.0,0.0
mule53586@oksbi,0.0,0,0.0,0.0
mule53593@ybl,0.0,0,0.0,0.0
mule53668@okicici,0.0,0,0.0,0.0
mule5366@okhdfcbank,0.0,0,0.0,0.0
mule53687@ybl,0.0,0,0.0,0.0
mule53725@ybl,0.0,0,0.0,0.0
mule53814@paytm,0.0,0,0.0,0.0
mule5383@okhdfcbank,0.0,0,0.0,0.0
mule53922@paytm,0.0,0,0.0,0.0
mule54049@okicici,0.0,0,0.0,0.0
mule54081@axl,0.0,0,0.0,0.0
mule54094@axl,0.0,0,0.0,0.0
mule54106@paytm,0.0,0,0.0,0.0
mule54259@ybl,0.0,0,0.0,0.0
mule54290@axl,0.0,0,0.0,0.0
mule54338@okicici,0.0,0,0.0,0.0
mule54372@axl,0.0,0,0.0,0.0
mule54402@paytm,0.0,0,0.0,0.0
mule54698@okhdfcbank,0.0,0,0.0,0.0
mule54702@ybl,0.0,0,0.0,0.0
mule54718@ybl,0.0,0,0.0,0.0
mule54734@okicici,0.0,0,0.0,0.0
mule54767@okhdfcbank,0.0,0,0.0,0.0
mule54809@ybl,0.0,0,0.0,0.0
mule54861@axl,0.0,0,0.0,0.0
mule54913@paytm,1.0,1,256862.65,256862.65
mule54933@okicici,0.0,0,0.0,0.0
mule54968@oksbi,0.0,0,0.0,0.0
mule54970@oksbi,0.0,0,0.0,0.0
mule54975@axl,0.0,0,0.0,0.0
mule54975@ybl,0.0,0,0.0,0.0
mule54979@paytm,0.0,0,0.0,0.0
mule54980@paytm,0.0,0,0.0,0.0
mule55006@ybl,0.0,0,0.0,0.0
mule55050@okhdfcbank,0.0,0,0.0,0.0
mule55055@ybl,0.0,0,0.0,0.0
mule55273@oksbi,0.0,0,0.0,0.0
mule55279@okicici,0.0,0,0.0,0.0
mule55320@axl,0.0,0,0.0,0.0
mule55350@oksbi,0.0,0,0.0,0.0
mule55375@okhdfcbank,0.0,0,0.0,0.0
mule5541@okhdfcbank,0.0,0,0.0,0.0
mule55517@axl,0.0,0,0.0,0.0
mule55697@okhdfcbank,0.0,0,0.0,0.0
mule55793@paytm,0.0,0,0.0,0.0
mule55827@okicici,0.0,0,0.0,0.0
mule55848@okicici,0.0,0,0.0,0.0
mule55851@oksbi,0.0,0,0.0,0.0
mule55958@okhdfcbank,0.0,0,0.0,0.0
mule56044@paytm,0.0,0,0.0,0.0
mule56049@oksbi,0.0,0,0.0,0.0
mule56070@okhdfcbank,0.0,0,0.0,0.0
mule56119@paytm,0.0,0,0.0,0.0
mule56121@oksbi,0.0,0,0.0,0.0
mule56223@oksbi,0.0,0,0.0,0.0
mule56264@okhdfcbank,0.0,0,0.0,0.0
mule56274@okicici,0.0,0,0.0,0.0
mule56288@axl,0.0,0,0.0,0.0
mule56299@ybl,0.0,0,0.0,0.0
mule56438@paytm,0.0,0,0.0,0.0
mule56454@oksbi,0.0,0,0.0,0.0
mule56514@okhdfcbank,0.0,0,0.0,0.0
mule56535@ybl,0.0,0,0.0,0.0
mule56541@oksbi,0.0,0,0.0,0.0
mule56670@okhdfcbank,0.0,0,0.0,0.0
mule56740@ybl,0.0,0,0.0,0.0
mule56758@ybl,0.0,0,0.0,0.0
mule56762@okicici,0.0,0,0.0,0.0
mule56787@okicici,0.0,0,0.0,0.0
mule56847@ybl,0.0,0,0.0,0.0
mule56870@axl,0.0,0,0.0,0.0
mule56888@axl,0.0,0,0.0,0.0
mule56911@okhdfcbank,0.0,0,0.0,0.0
mule56913@okhdfcbank,0.0,0,0.0,0.0
mule56926@oksbi,0.0,0,0.0,0.0
mule56949@ybl,0.0,0,0.0,0.0
mule56993@okicici,0.0,0,0.0,0.0
mule56997@okicici,0.0,0,0.0,0.0
mule57002@okicici,0.0,0,0.0,0.0
mule57091@paytm,0.0,0,0.0,0.0
mule57100@okicici,0.0,0,0.0,0.0
mule57148@ybl,0.0,0,0.0,0.0
mule57173@okicici,0.0,0,0.0,0.0
mule57182@oksbi,0.0,0,0.0,0.0
mule57211@okicici,0.0,0,0.0,0.0
mule57233@axl,0.0,0,0.0,0.0
mule57253@paytm,0.0,0,0.0,0.0
mule57281@axl,0.0,0,0.0,0.0
mule57467@okicici,0.0,0,0.0,0.0
mule57540@ybl,0.0,0,0.0,0.0
mule57627@okicici,0.0,0,0.0,0.0
mule57690@ybl,0.0,0,0.0,0.0
mule57721@okhdfcbank,0.0,0,0.0,0.0
mule57745@ybl,0.0,0,0.0,0.0
mule57794@paytm,0.0,0,0.0,0.0
mule57889@paytm,0.0,0,0.0,0.0
mule57929@paytm,0.0,0,0.0,0.0
mule57974@okhdfcbank,0.0,0,0.0,0.0
mule5799@okicici,0.0,0,0.0,0.0
mule58006@okicici,0.0,0,0.0,0.0
mule58031@ybl,0.0,0,0.0,0.0
mule58067@paytm,0.0,0,0.0,0.0
mule58083@ybl,0.0,0,0.0,0.0
mule58118@okicici,0.0,0,0.0,0.0
mule5815@okhdfcbank,0.0,0,0.0,0.0
mule58191@okicici,0.0,0,0.0,0.0
mule58197@axl,0.0,0,0.0,0.0
mule58208@okhdfcbank,0.0,0,0.0,0.0
mule58263@paytm,0.0,0,0.0,0.0
mule58370@ybl,0.0,0,0.0,0.0
mule58394@okhdfcbank,0.0,0,0.0,0.0
mule58404@oksbi,0.0,0,0.0,0.0
mule58425@okicici,0.0,0,0.0,0.0
mule58426@okicici,0.0,0,0.0,0.0
mule58442@oksbi,0.0,0,0.0,0.0
mule58457@oksbi,0.0,0,0.0,0.0
mule58556@paytm,0.0,0,0.0,0.0
mule58605@paytm,0.0,0,0.0,0.0
mule58645@oksbi,0.0,0,0.0,0.0
mule58672@okhdfcbank,0.0,0,0.0,0.0
mule58677@okicici,0.0,0,0.0,0.0
mule58785@okhdfcbank,0.0,0,0.0,0.0
mule5878@ybl,0.0,0,0.0,0.0
mule58809@oksbi,0.0,0,0.0,0.0
mule59077@ybl,0.0,0,0.0,0.0
mule59079@oksbi,0.0,0,0.0,0.0
mule59187@okicici,0.0,0,0.0,0.0
mule59229@oksbi,0.0,0,0.0,0.0
mule5923@oksbi,0.0,0,0.0,0.0
mule5924@oksbi,0.0,0,0.0,0.0
mule59255@okhdfcbank,0.0,0,0.0,0.0
mule59314@axl,0.0,0,0.0,0.0
mule59435@ybl,0.0,0,0.0,0.0
mule59617@axl,0.0,0,0.0,0.0
mule59622@okicici,0.0,0,0.0,0.0
mule59624@oksbi,0.0,0,0.0,0.0
mule59685@ybl,0.0,0,0.0,0.0
mule59699@axl,0.0,0,0.0,0.0
mule59708@axl,0.0,0,0.0,0.0
mule5976@paytm,0.0,0,0.0,0.0
mule5980@okhdfcbank,0.0,0,0.0,0.0
mule59826@ybl,0.0,0,0.0,0.0
mule59839@paytm,0.0,0,0.0,0.0
mule59844@okicici,0.0,0,0.0,0.0
mule59847@axl,0.0,0,0.0,0.0
mule59871@axl,0.0,0,0.0,0.0
mule59884@oksbi,0.0,0,0.0,0.0
mule59990@ybl,0.0,0,0.0,0.0
mule60009@okicici,0.0,0,0.0,0.0
mule60024@okicici,0.0,0,0.0,0.0
mule60044@axl,0.0,0,0.0,0.0
mule60127@axl,0.0,0,0.0,0.0
mule60134@axl,0.0,0,0.0,0.0
mule60180@axl,0.0,0,0.0,0.0
mule60182@ybl,0.0,0,0.0,0.0
mule60303@ybl,0.0,0,0.0,0.0
mule60310@okhdfcbank,0.0,0,0.0,0.0
mule60337@okicici,0.0,0,0.0,0.0
mule60461@okicici,0.0,0,0.0,0.0
mule60462@okicici,0.0,0,0.0,0.0
mule60463@okicici,0.0,0,0.0,0.0
mule6051@axl,0.0,0,0.0,0.0
mule60576@okicici,0.0,0,0.0,0.0
mule60679@okhdfcbank,0.0,0,0.0,0.0
mule60687@paytm,0.0,0,0.0,0.0
mule60692@oksbi,0.0,0,0.0,0.0
mule60715@paytm,0.0,0,0.0,0.0
mule60769@axl,0.0,0,0.0,0.0
mule6082@ybl,0.0,0,0.0,0.0
mule60842@paytm,0.0,0,0.0,0.0
mule60859@okicici,0.0,0,0.0,0.0
mule60860@okicici,0.0,0,0.0,0.0
mule60900@oksbi,0.0,0,0.0,0.0
mule60907@okhdfcbank,0.0,0,0.0,0.0
mule60926@paytm,0.0,0,0.0,0.0
mule60928@paytm,0.0,0,0.0,0.0
mule60929@oksbi,0.0,0,0.0,0.0
mule6096@ybl,0.0,0,0.0,0.0
mule61013@oksbi,0.0,0,0.0,0.0
mule61110@ybl,0.0,0,0.0,0.0
mule61116@ybl,0.0,0,0.0,0.0
mule6112@ybl,0.0,0,0.0,0.0
mule61193@axl,0.0,0,0.0,0.0
mule61280@axl,0.0,0,0.0,0.0
mule61317@paytm,0.0,0,0.0,0.0
mule61382@ybl,0.0,0,0.0,0.0
mule61384@axl,0.0,0,0.0,0.0
mule61466@oksbi,0.0,0,0.0,0.0
mule61499@paytm,0.0,0,0.0,0.0
mule6152@okicici,0.0,0,0.0,0.0
mule61560@oksbi,0.0,0,0.0,0.0
mule61604@oksbi,0.0,0,0.0,0.0
mule61654@axl,0.0,0,0.0,0.0
mule6165@ybl,0.0,0,0.0,0.0
mule61684@axl,0.0,0,0.0,0.0
mule61744@oksbi,0.0,0,0.0,0.0
mule61748@oksbi,0.0,0,0.0,0.0
mule6174@axl,0.0,0,0.0,0.0
mule61758@ybl,0.0,0,0.0,0.0
mule6188@axl,0.0,0,0.0,0.0
mule61920@oksbi,0.0,0,0.0,0.0
mule61957@paytm,0.0,0,0.0,0.0
mule6195@paytm,0.0,0,0.0,0.0
mule62029@okicici,0.0,0,0.0,0.0
mule62048@ybl,0.0,0,0.0,0.0
mule62083@okhdfcbank,0.0,0,0.0,0.0
mule62140@oksbi,0.0,0,0.0,0.0
mule62173@paytm,0.0,0,0.0,0.0
mule62268@okhdfcbank,0.0,0,0.0,0.0
mule62282@okhdfcbank,0.0,0,0.0,0.0
mule62305@axl,0.0,0,0.0,0.0
mule62332@paytm,0.0,0,0.0,0.0
mule62360@okhdfcbank,0.0,0,0.0,0.0
mule62424@ybl,0.0,0,0.0,0.0
mule62445@paytm,0.0,0,0.0,0.0
mule62526@paytm,0.0,0,0.0,0.0
mule62566@okicici,0.0,0,0.0,0.0
mule62733@oksbi,0.0,0,0.0,0.0
mule62749@okhdfcbank,0.0,0,0.0,0.0
mule62993@axl,0.0,0,0.0,0.0
mule63123@okicici,0.0,0,0.0,0.0
mule63131@axl,0.0,0,0.0,0.0
mule63152@okicici,0.0,0,0.0,0.0
mule63163@oksbi,0.0,0,0.0,0.0
mule63166@oksbi,0.0,0,0.0,0.0
mule63223@paytm,0.0,0,0.0,0.0
mule63227@okicici,0.0,0,0.0,0.0
mule63242@ybl,0.0,0,0.0,0.0
mule6334@oksbi,0.0,0,0.0,0.0
mule63354@axl,0.0,0,0.0,0.0
mule63367@okicici,0.0,0,0.0,0.0
mule63371@okhdfcbank,0.0,0,0.0,0.0
mule6337@okicici,0.0,0,0.0,0.0
mule6342@ybl,0.0,0,0.0,0.0
mule63439@okhdfcbank,0.0,0,0.0,0.0
mule63500@ybl,0.0,0,0.0,0.0
mule63520@okicici,0.0,0,0.0,0.0
mule63537@axl,0.0,0,0.0,0.0
mule63612@ybl,0.0,0,0.0,0.0
mule63663@axl,0.0,0,0.0,0.0
mule63688@paytm,0.0,0,0.0,0.0
mule63707@paytm,0.0,0,0.0,0.0
mule6370@ybl,0.0,0,0.0,0.0
mule6371@okicici,0.0,0,0.0,0.0
mule6372@axl,0.0,0,0.0,0.0
mule6380@ybl,0.0,0,0.0,0.0
mule63821@oksbi,0.0,0,0.0,0.0
mule63863@ybl,0.0,0,0.0,0.0
mule63874@okhdfcbank,0.0,0,0.0,0.0
mule6393@oksbi,0.0,0,0.0,0.0
mule63947@paytm,0.0,0,0.0,0.0
mule64005@ybl,0.0,0,0.0,0.0
mule64038@oksbi,0.0,0,0.0,0.0
mule6412@okhdfcbank,0.0,0,0.0,0.0
mule64162@okicici,0.0,0,0.0,0.0
mule64315@okicici,0.0,0,0.0,0.0
mule64324@okhdfcbank,0.0,0,0.0,0.0
mule64380@ybl,0.0,0,0.0,0.0
mule64484@axl,0.0,0,0.0,0.0
mule64608@ybl,0.0,0,0.0,0.0
mule64676@okicici,0.0,0,0.0,0.0
mule64714@paytm,0.0,0,0.0,0.0
mule6471@oksbi,0.0,0,0.0,0.0
mule64756@paytm,0.0,0,0.0,0.0
mule64852@axl,0.0,0,0.0,0.0
mule6485@oksbi,0.0,0,0.0,0.0
mule64864@okhdfcbank,0.0,0,0.0,0.0
mule64911@axl,0.0,0,0.0,0.0
mule64914@paytm,0.0,0,0.0,0.0
mule65025@paytm,0.0,0,0.0,0.0
mule65048@paytm,0.0,0,0.0,0.0
mule65112@okhdfcbank,0.0,0,0.0,0.0
mule65131@okhdfcbank,0.0,0,0.0,0.0
mule65322@axl,0.0,0,0.0,0.0
mule65434@paytm,0.0,0,0.0,0.0
mule65456@paytm,0.0,0,0.0,0.0
mule65477@ybl,0.0,0,0.0,0.0
mule65512@axl,0.0,0,0.0,0.0
mule65618@okicici,0.0,0,0.0,0.0
mule6561@oksbi,0.0,0,0.0,0.0
mule6568@paytm,0.0,0,0.0,0.0
mule65706@ybl,0.0,0,0.0,0.0
mule65728@okicici,0.5,1,10000.0,20000.0
mule65735@axl,0.0,0,0.0,0.0
mule65793@ybl,0.0,0,0.0,0.0
mule65871@okicici,0.0,0,0.0,0.0
mule65884@paytm,0.0,0,0.0,0.0
mule65935@okicici,0.0,0,0.0,0.0
mule65946@oksbi,0.0,0,0.0,0.0
mule65966@okicici,0.0,0,0.0,0.0
mule6606@paytm,0.0,0,0.0,0.0
mule66096@oksbi,0.0,0,0.0,0.0
mule66246@okhdfcbank,0.0,0,0.0,0.0
mule66290@okhdfcbank,0.0,0,0.0,0.0
mule66359@okhdfcbank,0.0,0,0.0,0.0
mule66401@paytm,0.0,0,0.0,0.0
mule66462@paytm,0.0,0,0.0,0.0
mule66476@ybl,0.0,0,0.0,0.0
mule66542@axl,0.0,0,0.0,0.0
mule66567@paytm,0.0,0,0.0,0.0
mule66645@okhdfcbank,0.0,0,0.0,0.0
mule66647@paytm,0.0,0,0.0,0.0
mule66659@oksbi,0.0,0,0.0,0.0
mule66700@okhdfcbank,0.0,0,0.0,0.0
mule66761@oksbi,0.0,0,0.0,0.0
mule66765@paytm,0.0,0,0.0,0.0
mule6676@ybl,0.0,0,0.0,0.0
mule66839@axl,0.0,0,0.0,0.0
mule66864@ybl,0.0,0,0.0,0.0
mule66902@ybl,0.0,0,0.0,0.0
mule67047@paytm,0.0,0,0.0,0.0
mule67054@okicici,0.0,0,0.0,0.0
mule67078@axl,0.0,0,0.0,0.0
mule67097@oksbi,0.0,0,0.0,0.0
mule67180@oksbi,0.0,0,0.0,0.0
mule67213@paytm,0.0,0,0.0,0.0
mule67271@okicici,0.0,0,0.0,0.0
mule67292@paytm,0.0,0,0.0,0.0
mule6731@okhdfcbank,0.0,0,0.0,0.0
mule67382@paytm,0.0,0,0.0,0.0
mule67476@oksbi,0.0,0,0.0,0.0
mule67506@axl,0.0,0,0.0,0.0
mule67557@paytm,0.0,0,0.0,0.0
mule67590@okhdfcbank,0.0,0,0.0,0.0
mule67638@oksbi,0.0,0,0.0,0.0
mule6764@ybl,0.0,0,0.0,0.0
mule67658@okhdfcbank,0.0,0,0.0,0.0
mule67680@okicici,0.0,0,0.0,0.0
mule67763@ybl,0.0,0,0.0,0.0
mule67821@ybl,0.0,0,0.0,0.0
mule67897@okhdfcbank,0.0,0,0.0,0.0
mule67917@ybl,0.0,0,0.0,0.0
mule67933@okhdfcbank,0.0,0,0.0,0.0
mule67987@oksbi,0.0,0,0.0,0.0
mule68024@paytm,0.0,0,0.0,0.0
mule68026@ybl,0.0,0,0.0,0.0
mule68209@okicici,0.0,0,0.0,0.0
mule68278@ybl,0.0,0,0.0,0.0
mule68331@oksbi,0.0,0,0.0,0.0
mule68396@axl,0.0,0,0.0,0.0
mule68410@paytm,0.0,0,0.0,0.0
mule6842@okicici,0.0,0,0.0,0.0
mule68511@ybl,0.0,0,0.0,0.0
mule68697@okicici,0.0,0,0.0,0.0
mule68921@okhdfcbank,0.0,0,0.0,0.0
mule68926@ybl,0.0,0,0.0,0.0
mule69001@paytm,0.0,0,0.0,0.0
mule69006@okhdfcbank,0.0,0,0.0,0.0
mule69123@okicici,0.0,0,0.0,0.0
mule69157@okicici,0.0,0,0.0,0.0
mule69217@okhdfcbank,0.0,0,0.0,0.0
mule69454@okhdfcbank,0.0,0,0.0,0.0
mule69457@okicici,0.0,0,0.0,0.0
mule69469@ybl,0.0,0,0.0,0.0
mule69596@paytm,0.0,0,0.0,0.0
mule69657@axl,0.0,0,0.0,0.0
mule69688@ybl,0.0,0,0.0,0.0
mule69705@ybl,0.0,0,0.0,0.0
mule69754@okicici,0.0,0,0.0,0.0
mule69759@ybl,0.0,0,0.0,0.0
mule69808@okhdfcbank,0.0,0,0.0,0.0
mule69858@okhdfcbank,0.0,0,0.0,0.0
mule69862@axl,0.0,0,0.0,0.0
mule69911@oksbi,0.0,0,0.0,0.0
mule69920@okicici,0.0,0,0.0,0.0
mule69991@axl,0.0,0,0.0,0.0
mule70264@axl,0.0,0,0.0,0.0
mule70270@oksbi,0.0,0,0.0,0.0
mule70325@oksbi,0.0,0,0.0,0.0
mule70370@okhdfcbank,0.0,0,0.0,0.0
mule70388@axl,0.0,0,0.0,0.0
mule70445@axl,0.0,0,0.0,0.0
mule70476@okhdfcbank,0.0,0,0.0,0.0
mule70495@oksbi,0.0,0,0.0,0.0
mule70524@paytm,0.0,0,0.0,0.0
mule70558@okicici,0.0,0,0.0,0.0
mule70608@paytm,0.0,0,0.0,0.0
mule70629@ybl,0.0,0,0.0,0.0
mule70765@axl,0.0,0,0.0,0.0
mule70835@paytm,0.0,0,0.0,0.0
mule70873@okicici,0.0,0,0.0,0.0
mule70908@paytm,0.0,0,0.0,0.0
mule7092@okicici,0.0,0,0.0,0.0
mule71087@okicici,0.0,0,0.0,0.0
mule71116@oksbi,0.0,0,0.0,0.0
mule71135@okhdfcbank,0.0,0,0.0,0.0
mule71147@okhdfcbank,0.0,0,0.0,0.0
mule71164@ybl,0.0,0,0.0,0.0
mule71165@axl,0.0,0,0.0,0.0
mule71174@ybl,0.0,0,0.0,0.0
mule71200@axl,0.0,0,0.0,0.0
mule71232@okhdfcbank,0.0,0,0.0,0.0
mule71236@axl,0.0,0,0.0,0.0
mule71296@paytm,0.0,0,0.0,0.0
mule71479@ybl,0.0,0,0.0,0.0
mule71494@axl,0.0,0,0.0,0.0
mule71554@okicici,0.0,0,0.0,0.0
mule71581@okicici,0.0,0,0.0,0.0
mule71592@paytm,0.0,0,0.0,0.0
mule71612@ybl,0.0,0,0.0,0.0
mule7162@paytm,0.0,0,0.0,0.0
mule71683@oksbi,0.0,0,0.0,0.0
mule71772@oksbi,0.0,0,0.0,0.0
mule71941@axl,0.0,0,0.0,0.0
mule71951@okhdfcbank,0.0,0,0.0,0.0
mule71990@oksbi,0.0,0,0.0,0.0
mule71998@paytm,0.0,0,0.0,0.0
mule72021@okicici,0.0,0,0.0,0.0
mule72023@paytm,0.0,0,0.0,0.0
mule72027@okicici,0.0,0,0.0,0.0
mule72061@axl,0.0,0,0.0,0.0
mule72068@oksbi,0.0,0,0.0,0.0
mule7211@okicici,0.0,0,0.0,0.0
mule72183@paytm,0.0,0,0.0,0.0
mule72206@paytm,0.0,0,0.0,0.0
mule72218@axl,0.0,0,0.0,0.0
mule72221@paytm,0.0,0,0.0,0.0
mule72280@axl,0.0,0,0.0,0.0
mule72355@okhdfcbank,0.0,0,0.0,0.0
mule72383@paytm,0.0,0,0.0,0.0
mule72385@axl,0.0,0,0.0,0.0
mule72396@paytm,0.0,0,0.0,0.0
mule7255@paytm,0.0,0,0.0,0.0
mule72604@paytm,0.0,0,0.0,0.0
mule72747@paytm,0.0,0,0.0,0.0
mule72759@paytm,0.0,0,0.0,0.0
mule7276@okicici,0.0,0,0.0,0.0
mule72821@paytm,0.0,0,0.0,0.0
mule72894@okicici,0.0,0,0.0,0.0
mule72898@ybl,0.0,0,0.0,0.0
mule72900@okhdfcbank,0.0,0,0.0,0.0
mule72933@paytm,0.0,0,0.0,0.0
mule72938@axl,0.0,0,0.0,0.0
mule72973@oksbi,0.0,0,0.0,0.0
mule72976@paytm,0.0,0,0.0,0.0
mule73070@axl,0.0,0,0.0,0.0
mule73091@okhdfcbank,0.0,0,0.0,0.0
mule73139@paytm,0.0,0,0.0,0.0
mule73152@okhdfcbank,0.0,0,0.0,0.0
mule73200@ybl,0.0,0,0.0,0.0
mule73235@paytm,0.0,0,0.0,0.0
mule73254@axl,0.0,0,0.0,0.0
mule73262@ybl,0.0,0,0.0,0.0
mule73266@paytm,0.0,0,0.0,0.0
mule73383@ybl,0.0,0,0.0,0.0
mule7344@okicici,0.0,0,0.0,0.0
mule73468@ybl,0.0,0,0.0,0.0
mule73480@okhdfcbank,0.0,0,0.0,0.0
mule73540@okicici,0.0,0,0.0,0.0
mule73558@okhdfcbank,0.0,0,0.0,0.0
mule73632@okhdfcbank,0.0,0,0.0,0.0
mule73643@ybl,0.0,0,0.0,0.0
mule73646@okhdfcbank,0.0,0,0.0,0.0
mule73741@okicici,0.0,0,0.0,0.0
mule73764@oksbi,0.0,0,0.0,0.0
mule73765@okhdfcbank,0.0,0,0.0,0.0
mule73783@okicici,0.0,0,0.0,0.0
mule73787@paytm,0.0,0,0.0,0.0
mule73836@okhdfcbank,0.0,0,0.0,0.0
mule73891@oksbi,0.0,0,0.0,0.0
mule73905@okhdfcbank,0.0,0,0.0,0.0
mule73945@paytm,0.0,0,0.0,0.0
mule73966@okhdfcbank,0.0,0,0.0,0.0
mule73975@okhdfcbank,0.0,0,0.0,0.0
mule7400@axl,0.0,0,0.0,0.0
mule74061@paytm,0.0,0,0.0,0.0
mule74088@paytm,0.0,0,0.0,0.0
mule74101@oksbi,0.0,0,0.0,0.0
mule74144@okhdfcbank,0.0,0,0.0,0.0
mule7414@paytm,0.0,0,0.0,0.0
mule74229@axl,0.0,0,0.0,0.0
mule74311@paytm,0.0,0,0.0,0.0
mule74337@ybl,0.0,0,0.0,0.0
mule74438@axl,0.0,0,0.0,0.0
mule74480@okicici,0.0,0,0.0,0.0
mule74487@okicici,0.0,0,0.0,0.0
mule74509@oksbi,0.0,0,0.0,0.0
mule74550@paytm,0.0,0,0.0,0.0
mule7457@okhdfcbank,0.0,0,0.0,0.0
mule74607@okicici,0.0,0,0.0,0.0
mule74617@paytm,0.0,0,0.0,0.0
mule74630@oksbi,0.0,0,0.0,0.0
mule74636@oksbi,0.0,0,0.0,0.0
mule7468@ybl,0.0,0,0.0,0.0
mule74736@okhdfcbank,0.0,0,0.0,0.0
mule74794@oksbi,0.0,0,0.0,0.0
mule74821@axl,0.0,0,0.0,0.0
mule74863@okicici,0.0,0,0.0,0.0
mule74912@axl,0.0,0,0.0,0.0
mule74945@axl,0.0,0,0.0,0.0
mule74952@paytm,0.0,0,0.0,0.0
mule74978@paytm,0.0,0,0.0,0.0
mule75005@paytm,0.0,0,0.0,0.0
mule75044@okhdfcbank,0.0,0,0.0,0.0
mule7508@oksbi,0.0,0,0.0,0.0
mule75105@oksbi,0.0,0,0.0,0.0
mule75138@okhdfcbank,0.0,0,0.0,0.0
mule75163@okicici,0.0,0,0.0,0.0
mule75167@ybl,0.0,0,0.0,0.0
mule75193@okicici,0.0,0,0.0,0.0
mule75204@ybl,0.0,0,0.0,0.0
mule75401@okicici,0.0,0,0.0,0.0
mule75418@okicici,0.0,0,0.0,0.0
mule75459@ybl,0.0,0,0.0,0.0
mule75540@axl,0.0,0,0.0,0.0
mule75540@okhdfcbank,0.0,0,0.0,0.0
mule75676@okhdfcbank,0.0,0,0.0,0.0
mule75772@ybl,0.0,0,0.0,0.0
mule7578@ybl,0.0,0,0.0,0.0
mule75808@axl,0.0,0,0.0,0.0
mule75835@oksbi,0.0,0,0.0,0.0
mule75875@oksbi,0.0,0,0.0,0.0
mule75909@paytm,0.0,0,0.0,0.0
mule75954@okicici,0.0,0,0.0,0.0
mule75974@ybl,0.0,0,0.0,0.0
mule76066@axl,0.0,0,0.0,0.0
mule76138@okhdfcbank,0.0,0,0.0,0.0
mule76147@ybl,0.0,0,0.0,0.0
mule76168@ybl,0.0,0,0.0,0.0
mule76178@paytm,0.0,0,0.0,0.0
mule76179@okhdfcbank,0.0,0,0.0,0.0
mule76207@axl,0.0,0,0.0,0.0
mule76279@okhdfcbank,0.0,0,0.0,0.0
mule76315@oksbi,0.0,0,0.0,0.0
mule7637@ybl,0.0,0,0.0,0.0
mule76391@okhdfcbank,0.0,0,0.0,0.0
mule76397@oksbi,0.0,0,0.0,0.0
mule76431@axl,0.0,0,0.0,0.0
mule76447@okicici,0.0,0,0.0,0.0
mule76481@paytm,0.0,0,0.0,0.0
mule76499@oksbi,0.0,0,0.0,0.0
mule76628@paytm,0.0,0,0.0,0.0
mule76730@okicici,0.0,0,0.0,0.0
mule76839@okicici,0.0,0,0.0,0.0
mule7684@okhdfcbank,0.0,0,0.0,0.0
mule76873@axl,0.0,0,0.0,0.0
mule76910@okhdfcbank,0.0,0,0.0,0.0
mule76947@axl,0.0,0,0.0,0.0
mule76953@okicici,0.0,0,0.0,0.0
mule76973@okhdfcbank,0.0,0,0.0,0.0
mule77047@axl,0.0,0,0.0,0.0
mule77047@okicici,0.0,0,0.0,0.0
mule77200@paytm,0.0,0,0.0,0.0
mule77235@paytm,0.0,0,0.0,0.0
mule77272@axl,0.0,0,0.0,0.0
mule77284@paytm,0.0,0,0.0,0.0
mule77396@axl,0.0,0,0.0,0.0
mule77425@ybl,0.0,0,0.0,0.0
mule77490@axl,0.0,0,0.0,0.0
mule77596@ybl,0.0,0,0.0,0.0
mule77644@oksbi,0.0,0,0.0,0.0
mule77654@oksbi,0.0,0,0.0,0.0
mule77672@okhdfcbank,0.0,0,0.0,0.0
mule77681@ybl,0.0,0,0.0,0.0
mule77782@okhdfcbank,0.0,0,0.0,0.0
mule77793@okhdfcbank,0.0,0,0.0,0.0
mule77807@ybl,0.0,0,0.0,0.0
mule77821@ybl,0.0,0,0.0,0.0
mule77830@axl,0.0,0,0.0,0.0
mule77907@axl,0.0,0,0.0,0.0
mule77925@okicici,0.0,0,0.0,0.0
mule7792@ybl,0.0,0,0.0,0.0
mule77953@okhdfcbank,0.0,0,0.0,0.0
mule78002@oksbi,0.0,0,0.0,0.0
mule78017@okhdfcbank,0.0,0,0.0,0.0
mule78025@paytm,0.0,0,0.0,0.0
mule78099@ybl,0.0,0,0.0,0.0
mule78129@paytm,0.0,0,0.0,0.0
mule78240@okicici,0.0,0,0.0,0.0
mule78260@paytm,0.0,0,0.0,0.0
mule78319@okhdfcbank,0.0,0,0.0,0.0
mule78349@oksbi,0.0,0,0.0,0.0
mule78390@axl,0.0,0,0.0,0.0
mule78425@oksbi,0.0,0,0.0,0.0
mule78481@okicici,0.0,0,0.0,0.0
mule78568@paytm,0.0,0,0.0,0.0
mule78644@okicici,0.0,0,0.0,0.0
mule78656@oksbi,0.0,0,0.0,0.0
mule78673@okhdfcbank,0.0,0,0.0,0.0
mule7873@okhdfcbank,0.0,0,0.0,0.0
mule78782@axl,0.0,0,0.0,0.0
mule78793@axl,0.0,0,0.0,0.0
mule78828@axl,0.0,0,0.0,0.0
mule78834@okicici,0.0,0,0.0,0.0
mule78888@axl,0.0,0,0.0,0.0
mule78899@okicici,0.0,0,0.0,0.0
mule78911@ybl,0.0,0,0.0,0.0
mule78934@ybl,0.0,0,0.0,0.0
mule78937@okhdfcbank,0.0,0,0.0,0.0
mule78988@okicici,0.0,0,0.0,0.0
mule78994@oksbi,0.0,0,0.0,0.0
mule7899@ybl,0.0,0,0.0,0.0
mule79042@okicici,0.0,0,0.0,0.0
mule79134@ybl,0.0,0,0.0,0.0
mule79192@oksbi,0.0,0,0.0,0.0
mule79201@axl,0.0,0,0.0,0.0
mule79206@axl,0.0,0,0.0,0.0
mule79211@axl,0.0,0,0.0,0.0
mule79241@okicici,0.0,0,0.0,0.0
mule79318@okicici,0.0,0,0.0,0.0
mule79350@okhdfcbank,0.0,0,0.0,0.0
mule79363@okhdfcbank,0.0,0,0.0,0.0
mule79439@axl,0.0,0,0.0,0.0
mule79532@ybl,0.0,0,0.0,0.0
mule79551@axl,0.0,0,0.0,0.0
mule79575@okhdfcbank,0.0,0,0.0,0.0
mule79605@axl,0.0,0,0.0,0.0
mule7965@axl,0.0,0,0.0,0.0
mule79685@paytm,0.0,0,0.0,0.0
mule79691@paytm,0.0,0,0.0,0.0
mule79705@axl,0.0,0,0.0,0.0
mule79746@oksbi,0.0,0,0.0,0.0
mule79775@ybl,0.0,0,0.0,0.0
mule79832@ybl,0.0,0,0.0,0.0
mule79840@okicici,0.0,0,0.0,0.0
mule80021@axl,0.0,0,0.0,0.0
mule80050@paytm,0.0,0,0.0,0.0
mule80080@okicici,0.0,0,0.0,0.0
mule80102@oksbi,0.0,0,0.0,0.0
mule80213@axl,0.0,0,0.0,0.0
mule8021@okicici,0.0,0,0.0,0.0
mule80297@paytm,0.0,0,0.0,0.0
mule80329@okhdfcbank,0.0,0,0.0,0.0
mule80354@oksbi,0.0,0,0.0,0.0
mule80366@axl,0.0,0,0.0,0.0
mule8038@okicici,0.0,0,0.0,0.0
mule80481@paytm,0.0,0,0.0,0.0
mule80501@okhdfcbank,0.0,0,0.0,0.0
mule8052@okicici,0.0,0,0.0,0.0
mule80590@oksbi,0.0,0,0.0,0.0
mule80677@oksbi,0.0,0,0.0,0.0
mule80769@okhdfcbank,0.0,0,0.0,0.0
mule8081@ybl,0.0,0,0.0,0.0
mule80820@okhdfcbank,0.0,0,0.0,0.0
mule80841@oksbi,0.0,0,0.0,0.0
mule80926@ybl,0.0,0,0.0,0.0
mule81016@okhdfcbank,0.0,0,0.0,0.0
mule81250@axl,0.0,0,0.0,0.0
mule81278@axl,0.0,0,0.0,0.0
mule8129@oksbi,0.0,0,0.0,0.0
mule81303@ybl,0.0,0,0.0,0.0
mule81371@ybl,0.0,0,0.0,0.0
mule81382@oksbi,0.0,0,0.0,0.0
mule81416@ybl,0.0,0,0.0,0.0
mule81484@okhdfcbank,0.0,0,0.0,0.0
mule81486@axl,0.0,0,0.0,0.0
mule81558@oksbi,0.0,0,0.0,0.0
mule81596@paytm,0.0,0,0.0,0.0
mule81676@okhdfcbank,0.0,0,0.0,0.0
mule81689@axl,0.0,0,0.0,0.0
mule81701@oksbi,0.0,0,0.0,0.0
mule81735@okhdfcbank,0.0,0,0.0,0.0
mule81768@ybl,0.0,0,0.0,0.0
mule81779@oksbi,0.0,0,0.0,0.0
mule81847@okicici,0.0,0,0.0,0.0
mule81900@oksbi,0.0,0,0.0,0.0
mule8190@ybl,0.0,0,0.0,0.0
mule81955@okicici,0.0,0,0.0,0.0
mule81984@okhdfcbank,0.0,0,0.0,0.0
mule81999@paytm,0.0,0,0.0,0.0
mule82017@oksbi,0.0,0,0.0,0.0
mule82020@paytm,0.0,0,0.0,0.0
mule82139@axl,0.0,0,0.0,0.0
mule82377@oksbi,0.0,0,0.0,0.0
mule82400@okhdfcbank,0.0,0,0.0,0.0
mule82454@paytm,0.0,0,0.0,0.0
mule82466@axl,0.0,0,0.0,0.0
mule82478@axl,0.0,0,0.0,0.0
mule82497@okhdfcbank,0.0,0,0.0,0.0
mule82520@okicici,0.0,0,0.0,0.0
mule82542@oksbi,0.0,0,0.0,0.0
mule82561@paytm,0.0,0,0.0,0.0
mule82630@oksbi,0.0,0,0.0,0.0
mule82669@okicici,0.0,0,0.0,0.0
mule82687@axl,0.0,0,0.0,0.0
mule82707@paytm,0.0,0,0.0,0.0
mule82747@okicici,0.0,0,0.0,0.0
mule82773@paytm,0.0,0,0.0,0.0
mule82814@okhdfcbank,0.0,0,0.0,0.0
mule82815@okicici,0.0,0,0.0,0.0
mule82838@okhdfcbank,0.0,0,0.0,0.0
mule82863@paytm,0.0,0,0.0,0.0
mule82871@oksbi,0.0,0,0.0,0.0
mule82986@okicici,0.0,0,0.0,0.0
mule83021@okicici,0.0,0,0.0,0.0
mule83057@oksbi,0.0,0,0.0,0.0
mule83082@okicici,0.0,0,0.0,0.0
mule83092@axl,0.0,0,0.0,0.0
mule83127@oksbi,0.0,0,0.0,0.0
mule83136@oksbi,0.0,0,0.0,0.0
mule83191@okhdfcbank,0.0,0,0.0,0.0
mule83234@okicici,0.0,0,0.0,0.0
mule83251@oksbi,0.0,0,0.0,0.0
mule83297@okicici,0.0,0,0.0,0.0
mule83416@okhdfcbank,0.0,0,0.0,0.0
mule83447@paytm,0.0,0,0.0,0.0
mule83492@paytm,0.0,0,0.0,0.0
mule83534@okicici,0.0,0,0.0,0.0
mule83546@okicici,0.0,0,0.0,0.0
mule83597@axl,0.0,0,0.0,0.0
mule83684@okhdfcbank,0.0,0,0.0,0.0
mule8376@axl,0.0,0,0.0,0.0
mule83822@axl,0.0,0,0.0,0.0
mule83850@okicici,0.0,0,0.0,0.0
mule83879@okicici,0.0,0,0.0,0.0
mule83983@okicici,0.0,0,0.0,0.0
mule84000@paytm,0.0,0,0.0,0.0
mule84022@okhdfcbank,0.0,0,0.0,0.0
mule84024@ybl,0.0,0,0.0,0.0
mule8402@okicici,0.0,0,0.0,0.0
mule84055@okhdfcbank,0.0,0,0.0,0.0
mule84059@ybl,0.0,0,0.0,0.0
mule84061@oksbi,0.0,0,0.0,0.0
mule84072@okicici,0.0,0,0.0,0.0
mule84094@ybl,0.0,0,0.0,0.0
mule84131@axl,0.0,0,0.0,0.0
mule84246@okicici,0.0,0,0.0,0.0
mule84266@okicici,0.0,0,0.0,0.0
mule84286@okicici,0.0,0,0.0,0.0
mule84304@paytm,0.0,0,0.0,0.0
mule84381@okicici,0.0,0,0.0,0.0
mule84433@ybl,0.0,0,0.0,0.0
mule84527@paytm,0.0,0,0.0,0.0
mule84597@ybl,0.0,0,0.0,0.0
mule84660@okhdfcbank,0.0,0,0.0,0.0
mule84737@oksbi,0.0,0,0.0,0.0
mule84782@oksbi,0.0,0,0.0,0.0
mule84979@okicici,0.0,0,0.0,0.0
mule85057@paytm,0.0,0,0.0,0.0
mule85102@axl,0.0,0,0.0,0.0
mule8512@oksbi,0.0,0,0.0,0.0
mule85140@okicici,0.0,0,0.0,0.0
mule85142@ybl,0.0,0,0.0,0.0
mule85163@axl,0.0,0,0.0,0.0
mule85308@okicici,0.0,0,0.0,0.0
mule85381@paytm,0.0,0,0.0,0.0
mule85419@ybl,0.0,0,0.0,0.0
mule85432@axl,0.0,0,0.0,0.0
mule85511@paytm,0.0,0,0.0,0.0
mule85578@ybl,0.0,0,0.0,0.0
mule85615@okicici,0.0,0,0.0,0.0
mule85618@axl,0.0,0,0.0,0.0
mule8563@ybl,0.0,0,0.0,0.0
mule85649@okicici,0.0,0,0.0,0.0
mule85765@axl,0.0,0,0.0,0.0
mule8578@ybl,0.0,0,0.0,0.0
mule85801@oksbi,0.0,0,0.0,0.0
mule85826@ybl,0.0,0,0.0,0.0
mule85894@okhdfcbank,0.0,0,0.0,0.0
mule85898@axl,0.0,0,0.0,0.0
mule85934@okhdfcbank,0.0,0,0.0,0.0
mule86154@ybl,0.0,0,0.0,0.0
mule86168@paytm,0.0,0,0.0,0.0
mule86175@okicici,0.0,0,0.0,0.0
mule86183@okhdfcbank,0.0,0,0.0,0.0
mule86218@okicici,0.0,0,0.0,0.0
mule8622@okhdfcbank,0.0,0,0.0,0.0
mule8629@paytm,0.0,0,0.0,0.0
mule86360@ybl,0.0,0,0.0,0.0
mule86415@axl,0.0,0,0.0,0.0
mule86506@axl,0.0,0,0.0,0.0
mule86555@axl,0.0,0,0.0,0.0
mule86617@ybl,0.0,0,0.0,0.0
mule86630@okicici,0.0,0,0.0,0.0
mule86681@ybl,0.0,0,0.0,0.0
mule86692@axl,0.0,0,0.0,0.0
mule86710@oksbi,0.0,0,0.0,0.0
mule8675@paytm,0.0,0,0.0,0.0
mule86761@ybl,0.0,0,0.0,0.0
mule86782@okhdfcbank,0.0,0,0.0,0.0
mule86841@okhdfcbank,0.0,0,0.0,0.0
mule8684@axl,0.0,0,0.0,0.0
mule86903@oksbi,0.0,0,0.0,0.0
mule86972@okhdfcbank,0.0,0,0.0,0.0
mule87133@axl,0.0,0,0.0,0.0
mule87168@oksbi,0.0,0,0.0,0.0
mule87173@okhdfcbank,0.0,0,0.0,0.0
mule87200@ybl,0.0,0,0.0,0.0
mule87215@okhdfcbank,0.0,0,0.0,0.0
mule87348@okicici,0.0,0,0.0,0.0
mule87357@okicici,0.0,0,0.0,0.0
mule87376@okicici,0.0,0,0.0,0.0
mule87406@okicici,0.0,0,0.0,0.0
mule87425@paytm,0.0,0,0.0,0.0
mule87427@oksbi,0.0,0,0.0,0.0
mule87554@oksbi,0.0,0,0.0,0.0
mule87565@axl,0.0,0,0.0,0.0
mule87565@paytm,0.0,0,0.0,0.0
mule87592@okhdfcbank,0.0,0,0.0,0.0
mule8766@okicici,0.0,0,0.0,0.0
mule87688@oksbi,0.0,0,0.0,0.0
mule87736@oksbi,0.0,0,0.0,0.0
mule87789@okicici,0.0,0,0.0,0.0
mule87860@okhdfcbank,0.0,0,0.0,0.0
mule87874@paytm,0.0,0,0.0,0.0
mule87926@okhdfcbank,0.0,0,0.0,0.0
mule87935@paytm,0.0,0,0.0,0.0
mule87992@oksbi,0.0,0,0.0,0.0
mule88000@oksbi,0.0,0,0.0,0.0
mule88250@okicici,0.0,0,0.0,0.0
mule88332@axl,0.0,0,0.0,0.0
mule88367@oksbi,0.0,0,0.0,0.0
mule88404@ybl,0.0,0,0.0,0.0
mule88441@ybl,0.0,0,0.0,0.0
mule88454@okicici,0.0,0,0.0,0.0
mule8859@okhdfcbank,0.0,0,0.0,0.0
mule88630@okicici,0.0,0,0.0,0.0
mule88638@ybl,0.0,0,0.0,0.0
mule88646@oksbi,0.0,0,0.0,0.0
mule88662@oksbi,0.0,0,0.0,0.0
mule88672@oksbi,0.0,0,0.0,0.0
mule88684@okicici,0.0,0,0.0,0.0
mule88719@axl,0.0,0,0.0,0.0
mule88721@okicici,0.0,0,0.0,0.0
mule88746@axl,0.0,0,0.0,0.0
mule88792@okicici,0.0,0,0.0,0.0
mule88911@oksbi,0.0,0,0.0,0.0
mule88921@ybl,0.0,0,0.0,0.0
mule88934@okhdfcbank,0.0,0,0.0,0.0
mule88945@okhdfcbank,0.0,0,0.0,0.0
mule88949@ybl,0.0,0,0.0,0.0
mule89085@okicici,0.0,0,0.0,0.0
mule89099@oksbi,0.0,0,0.0,0.0
mule8913@okicici,0.0,0,0.0,0.0
mule89144@okicici,0.0,0,0.0,0.0
mule89150@ybl,0.0,0,0.0,0.0
mule89159@paytm,0.0,0,0.0,0.0
mule89176@axl,0.0,0,0.0,0.0
mule89184@paytm,0.0,0,0.0,0.0
mule89215@axl,0.0,0,0.0,0.0
mule89216@okhdfcbank,0.0,0,0.0,0.0
mule89282@oksbi,0.0,0,0.0,0.0
mule89313@okicici,0.0,0,0.0,0.0
mule89324@paytm,0.0,0,0.0,0.0
mule89331@okicici,0.0,0,0.0,0.0
mule89338@ybl,0.0,0,0.0,0.0
mule89376@oksbi,0.0,0,0.0,0.0
mule89452@ybl,0.0,0,0.0,0.0
mule89590@paytm,0.0,0,0.0,0.0
mule8970@ybl,0.0,0,0.0,0.0
mule89752@okhdfcbank,0.0,0,0.0,0.0
mule89784@oksbi,0.0,0,0.0,0.0
mule89961@oksbi,0.0,0,0.0,0.0
mule89996@okhdfcbank,0.0,0,0.0,0.0
mule90010@okhdfcbank,0.0,0,0.0,0.0
mule9002@oksbi,0.0,0,0.0,0.0
mule90031@okhdfcbank,0.0,0,0.0,0.0
mule90077@okicici,0.5,1,74827.42,149654.84
mule90138@oksbi,0.0,0,0.0,0.0
mule90189@oksbi,0.0,0,0.0,0.0
mule9018@paytm,0.0,0,0.0,0.0
mule90219@okhdfcbank,0.0,0,0.0,0.0
mule90272@ybl,0.0,0,0.0,0.0
mule9032@ybl,0.0,0,0.0,0.0
mule9034@oksbi,0.0,0,0.0,0.0
mule90368@ybl,0.0,0,0.0,0.0
mule90406@ybl,0.0,0,0.0,0.0
mule90512@okicici,0.0,0,0.0,0.0
mule90583@axl,0.0,0,0.0,0.0
mule90621@okhdfcbank,0.0,0,0.0,0.0
mule9062@paytm,0.0,0,0.0,0.0
mule90750@paytm,0.0,0,0.0,0.0
mule90823@okicici,0.5,1,30943.27,61886.54
mule90847@axl,0.0,0,0.0,0.0
mule90887@paytm,0.0,0,0.0,0.0
mule9089@axl,0.0,0,0.0,0.0
mule90985@ybl,0.0,0,0.0,0.0
mule90998@okicici,0.0,0,0.0,0.0
mule91002@axl,0.0,0,0.0,0.0
mule91031@okicici,0.0,0,0.0,0.0
mule91044@okicici,0.0,0,0.0,0.0
mule91055@axl,0.0,0,0.0,0.0
mule91145@okicici,0.0,0,0.0,0.0
mule91170@paytm,0.0,0,0.0,0.0
mule9126@okhdfcbank,0.0,0,0.0,0.0
mule91277@okhdfcbank,0.0,0,0.0,0.0
mule91309@axl,0.0,0,0.0,0.0
mule91361@oksbi,0.0,0,0.0,0.0
mule91399@ybl,0.0,0,0.0,0.0
mule91469@oksbi,0.0,0,0.0,0.0
mule91513@okicici,0.0,0,0.0,0.0
mule91667@oksbi,0.0,0,0.0,0.0
mule91678@paytm,0.0,0,0.0,0.0
mule91769@okhdfcbank,0.0,0,0.0,0.0
mule91778@okhdfcbank,0.0,0,0.0,0.0
mule91787@ybl,0.0,0,0.0,0.0
mule91814@axl,0.0,0,0.0,0.0
mule91859@paytm,0.0,0,0.0,0.0
mule92008@okhdfcbank,0.0,0,0.0,0.0
mule92049@axl,0.0,0,0.0,0.0
mule92058@ybl,0.0,0,0.0,0.0
mule92096@paytm,0.0,0,0.0,0.0
mule92116@okhdfcbank,0.0,0,0.0,0.0
mule92208@oksbi,0.0,0,0.0,0.0
mule92220@axl,0.0,0,0.0,0.0
mule92353@paytm,0.0,0,0.0,0.0
mule92356@okhdfcbank,0.0,0,0.0,0.0
mule92659@axl,0.0,0,0.0,0.0
mule92660@axl,0.0,0,0.0,0.0
mule92699@okicici,0.0,0,0.0,0.0
mule92701@ybl,0.0,0,0.0,0.0
mule92708@paytm,0.0,0,0.0,0.0
mule92766@paytm,0.0,0,0.0,0.0
mule92801@oksbi,0.0,0,0.0,0.0
mule92956@ybl,0.0,0,0.0,0.0
mule92974@okhdfcbank,0.0,0,0.0,0.0
mule93016@axl,0.0,0,0.0,0.0
mule93075@oksbi,0.0,0,0.0,0.0
mule93095@axl,0.0,0,0.0,0.0
mule93155@okicici,0.0,0,0.0,0.0
mule93168@paytm,0.0,0,0.0,0.0
mule9317@ybl,0.0,0,0.0,0.0
mule93224@paytm,0.0,0,0.0,0.0
mule93289@okhdfcbank,0.0,0,0.0,0.0
mule93293@okicici,0.0,0,0.0,0.0
mule93299@okicici,0.0,0,0.0,0.0
mule93336@okhdfcbank,0.0,0,0.0,0.0
mule93392@axl,0.0,0,0.0,0.0
mule93393@okhdfcbank,0.0,0,0.0,0.0
mule93420@okicici,0.0,0,0.0,0.0
mule93463@oksbi,0.0,0,0.0,0.0
mule93541@ybl,0.0,0,0.0,0.0
mule93632@okicici,0.0,0,0.0,0.0
mule93635@oksbi,0.0,0,0.0,0.0
mule93637@ybl,0.0,0,0.0,0.0
mule9367@okicici,0.0,0,0.0,0.0
mule93734@oksbi,0.0,0,0.0,0.0
mule93759@okicici,0.0,0,0.0,0.0
mule93781@ybl,0.0,0,0.0,0.0
mule93817@oksbi,0.0,0,0.0,0.0
mule93823@paytm,0.0,0,0.0,0.0
mule93827@axl,0.0,0,0.0,0.0
mule93843@paytm,0.0,0,0.0,0.0
mule93912@axl,0.0,0,0.0,0.0
mule93975@okhdfcbank,0.0,0,0.0,0.0
mule93976@okicici,0.0,0,0.0,0.0
mule94003@okhdfcbank,0.0,0,0.0,0.0
mule94026@okhdfcbank,0.0,0,0.0,0.0
mule94096@paytm,0.0,0,0.0,0.0
mule94117@okicici,0.0,0,0.0,0.0
mule94135@axl,0.0,0,0.0,0.0
mule94169@ybl,0.0,0,0.0,0.0
mule94173@paytm,0.0,0,0.0,0.0
mule9423@axl,0.0,0,0.0,0.0
mule94322@oksbi,0.0,0,0.0,0.0
mule94379@axl,0.0,0,0.0,0.0
mule94491@okicici,0.0,0,0.0,0.0
mule94503@okicici,0.0,0,0.0,0.0
mule94542@ybl,0.0,0,0.0,0.0
mule94590@okhdfcbank,0.0,0,0.0,0.0
mule94667@oksbi,0.0,0,0.0,0.0
mule94715@okhdfcbank,0.0,0,0.0,0.0
mule94717@okhdfcbank,0.0,0,0.0,0.0
mule94778@oksbi,0.0,0,0.0,0.0
mule94792@ybl,0.0,0,0.0,0.0
mule94861@ybl,0.0,0,0.0,0.0
mule95057@paytm,0.0,0,0.0,0.0
mule95135@axl,0.0,0,0.0,0.0
mule95243@oksbi,0.0,0,0.0,0.0
mule95247@okhdfcbank,0.0,0,0.0,0.0
mule95257@oksbi,0.0,0,0.0,0.0
mule95346@okicici,0.0,0,0.0,0.0
mule95360@okicici,0.0,0,0.0,0.0
mule95377@paytm,0.0,0,0.0,0.0
mule95403@oksbi,0.5,1,31255.44,62510.88
mule95435@paytm,0.0,0,0.0,0.0
mule95453@oksbi,0.0,0,0.0,0.0
mule95480@okicici,0.0,0,0.0,0.0
mule9554@axl,0.0,0,0.0,0.0
mule95629@oksbi,0.0,0,0.0,0.0
mule95694@paytm,0.0,0,0.0,0.0
mule95704@okicici,0.0,0,0.0,0.0
mule95744@oksbi,0.0,0,0.0,0.0
mule95761@axl,0.0,0,0.0,0.0
mule95781@oksbi,0.0,0,0.0,0.0
mule95831@okicici,0.0,0,0.0,0.0
mule95837@ybl,0.0,0,0.0,0.0
mule95880@axl,0.0,0,0.0,0.0
mule96013@okhdfcbank,0.0,0,0.0,0.0
mule9602@ybl,0.0,0,0.0,0.0
mule96072@okhdfcbank,0.0,0,0.0,0.0
mule96094@okhdfcbank,0.0,0,0.0,0.0
mule9615@okhdfcbank,0.0,0,0.0,0.0
mule9620@ybl,0.0,0,0.0,0.0
mule96230@paytm,0.0,0,0.0,0.0
mule96236@oksbi,0.0,0,0.0,0.0
mule96249@okhdfcbank,0.0,0,0.0,0.0
mule96259@ybl,0.0,0,0.0,0.0
mule96282@okicici,0.0,0,0.0,0.0
mule96298@paytm,0.0,0,0.0,0.0
mule9630@ybl,0.0,0,0.0,0.0
mule96319@ybl,0.0,0,0.0,0.0
mule96396@okhdfcbank,0.0,0,0.0,0.0
mule96418@ybl,0.0,0,0.0,0.0
mule9645@oksbi,0.0,0,0.0,0.0
mule96469@ybl,0.0,0,0.0,0.0
mule96473@axl,0.0,0,0.0,0.0
mule96552@okicici,0.0,0,0.0,0.0
mule96621@oksbi,0.0,0,0.0,0.0
mule96682@okhdfcbank,0.0,0,0.0,0.0
mule96732@paytm,0.0,0,0.0,0.0
mule96745@oksbi,0.0,0,0.0,0.0
mule96775@okicici,0.0,0,0.0,0.0
mule9678@ybl,0.0,0,0.0,0.0
mule96806@okicici,0.0,0,0.0,0.0
mule96833@okicici,0.0,0,0.0,0.0
mule96880@okhdfcbank,0.0,0,0.0,0.0
mule97001@oksbi,0.0,0,0.0,0.0
mule97015@okhdfcbank,0.0,0,0.0,0.0
mule97112@ybl,0.0,0,0.0,0.0
mule97129@okhdfcbank,0.0,0,0.0,0.0
mule97196@okicici,0.0,0,0.0,0.0
mule97211@okicici,0.0,0,0.0,0.0
mule97218@paytm,0.0,0,0.0,0.0
mule97223@okicici,0.0,0,0.0,0.0
mule97288@ybl,0.0,0,0.0,0.0
mule97294@okhdfcbank,0.0,0,0.0,0.0
mule97302@ybl,0.0,0,0.0,0.0
mule97330@okhdfcbank,0.0,0,0.0,0.0
mule97369@axl,0.0,0,0.0,0.0
mule97430@paytm,0.0,0,0.0,0.0
mule97456@axl,0.0,0,0.0,0.0
mule97475@okhdfcbank,0.0,0,0.0,0.0
mule97488@okicici,0.0,0,0.0,0.0
mule97494@axl,0.0,0,0.0,0.0
mule97503@okicici,0.0,0,0.0,0.0
mule9753@oksbi,0.0,0,0.0,0.0
mule97572@okhdfcbank,0.0,0,0.0,0.0
mule97617@paytm,0.0,0,0.0,0.0
mule97629@axl,0.0,0,0.0,0.0
mule97632@axl,0.0,0,0.0,0.0
mule97684@paytm,0.0,0,0.0,0.0
mule97769@okicici,0.0,0,0.0,0.0
mule97864@oksbi,0.0,0,0.0,0.0
mule9786@okhdfcbank,0.0,0,0.0,0.0
mule97888@axl,0.0,0,0.0,0.0
mule97893@okicici,0.0,0,0.0,0.0
mule97945@ybl,0.0,0,0.0,0.0
mule97960@okicici,0.0,0,0.0,0.0
mule98003@oksbi,0.0,0,0.0,0.0
mule98029@ybl,0.0,0,0.0,0.0
mule98069@okhdfcbank,0.0,0,0.0,0.0
mule98081@paytm,0.0,0,0.0,0.0
mule98106@okicici,0.0,0,0.0,0.0
mule98115@oksbi,0.0,0,0.0,0.0
mule98122@axl,0.0,0,0.0,0.0
mule98228@axl,0.0,0,0.0,0.0
mule98245@ybl,0.0,0,0.0,0.0
mule98250@axl,0.0,0,0.0,0.0
mule98258@paytm,0.0,0,0.0,0.0
mule98281@oksbi,0.0,0,0.0,0.0
mule98311@paytm,0.0,0,0.0,0.0
mule98354@okicici,0.0,0,0.0,0.0
mule98397@oksbi,0.0,0,0.0,0.0
mule98407@oksbi,0.0,0,0.0,0.0
mule98409@okhdfcbank,0.0,0,0.0,0.0
mule98537@paytm,0.0,0,0.0,0.0
mule98608@axl,0.0,0,0.0,0.0
mule98658@oksbi,0.0,0,0.0,0.0
mule98711@paytm,0.0,0,0.0,0.0
mule98737@okicici,0.0,0,0.0,0.0
mule98800@okhdfcbank,0.0,0,0.0,0.0
mule99026@okhdfcbank,0.0,0,0.0,0.0
mule9903@oksbi,0.0,0,0.0,0.0
mule99089@okhdfcbank,0.0,0,0.0,0.0
mule9910@axl,0.0,0,0.0,0.0
mule99112@oksbi,0.0,0,0.0,0.0
mule99129@oksbi,0.0,0,0.0,0.0
mule99137@oksbi,0.0,0,0.0,0.0
mule99173@okicici,0.0,0,0.0,0.0
mule99183@okicici,0.0,0,0.0,0.0
mule99228@okhdfcbank,0.0,0,0.0,0.0
mule9925@axl,0.0,0,0.0,0.0
mule9927@okicici,0.0,0,0.0,0.0
mule9934@ybl,0.0,0,0.0,0.0
mule99414@okicici,0.0,0,0.0,0.0
mule99452@axl,0.0,0,0.0,0.0
mule99497@axl,0.0,0,0.0,0.0
mule99512@okicici,0.0,0,0.0,0.0
mule9954@ybl,0.0,0,0.0,0.0
mule99559@okicici,0.0,0,0.0,0.0
mule99584@ybl,0.0,0,0.0,0.0
mule99674@axl,0.0,0,0.0,0.0
mule99783@ybl,0.0,0,0.0,0.0
mule99785@ybl,0.0,0,0.0,0.0
mule99803@paytm,0.0,0,0.0,0.0
mule99816@ybl,0.0,0,0.0,0.0
mule99843@oksbi,0.0,0,0.0,0.0
mule9992@oksbi,0.0,0,0.0,0.0
mule99932@okhdfcbank,0.0,0,0.0,0.0
mule99968@okhdfcbank,0.0,0,0.0,0.0
mule9997@okhdfcbank,0.0,0,0.0,0.0
