sender_upi,amount_mean,amount_std,txn_count
user10001@paytm,2965.356470588235,6602.626935490281,17
user10004@oksbi,29962.86411764706,60911.98394240036,17
user10018@ybl,6571.895882352941,11826.069389035743,17
user1002@okhdfcbank,12001.627142857144,18725.435810455347,14
user10032@axl,3257.5271428571427,7078.24092619001,14
user10045@oksbi,26759.991904761904,54464.519665560125,21
user10046@okicici,5926.395882352941,10830.977343449355,17
user10066@paytm,2795.378333333333,6422.408028157673,18
user10074@oksbi,11704.052222222223,18120.26767241119,18
user10076@paytm,679.6069230769231,1111.4560166465176,13
user10077@axl,24108.148,38235.25436442098,10
user10078@paytm,6202.423333333333,11214.652890317204,9
user10079@axl,4163.985333333333,11249.689802256687,15
user10088@axl,32294.946428571428,58160.343843248695,14
user10095@okicici,12871.984375,29199.365378274684,16
user10107@okicici,5603.636363636364,8977.346496115957,11
user10107@paytm,6107.62125,14091.859719427119,8
user10108@paytm,8999.14318181818,22550.17763234385,22
user10110@okhdfcbank,22501.381428571425,45721.22661544667,14
user10111@axl,8561.983333333332,15928.0954427558,15
user10111@oksbi,5307.0623076923075,8510.576824366992,13
user10114@ybl,3639.142,8306.527774393662,10
user10121@oksbi,11719.571875,20166.23288033546,16
user10130@axl,7394.665384615384,12489.81480217422,13
user1015@okhdfcbank,21006.653,40406.38948978492,10
user10168@oksbi,33959.58142857143,56642.9323268095,14
user10171@oksbi,2564.8068749999998,7463.52362042998,16
user10184@ybl,8603.071764705883,12701.840226146975,17
user10190@okicici,12147.151764705883,40233.14418681074,17
user10190@paytm,13722.420869565218,36383.369009744485,23
user10196@axl,5379.385454545454,14198.780250565444,11
user10200@paytm,17339.835000000003,37934.67566336465,6
user10215@axl,4136.264999999999,9916.895997566478,14
user10221@oksbi,6786.015333333334,12486.553066357805,15
user10228@axl,11010.491764705881,32068.393307704122,17
user10230@okicici,3788.094,6434.077278771561,10
user10244@paytm,13164.827000000001,39621.43402980422,20
user10247@oksbi,2879.505,6915.939460531347,14
user10256@ybl,11721.722500000002,18067.520760077197,12
user10265@okhdfcbank,7378.515454545454,12855.817321048371,11
user10268@paytm,10069.608333333334,30014.969869705117,12
user10269@axl,25390.555384615385,50096.32045722364,13
user10275@okhdfcbank,1183.696923076923,1441.7791118289965,13
user10277@oksbi,2785.486470588235,7815.529186612175,17
user10283@okhdfcbank,17510.469,37736.565885201366,10
user1028@okicici,6244.240833333333,12653.47847308073,12
user10290@axl,18763.81583333333,45510.77809228859,12
user10290@okhdfcbank,4463.988888888889,8166.562302939108,9
user10304@axl,6635.772857142858,16806.632376750003,21
user10304@paytm,5340.8045,12925.779563798067,20
user10308@axl,31727.703125,64401.13584351637,16
user10327@okhdfcbank,5239.902,15706.571238490384,10
user10336@axl,2458.073636363636,4049.236381781812,11
user10337@oksbi,18147.823636363635,37710.44155014159,11
user10340@paytm,19281.807647058824,38513.66823328984,17
user10343@oksbi,12104.899333333333,35993.92958147595,15
user10344@okicici,19929.298125,42256.81046704531,16
user10346@paytm,6237.856111111111,13180.25249919972,18
user10348@paytm,929.9825000000001,1051.1083107681668,12
user10359@ybl,10394.896499999999,32674.762959614607,20
user1036@axl,2012.6384615384616,1809.467242076362,13
user10372@axl,3705.3250000000003,6168.840706232411,6
user1037@paytm,635.2541666666667,946.0436768166136,12
user10386@axl,8773.672222222223,20331.294615782448,9
user10387@oksbi,10175.633333333333,16112.980898254526,12
user10394@okhdfcbank,3528.59375,9423.617943483334,8
user10395@axl,11569.180000000002,36695.609317481234,14
user10399@ybl,20043.598,50109.52429624483,10
user10415@ybl,1634.81,3126.9549236477646,9
user10416@oksbi,14388.65,34755.60125510764,11
user10417@oksbi,15000.742857142857,39281.489118263686,14
user10422@oksbi,1309.876,1769.824436153045,10
user10425@ybl,48374.39,96264.67014627365,4
user10435@okhdfcbank,38248.94166666667,65454.18782863323,12
user10435@oksbi,18564.009285714284,21571.58892057309,14
user10435@paytm,12702.657894736842,37770.961001440366,19
user10436@ybl,1122.2336363636364,1610.2514216250377,11
user10446@ybl,7966.7108333333335,15363.797040064053,12
user1045@okicici,14055.272500000001,38216.54565806011,8
user10460@oksbi,13053.835882352942,47296.00588032817,17
user10465@okhdfcbank,14751.421333333334,23785.010673837616,15
user10465@okicici,11605.838,24541.57236195341,10
user10470@ybl,24743.101052631577,62154.39825429321,19
user10471@ybl,18782.114375,35202.62473336422,16
user10472@paytm,6765.048,13010.058456706569,20
user10474@oksbi,3145.165,8397.389549616688,14
user10475@paytm,17830.148999999998,34488.972687858986,20
user10476@axl,5399.5488888888885,8079.972844096453,9
user10479@paytm,15884.560666666666,35277.206064485785,15
user10486@paytm,5458.5707142857145,11963.826371362109,14
user1048@axl,2253.331111111111,6265.877898368076,18
user10490@okhdfcbank,5167.2975,9840.904529359295,8
user10491@oksbi,3893.402352941176,7221.475105391842,17
user10491@ybl,22125.964666666663,44940.55497152733,15
user10493@okicici,41621.056666666664,63715.336933042,6
user10496@oksbi,8303.47625,15628.923473503439,8
user10503@ybl,14035.832999999999,26601.16446469926,10
user10505@okhdfcbank,10435.763333333334,26309.58517044915,18
user10516@axl,1152.9877777777776,1542.4559844632636,18
user10528@axl,14511.709230769231,47794.27875608883,13
user10540@axl,3858.102105263158,9358.84892643177,19
user10557@ybl,12549.365,22565.700493090073,12
user1055@axl,9753.037,20403.939718634603,20
user1055@oksbi,1981.0727777777777,2155.7774445423893,18
user10569@okicici,13364.41,23906.753229681613,27
user1056@paytm,9292.74,14027.868148765869,16
user10583@ybl,4670.0779999999995,13511.684311237028,10
user10587@oksbi,11647.983783783782,26277.37649072533,37
user10589@okicici,5445.749000000001,14524.008831821615,10
user10596@paytm,31179.54411764706,58784.47704920961,17
user10596@ybl,20001.32777777778,36554.257000753496,18
user1060@axl,5220.11,11379.717942782017,9
user1060@ybl,3010.3135714285713,4456.971917476996,14
user10615@oksbi,10639.661875,33909.5061504122,16
user10617@paytm,11566.019999999999,32670.819669492717,17
user10628@ybl,10928.847499999998,15212.818574116503,12
user10637@paytm,7034.906111111111,14907.898065990998,18
user10638@ybl,22828.578333333335,40902.92018294584,18
user10649@paytm,7103.122222222222,15645.463322120515,18
user10662@axl,4893.63875,9454.046787815168,16
user1066@okhdfcbank,11026.204399999999,39697.28439745659,25
user10677@axl,18538.957333333332,43371.72125462206,15
user10677@okhdfcbank,14200.372142857143,34796.23228964069,14
user10686@oksbi,9575.359999999999,14553.907061312893,10
user10692@okicici,5741.07,13881.289736556771,12
user10695@oksbi,8553.635384615383,19286.549716867718,13
user10705@okicici,4070.9150000000004,9420.884684943825,12
user10715@ybl,7574.514,9816.580132588833,10
user10716@okicici,5599.317142857143,10258.529732081815,14
user10718@axl,7400.9075,14168.112687322078,12
user10719@paytm,34780.41,53809.02896515912,16
user10726@axl,14835.30705882353,25091.794852210594,17
user10745@oksbi,11634.009285714286,17596.20091837591,14
user1074@axl,26669.26285714286,53389.205689997136,14
user10752@okhdfcbank,13940.16076923077,19926.766994713194,13
user10752@okicici,1796.1100000000001,3179.0345754877635,16
user10759@okicici,35633.15928571428,93376.46079396928,14
user10764@okhdfcbank,3918.1775,10633.537039965177,12
user10777@axl,29787.153333333335,62376.32979088081,9
user10777@ybl,12148.873684210526,34719.929272793146,19
user1077@paytm,12508.59,32721.23787716599,18
user10795@ybl,9472.787647058823,15981.217431539177,17
user10797@okicici,1605.6661538461537,1811.9318477780305,13
user10823@okhdfcbank,2646.0575,4421.006260016733,8
user10824@paytm,20109.044285714284,40365.87679367638,7
user10833@axl,13121.353636363636,15766.222893377013,11
user10834@oksbi,16300.137000000002,44003.773762896,10
user10837@okhdfcbank,14830.29818181818,24118.375378264936,11
user10847@paytm,11538.887777777776,15118.547989367049,9
user10852@paytm,36332.17545454545,65384.47802920283,11
user10854@okhdfcbank,30162.91066666667,78926.86317964396,15
user10860@paytm,13196.983529411766,39550.245353916565,17
user10862@oksbi,14227.369375,46215.12276926439,16
user10865@axl,10122.5,27933.094145047435,13
user10866@okhdfcbank,10124.654444444444,28941.61175467442,18
user10873@axl,16460.397222222222,38171.64488764276,18
user10884@okicici,15852.898181818182,44943.80432964834,11
user10885@ybl,9127.487500000001,15760.621599728822,12
user10903@oksbi,13742.83375,37266.61344602017,16
user10915@okhdfcbank,18827.02090909091,31978.61669688933,11
user10916@ybl,12834.737692307692,15941.092127088383,13
user10921@axl,23297.40823529412,48994.01021957432,17
user10927@ybl,17902.351428571426,43904.93361986744,14
user10930@ybl,1310.1577777777777,1630.0503574336115,9
user10941@ybl,19699.8175,50076.65616198631,12
user10943@okhdfcbank,16490.276363636363,38816.11072541468,22
user10956@paytm,2097.2676470588235,3421.3271723238654,17
user10964@axl,14878.396,28539.803704505597,15
user10967@axl,3025.831875,9108.214482430842,16
user10969@paytm,12728.46391304348,22847.48455072974,23
user10972@paytm,2550.2228571428573,5995.097099194959,14
user10982@okicici,3669.7239999999997,7484.69806862894,10
user10984@oksbi,26946.24375,53420.086941768,16
user11014@okhdfcbank,7628.015714285714,25506.69333864159,14
user11024@okicici,1455.6085714285714,1626.5298702114603,14
user11057@paytm,25285.977692307693,55986.65856721062,13
user11058@okicici,7884.12,14318.074572440413,18
user11060@axl,3472.3128571428574,3119.6736635836032,7
user11068@paytm,1514.9153333333334,1350.212210135168,15
user11073@okicici,20454.77625,33726.28853251716,16
user11082@okhdfcbank,12759.935833333335,30919.817884438235,12
user11095@oksbi,15859.368235294118,30429.516574748446,17
user11100@oksbi,20171.858125,44840.36314023966,16
user11103@axl,10502.257058823528,32240.819462974796,17
user11106@okhdfcbank,14119.205294117646,24582.98899218119,17
user11129@ybl,6870.632631578947,12349.430944558108,19
user1112@okhdfcbank,2793.8584210526315,7046.610813094054,19
user11131@oksbi,17040.223529411764,36256.23151387357,17
user11142@okhdfcbank,36419.33857142857,63491.086608746744,7
user11143@axl,12085.01923076923,26241.02543135191,13
user11150@okicici,1767.9005555555555,3253.557232867855,18
user1117@paytm,16549.833333333332,36063.15854544331,15
user11195@axl,4317.439166666666,9529.361675885038,12
user11196@paytm,25790.320666666667,65172.12884126393,15
user11204@okicici,14393.308750000002,38192.649262789804,16
user11207@okhdfcbank,14669.741176470588,19141.92469714053,17
user11207@okicici,5125.1577777777775,10573.123861010492,9
user11208@okicici,16305.986666666668,35915.789703625116,18
user11211@axl,16565.170714285716,29026.47167439497,14
user11220@okicici,12698.065882352943,31665.855127058006,17
user11222@paytm,3021.683157894737,6112.321672551684,19
user11225@okicici,10805.15090909091,15897.006514228053,11
user11234@okhdfcbank,14546.148461538462,29539.55154176652,13
user11258@ybl,7174.037058823529,12034.150312775391,17
user11265@ybl,16418.094444444447,39507.09432657994,18
user11267@okicici,8353.31375,12154.161416857398,16
user1126@ybl,37645.3675,62968.43527420879,8
user11278@ybl,7477.07,10993.022979489208,10
user11283@axl,9229.271818181818,17016.645618867908,11
user11292@okhdfcbank,1802.6233333333332,3416.7143732075897,21
user11293@okicici,7539.5192307692305,15209.578633632196,13
user11304@axl,1015.2616666666668,1487.0512694519946,12
user11310@axl,7121.613333333333,18483.559292908358,18
user11313@okicici,7079.341818181818,13798.274651774269,11
user11315@ybl,9963.457142857142,14547.755145919846,14
user11326@okhdfcbank,5233.015833333333,13101.816354641589,12
user1132@oksbi,7693.1925,14630.97491268708,8
user11335@oksbi,6993.179166666666,14036.758128424135,12
user11336@oksbi,18381.13,36317.78312762082,11
user11345@okicici,9212.353500000001,15027.121352838663,20
user11345@oksbi,10562.166,29214.071226653487,15
user11350@okhdfcbank,16276.843333333332,33464.0279273231,12
user11355@okicici,38041.54000000001,108457.32341444079,15
user11358@ybl,9496.582307692308,17814.618737914916,13
user11360@paytm,32085.525454545455,45851.80909878657,11
user11367@paytm,12411.806666666667,15567.846479928092,15
user1136@paytm,4900.1675000000005,11454.969509184213,16
user11377@axl,13807.473333333333,29914.78072010788,15
user11382@okicici,13177.931333333334,34584.83060288321,15
user11386@okicici,7119.975,14724.616143031632,10
user1138@ybl,8026.573333333334,12168.547269534683,9
user11391@paytm,17163.769,34668.29179643735,20
user11395@paytm,2941.592727272727,6290.0348183282595,11
user11400@paytm,12640.624117647058,27240.749695856404,17
user11402@okhdfcbank,1277.2392307692307,1522.514291615799,13
user11411@ybl,7460.71,13228.28081319262,11
user11416@axl,550.1757142857143,548.2152075278788,14
user11435@ybl,16786.934,48890.40414630989,10
user11442@okhdfcbank,1032.41375,1751.1225688841305,8
user11447@paytm,8377.028421052632,14956.107083231276,19
user11449@okhdfcbank,14542.923636363634,37471.34388072231,11
user11450@okhdfcbank,16512.513846153844,49835.24358488872,13
user11451@paytm,1862.1200000000001,1702.7380974379666,7
user11478@paytm,8140.867619047619,11633.891977136842,21
user11481@okicici,20306.280000000002,51327.88483200197,15
user11482@okicici,7124.822999999999,12651.032850988053,10
user11487@axl,27969.771111111113,64188.743257096576,9
user11488@paytm,14642.719230769231,37689.468836995315,13
user1148@okhdfcbank,8626.926923076924,25104.70577604406,13
user11492@axl,20239.83083333333,55338.641635332315,12
user11492@okhdfcbank,18717.526,28968.952961765266,15
user11503@paytm,8634.405833333332,14430.167766243594,12
user11510@okhdfcbank,5975.129411764706,12077.504196101254,17
user11514@okhdfcbank,15104.37,45155.79358158597,16
user11516@ybl,8723.944705882353,32560.434222685264,17
user11523@paytm,18404.013846153844,35962.142677333046,13
user11526@okhdfcbank,14809.891333333333,44795.98362503095,15
user11528@okicici,11217.4725,22138.622982415596,16
user11529@ybl,12753.497272727273,25396.332159199323,11
user11532@oksbi,2481.3976923076925,4128.458967704442,13
user11537@axl,6015.174285714286,13105.888480974858,14
user1153@axl,13507.013333333332,30094.413172028148,18
user11547@ybl,21156.01,44904.39429040349,10
user11553@paytm,15104.534666666666,25607.13108045069,15
user1155@axl,20132.164545454547,35253.55590540034,11
user11561@okhdfcbank,4832.335,5505.146742565845,10
user11564@ybl,5614.091999999999,12178.667081572321,10
user11567@okhdfcbank,4822.092666666666,9775.201067416514,15
user11578@ybl,16251.028,39752.607123766684,15
user11588@ybl,10330.730714285715,15867.901534153523,14
user11589@axl,7926.297222222222,18769.53082273684,18
user11599@axl,2768.6575000000003,7580.671305897076,20
user1159@okicici,5050.165333333334,10669.736885296434,15
user11616@paytm,5350.7235294117645,13116.183679510183,17
user11619@okicici,17278.66933333333,39448.219265419226,15
user11625@paytm,20893.948,37013.98788360729,20
user11627@okicici,6388.425,11778.918470365461,10
user1162@axl,5679.367,15133.486828233348,10
user11634@ybl,1668.2545454545455,1598.7191614624733,11
user11635@paytm,13112.631428571429,18569.392148593546,7
user11638@ybl,1845.5972727272726,1767.9700732879553,11
user1163@paytm,31632.170666666665,59141.55859735189,15
user11647@okicici,19358.762777777778,45065.3245391782,18
user11651@okhdfcbank,17046.36076923077,33190.12110509955,13
user11652@okhdfcbank,2759.2691666666665,4173.726694032692,12
user11655@axl,12881.223333333333,21756.823122998507,12
user11681@axl,9283.132926829268,15460.581314062581,41
user11683@ybl,24212.528333333335,45102.50029968468,6
user11686@paytm,7526.631666666666,15748.50783769361,18
user11692@oksbi,5311.972,9607.914373423906,15
user11699@ybl,12936.644,19854.851525763457,15
user11702@okhdfcbank,12481.083846153846,35796.83699234625,13
user11703@okicici,1431.0311764705884,3543.5216196548076,17
user11707@paytm,8312.842105263158,14526.666272949582,19
user11715@ybl,20461.35166666667,34274.44387861413,12
user11725@paytm,19175.282857142858,37615.62809522217,14
user11728@okhdfcbank,6829.090833333335,14086.812818194354,12
user11729@ybl,4534.237272727273,11042.382959944915,11
user11737@okicici,8967.780714285715,24322.59350243386,14
user11748@axl,5896.131764705882,11880.005933889635,17
user11749@paytm,15926.177999999998,31149.165845770985,15
user1174@ybl,14198.061333333335,39832.93166108466,15
user11750@okicici,11308.975263157896,43422.74188065632,19
user11751@axl,3547.029,5091.341623624803,10
user11754@ybl,4412.955384615385,11609.477678378138,13
user11756@okicici,20647.08454545455,44680.54738707783,11
user11763@axl,9595.387499999999,12759.198898367686,8
user11770@okhdfcbank,22456.241111111114,54519.615382482174,9
user11775@axl,8454.77,15383.096806516975,12
user11778@okhdfcbank,7884.266470588235,13108.204085743851,17
user11785@oksbi,20051.87,33381.372942498296,15
user11789@axl,10293.836000000001,32749.70061154318,15
user1178@oksbi,22878.775,47713.98890996009,20
user11794@axl,9786.772631578948,19637.13381878488,19
user11799@paytm,11100.077333333333,23326.51644297979,15
user11800@paytm,1858.988333333333,2023.9239884088202,6
user11805@okhdfcbank,1778.109,2087.3382965471174,10
user11807@oksbi,16303.908333333331,49252.97212623542,12
user11808@oksbi,19706.269999999997,46245.62032784577,14
user11816@okhdfcbank,11132.947647058825,24034.50512340579,17
user11828@paytm,2717.28625,4174.561499989934,8
user11839@oksbi,24582.940000000002,51310.039206905276,15
user11844@oksbi,1784.18375,1400.5745123130976,8
user11846@axl,15207.032727272726,34468.57995719611,11
user11846@ybl,1252.648888888889,1589.8732650233826,9
user11857@ybl,7794.0325,16317.106265390279,12
user11860@paytm,6902.677500000001,13280.378837282758,12
user11878@okicici,11959.786521739128,26703.65375178828,23
user11886@okicici,6719.394666666666,13668.814730081685,15
user11892@ybl,8069.588500000001,14297.990999544132,20
user11916@axl,11782.683333333332,27295.807172115718,15
user11922@okhdfcbank,8675.596923076922,17519.95748153059,13
user11929@axl,13065.125,17579.42003554535,16
user1192@okicici,2978.306363636363,8085.919881907404,11
user11931@ybl,5891.155333333333,11822.338344928014,15
user1193@ybl,48303.26909090909,81586.25589779156,11
user11940@okicici,4271.7,8444.64781726864,9
user11954@axl,18549.800000000003,42749.26533082376,14
user11956@okicici,10988.542608695652,16194.45040343597,23
user11965@axl,12613.672999999999,18180.548308224643,10
user11966@okicici,16727.620666666666,41638.86934472104,15
user11973@okhdfcbank,15217.856363636361,18268.17367892164,11
user11974@ybl,6957.179999999999,14013.906028434756,13
user11975@okhdfcbank,21463.19272727273,55373.79493760295,11
user11976@okhdfcbank,8752.599999999999,15232.786439284413,18
user11983@okhdfcbank,195.55499999999998,119.38556910280236,6
user11985@axl,6311.68875,10206.682119906793,16
user12002@ybl,7328.42411764706,14052.705332755353,17
user12005@axl,3381.5443749999995,9003.798085609551,16
user12009@okicici,7712.930555555556,14562.717976939071,18
user12017@axl,16816.666,50727.38463341118,15
user12023@paytm,10407.528235294118,18029.68978035612,17
user12025@okicici,19641.366923076923,31885.213844387283,13
user12033@ybl,15053.923846153844,37747.14323251353,13
user12036@ybl,14229.928333333331,21226.144150817163,12
user1203@paytm,21294.56,54559.33215019865,9
user12046@oksbi,15196.197647058823,39110.38641204765,17
user12049@axl,5661.955000000001,15388.462441160553,12
user12064@ybl,2967.3194444444443,8811.581565345403,18
user1206@ybl,2669.698,6739.519424384798,15
user1207@okicici,10449.044999999998,27549.329532779993,14
user12085@axl,16194.6875,42712.16975949427,12
user12085@oksbi,13073.039375,44505.39544491394,16
user12087@okicici,17803.92846153846,31750.907220297093,13
user12093@okhdfcbank,13178.173333333334,37090.60959972835,12
user12093@paytm,5767.889565217391,11780.496310186318,23
user12094@ybl,16480.143846153846,45731.01834279743,13
user1209@oksbi,5511.32125,6953.833215105048,8
user12108@okicici,6690.582666666667,10631.558665801458,15
user12109@oksbi,5674.50947368421,10730.448345103694,19
user12110@okhdfcbank,44926.064999999995,77594.97998061303,10
user12111@paytm,27524.80222222222,53854.66882662491,9
user12116@okicici,16625.4175,19951.202136185417,12
user12120@okicici,29636.540666666664,54177.209299812916,15
user12122@axl,4267.607272727273,6405.750772201633,11
user12130@ybl,5897.914375,11201.753385050615,16
user12136@axl,19925.298666666666,31328.95501546518,15
user12138@oksbi,3706.7273333333333,7723.473273773425,15
user12151@paytm,6077.937,12570.083193578716,10
user12154@axl,31152.474666666665,57284.17873904675,15
user12156@axl,10712.014,18107.485857421387,10
user12158@paytm,14009.425833333333,32797.53181894151,12
user1215@okicici,6660.4106249999995,16841.637361963934,16
user12161@okicici,20557.65692307692,45573.82645725365,13
user12162@oksbi,12542.191333333332,26937.624539501267,15
user12173@okhdfcbank,4046.497058823529,11178.344519352342,17
user12174@oksbi,13762.276842105264,41629.02524851262,19
user12179@paytm,1623.3746666666668,3551.725283429905,15
user12182@okicici,23173.19125,43232.275600270055,16
user12190@oksbi,5636.641666666666,13666.518687687294,12
user12205@axl,8438.065999999999,15168.999926194778,15
user12211@paytm,17812.234545454547,53371.31736320557,11
user12217@ybl,37386.718888888885,55184.11693305633,18
user12218@okhdfcbank,8490.697647058823,15354.453947292675,17
user12219@ybl,1217.454,1289.6129322673185,10
user12221@axl,2253.84375,1976.5726775473715,8
user12231@okhdfcbank,4592.7185714285715,12715.852640566334,14
user12240@okicici,5173.891111111112,9918.047205399263,18
user12244@oksbi,17035.894,44127.14098420524,15
user12246@okicici,2834.418181818182,6374.0850345172175,11
user12249@ybl,18453.315000000002,49322.34061025326,18
user12254@okicici,15789.825555555557,35255.74279338227,27
user12267@okhdfcbank,10208.863000000001,14826.393541159441,10
user12268@oksbi,17837.123636363634,43849.739245535384,11
user12278@oksbi,5946.91,15553.817533797504,19
user12279@ybl,2251.686666666667,3622.3838913253426,12
user12283@okicici,7563.772999999999,16134.093007147627,10
user1228@okicici,21711.48375,44905.9280107388,8
user12292@okicici,1749.338888888889,1624.8610391910581,18
user12294@ybl,1054.0433333333333,1578.16930579438,12
user1229@ybl,8653.9475,16549.63376709924,12
user12302@okhdfcbank,3216.6144444444444,5475.111661644281,18
user12303@okhdfcbank,4118.68875,8439.071093342542,24
user12308@okicici,2630.5125000000003,6438.593405317832,12
user12314@ybl,8185.603571428571,15845.623363773939,14
user12319@axl,22699.481739130435,48686.88039298851,23
user12322@axl,26651.425000000003,51352.73981773239,12
user12332@axl,4174.4835,10377.786696865305,20
user12338@okhdfcbank,951.732,1399.6935533241349,15
user12340@paytm,1772.9044444444444,1573.8819024795914,9
user12344@ybl,10788.033076923077,23153.237932164906,13
user12345@oksbi,3010.4507692307693,5092.056965874173,13
user12349@axl,7483.665,16142.536843851967,12
user12350@ybl,6263.983125000001,12702.198903574514,16
user12351@paytm,5119.668461538462,10660.110691987713,13
user12353@axl,22753.535,40054.210110136155,16
user12357@okhdfcbank,7264.007777777778,13923.614691196417,18
user1235@paytm,24054.934666666668,48278.846351301116,15
user12360@paytm,16086.826111111111,31495.470732619942,18
user12390@okhdfcbank,11491.532352941176,21758.339112242844,17
user12394@ybl,4647.373636363636,11088.957154938666,11
user12397@axl,4735.055833333333,11595.301739622788,12
user12410@okhdfcbank,4281.98,9420.670617858368,11
user12411@okicici,14518.889230769231,26671.639770261427,13
user12415@okicici,30374.366086956525,104122.91346584256,23
user12419@axl,434.178,707.185934277542,10
user12434@ybl,1674.672,3157.252544781442,10
user12437@axl,5468.856470588235,10319.813841210353,17
user12441@okicici,4338.5925,8218.678080238504,8
user12442@ybl,14474.821818181816,34614.349437582045,11
user1246@okicici,9787.578,18825.230899665716,10
user12485@okicici,16934.22333333333,46290.75055266054,12
user12516@paytm,19763.704210526317,52327.72892586538,19
user12517@okicici,13945.099444444444,30060.219157713575,18
user12519@ybl,20851.811176470586,54994.335673293426,17
user12523@okhdfcbank,7731.210714285714,15502.904234011949,14
user12528@axl,23593.051538461536,52559.26007907802,13
user12534@ybl,5261.34,11525.836573626972,15
user12536@axl,11353.784444444444,20881.157344614017,9
user12539@okicici,27685.102,52833.30619610299,15
user12545@paytm,6098.528571428571,11414.082058225895,7
user12549@okicici,7606.606923076923,15511.313563137492,13
user12555@paytm,6129.314285714286,9071.727451741917,14
user12556@ybl,35167.25928571428,67459.04769029937,14
user1255@okicici,8414.844,24812.252313330246,20
user1255@paytm,11014.478823529413,36192.27068957073,17
user12560@ybl,4695.559285714286,7752.968281799672,14
user12561@ybl,2234.1046153846155,3201.1730822403615,13
user12563@paytm,9675.866875,20452.564264655495,16
user12569@paytm,23834.297777777778,58791.31529893017,9
user12577@oksbi,13525.438571428573,27045.610373189626,14
user12586@oksbi,14303.965625,36403.98526643972,16
user12590@okhdfcbank,18960.094,23816.718799946604,5
user12595@paytm,3122.6922222222224,8402.609403439472,9
user12596@ybl,28686.257692307696,55388.58037911278,13
user12600@okhdfcbank,18611.356428571427,48366.82814983865,14
user1260@paytm,41236.92133333334,89912.5474890098,15
user12618@oksbi,11104.985416666668,32423.21647178105,24
user12620@paytm,4714.628571428571,10009.922642890102,14
user12637@paytm,6323.856666666667,11398.874391231895,18
user12653@okhdfcbank,16327.32882352941,37364.61998633833,17
user12656@paytm,11687.376153846155,16444.219815591,13
user12664@axl,38834.553846153845,69544.92714694336,13
user12669@okhdfcbank,31021.178571428572,60701.930231707796,14
user12672@axl,6309.453,16487.749899275757,10
user12676@okhdfcbank,24786.345555555556,54502.47472146337,9
user12694@oksbi,13275.087272727273,31088.653601893115,11
user12695@axl,13084.011875,27138.153412022275,16
user12695@okhdfcbank,2467.565833333333,6769.963975982386,12
user12698@okhdfcbank,2400.785294117647,3666.1062646766627,17
user12738@okicici,21489.584545454545,40167.09022513764,11
user12741@okhdfcbank,27518.06454545455,57339.009990936545,22
user12745@okicici,2779.4517647058824,3330.3983848280736,17
user12760@ybl,29078.13,63033.58099315549,14
user12767@ybl,6622.673076923077,13271.52669951752,13
user1276@paytm,2244.203333333333,7418.1598728041945,18
user12772@paytm,1387.676923076923,3197.4254721191564,13
user12781@okhdfcbank,24570.145333333334,51601.278515023645,15
user12785@axl,379.92857142857144,273.3307469854407,7
user12795@okicici,1938.032,3135.7696312027347,10
user12801@oksbi,6317.984615384616,13797.939459715602,13
user12805@okhdfcbank,5881.617272727272,14523.210270305317,11
user12814@axl,9155.49142857143,12268.781812686795,7
user1281@ybl,14055.772500000001,36931.74524588849,16
user12825@paytm,35964.432631578944,62180.27842691442,19
user12826@okhdfcbank,28628.74125,53131.2147716638,16
user12826@okicici,2745.8766666666666,4840.936345181268,12
user1282@okicici,25942.770588235293,56989.78654409231,17
user12831@paytm,18539.858181818185,50424.17046418807,11
user12871@okhdfcbank,6697.2038095238095,12371.661980661887,21
user12874@paytm,4891.14,12750.889977624185,14
user1287@oksbi,1258.98,1011.7604468054678,11
user12881@okhdfcbank,35338.797368421045,92562.82279074323,19
user12882@ybl,9214.8925,21974.22043471772,12
user12889@okhdfcbank,26264.866111111114,55840.24480090904,18
user12907@axl,24355.12272727273,55148.29909330389,11
user12908@oksbi,5103.578571428572,12042.139133136367,7
user12920@paytm,9338.807499999999,25288.132840117327,12
user12929@axl,7352.068749999999,16409.66919037017,8
user12936@axl,5215.504,12917.123720020472,10
user12938@paytm,2501.613846153846,2682.662865411711,13
user12939@ybl,7923.002105263156,15918.617922872429,19
user12944@okicici,4782.646428571429,11229.022498824956,14
user1294@okicici,12787.016363636363,28820.520989545028,11
user12950@okicici,17580.052000000003,39732.88026487601,10
user12953@oksbi,2472.245,2615.355121434093,14
user12954@ybl,18660.04105263158,25439.288365894223,19
user12957@ybl,6556.705714285715,11219.272296649444,21
user12962@okicici,17595.118000000002,31998.48352619547,15
user1296@oksbi,1425.31,1646.2528092340835,10
user12984@paytm,17166.902307692308,28693.23338344198,13
user12991@paytm,2022.9583333333333,5160.315904640712,12
user13002@axl,20442.707692307693,39722.90856335215,13
user13012@okhdfcbank,4960.233846153847,13507.417312772108,13
user13015@paytm,34814.7325,58960.854979396456,12
user1301@okicici,17167.316666666666,33222.03186611122,15
user13021@okicici,4711.7775,9299.231589846673,12
user13026@axl,18797.93956521739,52107.55228971041,23
user1302@axl,24747.898666666664,41193.80553185582,15
user13041@paytm,7921.006363636364,12851.217883463243,11
user13043@oksbi,8098.546363636363,16523.94475587187,11
user13055@okicici,2328.2742857142857,6315.453095373058,14
user13062@okicici,4454.158823529411,9235.92240421191,17
user1306@ybl,21756.455555555556,55518.56181092885,9
user13076@okhdfcbank,18262.37909090909,46478.590443377565,11
user1307@oksbi,15359.373333333335,42979.73001703929,12
user13087@axl,6220.336363636364,12629.344960229942,11
user13100@axl,3496.027857142857,7177.6516936210555,14
user13109@axl,10963.609166666667,21198.81619573708,12
user13109@okhdfcbank,21609.59909090909,34697.96697848606,11
user13112@okicici,6275.639166666667,9517.414582114445,12
user13112@ybl,2700.254705882353,6583.284245364465,17
user13115@paytm,4421.655,6524.310189822964,10
user13118@okicici,4107.755,7416.9552325065,10
user13120@okicici,5808.503529411764,8680.158673644697,17
user13126@ybl,3349.149090909091,8511.346139682553,11
user13145@okicici,12500.852,22279.901613394333,15
user13149@axl,9380.33,15483.006994346253,9
user13150@okhdfcbank,14142.649,35463.16202148437,20
user13161@axl,18930.08111111111,39563.38296151488,9
user13161@oksbi,12528.8425,21449.278347513544,16
user13175@axl,12950.989166666666,20492.994093966696,12
user13178@axl,11100.152307692306,15187.907639280093,13
user13180@axl,9861.520869565216,22684.03967619803,23
user13182@oksbi,13356.897777777776,45204.16475874262,18
user13183@oksbi,10266.058333333334,21448.09425154295,12
user13185@okicici,23453.83636363636,46183.49535063003,11
user13191@okicici,9639.314,14906.846472239238,15
user13192@okhdfcbank,15387.593125000001,37301.46898454925,16
user1319@ybl,7322.009285714286,9482.98319213824,14
user13201@paytm,7917.672727272727,13222.948675581472,11
user13204@oksbi,39622.44285714285,84887.83108397352,14
user13205@paytm,2922.361428571429,7543.978370876525,21
user13207@oksbi,10808.176923076922,16501.908302366825,13
user13207@paytm,5438.71,15967.44731082529,12
user1320@okicici,23067.546,56674.190924010196,10
user13211@okicici,35551.611666666664,53265.02731699936,12
user13213@axl,6895.321111111111,15585.834682239065,9
user13213@oksbi,1768.2383333333335,1989.2470423496088,6
user13219@okhdfcbank,12230.68,20296.49466229486,12
user13224@axl,10276.211666666666,15841.216148141662,18
user13226@paytm,31724.933888888892,59098.78900896016,18
user13237@axl,22295.535,43129.01099134441,16
user13239@ybl,5939.634,15710.237628595494,10
user13242@okhdfcbank,1708.547,2965.516051104203,10
user13254@okhdfcbank,7726.88,14743.491032908953,13
user13254@oksbi,14560.238333333333,26882.510077538525,12
user13288@axl,36021.878888888896,53329.352396095266,9
user13289@okhdfcbank,17713.228421052634,32061.30559942178,19
user13297@axl,13780.623636363634,35514.00846103388,22
user13297@okicici,5711.585625,12279.39130323376,16
user1329@axl,23032.419090909094,49129.33696937187,11
user1329@okicici,14611.901875,43699.44816213148,16
user13300@ybl,20917.201764705882,71351.26774374468,17
user13305@axl,24402.822352941177,50898.72191537261,17
user13306@okhdfcbank,27842.453333333335,44763.93490616162,9
user13323@okicici,13331.8275,16867.541063262805,12
user13329@ybl,5635.575,12839.607579472291,14
user13336@okhdfcbank,14135.117692307693,41179.87483400886,13
user13342@oksbi,15564.639000000001,26312.192836629118,20
user13352@oksbi,13719.015882352942,42459.50453652193,17
user13356@axl,6039.7543749999995,18454.521950698865,16
user13360@oksbi,1839.6346153846155,2951.124472130963,13
user13363@okhdfcbank,4729.143571428571,11719.906144171058,14
user1336@paytm,4263.573333333334,10458.73522063438,15
user13379@ybl,16599.557857142856,35433.696579757605,14
user13380@ybl,6999.755454545454,17677.02313642903,11
user1338@axl,5007.003684210526,10686.64679854891,19
user13391@okhdfcbank,2619.284615384616,5561.399853808714,13
user13391@okicici,43176.87684210527,85434.12292694264,19
user13392@okhdfcbank,4451.252272727273,9946.960002366806,22
user13397@axl,6604.927647058824,14287.04515965842,17
user13404@oksbi,19535.95692307692,53485.56916743561,13
user1340@okhdfcbank,9985.787142857142,25862.353695919133,14
user13411@paytm,6597.609166666666,12898.053337437086,12
user13419@axl,18111.443333333336,51167.081412847525,15
user13446@oksbi,8488.966875,18508.90752512808,16
user13449@ybl,10611.774285714286,21504.444535754683,14
user13453@axl,5055.074999999999,17656.095738050808,20
user13460@okhdfcbank,36787.886000000006,114761.60651980268,15
user13467@okhdfcbank,5917.306,10570.03994168443,20
user13497@okicici,19293.99733333333,40280.25232981496,15
user13500@okhdfcbank,14616.435,29139.80375510025,12
user13501@okicici,9927.925000000001,15193.033726621066,22
user13516@paytm,9172.925,29145.31950222216,14
user13521@okhdfcbank,14830.787857142857,20596.47384350056,14
user13537@okhdfcbank,5854.712142857143,9330.382030024428,14
user13563@okhdfcbank,7743.781111111111,14943.944296886986,9
user13569@okicici,4531.992222222222,10521.68403364469,18
user13588@oksbi,1287.69875,1568.5772301532866,8
user1358@axl,10629.71625,19132.80245684354,8
user13598@paytm,4214.2975,10573.195962219428,12
user13602@oksbi,21160.835,40584.474835987465,12
user13605@axl,14085.99181818182,27555.907648292705,11
user13612@oksbi,15314.199999999999,47459.30794859852,14
user13615@okicici,9008.16590909091,29491.24658697458,22
user13625@okhdfcbank,14280.641999999998,38540.27839665387,20
user13632@ybl,10109.926666666666,17415.882083999266,15
user13638@okicici,6635.459285714286,14965.369261235428,14
user1363@okhdfcbank,20696.323333333334,46289.29266022678,9
user1364@okicici,2778.666153846154,7016.7205013732955,13
user1364@oksbi,8119.332666666666,15630.002185553027,15
user13665@okhdfcbank,2372.8328571428574,2116.1703147802505,7
user13666@ybl,9030.284193548387,21097.302812688446,31
user13676@axl,27066.643076923076,46761.52596224528,13
user13676@okicici,10135.128235294118,13202.237569130677,17
user13683@axl,14842.070666666667,23381.596923269884,15
user13688@ybl,17674.091666666664,48878.73558255346,12
user1368@ybl,16750.35583333333,21858.824165455033,12
user1370@paytm,26777.815000000002,52455.21025566211,14
user13716@oksbi,23589.958666666666,50449.42327914715,15
user13720@axl,15842.83857142857,26726.986511092797,14
user13748@axl,7683.875,14145.903474854984,8
user13755@okhdfcbank,1818.0795454545455,3689.3474533045196,22
user13763@okhdfcbank,17173.100869565216,37875.31822504477,23
user13771@okhdfcbank,5287.217857142858,10380.194910313345,14
user13780@paytm,7164.531818181818,12913.149439115787,11
user13809@ybl,15918.542142857143,33241.94303877932,14
user13816@okicici,20157.655,45326.79703391053,16
user13818@axl,11661.299166666666,16119.844807016574,12
user13819@ybl,11937.798666666667,38420.47100706302,15
user13823@paytm,13235.267272727273,25039.963945101874,11
user13828@okhdfcbank,7816.483125,14319.63189097202,16
user13834@oksbi,19564.990000000005,45667.4688268594,9
user1384@axl,14656.264736842104,34933.47712631957,19
user13855@ybl,41466.351818181814,41738.63537232161,11
user13856@okicici,6738.271428571429,13450.506569249676,14
user13857@axl,6291.387142857143,12581.997866405081,14
user13861@ybl,15502.35318181818,36367.967970946294,22
user13866@paytm,12737.9375,29453.005634842746,8
user13867@okhdfcbank,22366.554,41546.86399219678,15
user1386@okhdfcbank,10326.807368421052,40011.77061550802,19
user13874@oksbi,5817.949333333334,12257.665091589757,15
user13879@oksbi,21358.618000000002,54749.226486163614,10
user13881@okhdfcbank,15921.200769230769,46980.48389308593,13
user13884@okicici,18165.305555555555,42412.331496484934,9
user1389@ybl,25149.18,60625.408811612615,10
user13905@axl,1960.858888888889,4857.6958096700655,9
user13906@okicici,15355.972,20823.077479010397,5
user1390@oksbi,8908.877333333334,15970.512562385748,15
user13910@okhdfcbank,21448.289999999997,36538.93087902545,9
user13916@okicici,23755.980000000003,59022.47160639318,10
user13924@ybl,2841.53,8146.45569366547,12
user13938@ybl,6971.662142857143,11803.485339256744,14
user13940@axl,20581.828333333335,42764.35320136555,18
user13941@ybl,3270.1666666666665,3538.1036898033385,9
user13963@oksbi,10042.318333333335,24056.848775065628,6
user13974@axl,4957.212307692308,8517.889878158552,13
user13975@oksbi,13725.509375000001,45816.38430894003,16
user13984@okhdfcbank,3183.424375,7823.249068517904,16
user13987@okhdfcbank,20082.52142857143,44969.60524384813,21
user13991@ybl,7168.278888888888,14655.597170622601,9
user13999@ybl,11368.817777777778,19182.56553673047,18
user14016@oksbi,48270.64333333333,142763.87188965591,12
user14025@okhdfcbank,9695.886,14326.921160170956,15
user14026@okicici,10839.621176470586,27488.9549024226,17
user14026@ybl,16162.207058823527,34987.59997071226,17
user14029@okhdfcbank,7348.801764705881,17830.060587335447,17
user14046@okhdfcbank,13625.213333333333,40441.39846487318,18
user1404@oksbi,10505.508125,24961.82812288507,16
user14050@paytm,12377.410714285714,24502.47193220103,14
user14057@okhdfcbank,19908.310000000005,25412.363327409163,5
user14092@oksbi,21390.373333333337,57086.78296498019,15
user14107@okicici,10733.982142857143,27043.37672380577,14
user14116@oksbi,3907.52625,8427.907720723262,8
user1412@paytm,2196.072727272727,3264.2141678789735,11
user14140@okicici,4118.260714285714,8429.610678802217,14
user14156@okhdfcbank,3265.67,7627.260911120996,8
user14161@okicici,13901.787499999999,29471.53822075959,12
user14163@okicici,17184.07533333333,34072.35893283269,15
user14180@axl,3517.908571428571,5907.60361987037,14
user14186@paytm,32498.495384615384,55927.6513786874,13
user14201@ybl,9509.293333333333,14830.520775580502,9
user14210@axl,16469.058571428573,26066.47368892252,14
user14224@okicici,2473.911111111111,1544.7591471038816,9
user14230@paytm,10956.832666666665,25478.37490640795,15
user14231@oksbi,9077.605384615385,16923.725463005387,13
user14233@okicici,1234.2571428571428,1358.0672395198783,7
user14234@oksbi,11443.737499999997,38813.89640526705,12
user14237@paytm,19567.35777777778,30660.203198026826,9
user14255@oksbi,307.76545454545453,198.87469076600152,11
user14261@oksbi,4112.022222222222,9792.304894696366,9
user14265@okicici,11184.834285714285,13631.813915879353,7
user14266@axl,11356.647777777778,15392.231032797665,9
user14269@paytm,1491.9289999999999,3759.822844178965,10
user14273@paytm,15306.79357142857,24584.695096522835,14
user14275@okhdfcbank,24832.081666666665,58240.14504706265,6
user14275@ybl,19083.857333333333,46012.50135015289,15
user1427@paytm,15061.497647058824,46390.58262181608,17
user14280@axl,19757.543333333335,29304.290622213837,12
user14280@paytm,3525.4053846153843,5542.051072553697,13
user14281@paytm,11672.821333333333,32067.425174551434,15
user14283@okhdfcbank,13983.452307692309,47969.58286877793,13
user14284@oksbi,10547.1575,14479.86627801588,8
user14285@okicici,8930.795384615385,15664.618046647684,13
user14288@axl,1126.8220000000001,1805.7213222163232,10
user14303@oksbi,10213.277368421052,26133.78709137525,19
user14306@oksbi,16989.192777777775,27348.654964599114,18
user14311@oksbi,6385.3475,12718.81006461925,16
user14313@paytm,20913.027894736842,50447.235895323734,19
user14329@paytm,5251.503125,15268.771400412334,16
user1432@paytm,8039.052500000001,15930.721678956797,12
user14331@ybl,2982.3372727272726,5722.281028490458,11
user14334@okhdfcbank,19291.783333333333,51361.036239982546,9
user14335@okicici,4178.944545454546,9764.92787529469,11
user14350@paytm,16508.799333333332,40119.593698046185,15
user14362@paytm,944.758,1508.9079761116427,10
user14382@okicici,10434.891578947369,21022.93583136926,19
user14386@paytm,15298.994545454545,19850.106005115118,11
user14395@okhdfcbank,3199.2607142857137,9065.651169022947,14
user14403@axl,7194.195714285714,14149.656177230116,14
user14403@okicici,16583.657499999998,52372.10798112121,12
user14406@okicici,43659.81,64370.85168967587,14
user14409@ybl,1295.8541666666667,1644.0963183875833,12
user14418@axl,18371.954545454544,57431.24602780308,11
user14419@okhdfcbank,3928.4666666666667,6171.526078751928,12
user14428@paytm,19342.289375,39637.58843045718,16
user14429@okhdfcbank,24978.164999999997,47966.7760358295,18
user1442@okhdfcbank,3446.0950000000003,7077.164115330142,10
user14435@okicici,16154.492941176472,33502.71114082108,17
user1443@oksbi,4913.619411764706,11868.129030326596,17
user14440@okicici,2604.0499999999997,4160.827197646247,12
user14444@paytm,935.7125000000001,1430.579721474194,12
user14450@ybl,11081.324166666667,14984.415050904458,12
user14453@axl,2244.909090909091,3817.5594304331526,11
user14454@okhdfcbank,4530.6525,9046.903021608712,8
user14456@paytm,9592.516470588234,15188.88490860008,17
user14463@ybl,15042.156153846154,21987.424976410013,13
user14467@oksbi,12478.091666666667,44915.711869217914,18
user14470@oksbi,12220.172,25103.158094660772,20
user14493@okicici,26577.269999999997,54167.438010198035,14
user14500@paytm,3113.910714285714,4000.1415942678527,14
user14503@okhdfcbank,6618.239375,14689.126280022452,16
user14507@paytm,4177.696,11321.42118074032,10
user14515@axl,23464.239166666666,66467.73812577735,12
user14515@okhdfcbank,5227.456,11192.661225344937,15
user1453@okhdfcbank,25755.078571428574,65508.82147152765,7
user14541@axl,4441.703750000001,11464.481600292198,16
user14543@ybl,8650.676666666666,14566.864002178025,9
user14545@okhdfcbank,4403.263333333333,11644.71707235699,12
user14565@ybl,32322.24047619048,67387.71112448636,21
user14569@paytm,7980.412666666667,12599.912897081847,15
user14580@paytm,13416.459230769231,39566.388971305874,13
user14587@okicici,9092.38357142857,17545.02163061937,14
user14598@okhdfcbank,10841.42857142857,17646.424627672775,14
user14629@paytm,23528.503999999997,60440.68027798978,10
user1463@okhdfcbank,17482.327999999998,50868.50995055144,10
user14652@paytm,7232.8,12430.186451369867,22
user14663@axl,23571.916999999998,30945.07695698158,10
user14666@ybl,6068.61875,8642.768195065806,8
user14668@ybl,13622.977142857142,20315.956753975217,14
user14669@paytm,15943.974999999999,34856.18310518605,8
user14673@okicici,3059.382,5699.854551541546,10
user14682@paytm,8698.854285714286,23823.269050045852,14
user14689@okicici,6021.022307692308,11612.424801587993,13
user14699@ybl,7818.814375,14155.31382522854,16
user14703@okicici,1111.692857142857,1686.7165010231595,7
user14704@oksbi,34141.489230769235,54490.841525093994,13
user14718@paytm,28846.207000000002,44592.85310187349,10
user14731@okicici,9221.109999999999,36432.30175005955,30
user14733@axl,19114.68090909091,39768.689420833434,11
user14739@axl,17096.424,36521.48243042556,15
user14746@axl,28975.7025,53311.64729739953,16
user14749@ybl,18897.337499999998,45395.22160418051,12
user14753@axl,2983.670666666667,5536.817298175739,15
user14760@oksbi,34494.29272727273,52512.85595102786,11
user14769@paytm,29445.94125,67537.6346239738,8
user14777@ybl,21748.87076923077,45425.656584602875,13
user14780@okhdfcbank,17568.22894736842,45175.08669851976,19
user14782@ybl,5956.486153846155,12338.118463091349,13
user14794@oksbi,28591.32090909091,63079.959108596515,11
user14795@paytm,15432.73125,30569.53524702304,8
user14798@paytm,15442.535714285716,45084.77677044636,14
user14806@paytm,24171.706250000003,48131.428133737536,8
user14807@axl,12040.626428571428,20212.799569223687,14
user14833@okicici,20918.269999999997,55602.155530641074,17
user14843@axl,13679.710769230769,16433.505045195758,13
user14844@axl,9521.436,20930.59827803377,5
user14851@paytm,25240.14111111111,55793.7862860974,9
user14854@oksbi,3294.076666666667,6174.116485642375,15
user14859@okhdfcbank,3704.35,9892.263182292387,17
user14861@oksbi,6666.1155,13304.285394475237,20
user14866@paytm,27552.604666666666,53788.704929774976,15
user14869@okicici,3769.606875,6116.90754782373,16
user1486@paytm,13457.839473684211,25376.216648038433,19
user14877@okicici,6619.869230769231,14781.743419257902,13
user14880@ybl,2306.0984210526312,5858.360042102476,19
user14882@okicici,3173.5741176470588,5431.578407113878,17
user14890@okhdfcbank,15733.100909090908,36992.998274143065,22
user14890@paytm,6634.3530769230765,14850.358682982702,13
user14893@oksbi,6635.769285714286,15540.74420849196,14
user14894@ybl,7460.018571428571,17919.89095808289,7
user14900@axl,24798.336,56752.56873138,15
user14908@axl,18993.52666666667,41550.86687275344,12
user1490@axl,6875.412142857143,12310.87845498455,14
user14917@okhdfcbank,3359.4136842105263,6313.486363457032,19
user14918@okhdfcbank,1854.2986666666666,1899.835337988407,15
user14919@okicici,5842.318749999999,10458.5456339486,24
user14921@ybl,5677.3855,11917.55085112995,20
user1492@okhdfcbank,1629.794375,2804.483620566583,16
user14934@oksbi,2989.683333333333,3183.9848375070824,9
user1493@okhdfcbank,18378.77375,44485.13467925981,8
user14944@oksbi,12506.219000000001,19025.389138900362,10
user14947@okhdfcbank,27106.708571428575,51574.50814459569,14
user1495@oksbi,2997.8745454545456,7101.966990888319,11
user14965@ybl,7475.415999999999,16584.92908647564,15
user1496@okhdfcbank,11291.868,16038.710980094933,10
user14975@ybl,9056.833333333334,15276.699407498296,18
user14979@ybl,3985.3933333333334,6463.830427227458,12
user14986@okicici,6203.5905555555555,11565.135287116682,18
user15011@ybl,7486.492,14953.144007270623,10
user15016@oksbi,12467.733999999999,27651.641929306523,15
user15021@okicici,6916.147272727272,12471.689304267977,22
user15026@okicici,15338.678421052633,42692.965588096115,19
user15026@oksbi,5539.214000000001,11760.657747692881,15
user15031@okhdfcbank,16400.085000000003,40227.19939125667,18
user15037@axl,26778.25214285714,66789.39770904074,14
user15056@paytm,12259.177272727275,16203.377630428842,11
user15060@okicici,15975.22,33146.88726422522,19
user15079@oksbi,7766.546666666666,14852.574539632287,12
user1507@ybl,18755.81105263158,42108.25904179948,19
user15080@okhdfcbank,13175.782499999998,30136.060113848725,20
user15116@paytm,3213.122142857143,7392.096295943056,14
user15122@oksbi,7796.3099999999995,10418.563245101266,9
user15123@ybl,3370.8564285714288,5035.12970175715,14
user15126@okicici,1752.5427272727275,1848.8354058438567,11
user15130@ybl,16556.055714285714,21418.2568863317,7
user15141@okicici,3547.5733333333333,4361.349027428325,9
user15153@paytm,19094.389523809525,42464.30458297021,21
user1515@paytm,4532.043571428572,10167.900476515153,14
user15175@okicici,14696.54736842105,32715.66907323001,19
user15179@oksbi,9780.55153846154,15984.965296120103,13
user15191@axl,17433.105555555554,48222.600172267026,9
user15193@okicici,27219.847999999998,59451.65363115697,15
user15199@okhdfcbank,10630.500833333334,17141.715365842294,12
user15209@oksbi,9620.01375,16939.64898696794,8
user15210@oksbi,26601.704375,56137.924571287454,16
user15211@okicici,14199.665454545455,41110.55195708575,11
user15226@axl,14833.261999999999,34213.15378620818,15
user15235@okhdfcbank,25364.101249999996,81363.44783100799,16
user15249@ybl,9956.617222222221,25667.058014078902,18
user15256@okicici,12911.257692307692,32007.989960291983,13
user15260@oksbi,4718.56625,12611.660484627411,8
user15266@paytm,5593.831875,9703.083834793431,16
user1526@okicici,10871.5825,34738.82232724737,16
user15270@okhdfcbank,6225.194444444444,11867.447270720344,9
user15271@ybl,34532.98714285714,64738.37246913711,14
user15274@okhdfcbank,9140.996153846154,15144.600192335629,13
user15288@paytm,19511.16357142857,37855.603770615315,14
user15289@oksbi,5746.250714285714,12990.327924488496,14
user1528@okhdfcbank,16850.87,26602.529403959794,12
user15291@ybl,19208.489999999998,45854.0517467737,13
user15292@okicici,15667.054166666667,26973.52029664294,12
user15308@ybl,2018.527,2289.4108472173943,10
user15318@okicici,1367.8364705882354,1475.01545286372,17
user15325@axl,34234.713,85259.52454737686,10
user15327@oksbi,16483.345,22583.67029860536,6
user15334@ybl,22001.943333333333,50545.10794977373,12
user15345@axl,11207.765454545455,22718.465178792943,11
user1534@axl,7456.578666666666,16474.79919163156,15
user15357@oksbi,23347.699999999997,50672.42646571565,11
user15367@okicici,13805.269333333334,30156.052923172934,15
user15376@ybl,23831.367500000004,64304.67206569336,8
user15380@oksbi,13564.863333333335,40664.74661137241,15
user15382@axl,5979.515333333334,13568.657830509288,15
user15385@okicici,11587.526249999999,23293.605970338976,16
user15387@ybl,10682.700909090909,30891.123347332465,11
user15388@okhdfcbank,7548.146666666666,15517.803576502054,9
user15389@ybl,3763.2349999999997,11010.176076287871,18
user15390@okicici,9911.205294117648,21328.822523040893,17
user15397@ybl,12033.990555555556,28027.882663856148,18
user15404@axl,13922.310588235294,34222.44691533732,17
user15414@okhdfcbank,24011.987999999998,51832.40573632715,10
user15429@axl,19615.901818181817,57949.102261001215,11
user15434@okicici,36840.566666666666,117243.22667978429,15
user15439@axl,2320.941,4395.138859160071,10
user15440@paytm,10111.590769230768,17668.593607949984,13
user15456@ybl,19463.127777777776,33549.70502946838,18
user15457@oksbi,27352.375,38437.03364213492,14
user15472@ybl,13107.720526315788,34736.652060406595,19
user15481@oksbi,3199.339285714286,3490.234334847104,14
user15484@axl,32020.274999999998,49767.929909893595,12
user15489@okicici,8724.857857142857,30563.61958683161,14
user15497@ybl,3182.6650000000004,6733.351229502461,14
user15506@oksbi,7914.8775,22163.875857562016,12
user15549@oksbi,3838.662307692308,11892.507146093541,13
user15551@okicici,7757.456923076923,13736.797558130365,13
user15559@axl,21847.31375,58285.62503918218,8
user1555@axl,8608.284,23877.53295905132,10
user15567@axl,15974.25625,28707.621787602882,16
user15571@okhdfcbank,9978.18923076923,14576.848202007674,13
user1557@axl,5719.882307692308,17650.083085322458,13
user15588@paytm,22576.2125,39428.77203329712,16
user15591@oksbi,22930.11705882353,43426.35696918603,17
user15596@paytm,10083.18,18088.15452899991,11
user1559@okicici,1331.29,2905.6501620021045,8
user15605@ybl,13185.880952380952,36746.3407408622,21
user1560@axl,22088.00857142857,47142.15861209319,14
user15621@paytm,24949.240625,47187.44002975657,16
user15626@oksbi,6108.339999999999,11372.767185421495,11
user15633@oksbi,16074.305,40541.05848770637,8
user15635@ybl,10970.697333333335,16289.38011700413,15
user15639@okicici,1703.4953846153844,1823.915645315573,13
user15645@okhdfcbank,13556.977692307692,19288.34255297318,13
user15648@oksbi,2769.2864285714286,5693.2129001329395,14
user15650@paytm,18455.418,45013.07280530135,15
user1565@paytm,18790.590666666667,46146.8050282689,15
user15662@ybl,6280.525,14333.543687141711,8
user15671@oksbi,21777.843846153843,42977.94768238292,13
user15677@axl,6969.001176470588,13159.694969197559,17
user15678@paytm,5799.391428571428,13536.000751451866,14
user1567@okicici,16745.518,33995.672545169255,15
user15683@okhdfcbank,14098.608461538459,27477.192690666456,13
user15690@ybl,15256.202222222222,38532.70611781352,18
user15691@okhdfcbank,31032.360909090905,58608.20551344078,11
user15691@oksbi,3932.1433333333334,11702.211619074662,12
user15692@okhdfcbank,5973.397142857143,11491.463736294687,14
user15693@okhdfcbank,7605.699333333334,19214.328197394207,15
user1569@axl,9917.752142857144,17192.582592696624,14
user15706@axl,11322.592222222222,13768.334443847754,9
user15706@oksbi,38377.5925,56266.91884573456,8
user1570@oksbi,6993.903333333334,18946.03256125945,21
user15715@paytm,16852.47125,44547.02497782239,16
user15716@paytm,9137.987222222224,14824.381345078633,18
user15716@ybl,3419.599333333333,8098.134954698314,15
user15719@ybl,3576.022857142857,5687.112609698394,7
user15728@axl,3570.9399999999996,7022.272236046809,14
user15743@ybl,9136.454285714284,13331.187042277788,7
user15745@okicici,3225.869230769231,6587.7337686712135,13
user15746@oksbi,4518.60625,10411.447014783855,16
user15758@okicici,2056.6828571428573,3918.4605067539574,7
user15779@paytm,9644.521999999999,15244.729439771354,15
user15780@paytm,13064.929375,20360.107633452717,16
user15799@okhdfcbank,22122.081666666665,55695.95041202495,12
user15799@ybl,15959.56857142857,43883.52057084366,14
user15817@okhdfcbank,2227.9154545454544,2926.1200227173304,11
user15849@okicici,29046.769999999997,57501.08393068385,17
user15849@paytm,3968.5346153846153,9902.776522868571,13
user15855@okhdfcbank,17451.69,40861.13667011235,15
user15859@okicici,1514.4822222222222,1685.624255682281,9
user15859@ybl,3561.743571428571,5033.236378105667,14
user1587@oksbi,17680.78818181818,40772.09357868487,11
user15901@okhdfcbank,4807.341875,8658.217104100491,32
user15908@okicici,6213.745,12863.186299416642,12
user15908@paytm,2996.8488888888887,5978.91922955237,9
user15915@okicici,5903.521,10391.993340452544,10
user1591@okhdfcbank,7471.320833333334,12635.622254546477,12
user15924@ybl,10109.03705882353,23423.450265961506,17
user15925@okicici,24341.924444444445,35251.087181637435,9
user15939@axl,5396.380714285714,11223.80621351123,14
user15953@okicici,15111.664999999999,45221.26957353496,14
user15955@ybl,2483.8572727272726,5336.569232241048,11
user1595@okhdfcbank,1644.2484615384615,2171.981088940256,13
user15961@okhdfcbank,18034.407272727272,42024.22943704812,11
user15963@paytm,10834.652352941177,16643.852294386557,17
user15973@okicici,6873.777857142857,10617.852774841189,14
user15974@oksbi,19687.828823529413,33122.50781718545,17
user1597@oksbi,9533.72076923077,21121.461449362534,13
user15988@okicici,1518.10875,1937.3662578535952,8
user15995@paytm,6464.641111111111,14950.678824040435,9
user15997@okhdfcbank,12253.174166666666,36329.33216607947,12
user16003@okicici,3392.0405555555553,5253.360698664822,18
user16008@oksbi,18141.288125,40311.07833764332,16
user16021@okicici,6861.01238095238,14566.6299165112,21
user16025@okicici,8888.280499999999,24829.44928108523,20
user16029@okhdfcbank,8566.276153846153,15541.165141465712,13
user16032@axl,19168.444210526315,49228.1333074902,19
user16034@axl,10983.958235294116,35801.95802237257,17
user16036@okicici,36853.369,63459.971521498395,10
user16037@ybl,8927.923636363636,27973.606677565487,33
user16038@ybl,24729.629999999997,50000.126819264064,19
user16043@axl,27892.578125,55838.9243150044,16
user16048@okicici,13901.262857142856,18237.31665246517,14
user16052@okhdfcbank,18610.633636363636,36245.97565375672,11
user16072@okicici,9005.995555555557,12715.884904857301,9
user16078@okhdfcbank,11268.328333333333,33402.038069086535,12
user16078@oksbi,4646.516470588235,10720.44863866535,17
user16082@okhdfcbank,18910.872857142855,21949.899972917654,7
user16086@axl,3695.911875,8203.375690191788,16
user16088@axl,24637.353333333333,57486.08093446941,15
user16089@axl,30870.70555555556,57179.76357783323,9
user16111@axl,37329.195,63820.25712282889,12
user16116@ybl,10312.342857142856,15477.447539033355,14
user16120@ybl,2617.637619047619,4337.641920637186,21
user16123@oksbi,3600.2153846153847,9071.394213707004,13
user16141@okhdfcbank,19392.2825,45845.52514130898,16
user16150@axl,1127.8442857142857,1449.8477937924506,14
user16151@okicici,3509.6436842105263,6233.309076078657,19
user16160@ybl,17139.961666666666,55877.69469205609,12
user16167@ybl,10428.96111111111,19956.77804727785,9
user16173@oksbi,21261.334,33109.79262642588,15
user16185@okicici,1847.9642857142858,1562.110244468209,14
user16187@okhdfcbank,5373.168888888889,12839.97185418387,18
user16187@ybl,6159.363333333333,12486.176027841273,15
user16193@paytm,19554.194285714282,49543.68243596348,14
user16198@axl,5745.084761904762,13680.52638253829,21
user1619@axl,15138.465882352943,29346.32652766762,17
user16210@paytm,3321.4159999999997,9364.973574954947,10
user16216@okicici,9280.243846153846,15339.123456456336,13
user16223@axl,2065.8464285714285,5200.861595154,14
user16240@okhdfcbank,6442.369333333333,13405.168963102822,15
user16248@axl,6754.401428571428,13145.540752347488,14
user16248@paytm,15888.352307692307,51140.62705711561,13
user16250@okicici,7963.072499999999,12981.857111831197,12
user16251@paytm,15935.133749999999,39940.69348205445,8
user16254@okhdfcbank,11141.07846153846,13839.79699235436,13
user16261@oksbi,8959.548823529412,25895.975271515137,17
user16282@oksbi,15143.960666666664,29782.128934637116,15
user16290@okicici,11747.892857142857,24147.074129413828,14
user16295@oksbi,18054.10384615385,42037.21108957625,13
user16305@ybl,13184.310555555558,37256.84936218897,18
user16313@oksbi,16144.306666666665,16314.825110321623,15
user16317@oksbi,4526.641538461538,8397.284178417296,13
user16328@ybl,11929.304285714286,28216.464834202936,14
user16330@okicici,30680.660909090904,56874.96793821627,11
user16332@paytm,21737.27052631579,42459.28187059136,19
user16338@okhdfcbank,2728.6240000000003,4499.446465166259,15
user16339@okhdfcbank,11952.3475,23543.82622760866,16
user1634@ybl,7548.857333333333,13073.524037582034,15
user16352@axl,5385.940588235294,18487.146912567885,17
user16357@paytm,6159.513076923076,12933.657313649006,13
user16358@okhdfcbank,3795.0642857142857,8993.07574644619,14
user16366@paytm,7049.156875,15064.653584116128,16
user1636@okicici,16658.208333333332,37151.398783541685,12
user16372@paytm,38511.098750000005,61078.71466748074,8
user16379@axl,6492.045454545455,19274.853982702625,11
user16379@paytm,1429.37,2145.716043422335,12
user16385@paytm,14695.704166666668,23682.86202796692,12
user16386@okhdfcbank,1817.2123076923076,1342.0604339730373,13
user16398@ybl,6611.02,13897.43184946389,16
user1639@axl,41504.505,66082.15031029678,8
user16401@okicici,13089.33,21424.409435543374,7
user16407@okhdfcbank,8299.171875,21490.246902782113,16
user16408@axl,4238.7080000000005,9240.799708646278,15
user16417@ybl,12542.502222222223,37082.680913156524,18
user16419@okhdfcbank,16874.281666666666,43390.68446122044,12
user16422@okhdfcbank,6001.899130434782,11461.191334113297,23
user16434@ybl,4617.5325,11612.443046324472,12
user16438@okicici,9152.075,16792.283535485876,14
user16438@ybl,24306.420000000002,48719.85232351208,9
user16439@ybl,1882.052857142857,1977.4038276154247,14
user16449@ybl,13411.751428571428,20296.674948301614,7
user1645@axl,2796.697142857143,5552.319198884274,14
user16479@paytm,23814.826153846152,49447.35779928363,13
user16485@okhdfcbank,23370.34375,37556.34404055019,8
user16487@paytm,20599.45923076923,37081.43099057161,13
user16504@okhdfcbank,6305.255999999999,19943.069324407912,15
user16511@okicici,20497.34153846154,48643.49660210017,13
user16522@okhdfcbank,28286.98222222222,59899.82196402209,9
user16523@okicici,8213.136363636364,14851.204323273769,11
user16524@axl,16106.4935,44558.6362512068,20
user16534@paytm,8897.188333333334,13282.864361820617,12
user16540@okhdfcbank,9678.623636363636,15208.244120679592,11
user16540@paytm,8843.284285714286,13386.562828918415,14
user16549@oksbi,1262.4038461538462,1726.246258009647,13
user1654@okhdfcbank,9052.857647058825,11598.183716980502,17
user16563@okicici,17206.455714285716,36616.72230595022,14
user16577@okhdfcbank,7502.537741935484,17158.58357855405,31
user16581@ybl,15194.91857142857,24930.615557392903,14
user16588@okicici,1154.8583333333333,1373.276040239786,6
user16592@axl,31873.768,64728.473278512254,15
user16605@oksbi,31012.277499999997,61961.437933799105,12
user1660@axl,14903.981363636365,38967.141309190265,22
user16619@okicici,27893.921666666665,56614.966581644345,12
user1661@oksbi,11192.934838709676,28428.885052360492,31
user16620@axl,6957.130952380952,14213.651406058862,21
user16629@paytm,26104.269999999997,42096.06223768283,4
user16630@okicici,16096.6225,43765.039774130295,16
user16641@axl,890.2277777777778,1539.365493773147,9
user16649@axl,24070.92777777778,61966.77858927491,9
user16659@okhdfcbank,4756.965,11370.283570230138,12
user16689@axl,4497.04,11206.595327895724,15
user16690@ybl,19292.328333333335,25160.666333402885,12
user16696@paytm,25197.420000000002,57705.546425510955,9
user16700@okicici,9550.736363636364,15332.511235617781,11
user16701@axl,22851.338666666667,39993.19347589642,15
user16701@oksbi,2013.2699999999998,4781.455151613461,12
user16704@ybl,5513.889999999999,9506.845553969559,14
user16707@okhdfcbank,14308.45642857143,37653.060090530715,14
user16708@okicici,12087.935000000001,20225.225275306988,10
user1670@ybl,28167.174999999996,55878.7249011399,14
user1671@axl,21827.798235294114,48690.84204665599,17
user1671@okhdfcbank,6294.62090909091,14355.13565753557,11
user16728@oksbi,2399.3646153846153,3681.8563940232993,13
user16732@oksbi,27505.600000000002,56455.084939785054,12
user16733@okicici,6778.908571428571,12503.365740217469,14
user16734@oksbi,6844.298999999999,22360.681073753665,20
user16735@ybl,3986.3372727272726,9400.546965221854,11
user16739@okhdfcbank,8283.899375,15868.586775311558,16
user16748@okicici,30706.152000000002,90424.77404178382,10
user16754@ybl,4589.9225,11907.82932923797,16
user16762@oksbi,8807.357272727271,16755.565256053338,11
user16764@oksbi,1725.7866666666666,2243.4858156226437,9
user16775@paytm,7600.0925,13639.247417881386,12
user16779@axl,21221.192,50102.53850043346,15
user16791@okicici,1689.55625,3212.9178724141602,16
user16792@ybl,17493.149411764705,41617.66727310222,17
user16795@paytm,4077.812,9746.837489589123,15
user16804@axl,6680.523636363636,14398.60308402747,11
user16810@okhdfcbank,21679.256153846156,54781.86404731109,13
user16823@paytm,1235.49,1680.5282000371192,11
user16830@axl,12505.794166666667,18453.404132670068,12
user16831@oksbi,11683.835714285713,34221.34051037086,14
user16848@oksbi,3983.0154545454543,9126.367180559155,11
user1684@oksbi,13987.518181818183,32471.7735729525,11
user16850@paytm,1446.3033333333333,1683.3657286267744,12
user16858@paytm,33311.068333333336,70711.79440034411,6
user16861@axl,5104.458947368421,11232.992493660951,19
user16863@okicici,19559.23105263158,44619.15961667424,19
user16867@okicici,3635.117142857143,8535.537939685266,14
user16882@oksbi,7540.869230769231,16812.912179517694,13
user16892@okhdfcbank,9948.557142857142,23072.33424226727,14
user16893@okhdfcbank,23533.155714285713,45626.72129814784,14
user16896@paytm,34618.70272727273,71873.37305264879,11
user16896@ybl,9157.678571428572,22785.372056486613,14
user16899@okhdfcbank,13575.928000000002,50085.55002884383,15
user16909@ybl,1058.3916666666667,1298.0259564839453,12
user16916@okicici,8975.357692307693,14041.077190780363,13
user16916@ybl,8454.75611111111,19946.15073933112,18
user1691@paytm,4663.28875,11716.443987575112,16
user16926@paytm,18919.872666666666,26986.190934103015,15
user16928@paytm,3655.405,5139.794969826899,20
user1692@paytm,20283.35,48014.00687586917,17
user16932@oksbi,20327.845624999998,33798.20591346331,16
user1694@axl,19952.521538461537,52899.93386775369,13
user16954@paytm,5027.360666666666,11671.04204736937,15
user16957@axl,9185.722,24769.117040502853,10
user16960@axl,1512.4333333333334,2000.306871151274,9
user16960@okicici,8033.949166666666,13569.296761606836,12
user16972@oksbi,705.932,1065.962477115296,10
user16977@okhdfcbank,13537.645294117647,26546.82609417864,17
user16989@oksbi,13789.34909090909,17445.586252018275,11
user16994@axl,11997.929333333333,35554.516799520796,15
user16997@ybl,3236.4692307692308,7829.093600684206,13
user17014@axl,5681.713076923076,9182.659674893022,13
user17023@paytm,25757.641875,57370.046263760814,16
user17029@okicici,15574.039999999999,52728.25135356128,14
user17032@oksbi,7308.950909090909,15311.625342193724,11
user17043@okicici,5926.8966666666665,11377.683952247633,21
user17052@paytm,18507.684615384616,44838.18875251775,13
user17059@okicici,2693.5350000000003,2189.790707693318,4
user17061@paytm,8412.614166666666,12325.025628495177,12
user17065@axl,43263.969999999994,108249.02197058358,10
user1706@okhdfcbank,12384.169411764704,36932.368700045066,17
user17075@okhdfcbank,33346.08,63809.802268395026,15
user17082@axl,9668.639166666666,24232.780792108657,12
user17087@okhdfcbank,20329.729375,48162.8286839883,16
user17091@okhdfcbank,23897.746999999996,43829.62433578028,10
user17101@okhdfcbank,7516.612105263158,14288.902519948277,19
user17103@okhdfcbank,38547.56181818182,72578.2464776777,11
user17105@paytm,4667.203636363636,7190.24287330306,11
user17116@axl,32630.208333333332,71405.85568351952,6
user17121@axl,8706.393888888888,18326.503795542267,18
user17122@okhdfcbank,10118.084444444445,24877.507382374606,9
user17138@ybl,8013.255999999999,21078.875223893403,20
user17142@oksbi,433.116,422.23919521996066,5
user17154@okhdfcbank,12606.74357142857,27205.721483953053,14
user17163@oksbi,967.5672727272727,1215.0123751064507,11
user17167@axl,9865.442105263157,23494.0813923901,19
user1717@oksbi,11383.88111111111,19723.76761724884,18
user17184@ybl,3662.5092857142854,8099.915271063466,14
user17191@okicici,3288.3500000000004,6388.038608353637,13
user17193@axl,6866.412857142857,12992.423642949305,14
user17198@axl,4490.82,9356.600873241307,11
user17199@oksbi,13542.88,35267.464928299574,16
user17206@okicici,6048.575384615384,12884.494774378762,13
user17209@okhdfcbank,10235.995,22825.482376992524,14
user17211@axl,2783.352857142857,4758.797038197484,7
user17226@paytm,5920.085555555555,10635.860853529342,18
user17237@axl,18389.155263157896,35469.3426866322,19
user17241@oksbi,4687.141,10480.596106353623,20
user17241@paytm,15233.821111111112,28910.567645846837,9
user17254@oksbi,3047.595714285714,7125.0733850317565,14
user17259@oksbi,5790.41,11312.300229673892,11
user17260@okicici,16089.941249999998,36761.94188497734,16
user17279@axl,3207.947142857143,9662.115549169288,14
user1727@oksbi,16703.629444444447,28874.245000025534,18
user17288@okhdfcbank,5325.566428571428,9904.903168437186,14
user1728@axl,621.5683333333333,1254.0335655420315,12
user17292@okhdfcbank,10468.778888888888,18327.41684971347,9
user17292@ybl,4235.821578947369,6384.436395561443,19
user17304@oksbi,4518.496153846154,8404.886104543137,13
user17309@ybl,9001.7,14640.692663922311,8
user1731@axl,1097.357,1733.6625977716146,10
user17322@okicici,2030.5115384615385,3866.650927393641,13
user17347@okhdfcbank,32000.383,46061.7645556512,10
user17350@paytm,22882.362,53957.59202286589,10
user17351@ybl,1789.87,1580.7371177270431,11
user17360@okhdfcbank,8517.748,24430.090532473383,15
user17363@axl,7779.045833333334,10733.79587059867,12
user17364@ybl,23899.698666666667,48471.506848731224,15
user17365@okhdfcbank,9000.522500000001,26222.869817476192,20
user17371@okicici,11107.289999999999,25209.387738561025,10
user17371@ybl,6589.3727272727265,10228.255643989438,11
user17374@oksbi,3555.928125,6123.951336890497,16
user17375@axl,4687.378125,11992.61327012603,16
user17389@okicici,4927.96,11409.612587811209,11
user17406@axl,2342.252857142857,6449.5011369408585,21
user17427@okhdfcbank,4274.107222222223,10741.183545107671,18
user17428@okhdfcbank,4317.719166666667,10233.175955890152,12
user17447@okhdfcbank,6938.692142857142,14250.857037666823,14
user17448@axl,6010.531666666667,12756.698152336809,12
user17450@okicici,12777.378571428571,17359.492889073183,14
user17453@ybl,21761.007142857143,55182.48936598328,7
user17456@okhdfcbank,9219.962857142857,15019.71098293963,14
user17459@axl,12956.638333333334,18466.662276796793,12
user17459@oksbi,8304.478,13063.73224109791,20
user17473@paytm,4239.346111111112,9090.986250140133,18
user17478@okicici,24948.122222222224,55947.44068085809,18
user17493@oksbi,14496.433846153846,18777.024795427318,13
user17498@axl,14166.671739130436,30155.4598061332,23
user17508@oksbi,7155.082857142857,17339.214330844323,7
user17508@paytm,27291.200769230767,46571.90313859536,13
user17523@paytm,19856.59,34517.42610793875,18
user17524@okhdfcbank,6994.533125,12966.038561665995,16
user17531@ybl,22569.382,62460.47922313808,10
user17532@oksbi,18857.69894736842,36078.14217159869,19
user17535@ybl,1577.701,1968.5031714221059,10
user17544@ybl,13534.864666666665,46264.8375812648,15
user17555@ybl,6401.127777777777,10781.703929728335,9
user17559@axl,29768.721875,57762.347799561285,16
user1755@okicici,14654.848666666667,28845.6332211604,15
user17562@okicici,18895.53090909091,46894.32159949336,11
user17566@paytm,2634.875,4838.488041237676,16
user17569@ybl,2113.5099999999998,5113.300779361047,15
user17571@paytm,17595.196428571428,34978.159190272214,14
user17574@oksbi,24407.542999999998,45971.048913504004,10
user17576@okhdfcbank,5937.846666666666,12172.17303907051,9
user17589@paytm,21596.84,58823.16629084138,10
user17600@okhdfcbank,38304.09923076923,103945.8199678178,13
user17608@ybl,9505.965833333334,15833.06444940315,12
user1760@okicici,10108.26875,26796.94584317636,8
user17619@axl,12869.95,39864.01331436161,10
user17626@oksbi,3908.894545454545,8319.383049604536,11
user17630@paytm,8078.915384615384,23565.712266628543,13
user17633@ybl,9435.594583333334,25891.43835704617,24
user17645@okicici,10575.667368421053,31839.612075874895,19
user17646@ybl,29063.715555555555,48487.736760735475,9
user17651@okhdfcbank,18961.74125,25969.650410349866,16
user1765@okhdfcbank,5707.75,11614.047207596881,10
user17661@axl,5844.713333333333,13079.027640327562,15
user17663@ybl,25862.974666666665,41158.87223579866,15
user17673@oksbi,13932.468235294118,31788.56422821425,17
user1767@paytm,2064.241,1872.567566717183,10
user17682@paytm,5401.7162499999995,12079.512750534752,16
user17692@paytm,10269.137222222222,36596.12965168758,18
user1769@axl,1060.939090909091,1714.446817404696,11
user1769@okicici,5473.895555555555,14390.106370561609,9
user17702@oksbi,11255.622857142856,31868.752465476133,14
user17704@axl,1654.863125,2650.911957596778,16
user17705@okicici,7126.403076923078,12799.246994178593,13
user17709@paytm,755.3628571428571,1008.1542769561884,14
user17709@ybl,15889.457142857142,40504.837513716695,21
user17715@oksbi,13493.669999999998,33369.74313830083,17
user17724@axl,6179.521111111111,15300.16398373678,9
user17725@ybl,22465.473636363637,57573.79465082101,11
user17738@okicici,7592.738333333334,16325.906699391966,12
user17740@okicici,17148.015000000003,26399.407856908285,12
user17748@paytm,5343.2,10071.526137394472,11
user17766@axl,14462.032916666665,31146.594953341068,24
user17766@okicici,13869.563999999998,40278.85362366384,10
user17767@paytm,9831.200666666666,23688.23161577087,15
user17779@okhdfcbank,9289.814285714285,22019.42814244056,14
user17806@ybl,16797.532,41818.917661922605,10
user1781@ybl,4624.786428571429,8491.359759754534,14
user17835@ybl,17163.76,34532.00080591436,18
user17859@okhdfcbank,25442.349000000002,58110.462965737446,10
user17865@oksbi,9352.533846153847,16564.514646948126,13
user1786@axl,7110.587499999999,13415.502227745283,12
user17876@ybl,5627.505999999999,8652.879623543251,5
user17878@axl,4505.323571428571,13019.029261779498,14
user17896@okicici,12468.419375,44774.447396627234,16
user17901@axl,6230.566666666667,14264.513385608474,21
user17905@okhdfcbank,4066.958823529412,10573.612035251885,17
user17907@paytm,15275.548181818182,42138.66435028899,11
user17911@ybl,19718.919285714284,52215.45000413228,14
user17920@okicici,30303.282142857144,55386.3944557895,14
user17923@okhdfcbank,14101.476363636362,18566.152209847507,11
user17924@ybl,7517.030625,15857.26448230483,16
user17932@axl,2440.866428571429,6747.109193018669,14
user17934@okicici,26728.722307692307,60681.550283045275,13
user17939@paytm,9925.165833333334,16978.335951379846,12
user17940@okicici,994.0144444444444,1045.301439897974,9
user17956@okhdfcbank,27008.851875,53373.544080081374,16
user17964@okicici,443.1709090909091,668.0536977587138,11
user17964@ybl,14190.50347826087,36956.21601892577,23
user17968@okicici,7534.214166666668,14531.47194829238,12
user17977@paytm,9698.69125,13025.664645933364,16
user17978@oksbi,11404.748333333333,29377.494857406076,18
user17979@oksbi,38652.28666666666,59577.094696031665,9
user17984@axl,50444.466,83259.26055971961,5
user17984@paytm,20833.339333333333,50127.663379592035,15
user1798@oksbi,724.6172727272727,1191.47058266741,11
user17991@ybl,1035.81375,1401.1156576093974,8
user17994@paytm,2061.3553846153845,3431.972121127092,13
user17995@okhdfcbank,7117.762142857143,12751.071187773374,14
user17997@paytm,21688.106315789475,43721.26767595799,19
user17999@oksbi,9448.112222222222,16324.171298775611,9
user17999@ybl,14365.148461538462,36061.15099812698,13
user1799@ybl,11533.63388888889,20524.119459285874,18
user18010@okicici,14667.997499999998,42546.02763314793,20
user18014@okicici,11195.167058823528,40114.67194622371,17
user18015@axl,6192.128095238096,11524.32221738338,21
user18019@paytm,6010.325000000001,16729.56744213221,10
user1801@okicici,5836.938888888889,13342.09175620941,9
user18027@okicici,10413.2025,13178.012143379592,16
user18040@ybl,9364.108333333334,21240.182801343064,12
user18043@okhdfcbank,7939.889375,15150.323305165677,16
user18045@axl,15938.800555555554,46880.03620809652,18
user18046@paytm,5182.640625,8197.611054380392,16
user18059@paytm,9361.27,19912.8816995377,13
user18065@oksbi,6854.399166666666,14192.038757641205,12
user18069@oksbi,4592.932,6245.158207333101,5
user1806@okhdfcbank,15942.857142857143,39665.74746799865,21
user18071@okicici,7165.623157894736,17200.775290750724,19
user18073@okicici,13996.181818181818,44258.99596588784,11
user18087@axl,9668.139393939393,17659.976780879224,33
user18100@axl,6015.359166666666,9704.713311248172,12
user18101@axl,8030.298235294118,26717.07627502007,17
user18106@okhdfcbank,10888.55590909091,28743.750519590576,22
user18106@ybl,20290.646363636366,43236.66146527349,11
user18110@ybl,1078.29375,1327.5516841156632,16
user18116@ybl,18244.62230769231,31627.322629214435,13
user18118@okicici,5601.429642857142,12677.198250143178,28
user18127@paytm,7092.961428571428,13908.01335306977,14
user18131@okhdfcbank,6302.710625,12366.227319499114,16
user18138@oksbi,9612.79,19362.306860485398,11
user18140@okicici,5845.3725,9024.736447008629,12
user18140@ybl,4208.4742857142855,8919.115364537789,14
user18143@paytm,2209.2511111111107,5202.651929382851,9
user18144@okicici,13384.6965,43426.917125753294,20
user1814@okhdfcbank,4398.16375,9918.41588383943,16
user18152@axl,12939.052941176471,17736.031820992528,17
user18153@axl,6670.700833333333,14459.765906950513,12
user18154@paytm,23433.1375,47630.045443747586,16
user18156@okhdfcbank,5276.302222222223,9150.382792399696,9
user18157@ybl,11671.028,15837.993982114163,10
user18158@axl,2247.14625,4698.449088545641,8
user18159@ybl,5894.865384615385,10636.84835690113,13
user18165@paytm,19291.991666666665,43613.51105810672,12
user18174@ybl,20383.753636363635,41848.71251225544,11
user18182@oksbi,10455.771333333334,27040.76269205593,15
user18194@ybl,7817.349333333333,12956.73394359279,15
user18198@okhdfcbank,10968.619333333332,32418.856256228293,15
user18199@oksbi,4951.733846153847,11350.652824224502,13
user18205@ybl,1560.8933333333332,1694.0211938616296,15
user18207@oksbi,28194.440000000002,58503.70521013422,8
user18221@oksbi,900.7786666666667,1270.5637656897861,15
user18241@okicici,12594.307333333332,23687.290571179867,15
user18241@paytm,3831.2045454545455,6137.291967720558,11
user1824@oksbi,2517.9528571428573,6023.563135647344,14
user18256@okhdfcbank,3061.9307692307693,5144.599254545912,13
user18260@okicici,8478.76,15748.52182632752,15
user18266@axl,7034.11,14571.138454495127,13
user18272@paytm,17955.561538461538,38239.23325405158,13
user18273@paytm,35914.829090909094,61097.71637782208,11
user18274@paytm,10826.086153846154,32076.34898672503,13
user18276@okicici,1291.1138461538462,1722.0045107158232,13
user18290@ybl,4749.509333333333,12660.158629138481,15
user18297@okicici,14972.953125,22381.877331279047,16
user18297@paytm,11369.067142857142,15899.813180206977,14
user18300@okicici,17558.82375,32638.28515011471,16
user18304@ybl,15876.193333333335,34293.12887225484,12
user18322@okhdfcbank,13963.511428571428,14921.06636417573,14
user18323@axl,7290.296,13000.11824372921,20
user18327@paytm,20894.50266666667,52405.84208491774,15
user18333@okicici,7356.616666666667,19069.094688094792,9
user18347@ybl,18272.008333333335,56482.88659179117,12
user18349@okhdfcbank,14309.447777777777,32979.969829755144,18
user1834@okhdfcbank,6301.755,13195.196224305822,14
user18352@okicici,12461.498235294117,22574.57412910021,17
user18357@axl,9852.52090909091,15397.478083837921,11
user18358@paytm,1410.0928571428572,1435.063722902393,7
user1835@paytm,7813.302222222223,13226.95531368761,18
user18368@oksbi,6939.779090909092,13605.232566158844,11
user18369@paytm,32862.311428571425,65985.69635547376,21
user18374@paytm,3409.4891666666663,8285.354539067395,12
user18375@paytm,25951.34176470588,56695.140962489924,17
user18387@paytm,40860.14454545455,68964.48582880704,11
user18393@axl,26819.508888888886,63817.3410784505,9
user18397@okicici,19982.1125,52671.91631898421,12
user18400@okicici,8878.628235294118,17652.80828897177,17
user1840@okicici,8487.7325,13103.39046868483,12
user18413@okhdfcbank,19923.49266666667,47354.78164088478,15
user18429@ybl,3915.64625,8895.176082566064,8
user18438@axl,20148.235384615386,38044.76162608912,13
user18438@oksbi,23658.569375,50174.430477744536,16
user18443@paytm,19348.092631578947,40142.999248668486,19
user18459@paytm,9112.859,17020.773827045927,20
user1846@oksbi,1655.7275,1743.0616049517062,12
user18482@okicici,5388.98,14274.636358766851,8
user18482@oksbi,28922.952,64113.868227344305,5
user18500@ybl,36560.68,62818.72480429159,6
user18508@okhdfcbank,8295.425333333334,15690.31458894757,15
user18509@paytm,13155.89,34741.243706779474,10
user18514@okicici,5756.1884615384615,12546.99867958658,13
user18522@okicici,1836.5785714285714,4660.799028867272,14
user18529@oksbi,15468.514615384616,20329.389231231475,13
user18533@okhdfcbank,8860.937142857143,24468.68463046356,14
user18543@okicici,15690.624545454544,47361.543293863084,11
user18548@axl,12320.647692307693,23549.941728832422,13
user1854@axl,8913.725,26470.792143912986,12
user18558@okhdfcbank,1239.8021428571428,1452.159160693952,14
user18558@paytm,6117.947142857142,12972.344446017238,14
user18563@okhdfcbank,17839.675714285713,54638.84120293515,14
user18569@axl,7606.9125,12149.957665482683,8
user18573@okhdfcbank,2988.720769230769,5558.064283083727,13
user18576@oksbi,454.355,363.51565008558134,8
user18601@paytm,12009.800000000001,33185.727232630634,17
user18602@axl,18114.042666666668,36465.84015067496,15
user1860@okicici,1756.1699999999998,2940.1273947852437,13
user18611@okicici,6572.421428571428,13608.931459029089,14
user18618@paytm,16681.473333333335,42158.524543532905,15
user18622@ybl,4909.599333333334,8339.194714599647,15
user18625@paytm,18436.295,54418.66540428104,10
user18629@okhdfcbank,47320.66357142857,59418.66015473637,14
user18630@okhdfcbank,9108.783,14521.255965678612,10
user18633@oksbi,17141.382857142857,34870.338183203225,14
user18634@paytm,3046.9715384615383,6209.77201442727,13
user18640@paytm,10325.475555555555,18404.547143881467,18
user1864@paytm,1492.7592307692307,1621.2399504415414,13
user18653@axl,15747.818333333335,29288.077148073513,12
user18653@okicici,1305.7757142857142,1526.6743106925499,7
user1865@okicici,9585.339333333333,25610.268331614418,15
user18669@oksbi,1002.0719999999999,1747.448673629643,5
user18671@ybl,7214.563333333334,11322.89335402943,15
user18674@ybl,1638.6507142857142,2592.2669982898224,14
user18675@ybl,14930.572142857141,52548.877068668495,14
user18682@okhdfcbank,37745.97647058823,67381.29806145313,17
user18685@ybl,15981.841428571428,37894.49148178772,21
user1868@okicici,1341.1833333333334,1282.8042063580865,9
user1869@ybl,518.6,713.7890428971294,16
user18706@oksbi,16257.315454545454,23691.062746798154,11
user18709@ybl,11598.374545454546,30117.684041687655,11
user18718@axl,13067.0575,36598.07350036347,16
user18718@okhdfcbank,4363.621428571429,11601.674137690949,14
user18727@ybl,1650.4091666666666,1943.7730890132134,12
user18733@axl,3559.426,5172.656184156951,15
user18769@oksbi,1370.9385714285713,2013.1442946580569,7
user18771@axl,14861.981,20329.528846989735,10
user18771@oksbi,19642.513076923075,44936.23712378192,13
user18772@oksbi,4404.543333333333,10172.277297607126,21
user18772@paytm,18315.673684210527,38703.67732413064,19
user18776@paytm,4062.2208333333333,8055.759906624077,12
user18778@okhdfcbank,22834.044615384613,49644.64986892857,13
user1877@oksbi,3564.91875,10918.14888459509,16
user18790@okicici,18987.041666666664,54808.36335752997,12
user18794@axl,2979.3766666666666,5038.8058840614585,15
user18796@axl,14471.490000000002,15387.243436693267,11
user18806@okicici,2825.623333333333,7091.446967476619,12
user18818@paytm,21602.380666666668,31840.359200218893,15
user18821@ybl,3197.2775,8027.152807550502,12
user18824@paytm,1140.8178571428573,1726.5251384174408,14
user1882@okhdfcbank,5581.403157894737,13213.505484690886,19
user18850@okhdfcbank,10883.583999999999,20676.955363836747,15
user18857@ybl,1235.31,1463.129438384269,7
user18858@oksbi,14342.078,39608.72310321323,10
user18861@okhdfcbank,5487.578125,13655.328858975274,16
user18862@okhdfcbank,18847.184705882355,39856.87871413103,17
user18862@paytm,3987.608125,7725.606101995466,16
user1887@oksbi,12488.26304347826,28027.293422925257,23
user18881@axl,14092.195000000002,22349.395154122056,10
user18883@okhdfcbank,9133.235384615384,22210.25392739339,13
user18883@paytm,4524.840909090909,9680.659253180493,11
user18889@axl,1560.9076923076923,1402.5438086749962,13
user18905@axl,44553.68307692308,68081.4267002093,13
user18908@ybl,21327.38105263158,48845.49612357051,19
user18920@paytm,37441.259375,60299.68006013294,16
user18929@ybl,12147.7675,37833.48907185083,12
user18939@ybl,30405.09294117647,54330.60956799465,17
user1893@okicici,8393.408235294119,14971.885385277232,17
user18942@paytm,16334.390555555554,29777.933770398922,18
user18948@okicici,11493.813,21864.262681014956,10
user18955@paytm,1857.791,3891.120797003951,10
user18996@okhdfcbank,68254.31999999999,110319.18465643287,7
user18997@axl,13883.795,35179.83617248574,12
user19013@ybl,31861.655555555557,60597.927845242186,9
user19017@ybl,27635.705454545456,46871.69197599855,11
user19019@okicici,5837.32,13711.506197419258,16
user1901@oksbi,20985.775,48339.26295981428,14
user19020@ybl,22301.09307692308,50873.27402460948,13
user19030@axl,4226.259,10470.04892309853,10
user19030@okicici,9431.925333333334,25303.615421128452,15
user19033@ybl,7879.98625,12534.95801234179,16
user19037@ybl,19629.991538461538,35527.54931778057,13
user19040@okhdfcbank,10252.648461538462,17002.206526401627,13
user19047@okicici,11992.167500000001,16849.85136782956,12
user19047@ybl,5851.7307692307695,10708.448452912044,13
user19051@oksbi,20293.31,51421.11745007384,10
user19051@ybl,7507.743333333333,14162.80724243694,12
user19058@axl,7587.784545454546,10948.847566222086,11
user19062@paytm,8021.834666666666,15421.002735163247,15
user19070@ybl,3716.759411764706,10677.721338154544,17
user19071@axl,4356.083125,11671.451649514564,16
user19073@okhdfcbank,16789.076153846156,45546.814870820286,13
user19074@okhdfcbank,2145.5441666666666,2367.589955274651,12
user1908@oksbi,2128.882142857143,2487.07013511629,14
user19099@axl,9792.2505,15439.251702773161,20
user1909@ybl,23161.77,50529.45908632573,16
user19100@ybl,3872.8142857142852,7081.78453017754,7
user19105@okicici,33246.898499999996,77047.50558194035,20
user19108@okicici,11305.383636363636,17978.761168480585,11
user19133@okhdfcbank,4566.091111111111,9136.077449557677,18
user19135@oksbi,11945.500454545456,34238.59860110592,22
user19141@ybl,16144.77,35055.078459095515,15
user19157@axl,51218.602307692316,73154.87460011058,13
user19157@ybl,10411.586,14683.874030932484,10
user19161@oksbi,23945.893846153846,49120.515011661475,13
user1916@paytm,2190.1111111111113,4460.710587856055,9
user19170@paytm,21567.99565217391,50721.70484106177,23
user19174@axl,8982.155,23829.601961969493,12
user1917@ybl,4224.425,6249.961958347426,6
user19199@paytm,9673.205454545456,28995.951197280756,11
user19205@paytm,14778.544,28401.485288187676,20
user19226@okicici,41796.09916666667,59602.47905098922,12
user1922@ybl,26100.992222222223,57308.692902311035,9
user19230@ybl,27247.81,53667.69118150128,21
user19240@okicici,18023.394166666665,38172.15838949507,12
user1924@paytm,3019.0230769230766,5729.582402023124,13
user19256@okicici,7582.826000000001,11638.0425119712,10
user19257@okicici,3001.5805263157895,5744.173263038404,19
user19263@okicici,3562.8625,6704.649808099699,20
user19263@paytm,14826.546666666667,25859.506310487133,15
user19268@okicici,11121.19777777778,25562.398290161364,9
user19279@okicici,8052.134545454545,15438.291231640478,11
user19287@ybl,4179.29,9541.858720986527,10
user19296@paytm,18972.939166666667,35243.78971293123,12
user19297@okhdfcbank,16637.5425,42027.35288835639,12
user19298@okhdfcbank,22197.686363636363,32519.092270510344,11
user1929@oksbi,11978.94923076923,24354.092385783428,13
user19300@ybl,5008.013125,10157.316677270443,16
user19302@paytm,11988.099333333334,40858.75959112448,15
user19309@ybl,4053.8716666666664,6576.65307890698,6
user19313@oksbi,3378.975,6551.125520983537,12
user19316@okicici,20156.708666666666,49503.17527629644,15
user19320@ybl,16809.644375,37976.90485050126,16
user19322@okhdfcbank,3104.0662500000003,5761.435848444473,8
user19323@axl,3224.3058333333333,8224.12429689017,12
user19325@okicici,18689.757999999998,35997.12768488233,20
user19344@oksbi,1547.7016666666666,1792.9563834897565,6
user19351@okicici,8641.170952380951,12410.153388720424,21
user19354@okhdfcbank,5229.062222222222,11235.824451344984,18
user19361@okhdfcbank,23648.514000000003,65397.68282733526,15
user19375@paytm,16515.907727272726,37040.490342411955,22
user19381@okhdfcbank,8176.025384615385,13882.718444770711,13
user19384@oksbi,55969.4225,134507.27947941108,16
user19385@ybl,1191.7144444444446,1899.2868244430008,9
user19395@oksbi,16519.296923076923,22496.03309642331,13
user19402@ybl,7715.426363636364,11001.7476190815,11
user19413@axl,15370.208461538461,39223.04921050139,13
user19414@oksbi,14527.962222222222,22033.19897869223,9
user19431@paytm,28999.22625,59906.959847231316,16
user19443@ybl,26852.858666666667,47271.35056395135,15
user19449@paytm,2997.4666666666667,8153.930382589439,12
user1944@paytm,8174.614545454547,23476.222775028087,11
user19452@okicici,13744.361250000002,17094.48964205169,8
user19452@ybl,9513.778,27802.825447721574,15
user1946@okhdfcbank,12968.082,24131.345826927267,15
user19474@okhdfcbank,9758.843333333332,16364.091355375056,12
user19482@ybl,8321.08705882353,22437.487254829462,17
user19489@ybl,13667.07923076923,20115.42914085332,13
user19522@oksbi,24108.439285714285,53259.81700766369,14
user19526@ybl,4566.064166666666,11561.192604475982,12
user19557@oksbi,17988.5775,41475.59582069307,12
user19562@paytm,5441.36076923077,9590.020664204763,13
user1956@axl,20131.876666666667,39094.689027596585,15
user19574@okhdfcbank,10369.44923076923,17607.500096260806,13
user19589@axl,3966.2666666666673,8833.498157952623,15
user19594@okicici,17802.25923076923,37902.074670433816,13
user19595@okicici,13112.463333333333,23700.76306638512,9
user19601@axl,17187.951,28406.964235567877,10
user19608@okicici,3452.17,6891.347634073987,15
user19610@paytm,3072.764,6814.6815911098465,15
user19624@paytm,18863.119444444445,46315.759980172355,18
user19639@ybl,27999.042,45386.75564805477,15
user19646@okhdfcbank,25784.875,40349.46417201135,10
user19653@oksbi,45092.110625,66005.3244797274,16
user19658@okhdfcbank,7867.509999999999,14399.180156351851,27
user19667@axl,9794.314285714285,16896.331219313088,14
user19676@oksbi,19068.614999999998,49057.71303997257,10
user19677@ybl,16131.458461538461,27630.675943221104,13
user19681@oksbi,23287.236249999998,54323.905610832255,16
user19688@axl,11944.727,27846.35212028241,10
user19689@ybl,16951.314375,42737.533906664445,16
user1968@paytm,932.0613333333333,1108.1750509081307,15
user19690@okhdfcbank,19296.493333333332,55507.0139033082,9
user19693@ybl,10407.600384615387,19649.18815155262,26
user19704@okicici,6845.726428571428,13245.01232180256,14
user19705@okhdfcbank,26720.57857142857,52257.82310213538,14
user19706@okicici,34479.608181818185,70256.54453263438,11
user19708@oksbi,28126.425,52927.988591445894,16
user19711@axl,18641.971818181817,45001.32245905309,11
user19715@paytm,13328.594117647059,28100.71673574939,17
user19733@okicici,15068.326000000001,27589.13908663226,15
user19740@ybl,45324.64647058823,118343.32442338414,17
user19743@okicici,784.0691666666667,1358.432562079334,12
user19745@okhdfcbank,1697.9870588235297,2787.1525652508794,17
user19752@ybl,8447.644,15499.14627172957,15
user19756@ybl,15057.996875,31193.243892130813,16
user19768@paytm,16830.48846153846,35318.219946985075,13
user19777@axl,8622.962142857144,29123.814481222747,14
user19781@paytm,18140.302857142855,29908.676139624524,14
user19782@ybl,14981.875,29978.989708936304,18
user19787@ybl,7247.493157894736,15787.174030337994,19
user19793@oksbi,4371.541111111112,10283.178862767152,9
user19799@oksbi,10458.328571428572,25890.49616478866,14
user19800@oksbi,15921.719500000001,34636.5015042679,20
user19800@ybl,18968.76636363636,52881.21251528132,11
user19807@axl,10597.534615384615,20019.296769872068,13
user19812@axl,21230.9555,39555.89088487852,20
user19814@paytm,6541.075454545454,13001.73139437157,11
user19816@okicici,18927.019,52160.7475246555,10
user19830@axl,29978.185,66971.71819701101,8
user19830@paytm,5983.290500000001,12718.591223778005,20
user19847@paytm,21459.908666666666,45968.59161922221,15
user19888@okhdfcbank,5684.553571428572,11930.101784610355,14
user19888@oksbi,5630.342857142858,8534.545982022288,14
user19890@paytm,13310.072857142857,28644.123663233917,14
user19891@paytm,2500.040909090909,3334.1093204016406,11
user19895@axl,16212.336666666666,43714.05013991933,15
user19895@okicici,3184.6581818181817,5096.296950033069,11
user19907@okicici,18025.915714285715,52806.472502789,14
user19919@okhdfcbank,11408.17882352941,23493.95060792216,17
user1992@okhdfcbank,18073.857500000002,37252.36727631123,12
user19931@ybl,29377.950000000004,58830.159001029686,13
user19932@okhdfcbank,14235.83857142857,34348.67279869079,14
user19951@ybl,10259.789166666666,18072.03700741284,12
user19961@okhdfcbank,1282.3111111111111,1668.6987872324685,9
user19971@oksbi,3011.296875,8345.707600589034,16
user19976@paytm,19978.276842105264,53422.21077849903,19
user1997@ybl,26598.37923076923,55453.378564923274,13
user19984@okhdfcbank,15158.636363636364,29534.839207530244,11
user19990@okicici,7234.897647058823,18071.790093588726,17
user19996@axl,11884.959230769231,29672.43138966861,13
user20008@okicici,14301.998125,32474.82159408716,16
user20023@okhdfcbank,4095.736666666667,7509.673283354831,12
user20029@axl,4853.518947368421,8551.52264328724,19
user20033@okhdfcbank,16096.946874999998,38724.65189371059,16
user20053@ybl,6522.861875,22462.361262682134,16
user20056@okicici,21927.403333333332,35711.85857827834,15
user20063@paytm,1506.5110526315789,1548.8869210353562,19
user20065@okhdfcbank,8434.122592592592,21986.44596836924,27
user20073@paytm,18460.16,50831.73548555629,12
user2007@ybl,21265.832307692308,45441.77663945868,13
user20086@okhdfcbank,3949.6766666666667,10771.795754835644,15
user20087@okhdfcbank,34056.327000000005,56418.04115969,20
user20094@paytm,3958.995384615385,11024.155197847447,13
user20096@okhdfcbank,1723.115,2525.3155163536226,12
user20097@ybl,18823.50416666667,35967.981688952816,12
user20116@ybl,4294.680769230769,7639.958562368496,13
user20122@axl,933.9779999999998,1522.0412954377348,10
user20129@ybl,17723.79294117647,45532.912079438036,17
user20142@paytm,3920.51375,4596.78399819432,8
user20149@oksbi,11869.8,26005.38631538208,14
user2014@ybl,15665.382222222222,20015.36424785643,9
user20154@paytm,16215.086363636363,38594.17581381011,11
user20156@okicici,21526.09470588235,46442.038609516014,17
user20157@axl,8586.407500000001,16225.787638969878,12
user20159@axl,5581.889166666667,13016.118743284462,12
user20159@ybl,1145.2985714285712,1595.3753286236292,7
user2015@okhdfcbank,26190.339999999997,61415.01986410668,12
user20169@ybl,27483.43,51255.3285735828,16
user2016@okhdfcbank,4273.4800000000005,7489.50367233627,14
user20171@oksbi,8818.716,17345.11029482129,10
user20173@ybl,16729.04333333333,36203.856032859905,18
user20177@paytm,6315.177500000001,17284.3480477263,16
user20187@axl,17200.70142857143,45466.24655133687,14
user20190@axl,2404.362727272727,5942.222885925924,11
user20198@okicici,1295.905789473684,1488.8025096638191,19
user20199@okhdfcbank,7793.159285714285,11201.441062881471,14
user20201@axl,1336.0466666666664,1515.6263622921713,9
user20216@oksbi,4065.0925,10008.86097391445,12
user20222@okicici,34461.659,67824.09027492002,10
user20229@paytm,17747.206153846153,35614.130805804816,13
user20233@okicici,21569.652941176468,40094.32171414734,17
user20239@paytm,23539.324,52518.72556664277,10
user20250@ybl,8008.851000000001,15318.203549574931,10
user20252@paytm,4550.589999999999,5165.884146165107,7
user20256@okhdfcbank,724.3958333333334,977.5203858693442,12
user20259@oksbi,4872.61125,11946.883695000532,8
user20262@okhdfcbank,9116.136315789474,25638.462374451363,19
user20267@ybl,12534.755000000001,38438.52875707872,18
user20276@okhdfcbank,2199.2669230769234,1589.8973621766943,13
user20282@axl,25386.440000000002,59180.92386655551,11
user20288@okhdfcbank,18781.1335,33848.21107623505,20
user20296@oksbi,9344.942000000001,21504.238543981563,10
user20309@okicici,2900.286666666667,3619.3253726557937,9
user20323@okhdfcbank,25373.312777777777,59620.20825811406,18
user20324@okhdfcbank,7697.902,12998.704331941703,10
user20333@axl,329.26,277.79178875553544,9
user20337@paytm,17303.25357142857,52904.46161300396,14
user20340@okicici,11291.588,19117.96629390201,10
user20346@oksbi,19957.65857142857,27799.46818655263,14
user20360@paytm,8082.7,13689.969175980232,10
user20381@okicici,18049.963125,39640.12937914771,16
user20385@axl,9296.552,16122.998759045899,10
user20394@oksbi,13736.199166666667,21691.56567547876,12
user20403@oksbi,4694.865999999999,11056.256687414467,15
user20404@axl,4467.012000000001,9601.879606005275,5
user20420@paytm,2053.576,4128.607049085684,10
user20422@axl,7172.48875,16716.636778764045,8
user20423@ybl,6032.47,13315.772659050159,14
user20426@oksbi,37240.14,61770.21253666884,6
user20446@oksbi,9263.586249999998,19243.500800643273,16
user2044@paytm,13965.417333333335,22062.870836744663,15
user20455@okhdfcbank,8378.626111111113,14380.323463182003,18
user20456@axl,15736.847777777779,33586.16887749753,18
user20456@paytm,3557.654,6337.14898086794,10
user20457@paytm,4936.865,7984.747349097481,14
user20462@axl,1628.0205263157895,3083.8849977593622,19
user20464@oksbi,19420.086666666666,24328.48170661081,12
user20465@ybl,10787.60125,18618.99662491007,8
user20476@paytm,5404.1866666666665,9650.00431784748,9
user20477@paytm,8432.378333333334,17092.615893539758,12
user2049@ybl,3189.7975,8050.319131325967,8
user20503@paytm,7261.774117647059,13643.583789934033,17
user20508@okhdfcbank,2656.905,5191.028528261743,12
user20508@okicici,383.70875,196.89487800328524,8
user20510@paytm,7806.326315789474,15363.854283531567,19
user20515@okhdfcbank,14177.323076923078,35197.48112320809,13
user2051@okicici,26941.406470588237,56502.335430630315,17
user20520@okhdfcbank,12647.670625,24449.430923544336,16
user20522@okhdfcbank,12406.34125,20804.091154191927,8
user20539@okhdfcbank,1258.00875,1612.8401691110669,8
user20539@okicici,17981.415294117647,45713.40717502458,17
user20541@okicici,28389.99642857143,52219.8423006461,14
user20544@ybl,5553.00125,12700.254683103729,8
user20551@axl,7797.348,13986.5152802697,10
user20552@ybl,9285.333999999999,20676.06397382904,10
user20558@axl,11175.665789473684,18648.439774439375,19
user2055@ybl,9939.035,36225.57729621958,22
user20563@okhdfcbank,21776.985,40404.537508780224,10
user20569@ybl,21052.56090909091,59523.03974027846,11
user20572@oksbi,5327.083333333333,10318.327738932518,12
user20581@ybl,5193.0815,10886.525356545983,20
user20583@axl,8458.332,15453.875049573095,10
user20585@paytm,4669.2028,10752.098705225537,25
user20589@oksbi,37603.88952380952,73311.53301888875,21
user2058@oksbi,17520.07909090909,49881.4569472323,11
user20595@oksbi,13581.700588235295,42386.70165247328,17
user20601@axl,20920.696666666667,49568.44073185613,12
user20610@paytm,8068.5830000000005,18983.924371114073,10
user20611@paytm,1589.242727272727,2600.413249612803,11
user20613@okhdfcbank,18687.202222222222,28550.0934527461,18
user20622@paytm,6589.055263157894,13007.687280484211,19
user20623@axl,2411.33,3415.9537833158693,13
user20627@ybl,23430.764166666664,55303.78406081014,12
user2062@axl,10597.905263157896,30322.60225618203,19
user2062@paytm,22221.871578947364,53683.92734286443,19
user20641@okicici,3432.2173684210525,7796.18513254388,19
user20642@ybl,6432.224666666666,12131.266249233171,15
user20643@ybl,8465.046,13318.717236586263,15
user20659@okhdfcbank,42547.275,119962.52193568474,16
user20665@okhdfcbank,17574.394285714287,47525.142436683855,14
user20675@okicici,12881.073076923076,36186.704203510155,13
user2067@paytm,7064.908333333334,21305.58917028062,12
user20689@axl,6961.130666666666,22178.750816850887,15
user20692@oksbi,24717.12,49546.585333840914,11
user20702@paytm,28103.102499999997,56910.5245530109,12
user20710@okicici,6692.573333333334,9262.302086052741,12
user20715@okhdfcbank,1382.8366666666666,1606.8947169070566,15
user20726@ybl,8957.459166666666,18131.55798131306,12
user20731@ybl,13725.444375,29574.97886211157,16
user20738@axl,1431.0053846153846,1751.7286195527706,13
user20738@paytm,17037.474545454545,37912.02572742595,11
user20739@okhdfcbank,32110.632500000003,107576.79855820823,12
user2073@paytm,11198.294999999998,23294.095910894677,16
user20748@okicici,12615.385294117646,38339.55017522638,17
user2074@paytm,15637.902307692306,41291.12485416068,13
user20751@ybl,3232.4880000000003,8967.058285200816,15
user20758@ybl,3083.090909090909,6803.984318061667,11
user20768@oksbi,6854.420000000001,13182.690995266896,12
user20773@axl,5372.576363636364,14274.40083414451,11
user20781@paytm,10207.582307692306,28979.27521769767,26
user20782@ybl,5829.29,13926.837851966791,9
user20787@paytm,8101.868750000001,14013.662843197439,8
user20790@oksbi,3783.3530769230774,11600.637231330862,13
user20797@oksbi,1452.5392857142856,1724.767398892983,14
user20798@axl,18642.184736842104,43154.95417395813,19
user20799@paytm,26661.48176470588,54512.06656090009,17
user2079@paytm,7237.5025,15410.928876303173,12
user20800@okhdfcbank,18359.1975,54811.72558540804,12
user2080@okicici,7287.5475,12921.745377441279,4
user20810@axl,12250.22642857143,42059.334545987,14
user20810@oksbi,7258.423333333333,16357.924100061611,18
user20816@okhdfcbank,6047.756333333334,10648.19919571946,30
user20830@paytm,6760.695600000001,11047.036355312332,25
user20867@ybl,8864.04642857143,15833.397392984823,14
user20870@paytm,26238.75375,63315.91323977543,8
user20871@paytm,5531.554444444444,12139.659440712403,9
user20873@oksbi,15691.007142857143,52329.44364979484,14
user20873@ybl,13181.339375,44801.023484784724,16
user20874@axl,12441.364545454546,17185.185158333537,11
user20877@axl,7487.213076923076,12360.974657026703,13
user20880@okicici,8592.979230769231,9205.001571599052,13
user20881@paytm,4676.3327272727265,10513.40944371719,11
user2089@okicici,8154.1594444444445,18074.254649746636,18
user20924@okicici,18543.326363636363,38146.717316345916,11
user20935@paytm,22742.152307692308,45959.00218620798,13
user20937@okhdfcbank,3382.9453333333336,9687.752959044194,15
user20942@ybl,34745.13058823529,60758.22059925477,17
user20950@ybl,5855.368888888889,10232.185666010519,9
user20956@okicici,29747.712222222224,62087.637121135034,9
user2095@oksbi,6600.363333333333,11304.467407741738,15
user20963@oksbi,13973.846666666666,26074.338848970176,12
user20971@okicici,16260.363076923077,23415.616678934024,13
user20975@okhdfcbank,6822.73909090909,13547.039035090622,11
user20977@axl,7351.3550000000005,11518.0004648555,14
user20982@ybl,19012.00733333333,44408.8284819892,15
user20991@okhdfcbank,12091.806153846155,32788.71906112414,13
user20996@axl,32356.172941176475,60142.98775694395,17
user20996@paytm,4725.121999999999,13728.83288909132,10
user21002@okicici,7127.502608695652,18529.671331723916,23
user21008@paytm,22945.645625,53203.95222989484,16
user21011@axl,7487.801052631579,20573.34061084633,19
user21022@okicici,10868.122857142856,31095.490391923253,28
user21025@okhdfcbank,5605.754545454545,12927.923628723494,11
user21028@ybl,9660.881428571429,23830.594149744727,7
user2102@oksbi,25314.210666666666,53330.274521571766,15
user21039@okicici,5792.542777777778,11699.956222797842,18
user21043@ybl,4626.967272727273,8730.489615743314,11
user21044@okhdfcbank,18494.182,46151.616811222884,10
user21045@axl,650.9282352941176,1012.2178042560508,17
user21047@okicici,11527.331333333334,38083.89666571272,15
user21049@oksbi,17902.803913043477,44057.507251253366,23
user21054@okhdfcbank,9494.205555555556,16771.288430507808,18
user21056@okhdfcbank,12108.304545454546,27473.18166382968,11
user21056@oksbi,13578.179999999998,45328.1522806023,15
user21058@okhdfcbank,5445.229642857143,13949.158043893089,28
user2105@paytm,11125.884399999999,27369.037152067645,25
user21074@paytm,15026.17090909091,20043.504239685462,11
user21079@oksbi,12271.211,14503.510895943973,10
user21080@okhdfcbank,1389.6871428571428,1160.003921512255,7
user21085@okicici,856.495,1223.9763493099038,6
user21092@ybl,16645.032,49467.23211581532,10
user21093@okhdfcbank,21189.623,62843.29704568395,10
user21095@paytm,6398.621,12879.725786184023,20
user21102@oksbi,1894.96,1974.011263611904,4
user21103@oksbi,6780.267692307692,27987.097406192628,26
user21104@axl,19429.0675,53125.487825467644,12
user21108@paytm,17282.27,18212.423806584025,8
user21116@axl,11171.482857142857,23511.97628698926,14
user21125@paytm,1118.5466666666666,1315.5719039071944,9
user21128@axl,15266.483333333335,31944.73918930978,12
user21131@paytm,4245.95,9099.803778876223,9
user21132@okhdfcbank,17563.345384615386,48269.4190040419,13
user21140@paytm,21357.458333333336,47693.70769149719,12
user21150@axl,13238.07466666667,44892.884999082125,15
user21156@okicici,25721.673333333332,29407.315893049472,9
user21159@okicici,15544.720769230771,39541.0612852923,13
user2115@okicici,2837.71,4441.66896401368,18
user21169@okicici,8261.484666666667,14846.98050353908,15
user21175@okicici,29981.164545454547,84791.57085141445,22
user21176@paytm,13716.39,42504.95172696853,17
user21183@oksbi,29184.821333333333,54311.02043081691,15
user21187@paytm,9724.40176470588,24909.346561512368,17
user21202@paytm,11751.215333333334,30119.028067368425,15
user21213@paytm,856.0766666666667,946.9544162137197,6
user21219@oksbi,10100.654666666667,30072.361801678075,15
user21224@paytm,21934.709166666667,48130.474674726414,12
user21229@axl,10274.975454545456,28956.2690838759,11
user21234@paytm,10211.229374999999,15740.46667065983,16
user21245@oksbi,6839.832352941176,22625.03929067294,17
user21256@paytm,4365.741333333333,12546.193984978567,15
user2125@ybl,12100.890000000001,25738.150605698604,18
user21269@axl,29313.663846153846,56007.28998864635,13
user21281@paytm,5948.0505882352945,13155.954411589868,17
user21293@ybl,29370.541538461537,90683.64740508288,13
user2129@oksbi,10039.330833333333,16219.38172697796,12
user21307@oksbi,31537.40071428572,60745.94411346078,14
user21309@oksbi,2866.6935294117648,6684.699639963209,17
user21313@ybl,2166.7125,6089.896342249818,12
user21316@okicici,6777.254285714286,15001.276077674047,14
user21316@paytm,14163.277142857143,23804.728939713583,14
user21323@okhdfcbank,4325.9825,8442.540764007936,8
user21323@okicici,8603.289999999999,16277.357264051301,12
user21324@ybl,5863.126363636364,13071.86253765566,11
user2132@okhdfcbank,14353.848666666667,34692.48037471868,15
user21337@axl,14063.685625,25506.1027983171,16
user21344@okicici,5506.776666666667,13003.456180231467,9
user2134@oksbi,11376.667368421053,19443.732226672786,19
user21354@okicici,31142.485000000004,53662.10725399668,14
user21354@oksbi,5960.291428571429,11961.30181424724,7
user21358@okhdfcbank,17627.151666666665,37365.44169739896,18
user21365@okicici,21263.9375,51806.30500602221,12
user21369@ybl,13112.04947368421,39075.03638285709,19
user21372@axl,19481.760000000002,49240.65745592931,13
user21384@oksbi,13571.323333333334,20613.716242640643,6
user21389@axl,10751.310370370371,22362.16369425812,27
user21390@axl,10614.73076923077,14675.899485674046,13
user2140@okhdfcbank,7075.996363636363,14296.961930078203,11
user21422@ybl,13568.347333333333,28841.043290838013,15
user21431@oksbi,11476.804,32733.398762662782,10
user21435@ybl,21664.092777777776,48900.069873626104,18
user21447@paytm,21475.174166666668,44406.41431546112,12
user21448@ybl,1716.043846153846,1581.2939621795947,13
user21460@axl,17760.719375,29183.120001724623,16
user21466@okicici,7660.684444444445,12890.044336408537,9
user21470@okhdfcbank,5237.998333333333,9953.635170534873,18
user21478@okhdfcbank,9757.83375,15507.78231372967,8
user21491@okhdfcbank,22856.086363636365,54078.34764676233,11
user21491@okicici,2484.9144444444446,6085.697004576263,18
user21504@axl,16407.717777777776,31270.217026957445,9
user21505@okhdfcbank,10878.308571428572,36897.314856775534,14
user2150@axl,1296.642857142857,1725.1856115378262,7
user21514@ybl,766.392,863.974526705247,10
user21527@paytm,12049.214210526316,29117.41557861173,19
user21534@okicici,14786.038888888887,34216.05058021727,18
user21538@ybl,15179.098947368422,44342.53576126061,19
user21539@okhdfcbank,4221.0650000000005,9447.575440845774,10
user21541@okicici,5379.139999999999,9473.84979628182,12
user21545@okhdfcbank,24081.35,54070.142821592664,8
user21559@axl,13824.380666666666,49973.93603958475,15
user21561@paytm,10752.01157894737,24761.57822964043,19
user21566@axl,19558.350000000002,48888.08189414769,12
user21566@okicici,11548.288461538461,27115.24100072929,13
user21567@ybl,13621.704705882354,29196.78304716444,17
user21581@oksbi,22828.197142857145,42730.35026873115,14
user21581@paytm,660.905,922.9780731685883,14
user21583@paytm,15744.859285714285,48213.626721244,14
user21595@okhdfcbank,4769.665454545455,14309.122060557987,11
user21601@ybl,4963.49,10615.970642404773,8
user21605@oksbi,6764.9575,14071.732110519353,8
user21607@ybl,21806.81,48676.183875999704,13
user21608@ybl,9137.835625,15774.045189405693,16
user21609@axl,5351.29,10223.09971097185,12
user21609@ybl,30052.471666666668,64157.284429344254,12
user2160@paytm,26129.957777777778,58219.861551390495,18
user21611@okhdfcbank,15755.174285714284,31222.39309852434,14
user21618@oksbi,30533.05,61565.34203132357,15
user2161@okicici,6328.1393333333335,11896.314944992999,15
user21625@okicici,6924.63625,12463.440532604534,8
user21637@ybl,23168.700714285715,34557.41901829687,14
user21644@axl,19117.09,39674.3112458301,17
user21651@axl,12579.69375,17885.43481207539,8
user21654@axl,2080.2000000000003,1605.099782298077,7
user21655@ybl,8909.108333333334,14127.093353084369,12
user21659@paytm,18599.061875,44088.91720379839,16
user21661@paytm,2597.236,6965.549175578636,20
user21662@okicici,10049.449166666667,23944.100631814188,12
user21666@paytm,27775.35705882353,55577.35290867707,17
user21684@axl,13738.414,39020.18418522656,10
user21689@ybl,7112.746875,12414.540420395604,16
user2168@okhdfcbank,10949.001250000001,21367.367448902038,16
user21698@okicici,11296.701538461539,22088.60097006932,13
user21700@oksbi,9004.050666666668,22934.556878681215,15
user21707@paytm,7572.152,13379.695710333128,10
user21711@paytm,4379.662222222222,10208.875322140364,18
user21714@ybl,4133.803125,7354.841647745353,16
user21719@okhdfcbank,9114.11,19574.05009203384,5
user21719@oksbi,6123.41923076923,13808.223590411899,13
user21746@ybl,6158.375555555556,15277.413770944633,27
user21750@ybl,23386.800909090907,40797.320117625975,11
user21754@oksbi,38799.80777777778,58320.65174898849,9
user21764@paytm,7913.367499999999,15730.150640255664,8
user2177@okhdfcbank,14010.60125,19661.210401401637,8
user21789@okicici,1845.0870588235293,3136.9602971821396,17
user21800@axl,6460.286923076923,9953.48923171282,13
user21805@oksbi,3340.7290000000003,7534.650258041843,10
user21806@axl,2448.2530769230766,6207.210301702079,13
user21808@okicici,8326.611,11653.276357533725,10
user21811@oksbi,7064.446363636364,20096.596889291617,11
user21823@okicici,15766.00727272727,40033.00298551261,11
user21827@okhdfcbank,4082.368,9728.186665625084,15
user21836@okhdfcbank,8147.995263157895,26443.65280143808,19
user21842@axl,1935.2177777777777,2722.0195608719355,9
user2184@oksbi,8298.8235,25347.12448876686,20
user21855@ybl,4127.175714285714,9513.514764378997,14
user21862@paytm,986.5315384615386,1342.2332494630368,13
user21863@axl,4367.768947368421,10441.39718893602,19
user21874@oksbi,4019.908888888889,8666.38746736384,18
user21878@paytm,5185.0175,8229.849024716154,8
user21884@okicici,645.2,852.465342350697,12
user21884@paytm,15901.308235294116,44648.92282426521,17
user21895@oksbi,3073.3333333333335,5036.370846870743,15
user21897@okhdfcbank,18899.690833333334,50304.830420675666,12
user21918@oksbi,24848.959999999995,60050.450815148135,12
user21922@okhdfcbank,4989.437857142858,12547.523151456062,14
user21923@ybl,7782.256666666666,13250.358326681207,9
user21927@paytm,1378.5983333333334,1910.1708540662646,12
user21932@paytm,6175.745882352941,13875.72586300986,17
user21936@okicici,5005.507647058824,9587.53619537661,17
user21939@okhdfcbank,10269.204,13453.718568223752,15
user21946@okicici,11241.424666666666,19893.589811625203,15
user21951@okhdfcbank,22458.268125,38410.71538878289,16
user21953@ybl,4384.559166666667,11279.19343534929,12
user21954@ybl,3053.057333333333,4864.92549132412,15
user21955@axl,1906.7275,4114.749257890614,12
user2195@oksbi,13325.452727272728,19460.36920975144,11
user21963@axl,10201.72909090909,15118.871431498752,11
user21968@okicici,7556.358,14728.44048657472,10
user21968@paytm,1869.39875,2767.7527707748154,16
user21977@oksbi,4743.699090909091,11913.191114750449,11
user21981@paytm,19387.637368421052,43733.53053803986,19
user21982@okhdfcbank,7190.627272727273,17498.976523027333,11
user21991@ybl,2187.8492307692304,4748.658478708244,13
user22029@okhdfcbank,6678.190909090909,6228.579696780726,11
user22038@paytm,3445.270909090909,7398.058849505665,11
user22038@ybl,7517.29090909091,14307.929426983104,11
user22042@okicici,15992.166470588236,29523.75329985776,17
user22045@paytm,18268.195384615385,51940.316164378295,13
user22050@axl,26703.39,54481.83091338487,18
user22058@okicici,7406.329000000001,20343.872892376905,10
user22059@ybl,9595.745,21027.814538579543,18
user22061@oksbi,3193.4507692307693,5871.1989746423205,13
user22067@axl,4661.245454545454,9001.190344375975,11
user22071@ybl,3827.3705882352942,9852.550000235009,17
user2207@okicici,15618.102307692307,39782.95378728331,13
user22083@paytm,13172.753333333334,36126.16882500113,21
user22097@axl,24760.590999999997,42382.75377216364,20
user22101@okicici,3974.325384615385,10735.720649165889,13
user22113@oksbi,14434.2095,40073.343776007765,20
user22113@ybl,4011.2218181818184,7592.964829357263,11
user22119@okicici,17608.024761904762,40150.37519866317,21
user2211@oksbi,6847.614166666666,14944.684134496822,12
user22120@ybl,1942.3483333333331,2061.6438758520435,18
user2212@axl,8950.446470588235,18279.193121249547,17
user22143@axl,23014.525,59823.91719181259,10
user2214@okicici,5044.114666666666,10393.138866941337,15
user2214@paytm,796.6875,1403.3424046839352,12
user22153@okicici,7335.946428571428,15039.592852143822,14
user22164@oksbi,5548.853571428571,11695.240365736963,14
user22168@okicici,25942.114444444444,47272.49464060367,9
user22172@okhdfcbank,22912.097222222223,48456.03012092676,18
user22182@axl,47655.48636363636,102877.26324775685,11
user22182@ybl,5349.5,9220.754407774113,15
user22183@ybl,8293.270555555555,13492.267566307779,18
user2218@oksbi,18179.925714285717,42683.27284340764,14
user22195@ybl,15758.073846153848,41139.475662338715,13
user22199@okhdfcbank,7643.796666666666,13974.47980623182,15
user22209@okhdfcbank,10735.320526315789,32736.58316406907,38
user22213@okicici,10448.105333333335,23309.83482404794,15
user22223@ybl,19286.070625,50935.97217706984,16
user22225@paytm,9816.866923076923,18933.945064575328,13
user22225@ybl,31257.457692307693,65486.31646088061,13
user22246@okicici,21016.68388888889,45289.32709935001,18
user22252@axl,13948.317692307694,46096.91047488037,13
user22253@axl,3139.44125,4626.548525523644,16
user22256@okhdfcbank,2386.4125,4274.092976274456,12
user22274@paytm,6934.918,17917.435677361125,10
user22281@okhdfcbank,9606.583636363637,15937.040723187774,11
user22281@okicici,10630.1295,14521.899687461686,20
user22288@ybl,28696.97071428571,49271.60392983202,14
user22292@okicici,4754.788666666666,8293.665079776136,15
user22292@oksbi,6003.890666666667,12767.456113782004,15
user22300@oksbi,6054.629375,14047.086002456865,16
user22301@ybl,6528.602727272728,9947.325251941942,11
user22304@oksbi,13393.735714285716,20124.338432804238,14
user22309@oksbi,33612.59916666667,104940.65422037037,12
user22312@paytm,3109.5014285714283,6063.9595216503785,7
user22316@ybl,7775.248666666666,15611.186926981867,15
user22322@ybl,1176.9383333333333,1585.900096064272,6
user22323@axl,4424.613333333333,8324.800250647517,15
user22326@okhdfcbank,5291.438333333334,11110.317210115058,12
user22329@oksbi,17686.3825,37040.00858499094,12
user22341@okicici,5436.307272727273,11742.723369420817,11
user22346@okhdfcbank,12399.596923076924,30844.446018012,13
user22348@axl,952.4608333333334,1289.0375193810185,12
user22352@axl,20028.673333333332,51781.31881029548,12
user22352@ybl,10617.555333333332,24358.755176821174,15
user22357@okicici,14026.938750000001,28213.98883976289,16
user22359@axl,9355.635555555556,24038.647544383777,18
user22360@axl,17615.913333333334,28543.342277679247,12
user22381@oksbi,8562.159230769232,14373.4350153831,13
user22384@paytm,5045.548181818182,6600.317396366357,11
user22386@paytm,20560.64933333333,53263.118590773,15
user22390@okicici,10784.698,20252.4966623376,10
user22395@okhdfcbank,9166.682307692306,13948.034457019474,13
user22395@paytm,20132.42666666667,41915.394931768176,12
user22398@ybl,12674.823333333334,18886.9300732676,9
user2239@axl,1763.7036842105265,2061.5265773186693,19
user22400@oksbi,10767.142941176471,36220.77187459044,17
user22411@paytm,24553.61285714286,50503.37315097242,14
user22424@axl,3668.3578571428575,7138.662652428114,14
user22427@axl,6558.173124999999,16377.10142782811,16
user2242@okicici,1774.5264285714286,3806.583537671396,14
user22438@okhdfcbank,9130.94238095238,28107.967914750596,21
user22446@oksbi,11934.281875,26157.398257761604,16
user22446@ybl,70288.84599999999,122043.73383302169,15
user22447@oksbi,1471.526,1726.1036077452334,10
user22447@paytm,10019.713846153845,16170.791246742554,13
user2245@axl,9502.600999999999,18029.1336085918,10
user2245@paytm,9847.25,26691.614340132437,12
user22468@okhdfcbank,5371.554,11386.56966310352,20
user22473@okicici,5644.302777777778,13537.23385462646,18
user22494@ybl,5365.260909090909,14427.221566527944,11
user22498@oksbi,2097.096666666667,5256.702667869648,12
user22509@okhdfcbank,1103.2440000000001,1650.2410007723115,5
user22514@axl,17072.090833333332,52817.395601977136,12
user22518@okicici,16629.71923076923,49427.254972038536,13
user22520@okhdfcbank,1099.426,1430.9211014913901,10
user2252@ybl,8350.867,11687.9422593647,20
user22534@paytm,5845.329642857143,11203.792427912933,28
user22542@okicici,20205.355,46933.32367667803,16
user22545@ybl,11945.909230769232,30644.65401744146,13
user22556@oksbi,22442.322222222225,44199.04140631474,18
user22563@ybl,4361.80125,10585.838914185766,24
user22566@okicici,15124.738571428572,30653.304261579488,14
user22573@oksbi,7243.424090909091,14658.312344135491,22
user22575@ybl,12520.554,36260.03360040828,10
user22576@axl,29352.078999999998,53880.06944667233,10
user22577@okicici,5933.825833333333,10765.929687300546,12
user22584@axl,20518.291875,48434.68753971919,16
user22602@okhdfcbank,15039.715833333335,38612.085474592364,12
user22604@okicici,22660.95363636364,47938.134432695704,11
user22605@paytm,24762.635,56182.587266907474,18
user22607@okhdfcbank,21599.904210526314,50348.706437269335,19
user22621@okhdfcbank,18124.54695652174,42335.695323150874,23
user22625@paytm,18733.901904761908,42550.99351692597,21
user22630@ybl,7798.572222222221,28573.219655400393,18
user22636@paytm,9796.789999999999,19522.642281980465,15
user22638@okhdfcbank,26458.94941176471,55921.79536649278,17
user22639@oksbi,4789.47,11164.994565469857,15
user22644@okicici,8312.15,13522.225773855153,17
user22650@oksbi,11032.341904761905,18408.601465201427,21
user22672@ybl,17321.522857142856,32515.385490707642,21
user22673@ybl,373.1542857142857,336.57060422528207,7
user22675@paytm,7928.7775,17154.777880661662,12
user22677@ybl,19338.535625,31231.76480005615,16
user22683@okhdfcbank,7659.713333333333,18786.143001802408,12
user22684@paytm,4067.92375,10713.531542756493,16
user22686@okhdfcbank,10574.981249999999,19213.32791175842,8
user22686@ybl,20031.92692307692,55240.851607888646,13
user22689@ybl,11549.0725,32157.53164255957,16
user2269@okicici,11523.785833333333,28095.61645632107,12
user22711@oksbi,6161.330666666667,12404.983807774004,15
user22727@oksbi,6147.570000000001,12071.444786912863,8
user22730@okicici,31053.90846153846,54556.2020655536,13
user22732@okhdfcbank,2053.565,2085.1389785575443,4
user22751@okicici,1238.585,1492.710871425616,10
user22754@oksbi,3302.3,8403.569101194777,10
user22767@oksbi,4059.3127272727274,6669.653235329542,11
user22778@okicici,20862.943333333333,34921.74663209839,9
user22792@okicici,8371.027857142857,20454.359911928193,14
user2279@axl,710.7664285714285,1216.1832294367437,14
user22800@paytm,6343.182,14247.740063450263,15
user22801@okhdfcbank,1394.5658333333333,1650.942336322768,12
user22804@axl,946.0090909090909,1480.4584302671558,11
user22817@paytm,2799.7488888888893,3912.705212935944,9
user22818@paytm,7341.674444444445,10505.168233150898,9
user22826@ybl,22557.566315789474,49377.47844135344,19
user22834@ybl,12049.68090909091,31172.840504125208,11
user22839@okicici,3874.439375,7741.464840246079,16
user2283@axl,22163.152142857143,51494.285715150385,14
user22869@okicici,13946.225999999999,17910.54792897183,15
user22876@paytm,7911.8515384615375,20598.63323639251,13
user22889@okicici,18753.234117647058,39545.40415548943,17
user22918@oksbi,4328.15125,7690.157934045006,8
user22927@okicici,12364.815,28044.326993568757,12
user22942@okicici,6225.451428571428,13463.655808685533,14
user22946@ybl,29229.275384615386,40095.689827131595,13
user22949@paytm,9831.317857142858,15753.507612602529,14
user22959@okhdfcbank,10765.474285714285,28879.64737274757,21
user22975@oksbi,8665.18076923077,16875.737845022493,13
user22976@axl,11778.335555555555,32910.45224137823,18
user22976@oksbi,2482.837,3765.1691743076653,10
user22988@ybl,7885.304,20554.90558609995,15
user22996@okhdfcbank,19377.010769230772,45435.89491370515,13
user2299@axl,6318.303846153847,11885.950774542285,13
user23005@okicici,1680.3883333333333,1854.6097503583449,12
user23007@okhdfcbank,11172.88,16570.46888253739,11
user23010@axl,24946.151250000003,43411.62321428261,8
user23010@paytm,11394.207368421054,25319.563639650456,19
user23015@ybl,3793.6637499999997,8899.735916880438,16
user2301@okicici,16539.750555555554,35693.242059668984,18
user23024@ybl,10702.917391304349,29861.49510886115,23
user23031@paytm,7047.977777777777,14671.860465361726,9
user23042@oksbi,16822.696923076925,31569.230352444556,13
user23052@ybl,20164.372,53836.649488759474,15
user23054@oksbi,18926.841999999997,25460.611171479846,10
user23063@okhdfcbank,9469.141,18786.627992167105,10
user2306@oksbi,7367.169090909091,13539.421183774035,11
user23072@ybl,5051.791923076923,11133.068502610058,26
user23075@okhdfcbank,41211.335,65297.3090962188,10
user23076@okicici,15846.577878787877,40559.542308823635,33
user2307@oksbi,26446.746666666666,59794.311559315305,15
user23092@okhdfcbank,6892.193571428572,9556.67515150263,14
user23099@ybl,42020.851428571434,83177.60056496791,14
user23106@oksbi,20449.96090909091,46612.58493579806,11
user23113@paytm,23620.079090909094,42475.11338850232,11
user23115@okhdfcbank,33475.195,60492.70333815756,10
user23116@ybl,7874.8561538461545,15933.590562455645,13
user23117@okhdfcbank,12413.414615384614,41579.85875964219,13
user2312@ybl,7863.6987500000005,14072.474964756491,8
user2313@oksbi,6246.728,10284.255256413076,15
user23149@okicici,20956.933636363636,58392.26301963973,11
user23161@ybl,4484.580833333333,12211.645650336073,12
user23164@okhdfcbank,25287.27333333333,53321.89334319464,9
user23168@axl,17246.252352941174,34238.2441553591,17
user23173@okicici,9863.406500000001,14425.910250205421,20
user23180@okhdfcbank,14056.58642857143,50987.3729850182,14
user23185@ybl,55111.99153846154,110602.26017051066,13
user23187@okhdfcbank,654.175,1158.1208420658324,12
user23190@oksbi,11454.112142857144,19677.505676152614,14
user23190@ybl,8704.79,14536.928180025812,8
user23191@axl,31177.475,64493.683448392796,10
user23191@oksbi,21276.24,67144.87686815183,18
user23195@axl,1239.2681818181818,1498.8352458947459,11
user23207@axl,17951.010000000002,42520.52494636349,11
user23211@axl,6424.586,12661.711307695736,5
user23228@oksbi,11822.113888888889,37177.708700492774,18
user2324@paytm,4159.61,11071.477572135527,11
user23250@paytm,5748.539333333333,10918.440403348082,15
user23257@okicici,32111.279166666664,55150.99769193061,12
user23259@okicici,5781.597,11996.1074076571,10
user23263@okhdfcbank,16560.861666666668,50683.01313703759,12
user23299@paytm,1032.173076923077,1460.150011536398,13
user23301@ybl,9073.996666666666,17171.481925516797,9
user23313@okicici,38036.356250000004,72127.47061676827,8
user23318@oksbi,20071.01777777778,41358.92790631412,18
user23320@paytm,19097.666666666668,49774.55114116976,15
user23331@okhdfcbank,6656.519375,13567.000254688319,16
user23335@paytm,15235.995555555555,19722.615092664,9
user23337@ybl,4499.651111111111,9177.267322296224,9
user23340@okicici,11376.8525,33384.931539611796,16
user23369@okhdfcbank,19110.405,44883.157318423655,18
user23391@oksbi,6872.374285714285,15360.128866498542,14
user23394@okicici,9659.584444444445,23195.031088101663,18
user23394@paytm,8826.960714285715,15081.594773239567,14
user23398@oksbi,7198.403333333333,18311.46580118614,15
user23399@okhdfcbank,20975.191666666666,43707.73876594363,24
user23412@paytm,13157.791818181817,27028.41283513104,11
user23414@oksbi,5164.722222222223,12007.43054963176,18
user23415@ybl,4460.34,10242.205999180545,17
user23419@paytm,8361.245,20355.28977813033,8
user23419@ybl,4122.83,9144.095246933946,7
user2341@okicici,21640.326,38727.66756409893,10
user23420@ybl,6025.293750000001,14985.687589233687,8
user2342@okicici,14405.400666666666,41290.76937944562,15
user23431@okhdfcbank,15448.556153846155,46084.85967329591,13
user23432@axl,4497.3036363636365,9711.741566455805,11
user23436@axl,8851.832727272727,18606.31219318761,11
user23439@ybl,26523.992307692304,62592.90989616984,13
user23440@oksbi,3011.528888888889,5122.091589671753,9
user23443@okhdfcbank,3819.818571428572,7141.969995696466,14
user23462@okicici,5388.2625,11319.772604530472,8
user23469@paytm,16894.375714285714,47387.6555620297,14
user23485@okicici,9204.414444444445,23690.954817703594,18
user23486@okhdfcbank,2096.610769230769,3033.383741424917,13
user23488@axl,23325.2125,51330.569834366936,8
user23490@paytm,9726.388,18183.835478834124,10
user23499@axl,12831.535555555554,22656.292242800406,9
user23504@ybl,30468.714,55227.62704117915,10
user23534@ybl,12907.417500000001,25347.294199626525,12
user2353@okicici,8723.795416666666,33193.763007585185,24
user23547@paytm,7462.110909090909,16852.993526191396,11
user23551@oksbi,641.0576923076923,896.1630315141124,13
user23553@okicici,23654.15095238095,51983.37377587644,21
user23553@oksbi,10595.323999999999,20959.61314590474,15
user23553@paytm,6531.000833333333,11706.71624893432,12
user23574@axl,5967.750833333333,10054.725511641014,12
user23578@okicici,29699.192222222227,62130.57323133685,18
user23588@okicici,6067.245714285714,12039.559024649157,14
user23588@ybl,4046.63,11594.815511853318,15
user23597@okhdfcbank,1932.8353846153846,1799.075376860826,13
user2359@axl,18538.503999999997,41182.7000731092,15
user23601@oksbi,2227.1293333333333,4922.183605168786,15
user23606@okhdfcbank,3343.056842105263,7370.780193724446,19
user23612@ybl,801.2692857142857,1365.3353071989554,14
user23614@paytm,4395.765555555556,10680.098251718266,18
user23616@okhdfcbank,11361.17375,23905.99869112796,16
user23620@axl,16241.823333333334,27743.02205355159,9
user23625@axl,12018.455263157895,30461.871613114497,19
user23626@okhdfcbank,21703.70333333333,47646.50138586352,15
user23634@oksbi,4149.258125,6760.056228362028,16
user23656@paytm,8594.561333333333,22367.34356691656,15
user23658@okicici,26968.05125,49730.47216686577,16
user23662@okhdfcbank,10773.156923076922,20096.196466150577,13
user23666@okicici,10364.093636363636,24969.65701017788,11
user23669@paytm,21980.246315789474,50278.20613419819,19
user23671@axl,23650.686666666672,55091.839481913,6
user23677@paytm,5320.094444444444,10487.904593656347,18
user2367@paytm,14322.4775,44676.78129723619,16
user23689@oksbi,4495.151333333333,9539.999982755966,15
user23692@okicici,9922.295833333334,16622.848468226148,12
user23694@paytm,18380.009166666667,34983.21010353355,12
user23700@paytm,17445.382,35352.893130179764,20
user23703@paytm,16769.0,34380.095510552324,13
user23706@ybl,15898.952857142856,27236.878297530136,14
user23725@oksbi,1593.074,2321.3406775214094,10
user23733@ybl,4835.015454545454,13174.885057607418,11
user23736@okicici,4982.636153846154,13407.47244184037,13
user23738@okhdfcbank,6733.355555555555,15721.154480599627,9
user23740@paytm,19327.816499999997,49272.97603594503,20
user23745@ybl,2154.07,3372.08347793319,13
user23746@oksbi,2897.36,7784.352014339409,13
user2375@okhdfcbank,24488.77777777778,65304.52659612671,9
user23760@paytm,16447.903846153848,51357.51587724519,13
user23763@oksbi,4768.651111111111,11398.018986521785,9
user23765@okhdfcbank,7704.379333333333,11736.777990230701,15
user23784@oksbi,26358.767,56042.079226137466,10
user23785@okhdfcbank,10846.572857142857,29395.017650977054,14
user23785@okicici,6662.196818181819,16393.450698598655,22
user2378@paytm,1113.7686666666666,1117.1846089668354,15
user23796@ybl,26339.425333333333,52089.04900783326,15
user2379@okhdfcbank,52937.6125,68756.37634428353,16
user2379@ybl,9904.006666666666,17882.791277664823,9
user23800@okhdfcbank,18000.95357142857,48799.10181871834,14
user23813@oksbi,612.0958333333333,1016.9254367004166,12
user2381@okicici,12554.452727272728,29540.705464823648,11
user23821@oksbi,17311.107272727273,48807.62443330675,11
user23821@ybl,15843.24846153846,47497.94301451956,13
user23831@axl,7335.4742857142855,13578.851604614782,14
user23837@axl,12976.348,27040.88227414694,15
user23852@okhdfcbank,2952.865714285714,5246.7567800861725,14
user23867@oksbi,4171.864666666666,8908.934803306707,15
user23884@paytm,22184.605833333335,52921.20835506867,12
user23890@okicici,1710.0425000000002,2952.5570444158307,12
user23908@axl,5485.96875,13179.986725531402,8
user23911@okhdfcbank,6291.080000000001,22158.08643771496,22
user23912@oksbi,4469.809333333334,11614.442782696075,15
user2391@paytm,15578.965454545454,27296.295434541065,11
user23923@oksbi,19076.37125,48889.338331024264,16
user23927@okhdfcbank,14444.751666666667,31062.306426722644,18
user23931@ybl,24421.840909090908,41843.43817411124,11
user23936@okicici,14164.693846153845,29103.6973272468,13
user23948@okicici,5859.291764705882,16891.338055688197,17
user23958@oksbi,9406.663846153846,14218.361335345888,13
user23990@paytm,11637.444444444445,29558.500114196046,9
user23995@okicici,1334.0708333333334,1782.0795935058995,12
user24004@oksbi,30759.98833333334,51857.555716053015,12
user24016@okicici,7203.625,9922.503731026065,22
user24019@oksbi,3563.3470588235296,8280.312655583093,17
user2401@okicici,1051.44,1945.2247929224015,5
user24027@okhdfcbank,11534.957692307693,17192.64873351842,13
user24039@ybl,14369.167647058825,42549.220971180905,17
user2403@ybl,1911.1746153846154,2731.909809960837,13
user24049@oksbi,20842.362500000003,53546.36372926905,16
user24051@ybl,11327.924210526317,32572.23458861163,19
user24052@paytm,22894.587692307694,46702.365122861134,13
user24061@paytm,20605.829090909094,45896.42895726213,11
user24064@oksbi,8315.665263157895,21317.791504791476,19
user24065@axl,38912.085,62679.43192614631,12
user2407@ybl,26247.289999999997,58235.96531662393,9
user24086@axl,16956.050666666666,41410.10514655028,15
user2408@axl,15579.218333333332,29782.108978658744,12
user24091@okicici,4645.113333333334,10949.117264445928,12
user24093@oksbi,1362.5681818181818,1630.963434831193,11
user24097@okicici,16613.35692307692,46539.567389981785,13
user24104@oksbi,2987.721666666667,5223.400781242799,12
user24123@paytm,960.0542857142857,1075.3412648136352,14
user24147@axl,9759.2665,16624.680591946886,20
user24147@ybl,8410.293333333333,14717.885033353126,9
user24150@axl,937.6266666666666,1471.1394482594096,9
user24154@okicici,13925.729230769231,41140.60458585217,13
user24165@paytm,9121.090666666665,16760.297314837084,15
user24171@oksbi,7875.818000000001,11475.225504037237,10
user24173@paytm,5722.050714285715,11329.456618985248,14
user24177@okicici,4970.299166666667,7701.351024711606,12
user24185@okicici,19941.373076923075,47655.73542519189,13
user24196@axl,4627.743333333333,10801.43670934678,12
user24199@paytm,16602.62153846154,28345.32195549377,13
user24212@ybl,17002.21294117647,26042.902166148786,17
user24225@ybl,30387.721250000002,60952.94790055251,8
user24227@axl,12530.48777777778,18261.85158630196,9
user24236@okicici,3793.8153333333335,9335.059474008161,15
user24238@okhdfcbank,20698.454285714288,51543.9792849519,14
user24241@oksbi,17860.712,40510.3094403132,10
user24244@oksbi,23066.101666666666,51290.682986796455,12
user24246@paytm,20204.62,63989.49211486462,16
user24247@oksbi,2839.6857142857148,5305.1466856305815,14
user24248@okhdfcbank,13808.790999999997,42578.8118044395,10
user24252@paytm,2850.432,8164.133000753268,15
user24259@okhdfcbank,15604.286250000001,44842.42952303869,16
user24275@ybl,34731.631,67805.31112032112,10
user24279@axl,11537.731875,15204.013166673778,16
user24283@axl,29965.332727272726,57433.72376957515,11
user24284@axl,20053.643571428573,23045.61477822545,14
user24284@oksbi,30127.833636363634,52222.78127494614,11
user24289@okicici,8401.449499999999,14142.505135056881,20
user24290@ybl,24561.92,52345.41088506824,11
user24291@okhdfcbank,14601.82117647059,23177.96132782494,17
user24296@okicici,11490.416,15316.51306460393,15
user24312@okhdfcbank,10978.644999999999,18544.95989219688,12
user2431@oksbi,10166.883636363636,14506.11651028646,11
user24321@ybl,20529.894444444442,41924.94831000991,18
user24328@okicici,11746.36947368421,31334.776180956145,19
user24331@okicici,11345.429333333333,32846.32431985513,15
user24332@ybl,2257.266,2535.8796482421185,15
user24341@axl,20456.347894736842,41884.07660163951,19
user24345@axl,19961.69153846154,51103.5449722647,13
user24350@okhdfcbank,4362.934166666667,8224.752007842997,12
user2435@axl,1451.4825,1894.8497209597992,8
user24365@ybl,14545.560000000001,47910.77923303882,13
user24377@okicici,24976.06266666666,54312.08056912745,15
user24382@okicici,3900.174375,10369.836485575504,16
user24382@oksbi,18664.176666666666,27432.685058142775,9
user24383@okicici,5044.3516666666665,8977.681888344343,12
user24383@oksbi,588.23375,1002.6455551324136,8
user24386@axl,28382.58,53733.14733478377,11
user24386@oksbi,8378.132,16060.354993730545,15
user24387@oksbi,6821.017058823529,11685.590165892758,17
user24396@okicici,26368.314,53775.60899092288,15
user24398@okhdfcbank,13220.858571428571,34753.24560846675,14
user24408@axl,42209.647142857146,58827.843148783926,7
user24411@axl,5117.7108333333335,13330.23668799038,12
user24419@okicici,13125.265555555556,41558.07000933531,18
user24429@okhdfcbank,9005.31090909091,12466.845830024895,11
user24434@axl,5791.195,8977.96643154944,8
user24437@ybl,3074.050666666667,6952.269952273005,15
user24446@okicici,7464.996666666667,19701.80803402402,12
user24447@okicici,5624.384375000001,10875.060116203476,16
user24457@paytm,5367.734444444444,12137.221795407002,9
user24464@okicici,4260.550714285714,9823.650308687516,14
user24470@oksbi,6468.884,12448.612423478919,20
user24472@oksbi,6627.076666666666,11629.96049169967,15
user24474@okicici,5573.440769230769,13431.78564062839,13
user24478@oksbi,6191.475384615384,11861.194273918074,13
user24481@ybl,4911.505,10802.531588572188,12
user24482@okhdfcbank,17601.365625000002,40248.86199194258,16
user24483@okicici,15546.619444444446,38424.58138421618,18
user24488@okicici,24617.355555555554,48997.4814093082,9
user24490@paytm,14836.05076923077,32816.874381033624,13
user24499@paytm,20778.261333333332,42504.108223026415,15
user24510@ybl,13658.337857142857,43816.14887861695,14
user24519@axl,5865.654666666667,7585.827694836948,15
user24524@okhdfcbank,21849.179047619047,45267.5245698315,21
user24524@okicici,11099.41111111111,11128.660274302389,9
user24525@axl,23049.783333333333,35251.814112601,9
user24527@axl,29499.337499999998,41377.44211155334,12
user24535@axl,7185.45,13860.353578381277,16
user24548@okhdfcbank,1102.1792857142857,1713.1210991299085,14
user2454@ybl,4291.604782608696,10040.516507291786,23
user24554@oksbi,7549.166363636364,13106.769006403732,11
user24555@axl,6314.705833333333,13294.331230393896,12
user24559@okicici,5918.1815789473685,21480.60112147916,19
user24567@oksbi,7646.140454545454,21553.94365374102,22
user24569@okhdfcbank,9533.009285714286,14220.205533175167,14
user24572@okicici,18289.847142857143,48723.8089765089,14
user24574@oksbi,6063.805,12816.495896212695,20
user24576@axl,16374.958461538463,39154.65188670963,13
user24580@okhdfcbank,65237.255,140060.36891300775,12
user24600@oksbi,3560.642,9610.578260380738,15
user24610@axl,1161.2404761904763,1589.5323945219745,21
user24620@okicici,16311.605999999998,40225.6164640131,15
user24624@okhdfcbank,6121.982500000001,10463.426790490186,12
user24625@axl,10640.844210526317,15034.185943103255,19
user2462@okhdfcbank,10819.612307692307,18614.825104425126,13
user2462@okicici,13491.557142857144,42659.78022481997,21
user24648@paytm,4938.9054545454555,11653.654552908598,11
user24649@okicici,5198.581111111112,9676.862240773666,9
user24664@okhdfcbank,9694.0525,28072.023662553544,12
user24664@oksbi,4352.406666666667,8263.650202961735,15
user24666@axl,3021.3,7473.14700346068,10
user24669@paytm,15696.48307692308,44096.94756104429,13
user2466@paytm,3994.147,9016.979016143872,10
user24671@oksbi,13739.666153846152,44144.47093460734,13
user2468@paytm,23212.61,58567.04444153281,11
user24704@ybl,19066.443333333333,49177.341043547014,12
user24705@paytm,9049.126363636364,15417.94481199117,11
user24710@okicici,21087.809375,46302.006270534395,16
user24711@okicici,2330.524705882353,5516.002069721917,17
user24714@paytm,1379.0515384615383,1831.6418237374096,13
user24723@okhdfcbank,3976.686,8227.08345975008,10
user24741@paytm,9831.344666666668,23698.065154705855,15
user24752@okicici,13634.200833333334,32714.374673243892,24
user24760@axl,2438.4816666666666,3632.504344262767,12
user24762@ybl,28774.60230769231,50112.57883073688,26
user24769@okhdfcbank,2427.97625,4603.838499040955,16
user24769@oksbi,6208.95,18064.505956041103,10
user24772@paytm,16380.023333333334,46066.05437775392,15
user24776@axl,18031.7435,36544.75087686808,20
user24777@okicici,1280.748,1205.762429528397,10
user24782@oksbi,7204.25,15351.716540255542,19
user24793@okicici,7615.548461538462,10294.81047749694,13
user24806@paytm,6139.203571428572,13968.325870292625,14
user24816@axl,9392.644166666667,17605.74933549857,12
user2481@okhdfcbank,14831.691875,47753.48671279494,16
user24821@ybl,3002.566875,7412.159163083065,16
user24833@okicici,3831.71125,9081.8954999052,16
user24834@oksbi,2581.236666666666,3257.885124877329,12
user24840@okhdfcbank,1302.1527272727274,1656.3026861663354,11
user24862@ybl,30419.994999999995,70573.86936931706,6
user24874@axl,26609.81266666667,30881.08055308309,15
user24880@oksbi,10094.046666666667,14220.746622406248,12
user24888@paytm,9765.375,15234.780857475906,8
user24889@okhdfcbank,20221.35,40400.34000185436,13
user24897@axl,16086.304705882352,36846.52622928231,17
user24906@ybl,5554.933529411765,12547.268587234406,17
user24911@ybl,17652.055714285714,29843.82704693488,7
user24929@paytm,52520.31857142857,78575.34327883789,7
user24930@axl,8074.4400000000005,12116.79568760102,7
user24930@okicici,5025.9800000000005,13612.729013596061,12
user24932@okhdfcbank,2800.39625,8506.62118055175,16
user24940@ybl,14168.397333333332,30058.822747921276,15
user24946@ybl,10775.622666666666,14127.495482532568,15
user24949@okhdfcbank,28296.127500000002,66644.88517124686,8
user24952@oksbi,5710.156875,11421.02310343501,16
user24954@okicici,30035.005833333333,59231.67699898002,12
user24956@okicici,1090.394117647059,2366.7322527724245,17
user24959@paytm,1911.0033333333333,2895.2715532566144,12
user24960@okicici,33425.041666666664,69457.12556948586,12
user24977@axl,927.6733333333335,1396.6770822205112,9
user24989@okhdfcbank,12909.359230769232,28395.873730236308,13
user24989@paytm,14260.762173913045,31075.54337047763,23
user24991@paytm,9517.012499999999,14184.225653127443,12
user24993@paytm,5024.914,11789.243611778023,10
user25000@axl,8211.847777777779,13612.142470322939,9
user25000@paytm,6433.348333333332,11947.93625972272,12
user25003@axl,18210.42625,38996.030454944324,16
user25014@okhdfcbank,3079.394615384616,6044.633218925991,13
user25014@paytm,7158.116666666668,10427.915113413206,12
user25016@okhdfcbank,20579.362307692303,52257.61509873404,13
user25022@axl,6904.632857142858,14550.23492837483,14
user25028@oksbi,35957.151333333335,120596.10490699214,15
user2502@oksbi,7639.660588235294,15024.46105456801,17
user2502@ybl,718.162,1101.9128331635522,20
user25031@ybl,6305.336153846153,12711.47623258509,13
user25042@oksbi,13787.480909090908,26196.513776326596,11
user25045@okhdfcbank,6892.7,13869.18930940738,11
user25054@okicici,19206.951764705882,36571.149272069,17
user25058@okicici,25682.996875,48841.5459510982,16
user25070@okhdfcbank,1012.6633333333333,917.5847964493527,9
user25071@ybl,29660.11375,55722.10041117102,16
user25074@axl,14711.292105263157,24382.535985048256,19
user25087@oksbi,10692.175238095238,15922.887070872424,21
user25089@paytm,10447.012083333333,21441.5243927754,24
user25099@paytm,11590.005333333333,34402.16749683615,15
user2509@okicici,3750.712727272727,10578.249245885721,11
user25102@axl,3850.8045454545454,8002.913477302331,11
user25111@oksbi,8375.654285714285,17352.196404204064,14
user25123@okhdfcbank,31260.48076923077,48627.80849426428,13
user25124@ybl,13559.593846153846,28611.910130290595,13
user25127@paytm,22549.239166666666,53108.48416141119,12
user25142@axl,13861.793846153847,40043.852607123845,13
user25143@ybl,12351.477777777778,26926.02588474001,18
user25151@ybl,25779.90846153846,49217.201053129254,13
user25154@oksbi,12216.698421052632,34590.51332548135,19
user2515@paytm,7435.130999999999,13918.597250515388,10
user25160@okhdfcbank,5664.956363636364,10723.443234930908,11
user25161@okhdfcbank,7309.267142857142,17377.658455746445,14
user25162@paytm,698.895625,1008.864016016488,16
user25170@oksbi,27848.13071428571,51196.09042282946,14
user25188@paytm,7972.741,15588.667393290301,10
user25204@paytm,2363.826,3789.9573161765293,15
user25214@axl,3384.8291666666664,8782.76035081067,12
user25217@paytm,5994.435789473684,12335.67393219056,19
user25220@paytm,22451.277727272725,50451.647631504035,22
user25226@okicici,9711.9425,19481.95228695198,16
user25226@paytm,8265.816666666668,16088.528832487036,15
user25240@okicici,5204.905000000001,12562.36979336877,18
user2524@axl,4804.831666666666,9482.483966023243,12
user2524@okicici,9324.379411764707,18516.5281071741,17
user25259@axl,7161.544615384615,15342.252018440022,13
user25262@ybl,4909.393076923077,12487.54009285148,13
user25264@okicici,9778.474444444444,12727.037243510478,9
user25272@oksbi,2371.0000000000005,5944.0659921593615,12
user25278@okhdfcbank,25095.520833333332,56663.34141222644,12
user25281@okhdfcbank,1000.8313333333333,2417.3331134947234,15
user25285@paytm,12727.066499999999,26374.33030044919,20
user25299@okicici,9721.752499999999,27570.187868860932,16
user25300@paytm,22961.41,29196.959436893998,13
user25306@ybl,7931.645999999999,15238.338178866996,10
user25309@okicici,27967.847,61146.65844486136,10
user25312@paytm,11152.153333333334,17991.79120502199,6
user25322@oksbi,10706.488125,16829.41092261252,16
user25335@oksbi,9808.977272727272,29036.2873518627,11
user25351@axl,486.6541666666667,562.23952531507,12
user25354@axl,8764.128333333334,13722.250847972053,12
user25354@ybl,14707.934000000001,22596.104597980662,15
user25363@axl,18793.13181818182,54092.59402760952,11
user25366@okicici,1979.3716666666667,4354.449095878486,12
user2537@axl,15760.284999999998,42646.1071732314,24
user2538@paytm,12028.516666666665,20006.99134626981,12
user25395@okicici,7552.627777777777,10286.830555314133,9
user25398@oksbi,1148.8172727272727,1262.4397676569833,11
user25399@ybl,12550.010833333332,23614.50141902196,12
user2539@oksbi,12913.313529411764,28136.829101835316,17
user25406@ybl,7826.655000000001,21084.643669688583,10
user25417@okhdfcbank,6737.472352941177,12005.78732389172,17
user2541@oksbi,16624.052307692305,32525.308024009588,13
user2542@okicici,11852.848181818183,26927.605003603203,11
user25435@okicici,10778.143571428573,30048.47412151716,14
user25442@axl,22146.852666666666,44658.72227780505,15
user25466@paytm,3887.660357142857,8243.081200569892,28
user25472@okhdfcbank,8274.178,17959.50314495281,5
user25474@paytm,38442.28769230769,80431.94792910361,13
user25485@paytm,10645.44619047619,16747.305194414555,21
user25495@okicici,10330.757333333333,36444.866317471824,15
user25502@paytm,15585.231666666667,30241.676923887335,24
user25503@okhdfcbank,6781.18875,19491.167919229083,16
user25504@ybl,17130.53,35110.985867479445,18
user25509@oksbi,14133.856666666667,23641.23513373664,15
user25519@okhdfcbank,16765.607692307694,50132.68004106406,13
user25519@okicici,12912.952105263157,40680.578765932245,19
user25524@okhdfcbank,664.9075,797.8309276933873,12
user2552@okicici,3487.432105263158,7717.46788404762,19
user25530@oksbi,34380.621250000004,65686.66084024224,8
user25532@axl,6464.9025,11204.758224379795,16
user25538@axl,6137.669285714285,13113.75346151892,14
user25544@axl,21573.807333333334,49959.86615392435,15
user25561@oksbi,13179.55923076923,33567.16356781591,13
user25570@paytm,3592.4440000000004,7671.979733085104,15
user25574@ybl,1727.176153846154,2997.46235807207,13
user25578@oksbi,13755.504444444443,44798.36144697945,18
user25578@paytm,24305.029230769233,53083.524540646555,13
user25594@paytm,18638.00111111111,41023.348215032216,18
user25596@oksbi,27536.67692307692,48509.56998291752,13
user25596@ybl,569.64,854.0015821706655,9
user2559@okicici,5013.7555555555555,11461.13120408072,9
user25600@axl,3228.006315789474,7411.374144977893,19
user2560@okicici,2011.7773684210524,3115.0664546555777,19
user25611@oksbi,8664.097692307692,13965.319865348087,13
user25618@okhdfcbank,5097.102727272727,7994.201103112295,11
user25624@ybl,3430.286666666667,7493.002285331844,18
user25648@paytm,18851.66083333333,28535.852323957297,12
user25660@paytm,14822.306875,41363.15191907401,16
user25686@axl,6065.833846153846,13069.711206254418,13
user25700@oksbi,9086.864444444444,16546.81703827701,18
user25704@ybl,3894.6236363636363,10276.810843147083,11
user25714@oksbi,17975.131764705882,50110.3463709118,17
user25722@axl,9843.599,17314.88743491787,10
user25729@okicici,846.8025,1172.2220395928164,8
user25741@axl,5570.930714285714,10659.971287165448,14
user25756@okicici,26261.777142857143,34771.44861180253,7
user25762@paytm,4797.881818181818,13581.22570543971,11
user2577@okhdfcbank,17227.034166666668,39434.57228120327,12
user25783@okicici,22201.318333333333,46029.248081530604,12
user25815@axl,16300.969500000001,35277.65208876406,20
user25816@okicici,6099.884705882353,11997.688233689605,17
user25818@axl,28213.349411764706,51725.33325731448,17
user25820@okhdfcbank,10770.305,14837.354308188445,12
user25826@axl,23726.365833333333,54215.855170556795,12
user2582@axl,18717.317333333332,36389.11684095426,15
user25842@axl,3455.3593333333333,7310.705794237132,15
user25843@paytm,1004.0814285714285,1250.2468718423765,14
user25845@paytm,5597.143571428571,11614.465333502545,14
user25846@ybl,21962.061538461538,38200.470035176666,13
user25853@okicici,21785.726000000002,50707.47413163409,15
user25855@ybl,38047.009999999995,101875.55773413273,19
user25858@oksbi,17939.551111111112,39077.90457590534,18
user25860@okicici,2183.3025,4978.633584457352,16
user2587@axl,15454.536,36604.49662316948,15
user2587@paytm,1380.4663636363637,1968.7486252910642,11
user2589@ybl,2082.6709090909094,5147.82809447529,11
user25904@paytm,11621.484444444444,24874.590136627663,18
user25917@ybl,5655.677368421052,11663.851485148389,19
user25918@okhdfcbank,5279.040666666667,10413.224501267927,15
user25918@oksbi,11869.09888888889,34598.79904010666,9
user25918@paytm,2014.2681818181818,3345.7277700638415,11
user2591@ybl,18488.803,42809.444196010016,20
user25945@paytm,11182.363749999999,15557.069352783397,8
user25951@okicici,7891.748181818181,13755.063622769485,11
user25968@axl,6860.835882352941,12679.51705573208,17
user25972@oksbi,3225.278,10442.833093819138,20
user25976@paytm,2498.986,1682.4223468439786,10
user25976@ybl,6488.922727272727,10693.877629678667,11
user2597@okicici,3668.620714285714,9268.555825754636,14
user25995@okicici,18631.765833333335,41703.937287534034,12
user26003@paytm,12916.370769230769,39966.71805451411,13
user26006@oksbi,8608.545384615385,15549.721781561782,13
user26008@paytm,4849.462,11938.4471173337,10
user26009@ybl,1372.5800000000002,1654.2859330438214,13
user26017@ybl,6705.7764705882355,12379.922894145959,17
user26020@paytm,2505.8025,5246.189574681799,16
user26022@okhdfcbank,1533.1181818181817,1641.3559753375755,11
user26025@okicici,5537.138749999999,13186.474432250037,8
user26032@okicici,22875.850909090906,46745.20445284723,11
user26032@ybl,7780.427857142858,16384.44426338178,14
user26037@axl,5493.812727272728,11976.009038129596,11
user26051@axl,4386.182727272728,12013.778201962188,11
user26053@axl,4050.029411764706,11285.994338195502,17
user2605@axl,4474.8575,7869.813522161331,16
user2605@okicici,18002.901666666665,54442.732941381764,12
user26068@okhdfcbank,18615.46,49787.62243381414,13
user26081@ybl,4023.95875,7140.077243822741,8
user26092@ybl,17281.0775,36035.07566240151,12
user26095@axl,10698.62125,21981.13747945296,16
user2609@okhdfcbank,18918.615,42391.51670745678,16
user26102@oksbi,20828.165,41413.038994455084,8
user26103@okhdfcbank,14651.4225,21963.06561525637,12
user26104@paytm,29250.325,49140.99947114273,10
user26105@okhdfcbank,12381.328125,25436.115146302047,16
user26105@okicici,5029.8523076923075,13495.089788907884,13
user26117@ybl,23224.39181818182,49235.112318592066,11
user26121@oksbi,6556.1613333333335,12251.234653043788,15
user26122@okhdfcbank,14696.910714285714,50566.9173699323,14
user26135@oksbi,29817.734166666665,66864.96175993691,12
user26143@okhdfcbank,7919.270666666666,13903.255028123793,15
user26146@okhdfcbank,25502.124499999998,46454.9639905805,20
user2614@paytm,7081.1025,15966.201944430859,12
user26150@paytm,531.2372222222223,844.1886227671378,18
user26150@ybl,3717.950909090909,7940.5198246228865,11
user26163@paytm,10612.639411764705,26921.232731378004,17
user26169@axl,7888.7925000000005,14025.924265879237,16
user26183@axl,1161.719,1664.6582141452075,10
user26184@axl,21647.3975,44952.88179209291,8
user26186@oksbi,16111.284285714286,36993.838861994045,14
user26192@okhdfcbank,5662.789545454545,11095.108193700447,22
user26198@ybl,28267.085555555557,47175.9156501668,9
user2620@axl,27106.495,41483.82773614063,12
user2620@paytm,14882.164666666667,34408.081552935844,15
user26216@okicici,6112.3953846153845,16543.91734750752,13
user26218@oksbi,7062.94125,14434.089365346625,8
user26227@paytm,8543.815555555555,20000.36390720494,18
user2622@okhdfcbank,7783.162105263157,14779.283847237575,19
user26230@paytm,689.5994736842105,1375.2494527841272,19
user26235@oksbi,1199.9255555555555,1962.9663884801437,9
user26242@ybl,3572.8114285714287,6276.938628813421,14
user26251@paytm,9211.20888888889,14046.833807964107,18
user26256@oksbi,7569.83875,15236.5975395265,16
user2626@okhdfcbank,36912.4525,120217.6279137662,16
user26279@oksbi,16020.48448275862,39326.907712721375,29
user26287@okhdfcbank,13769.16076923077,26309.444179379916,13
user26289@okicici,4704.519285714286,8191.591321453654,14
user26298@paytm,23373.603333333333,53267.57498272328,18
user26307@paytm,9952.766875000001,20228.59526902802,16
user2630@axl,4769.1466666666665,12175.422438319081,15
user26318@ybl,17399.693125,42831.48143257118,16
user26322@oksbi,15882.100000000002,45808.21032521438,14
user26338@oksbi,11657.6435,27918.08312082224,20
user26342@axl,6987.130999999999,13353.361853702412,20
user26345@ybl,2621.465333333333,4841.089700065865,15
user26351@oksbi,8199.154545454545,14464.45144024229,11
user26362@okhdfcbank,13991.976799999999,37155.85085491973,25
user26363@okhdfcbank,4382.638888888889,12603.215527934266,18
user26368@axl,1589.3653846153845,2950.294722895255,13
user26372@oksbi,916.8425000000001,1217.0642460977751,12
user26372@paytm,4662.0599999999995,10736.760971678563,11
user26378@axl,22250.803076923075,51996.10155247288,13
user26380@ybl,6975.087142857143,13294.059132159764,14
user26395@ybl,13838.141578947369,23351.614018825163,19
user26398@ybl,20234.48956521739,46333.553212885934,23
user26411@paytm,19193.271818181816,36037.69658522387,11
user26416@paytm,23207.797333333332,49602.51753270629,15
user26425@axl,9974.457083333333,19244.746832513178,24
user26426@okhdfcbank,27029.643125,50585.22638471734,16
user26431@oksbi,20287.822,48876.044558696536,15
user26457@axl,19240.225384615384,53435.96779724785,13
user2645@axl,16317.28,29944.149810831164,17
user2645@ybl,27149.843333333334,64789.9338113086,9
user26464@axl,22357.561875,45903.114854155625,16
user26464@okicici,2777.3,4682.648195614196,10
user26470@paytm,2849.2039999999997,6701.04967947858,15
user26474@axl,36057.4775,101505.82376154493,12
user26475@okicici,8626.155,22541.33236891226,8
user26479@okicici,18207.95,34420.14221498179,15
user26491@paytm,4015.816666666666,11488.51600589146,12
user26494@oksbi,19669.998461538464,35926.386082500896,13
user26496@ybl,13102.629166666668,22426.855176924288,12
user26498@paytm,4161.56,9441.789830794038,8
user26500@okhdfcbank,2811.860555555556,6627.863197589289,18
user26510@okicici,9236.517,15654.775097593174,10
user26517@axl,3978.096842105263,6930.655972432313,19
user26518@ybl,2883.216923076923,6843.442117174885,13
user2651@okhdfcbank,5365.047142857143,10577.358074334958,14
user26522@okhdfcbank,11217.902,23956.38683953977,15
user26523@oksbi,8315.48,15813.6662672432,12
user26525@oksbi,2737.5925,4051.517196200871,12
user2652@okicici,43523.48375,73042.00670285913,16
user26537@okhdfcbank,11717.073636363637,35473.99886292163,11
user26538@okicici,8693.268461538462,15207.22918506132,13
user26553@ybl,22400.462499999998,48171.97165725943,16
user26556@ybl,27749.573333333334,59104.424937708136,9
user26557@oksbi,12002.673333333334,25298.875072977087,24
user26557@paytm,34080.30285714286,68530.7972525435,7
user26559@okhdfcbank,11659.501304347827,34856.55814621421,23
user26563@paytm,4233.324545454546,12180.356932814706,11
user26566@okhdfcbank,7568.846666666667,15056.632344137086,12
user26568@okicici,18611.06,37871.080385493435,20
user26570@oksbi,9883.822857142859,30772.231916655597,14
user2657@ybl,7571.682307692307,12918.644305091351,13
user26592@okicici,19887.41,30366.356088997985,9
user26594@oksbi,13059.928461538462,31862.23264210515,13
user26595@ybl,21288.745,38177.72904798615,12
user26596@okhdfcbank,33453.097,65938.20145943052,10
user26599@axl,4172.924615384615,10787.416384613462,13
user26611@okhdfcbank,35211.055384615385,59493.20403640369,13
user26613@axl,3759.4099999999994,10257.7086621711,11
user26616@axl,7017.34375,14498.761731329967,16
user26625@paytm,4729.205384615385,10034.099820670359,13
user26651@oksbi,10638.991111111112,15166.198455109346,9
user26651@ybl,14587.7375,19573.260265032677,8
user26658@paytm,11056.991052631578,32280.018020059662,19
user26675@ybl,3817.331538461539,6659.211991924978,13
user26683@paytm,6056.076,8389.668744001227,10
user2669@ybl,7380.9,10386.256043715764,10
user26705@oksbi,4095.023846153846,12536.939315503832,13
user26711@oksbi,1379.0246666666667,1834.2741176547454,15
user26714@paytm,4254.275384615385,7353.302293748272,13
user26738@paytm,24064.781666666666,48410.27428288486,12
user26739@okhdfcbank,4853.433636363636,10724.75519233728,11
user2674@axl,23076.15428571429,58204.57374520028,14
user26757@paytm,23404.701250000002,61471.75183598525,8
user26761@paytm,7670.055,13914.027037798462,16
user26762@okhdfcbank,2912.047777777778,4678.988757316525,9
user26765@okicici,22233.545555555556,60716.6744307828,18
user26772@paytm,12574.06923076923,28643.81596416449,13
user26791@axl,7378.736153846154,14797.302916020166,13
user26792@ybl,17883.669166666667,56507.93670899762,12
user26805@okicici,5570.343333333334,13058.07198855978,15
user26816@oksbi,36917.902727272725,77851.16056332598,11
user26825@okicici,20972.089,55487.80824389213,10
user26832@okhdfcbank,9507.169473684211,21881.2166061085,19
user26838@paytm,7305.987857142857,19244.698842350237,14
user26849@ybl,14277.100000000002,29738.971860466194,8
user26851@okicici,24951.826153846152,48132.228577383146,13
user26854@oksbi,31164.37176470588,63076.5028312629,17
user26879@paytm,29219.15666666667,51027.89297813776,15
user26901@okicici,15913.464285714286,47669.75474106999,14
user26905@ybl,22400.19307692308,41388.16880768169,13
user26917@paytm,6341.893,14407.180885641754,10
user26921@oksbi,20883.53785714286,49627.16764865718,14
user26923@okhdfcbank,6846.759,15628.438462152024,20
user26931@axl,3442.1216666666664,9222.0988827153,12
user26933@oksbi,14050.822857142857,27917.353814080045,14
user26934@paytm,19483.914285714283,37586.59316215981,14
user26938@okicici,12322.98,38004.357663952986,17
user26939@okhdfcbank,3852.702222222222,9104.241643747406,9
user26939@okicici,21455.99733333333,42076.90552371666,15
user26945@okicici,9368.750833333334,24024.113517982667,12
user26954@okicici,10890.52,31288.765267376722,21
user26957@oksbi,28456.981875,89454.69900442878,16
user26958@paytm,17672.63263157895,41470.05436781834,19
user2695@oksbi,5448.8,8405.484592737053,11
user26963@okhdfcbank,16672.8825,55505.764969670105,12
user26963@oksbi,27641.937692307692,57040.37606098554,13
user26968@paytm,4547.344999999999,12526.64546480488,10
user26976@axl,14150.785833333333,26635.846840655602,12
user26988@okicici,812.115,1106.6282006553577,8
user26989@okhdfcbank,6351.824615384616,14655.12269377311,13
user26991@ybl,6435.966666666667,10041.514596136594,12
user26993@okicici,24932.15882352941,50206.650605552226,17
user2700@okhdfcbank,21328.989,57095.82773209098,10
user27014@okhdfcbank,3640.033076923077,6490.767327234103,13
user27015@axl,3676.197142857143,9363.599738394852,14
user27016@axl,9679.983846153847,16627.82947032952,13
user27017@oksbi,10684.152142857143,18184.254228711667,14
user2701@axl,38456.30625,95862.30073046517,16
user27026@okicici,5723.571111111111,10880.446496833718,9
user27028@okhdfcbank,5376.227692307692,8475.603061908687,13
user27029@ybl,12531.227692307692,25667.169751689653,13
user27035@paytm,23370.594666666664,54065.00982638505,15
user27049@okicici,20177.89285714286,31141.398679949252,14
user27069@oksbi,3559.2064285714287,10346.2349149553,14
user27069@paytm,6990.638571428572,11891.30804334627,14
user27081@ybl,10032.196153846155,17032.347022540445,13
user27086@axl,2080.5907142857145,3555.101931390487,14
user2708@axl,6516.91625,11536.814643214058,16
user27092@axl,3457.952222222222,4074.929670466037,9
user27105@paytm,4849.6025,13710.215130688057,12
user27119@okicici,27606.503333333334,43078.450259764744,9
user27123@okhdfcbank,3919.6674999999996,5784.290503769053,8
user27128@okhdfcbank,14552.089090909089,26564.55439300138,11
user27140@axl,10918.369444444446,24539.729907337292,18
user27143@paytm,15435.353333333334,42391.439512634875,15
user27145@oksbi,17979.336470588238,42419.90315251098,17
user27148@axl,18291.832105263158,42429.63463572621,19
user27149@oksbi,23789.27333333333,45737.63361273342,12
user27149@paytm,4587.828571428571,9885.845543610363,14
user27155@axl,1795.9785714285715,1336.841454651495,14
user27160@oksbi,6191.602105263158,13475.112917158134,19
user27170@okicici,575.385,1195.6035812671728,10
user27172@okhdfcbank,8461.054705882352,13668.890543704578,17
user27177@axl,3531.0238461538465,7372.631475619292,13
user27183@paytm,16890.406666666666,25275.248547669118,9
user27183@ybl,25800.08714285714,53420.84330116525,14
user27189@axl,6592.13,13303.689071139253,13
user27201@ybl,5453.193529411765,9218.690207367408,17
user27205@okhdfcbank,7810.740588235294,14916.70196746774,17
user27206@okicici,18886.471666666668,54686.65007034064,12
user2725@ybl,44074.76583333334,68250.33295409541,12
user27270@axl,13670.095789473684,41887.98812883717,19
user27287@paytm,37190.68111111111,67246.16671229493,9
user27289@oksbi,545.3154545454545,602.2623494850668,11
user27292@paytm,12056.494,14612.94042376003,10
user27299@ybl,1560.7869230769231,1660.0660434672702,13
user27309@paytm,3944.04,9505.152868118597,32
user27312@paytm,35004.96894736842,55816.84200424047,19
user27325@okicici,30138.036666666667,49800.03010673753,18
user27327@oksbi,1756.961,1769.4921986481509,10
user27331@okhdfcbank,16105.700833333334,38920.182159607226,12
user27336@oksbi,892.368,1309.9608543655036,5
user27347@okhdfcbank,10612.948750000001,15094.874951354881,8
user27370@paytm,13737.642307692307,17598.991928108248,13
user27372@ybl,12977.050714285713,26595.33887992274,14
user2737@oksbi,1064.375,1612.8892071505895,8
user27382@oksbi,13304.468888888887,42153.5758485574,18
user27385@paytm,2117.7791666666667,4936.312293906451,12
user27390@paytm,15091.710833333333,40076.522693540224,12
user27393@okhdfcbank,4496.449375,9977.118397398765,16
user27398@ybl,18302.95736842105,40079.92352055936,19
user27399@oksbi,11286.56923076923,19409.758134298692,13
user27400@okicici,7947.545555555556,13581.92252211447,18
user2740@okicici,829.8121428571429,818.4472819654259,14
user27411@ybl,19398.04333333333,54503.791047512,9
user27417@okhdfcbank,12375.27,18916.174582345015,10
user27421@okhdfcbank,3454.9307692307693,6796.653153601241,13
user27423@paytm,4301.520833333333,6519.976282838149,12
user27425@ybl,3932.4752631578945,6766.003693588153,19
user27431@paytm,5598.859090909092,9480.219700737378,11
user27432@oksbi,14451.610625,43162.11957548632,16
user27442@oksbi,22215.936875,41306.20500911886,16
user27467@okicici,42355.458333333336,114040.081771993,18
user27469@ybl,13989.918461538462,30244.722849889546,13
user2746@axl,15131.46947368421,33281.79602602841,19
user27470@paytm,7612.389,14053.36908096849,10
user27475@okicici,11537.410000000002,27890.83928663805,12
user27478@axl,17299.627058823527,38838.87604274256,17
user27489@ybl,10054.762307692306,16192.701992172868,13
user27498@paytm,5698.253333333332,12110.118607898787,18
user27502@okicici,2603.995454545455,2615.791491263643,11
user27505@ybl,33273.387,53516.88581600973,10
user2750@axl,15403.254666666668,49410.32082451121,15
user2750@okhdfcbank,21605.63181818182,42516.97570551974,11
user27512@axl,7605.2844444444445,12395.012581395613,18
user27519@ybl,1467.08375,1835.774442527821,16
user27532@oksbi,942.9207692307692,1014.473025963575,13
user27536@paytm,23785.523125,34538.60111538638,16
user2753@oksbi,11312.43909090909,13266.07092600854,11
user27548@okhdfcbank,1168.9550000000002,1570.2762189247433,18
user2754@axl,2614.895555555556,4576.428656487531,18
user27553@okicici,20512.306363636366,52779.713608514074,11
user27564@paytm,11683.957333333332,30201.657993577694,15
user2756@paytm,19524.888333333332,39248.15737920223,18
user27572@paytm,1124.3883333333333,1408.6105223996985,12
user27589@oksbi,6783.409999999999,11128.518238115843,14
user27598@ybl,11490.787,32408.14014934487,10
user2759@okhdfcbank,9773.584210526316,21507.517392261892,19
user27613@oksbi,31863.826666666664,56424.43845832253,6
user27614@axl,26141.489999999998,61678.99332885225,15
user27616@oksbi,2737.4016666666666,5297.696272214304,12
user27619@okicici,10764.515454545455,18618.374129636755,11
user27627@axl,2091.551111111111,2507.11109966952,9
user27627@okhdfcbank,5531.438461538462,11546.204161701691,13
user27630@okicici,10319.81875,27940.253048350598,16
user27639@okhdfcbank,1348.8726666666666,1686.4592221975718,15
user27639@okicici,4860.726000000001,11524.666662084419,10
user27641@paytm,7712.088000000001,13901.121337744768,15
user27646@oksbi,18580.89125,35312.52401379618,16
user27649@okhdfcbank,5595.329166666666,17008.455297711334,12
user27651@okicici,26837.064615384614,39024.779487233405,13
user27654@okicici,6169.166666666667,14706.75401655699,12
user27655@axl,7942.691578947369,14615.504957322726,19
user27657@oksbi,12941.477272727276,41575.90797215452,11
user27660@okhdfcbank,3505.4923076923083,10238.972920129858,13
user27660@oksbi,5851.43125,14157.914246449316,8
user27672@okhdfcbank,26040.605714285713,48842.1438737293,14
user27673@ybl,9486.930624999999,17382.404589618574,16
user27681@okicici,7274.687499999999,24440.42150872839,16
user27685@oksbi,11305.714000000002,21736.03395799762,15
user27707@ybl,10287.852142857142,24190.11509876906,14
user27708@okicici,28146.994285714285,59688.745465356325,7
user27708@ybl,957.2077777777777,1574.8628660837248,9
user27715@okhdfcbank,10312.653333333334,14984.157332985751,18
user27723@ybl,7848.279166666667,18299.217404325573,12
user27734@ybl,1787.6800000000003,2025.7251281084511,5
user27736@oksbi,2990.7023809523807,6466.801917113207,21
user27737@okhdfcbank,5595.125714285715,9807.61735595169,14
user27739@ybl,28534.781666666666,51782.01528755763,12
user27745@paytm,4642.694375,10182.44518109605,16
user27745@ybl,11624.763157894737,30430.779627051776,19
user27751@paytm,2398.5929411764705,6242.227552291294,17
user27754@oksbi,23246.4175,54781.77449537908,16
user27756@oksbi,20606.295,62749.44286924613,10
user27762@okhdfcbank,13457.457499999999,35673.2511444928,12
user27783@okhdfcbank,8955.601176470589,27768.399980892824,17
user2778@okicici,14699.911818181818,29724.312272216433,11
user27790@ybl,7409.890714285714,15880.88279846048,14
user27797@oksbi,11763.223043478261,25696.026309808967,23
user2779@paytm,7773.919199999999,16373.330189301727,25
user27806@okicici,24139.92947368421,53820.66770074026,19
user2780@paytm,6803.260714285715,15168.78453090854,14
user27811@okhdfcbank,1517.0127272727273,2232.54535471912,22
user27819@axl,22195.505500000003,56207.44416934951,20
user27819@okhdfcbank,22058.692000000003,56838.67140889825,10
user27832@oksbi,13425.943333333335,38254.17732112292,12
user27844@okicici,8903.992727272727,15405.92886159552,11
user27849@paytm,9761.492142857143,20726.644166026483,14
user27853@okhdfcbank,8629.166666666666,15843.21555067973,9
user27854@oksbi,4375.764545454545,7904.173737360995,11
user27855@ybl,15199.038571428571,18246.532930726346,7
user27870@ybl,6023.287777777778,12277.513374507862,9
user27872@axl,1356.5775,1670.7898963300477,8
user27898@okicici,5947.072307692308,10634.649104820961,13
user2789@ybl,7857.575714285714,16939.6268114126,7
user27905@okicici,10404.723750000001,13489.864011706755,8
user27909@oksbi,16672.257692307692,35223.728619933216,13
user27916@okicici,3262.8433333333337,3228.8082347247982,6
user27917@paytm,17344.384285714288,51394.664588057225,14
user27918@oksbi,17457.658000000003,47606.603975159975,15
user27924@okhdfcbank,8054.083499999999,15133.524052593431,20
user27926@axl,17527.08588235294,49083.05952098138,17
user27928@oksbi,5335.568461538462,11327.756401582683,13
user27928@paytm,14437.533157894737,29099.47768376055,19
user27943@okicici,4936.676842105263,12039.040505487437,19
user27946@okicici,29456.9575,57927.663267647724,12
user27950@okhdfcbank,1360.23,1740.0880824895687,10
user27957@paytm,22545.558,48262.68988718506,10
user27958@axl,1609.65875,1470.6000982051755,8
user27962@axl,8856.075555555557,17111.863334291003,9
user27962@okicici,17760.468823529412,46584.37760384898,17
user27966@paytm,2242.033684210526,3260.6955671983214,19
user27984@okhdfcbank,3394.7307142857144,5939.285843781693,14
user27986@oksbi,16283.574666666666,31435.68011348112,15
user27987@axl,19510.965263157894,52023.20979267356,19
user27990@paytm,3178.4900000000002,5227.028328690532,13
user27997@okicici,7433.536666666667,15485.001182612967,9
user28002@okicici,7459.889999999999,22851.110935717265,15
user28007@okhdfcbank,13377.39818181818,35092.134631002664,11
user28025@oksbi,10171.60590909091,22845.10797776203,22
user28027@axl,9134.091764705881,13990.080663403643,17
user2802@axl,14966.061333333335,45123.07556929728,15
user28042@okhdfcbank,18631.350476190477,44093.057483192904,21
user28043@ybl,5549.084666666667,8815.684957988937,15
user28044@ybl,12759.52,17652.167168579046,11
user28045@axl,1163.8870000000002,1733.875702497795,10
user28048@oksbi,3649.411666666667,9083.618638916414,12
user28050@oksbi,20154.238,34155.75270044611,15
user28052@okhdfcbank,4576.281764705882,9524.12715778737,17
user28056@ybl,4293.522222222222,11217.353635529169,9
user28073@okhdfcbank,6024.758,11358.24225774178,10
user28076@ybl,7413.829333333333,18792.749837902327,15
user28082@ybl,27862.58642857143,49870.17886240165,14
user28083@ybl,8343.308571428572,14225.61047043375,7
user28094@okhdfcbank,19097.876,41999.55012368122,15
user28103@axl,1407.086875,2944.4172651957665,16
user28105@axl,26161.0635,57987.600107931365,20
user28114@axl,15879.256923076922,40502.649689161175,13
user28115@ybl,7875.0380000000005,13607.53080270341,20
user28127@axl,4946.1106666666665,9050.77336784895,15
user28128@okicici,1462.749375,3127.8741984005014,16
user28139@axl,1409.6694736842105,1664.2408789444237,19
user2813@ybl,3857.4844444444443,5726.568205594673,9
user2814@axl,938.448,831.3279610465282,10
user28151@oksbi,31237.580625,59013.75614373149,16
user28160@oksbi,17986.37833333333,45523.25719743557,12
user28167@paytm,15971.228181818182,37084.240478350046,11
user2816@axl,15502.468888888889,30432.263088147458,18
user28180@ybl,10977.616923076925,19183.853631337293,13
user28181@axl,12342.700588235295,33532.32847482253,17
user28192@oksbi,5261.258,12492.612104254258,15
user28195@oksbi,20263.32384615385,31570.982987776013,13
user28197@oksbi,4890.839166666667,10454.876472638396,36
user28200@ybl,6518.559411764705,12884.126647080833,17
user28206@oksbi,22480.557999999997,47599.95212175108,10
user28207@axl,23991.88111111111,43287.58920103135,18
user28208@okhdfcbank,3872.846428571429,11928.62265720024,14
user28209@paytm,35590.658749999995,71495.4062038607,8
user28213@axl,4215.12,5999.142105371097,12
user28213@paytm,6946.331,18907.502904810564,20
user28216@okhdfcbank,8614.02923076923,24190.994035568438,13
user28228@oksbi,5534.360000000001,12348.635209531456,6
user28230@okhdfcbank,1203.3833333333334,1469.0912622349233,9
user28236@axl,17671.801,37004.478103857,10
user28241@paytm,15989.805294117647,41749.711411579265,17
user28250@ybl,26597.335714285717,64696.50764600521,14
user28258@okicici,2144.0735714285715,3492.9732002795095,14
user28266@axl,29613.447894736844,57773.14120755659,19
user28268@okhdfcbank,13497.31095238095,35047.18816809544,21
user28278@okicici,10576.483333333334,22035.945513131064,15
user28281@okhdfcbank,7993.190999999999,15207.626924609936,10
user28285@ybl,13603.756315789473,43361.95632959024,19
user28289@paytm,16380.100833333336,49678.44788117359,12
user2828@okicici,36649.112,128255.61637633848,15
user28301@ybl,54926.581666666665,84982.13387973225,6
user28302@axl,6630.352857142857,18454.657451875435,21
user28304@okhdfcbank,2767.046,4932.975049780812,10
user28306@ybl,18804.82923076923,43583.6062987131,13
user28307@axl,7080.104285714287,13014.691026703225,14
user28315@okicici,6632.6577777777775,13314.448578739588,18
user2831@paytm,16725.272142857142,29341.17650254546,14
user28323@paytm,12011.304166666667,26360.67701343715,12
user28328@okhdfcbank,19288.210000000003,41913.22037624341,12
user2832@ybl,24267.249333333333,46473.126317166425,15
user28331@ybl,1695.488,2421.39978114844,15
user28345@okicici,18680.824666666667,28089.407520826848,15
user28350@okhdfcbank,1037.760909090909,1512.574752529306,11
user28350@paytm,8603.926666666666,15727.88077884987,12
user28355@axl,2384.18,6768.46073101903,16
user28360@paytm,12113.019411764706,27007.36562101149,17
user28364@paytm,807.0352631578947,1480.3498690901433,19
user28370@ybl,21255.689230769232,56418.92194586766,13
user28376@axl,10124.564210526316,16633.03364036369,19
user28386@okicici,14002.373157894735,28949.614370717358,19
user28386@paytm,15019.944782608694,30605.726633147486,23
user28387@okhdfcbank,2554.5864285714283,5899.325555008689,14
user28388@okicici,3923.4724999999994,12351.079235462583,12
user28399@oksbi,16740.845714285715,50168.466586059316,14
user28405@oksbi,28888.58222222222,50737.049026771296,9
user28412@oksbi,10454.047647058822,23872.18955839711,17
user28413@oksbi,10726.685,23693.51214644463,14
user28414@oksbi,8509.24,15216.327140086732,11
user28420@okicici,23781.306315789476,49413.55245706173,19
user28424@paytm,7890.863529411764,13314.559833873098,17
user28425@ybl,33729.64727272727,56437.59299194821,11
user28430@axl,10013.066428571428,25187.599790756198,14
user2843@ybl,9956.12,26384.12312184893,13
user28445@ybl,5299.702142857143,9983.666025671962,14
user28446@ybl,4079.514666666667,10166.511983892344,15
user28452@oksbi,9988.165882352941,26373.50638059245,17
user28453@okhdfcbank,1252.8608333333334,1500.866778840319,12
user28453@ybl,7377.922727272727,15347.844893250707,11
user28464@okicici,11167.889375,21258.46163539512,16
user28467@okicici,6853.580909090909,11883.204516819067,11
user28472@ybl,22944.37076923077,52347.55980566644,13
user28490@oksbi,10818.214285714286,25048.90569541964,14
user28499@okhdfcbank,4749.965625,15020.121331725639,16
user2849@axl,8799.193636363636,20003.09184195647,11
user28516@okhdfcbank,23908.17705882353,53450.78906926781,17
user28518@okhdfcbank,21041.990666666665,46633.37262432276,15
user28526@axl,4692.995714285715,8628.925848939018,14
user28526@oksbi,3166.6815384615384,7413.6738321764215,13
user28528@oksbi,4430.08,6274.08420333199,5
user28532@ybl,3663.219,6601.8438248962775,10
user28563@okhdfcbank,7373.366666666667,13137.585055367861,9
user28564@okhdfcbank,9591.351875,23050.68316590587,16
user28579@oksbi,25052.023913043482,49191.57389447384,23
user28584@okhdfcbank,6062.59,13598.405933644699,13
user28584@paytm,7813.641818181818,15848.174207422013,11
user28586@ybl,17783.804000000004,37916.82285983715,15
user28588@oksbi,26628.726153846153,46567.06073030495,13
user28594@ybl,26990.27,44383.590239310295,9
user28598@okhdfcbank,8388.73625,16293.194617047073,16
user28605@paytm,3233.6255555555554,5115.61946554401,9
user28606@ybl,1305.53,1611.6982080479586,9
user28610@okicici,8575.484,17770.090593594057,15
user28621@ybl,12211.683125,21062.408302353495,16
user28624@okicici,39233.59142857143,65289.38483078393,14
user28624@oksbi,17018.786428571428,51315.92961486679,14
user28626@oksbi,12826.883529411763,32038.79746455732,17
user28632@axl,6339.965999999999,12520.148357064929,10
user28632@oksbi,9062.02,17429.944036852732,12
user28632@ybl,21276.072,40416.45009472416,10
user28657@paytm,2291.833125,3901.3703324989433,16
user28659@okhdfcbank,16616.417894736842,37704.58201220105,19
user28663@axl,22230.477857142858,40426.24098614512,14
user28672@axl,11012.357777777777,27827.944563270667,18
user28675@okicici,10717.707272727273,22871.53892082607,11
user28676@okhdfcbank,15035.661666666667,27362.917186160023,12
user28689@axl,21465.331,52895.859395635634,10
user2868@ybl,14362.778666666669,42682.46965218991,15
user28690@okhdfcbank,27214.11625,72778.05997120265,8
user28691@okicici,22651.03909090909,53909.0385006992,11
user28696@okicici,8938.904210526316,18232.897823350428,19
user28703@okicici,4876.300666666667,10390.88743715684,15
user28712@paytm,8791.840769230768,24741.871235128405,13
user28713@okicici,5937.919166666667,13127.071238140918,12
user28716@okicici,14110.159333333335,24286.38924863603,15
user28723@okicici,20368.126363636362,40239.98263660666,11
user28723@oksbi,2850.3759999999997,6573.31345349382,15
user28734@axl,25073.344666666664,44871.38209807797,15
user28738@oksbi,15932.49375,43887.08244852675,16
user28740@ybl,7050.854545454545,12055.117533347704,11
user28742@axl,2181.3485714285716,2965.8595807516353,14
user28746@okhdfcbank,4152.480555555555,7306.483755702652,18
user28747@okhdfcbank,1331.635294117647,1547.303321383358,17
user28751@okicici,16422.20111111111,46025.15322607043,9
user28757@okhdfcbank,15709.125999999998,41517.230115355,15
user2875@okicici,2868.7392307692307,4394.306178938569,13
user28766@oksbi,2947.446875,8761.345529365315,16
user28777@okhdfcbank,12154.113333333335,37631.089379720834,15
user28785@paytm,2910.2825,6016.396480057642,8
user28788@ybl,19159.938000000002,29550.685337502862,10
user28798@paytm,13929.606923076923,27848.68643179195,13
user28810@paytm,14048.918181818182,40244.24527239328,22
user28818@okicici,12592.346153846154,21958.799065035615,13
user28818@ybl,16277.200909090909,27157.827665920355,11
user2881@paytm,1227.0555555555557,1672.185360846033,9
user2881@ybl,5847.925625,12396.015859146555,16
user28829@axl,7045.068571428571,10527.27475434079,7
user2883@okhdfcbank,37507.56071428571,62635.22210826079,14
user28843@oksbi,11601.080714285712,33187.49147267072,14
user28843@paytm,7053.697857142856,9039.884019396555,14
user28856@axl,17191.195833333335,43252.04882351028,12
user28856@oksbi,1023.8731250000001,1219.102421853711,16
user2885@axl,8016.740000000001,17830.78417074022,6
user28862@paytm,2582.769375,7449.38990455323,16
user28867@oksbi,8041.143749999999,17197.1927232018,16
user28877@paytm,15580.871666666666,33258.620727198715,12
user28885@oksbi,3870.5800000000004,10968.174081778607,12
user28892@axl,21416.280000000002,57180.8322557697,12
user28898@okicici,16836.410625,34304.69581319394,16
user28909@okicici,10698.133333333333,23847.21375360055,12
user28915@paytm,15745.597692307692,31825.25492966845,13
user28916@okicici,20064.423333333336,34271.184498879906,6
user28920@okicici,20915.138235294115,50536.996047882494,17
user28926@axl,4523.985454545455,11372.88013737889,11
user28935@okicici,14645.567857142858,33325.053539437904,14
user28937@okhdfcbank,13474.11875,17300.229050241287,8
user28938@oksbi,11637.0325,15718.830961222693,12
user28939@axl,8203.03875,14229.499323471586,16
user2893@axl,7906.409999999999,14167.802134291356,14
user2893@okhdfcbank,15758.062352941177,45638.39254390026,17
user2894@okicici,27527.184166666662,57640.17104735747,12
user28952@okhdfcbank,8251.973333333333,18226.759255837074,12
user28956@oksbi,35091.80523809524,69598.36121021742,21
user28959@axl,2625.243684210526,5774.183446938826,19
user28961@okicici,7716.449090909091,13863.620527086316,11
user28962@okicici,6964.497222222222,15569.792887637115,18
user2898@paytm,939.7492857142859,1305.1528004706477,14
user28990@oksbi,5518.5022222222215,11211.540868051745,9
user29000@okicici,24881.88181818182,44343.8463375271,11
user29001@oksbi,11691.044,29914.39312828496,10
user29013@okhdfcbank,2647.5996,7244.453432106111,25
user29016@ybl,7514.189090909091,23554.125594536894,22
user29018@axl,7471.396250000001,13623.918948333905,16
user29022@okicici,3365.11125,4517.220763055967,8
user29024@okicici,30660.01636363637,52617.60903609253,11
user29024@paytm,31495.698888888888,60447.12166274512,9
user29036@okicici,8866.32142857143,22850.053718074832,14
user29036@ybl,10640.992666666665,27193.777791533874,15
user29044@axl,33668.73181818182,62898.61734000913,11
user29054@axl,19406.629090909093,51194.434987521534,11
user29060@oksbi,10107.988000000001,24250.778073259204,20
user29064@axl,11103.665555555555,25186.276356431335,18
user29064@paytm,21067.965,60089.70838377183,10
user29067@ybl,28224.075,57849.38465513271,14
user2906@oksbi,5316.066111111111,9044.241798627287,18
user29074@oksbi,6172.121,11450.764888369735,10
user29082@okicici,4897.0729411764705,10343.912114324641,17
user29084@paytm,26083.392499999998,70225.22529176265,8
user29091@okhdfcbank,20849.935999999998,57431.72188110257,10
user2909@okhdfcbank,15108.74923076923,48143.99668060226,13
user29114@paytm,25976.193333333333,48141.73237768765,9
user29132@oksbi,17496.260833333334,37348.436789299,12
user29133@oksbi,9751.795,24355.15607131083,18
user29138@ybl,3311.7574999999997,8458.37230639241,20
user29141@axl,8616.4465,18682.219328041436,20
user29145@axl,877.3881818181818,1342.973688564435,11
user29151@okhdfcbank,14382.996,22914.891904156128,10
user29152@axl,7050.594375,14569.24918964505,16
user29164@okhdfcbank,14335.292962962963,43368.04910102153,27
user29172@okicici,508.4041666666667,558.1337658248136,12
user29173@okicici,5154.189285714287,14527.88369872939,14
user29176@axl,18874.552941176473,53186.08383612129,17
user29179@axl,11205.640714285717,36635.4065492961,14
user2917@paytm,6496.304,9890.409671980804,15
user29180@ybl,74687.21272727274,151282.4096704081,11
user29182@okicici,4065.735454545454,10233.96434020303,11
user29190@okhdfcbank,15382.3225,38764.035333758475,12
user2919@okicici,13402.735,23181.87791594704,14
user2919@oksbi,19447.04666666667,62178.98341303499,15
user29202@okicici,12074.875714285712,38293.015460369774,14
user29205@axl,19010.59,50265.84464957953,17
user29208@okicici,15545.033333333333,49347.195308874834,15
user2920@oksbi,6031.933888888889,13573.125565261907,18
user2920@ybl,9650.97,12987.902957877894,16
user29214@paytm,4807.138,12534.64811871283,10
user29220@okhdfcbank,9272.876,18150.30839265591,10
user29225@okhdfcbank,6877.279230769231,11683.356060730483,13
user29228@paytm,20450.092352941178,47495.55722271696,17
user29229@axl,15306.67142857143,50560.40984234737,14
user2922@okhdfcbank,5373.7757142857145,13230.940850214412,14
user29230@okhdfcbank,2320.917857142857,4928.255611888494,14
user29231@ybl,14857.636666666667,27701.64224521461,18
user2924@paytm,24997.33785714286,80585.45321302782,14
user29251@okicici,23550.666666666668,43649.59756408016,21
user29251@oksbi,30938.233571428573,58686.067689641844,14
user2925@okicici,14283.92857142857,18777.545990576466,7
user29261@okicici,33651.74882352941,62137.927642543815,17
user29270@axl,7714.1335714285715,12465.73239037606,14
user29287@okhdfcbank,11747.78,26155.038791848776,15
user29287@ybl,6381.709,13204.624832416182,20
user29295@ybl,10622.009333333333,21491.366741383936,15
user29302@okhdfcbank,20027.605999999996,59207.30854674506,10
user29307@okicici,11685.494705882353,43074.16831180248,17
user29308@paytm,9091.5545,14852.6509314616,20
user29314@okicici,1096.5608333333332,1416.9112906886799,12
user29328@ybl,5665.365555555556,14932.077839984873,18
user2932@okhdfcbank,10348.241333333333,23932.656470358317,15
user29333@okhdfcbank,5157.697142857142,14772.219357208953,14
user29341@okicici,3071.257857142857,7337.1283735681045,14
user29343@oksbi,13221.144545454545,31215.153250979998,11
user29350@okhdfcbank,6953.23,17970.347666918413,11
user29351@ybl,24077.05615384615,42621.83018900262,13
user29363@oksbi,7241.752941176471,14964.577208039811,17
user29365@oksbi,13092.981818181817,23288.24108417457,11
user29365@paytm,1016.8406666666667,1090.509467938637,15
user29369@ybl,14813.653571428571,43085.96367579954,14
user2936@okicici,5365.327777777778,11983.231664019006,18
user29371@okicici,15455.933076923075,45989.61884641674,13
user29378@paytm,62670.686,76634.32741301564,5
user29379@ybl,10322.382307692307,29981.351162899064,13
user29380@okicici,19468.638666666662,50431.10869029607,15
user29380@oksbi,5571.74375,11217.34606461533,8
user29391@axl,10889.079375,40390.04807390247,16
user29393@axl,12445.46625,45660.145156032355,16
user29398@okhdfcbank,11159.53,24555.577006551892,19
user29400@axl,4322.10625,11500.085875319293,16
user29404@oksbi,11611.26909090909,14807.628713016446,11
user29412@okhdfcbank,1676.387,1982.6419334819664,10
user29415@axl,25695.770833333332,76569.75250555837,12
user29439@oksbi,13727.718571428572,30673.923787038708,14
user29451@paytm,13852.256666666666,17863.55749625127,9
user29453@oksbi,18917.54,51327.38300085053,12
user29454@okicici,9957.479230769231,18763.49784092617,13
user29460@ybl,32742.089,55830.49644264431,30
user29469@okicici,5447.11875,16294.272576215597,16
user29477@oksbi,25883.61727272727,50481.20111780406,11
user29481@paytm,16427.694615384615,47562.86002728715,13
user29482@okhdfcbank,3081.1433333333334,3574.1825052624004,15
user29490@axl,40717.251000000004,101081.13080707777,10
user2949@okhdfcbank,13943.62,30076.34012516636,14
user2950@ybl,10899.829375,16315.023515247725,16
user29511@axl,8401.617272727273,13989.279593674644,11
user2951@okicici,5797.6770588235295,11959.904085653114,17
user29523@axl,13645.24,30124.01598147066,21
user29525@paytm,15972.22388888889,35036.59507461811,18
user29527@okhdfcbank,4319.59923076923,13318.02109308753,13
user29529@paytm,12910.635555555556,39169.560139571506,18
user29541@ybl,16404.420000000002,30315.445911492232,19
user29546@okicici,2303.7176923076922,3144.787054166397,13
user29549@axl,10999.840769230768,18193.563895257234,13
user29552@ybl,14517.271333333334,43382.83633821789,15
user29555@okicici,3287.939047619048,5377.028056899931,21
user29557@paytm,5239.8975,13825.104864161314,12
user29561@axl,12473.656153846154,17840.91661841516,13
user29602@axl,30978.5608,59701.10776115562,25
user29602@paytm,859.9627272727273,1294.159449659051,11
user29610@oksbi,12237.653076923078,21270.707348519772,13
user29615@okicici,15816.574,40800.31106338894,15
user2961@okhdfcbank,1652.4172727272728,1917.617762997052,11
user29621@ybl,13160.584444444445,25972.060078620285,18
user29625@paytm,15184.513076923076,48730.853290667816,13
user29633@okicici,17093.32,48454.53954639978,11
user29647@oksbi,10187.804615384615,34606.18013772555,13
user29669@ybl,2858.1860869565216,7199.141145339201,23
user29671@paytm,4677.923888888889,11456.070661852884,18
user29690@okicici,14320.253684210527,39904.27465227799,19
user29690@oksbi,7781.843333333333,14278.837300095667,21
user29693@okicici,14870.841333333334,40016.28688719558,15
user29699@oksbi,6870.63,10331.904652268584,14
user2969@oksbi,2938.331538461539,6944.751272549705,13
user29715@okhdfcbank,2360.1,4066.8341050502663,11
user29716@okicici,11846.539230769231,28878.555674297626,13
user29718@oksbi,2208.985,3500.7116434324653,12
user29731@ybl,7232.384,12028.207148814998,20
user29732@ybl,9894.940769230769,13019.041954499098,13
user29742@axl,15451.642666666665,38288.30325643711,15
user29743@oksbi,7948.878125,12973.568232899393,16
user29746@oksbi,5848.830833333333,13619.555194156044,12
user29754@okicici,4463.44,7158.756326316394,9
user29756@ybl,8728.60875,14330.355871769956,16
user29757@axl,18422.14153846154,40685.39642707643,13
user29767@okhdfcbank,46046.310625,120644.31923983246,16
user29768@paytm,2709.2225,5150.437749209145,8
user29769@okicici,7069.633333333334,10451.620257277498,12
user29783@okicici,2770.6975,6817.05194486607,12
user29795@okhdfcbank,6804.756666666667,12705.290900345653,12
user29797@oksbi,4420.094444444444,14946.354288289609,18
user29803@oksbi,17642.201999999997,27418.64708244567,10
user29804@axl,38775.19266666667,68148.34310053814,15
user29804@okicici,24931.29,44701.46987369483,14
user29807@okhdfcbank,5815.057647058823,11167.441194797899,17
user2980@axl,504.29,517.2843242550464,6
user29810@okicici,4545.575555555555,8746.371633220417,9
user29810@paytm,8416.28,12929.828446963893,13
user29820@ybl,19134.563076923077,51816.29203358525,13
user29831@paytm,20458.080833333333,48660.42546604012,12
user29834@axl,5667.6875,12601.634590901029,16
user29835@oksbi,6051.459411764706,15068.262275929692,17
user29840@ybl,24182.60923076923,53228.24602347649,13
user29853@okhdfcbank,25603.360714285714,60246.96656483653,14
user29854@axl,6248.595714285714,9692.109809423775,7
user29865@okhdfcbank,9300.00888888889,13512.034240163097,18
user2986@okicici,19754.607647058823,44239.2129074807,17
user2986@oksbi,11943.695384615385,27197.718894807647,13
user29876@okicici,21911.144615384615,41605.04639619146,13
user29878@okhdfcbank,8872.778666666669,16073.87869548687,15
user2987@paytm,18169.173333333336,36779.24298567365,12
user29884@axl,7933.415454545455,14900.433399114514,11
user29885@okicici,1796.6423076923077,2987.299159589795,13
user2988@okicici,37080.9245,115061.01997722204,20
user29899@axl,18867.768999999997,44074.80498460983,10
user29900@okicici,5042.613157894736,10670.870966381148,19
user29901@okhdfcbank,5253.849,8730.193075671288,10
user29906@okicici,6502.5075,13538.348403271571,12
user29906@oksbi,19647.380476190476,33843.43267169932,21
user29916@paytm,16517.9635,45948.50663535893,20
user29924@okhdfcbank,24864.537857142856,49585.16720317558,14
user29926@axl,4388.952857142857,11218.445983003876,14
user29927@okhdfcbank,738.3828571428572,1523.7356397870146,7
user29930@paytm,5569.2908,9691.265160782208,25
user29931@axl,14740.617777777778,32048.191640532066,9
user29933@paytm,5375.053333333333,15586.627057443346,9
user29942@paytm,6440.138571428572,14921.512500532499,7
user29948@okhdfcbank,9187.945714285715,18576.418951838135,14
user2995@ybl,14055.17909090909,32539.020162314493,11
user2996@ybl,16412.05846153846,45189.77675819238,13
user29982@okicici,14751.332,29122.198235499476,10
user29992@axl,29804.169411764706,57076.49684794843,17
user2999@oksbi,7244.145714285713,14409.620444801512,14
user30001@oksbi,11076.673999999999,23093.092345541678,10
user30009@okicici,8356.861875,13307.863094586959,16
user30009@ybl,5114.876666666667,11898.699423196489,18
user30033@ybl,3397.17375,7761.519677183876,8
user30047@paytm,35724.49,47293.839157974195,10
user30048@okhdfcbank,867.0207692307692,1687.339935472703,13
user30055@ybl,8508.882777777777,19555.63940184122,18
user30059@oksbi,14127.54294117647,37210.418926110906,17
user30061@ybl,5925.3369999999995,14945.409336246254,10
user30063@oksbi,22780.726666666666,40043.02122204786,9
user30063@paytm,4393.956666666667,6625.7389994260375,12
user30072@okhdfcbank,9571.092,16425.544175492632,15
user30084@oksbi,19489.386666666665,26934.141729532657,15
user30086@okicici,8211.638,11911.269372796876,10
user30086@ybl,1542.111,1993.501411506063,10
user30087@ybl,27300.292999999998,49035.92339006602,10
user30092@okhdfcbank,1307.07625,1860.099090900709,8
user30092@okicici,22768.33375,41660.86022026236,16
user30113@okhdfcbank,16985.6825,39682.34334400631,12
user30118@oksbi,4243.844761904762,8677.29306686401,21
user3011@oksbi,30987.485238095236,53074.708056719406,21
user30124@okicici,16778.588,42104.39170156077,15
user30134@paytm,2916.79,7293.146959296261,14
user30139@oksbi,5625.075999999999,7966.2860022795785,10
user3013@axl,10109.508333333333,18033.216485092635,6
user30140@paytm,16983.898666666668,49108.433460490094,15
user30158@ybl,9086.982222222221,24883.401194546223,9
user3015@ybl,7028.994000000001,13148.909607563324,10
user30165@okhdfcbank,17028.792173913043,43899.20322708757,23
user3016@paytm,38981.36153846154,104457.44836128727,13
user3017@oksbi,13535.565,26603.259026714444,12
user30181@okhdfcbank,4268.779444444444,11441.68220910332,18
user30187@okhdfcbank,773.374,1175.3408834874856,15
user30189@okhdfcbank,25361.671818181818,45383.403635642804,11
user30192@paytm,14886.946,30745.26462774919,15
user3019@paytm,15581.034545454546,42848.292363995635,11
user30203@okicici,30282.19583333333,64751.601415942314,12
user30204@ybl,15482.242,31914.849242508728,15
user30227@paytm,9152.367692307693,14357.370122362334,13
user3023@ybl,17461.699047619048,45123.54012607322,21
user30241@axl,11665.643636363637,17148.38829557593,11
user30250@oksbi,14952.054166666667,38790.68168270018,12
user30257@oksbi,17657.038,40432.42525751408,10
user30265@oksbi,3463.311818181818,4718.34421930367,11
user30265@paytm,6998.303,17598.97969120103,20
user30283@paytm,8117.759,15372.592181686683,10
user30287@okhdfcbank,33030.073333333334,59102.41390778574,12
user30299@okhdfcbank,12241.958611111111,25963.38568436869,36
user30299@ybl,7151.515263157895,14907.093643043967,19
user30300@okicici,5413.847692307692,13619.125196515713,13
user30300@oksbi,9233.289333333332,20497.502277467323,15
user30301@axl,4308.872,9153.978729910055,15
user30309@axl,4589.28,11700.797610752012,11
user30309@oksbi,18198.283000000003,45515.932948869195,10
user30317@ybl,12051.885714285716,30428.978960846878,7
user30318@okhdfcbank,23081.447692307695,55637.46190643797,13
user30320@axl,9169.875833333334,17232.150073842397,12
user30320@ybl,6588.9075,13445.277475051585,12
user30327@okicici,5116.628125,11016.374357375611,16
user30328@okhdfcbank,4960.089629629629,10877.871126606415,27
user30332@oksbi,21604.185625,45985.6008252621,16
user30336@oksbi,13849.981428571427,14859.261735196495,14
user30345@okicici,1250.573888888889,2205.4134528610407,18
user3035@oksbi,15287.712857142857,40862.75579896506,14
user30362@okicici,2442.4943749999998,3515.9730634822727,16
user3036@okicici,6561.466666666667,12030.410453968372,12
user30371@axl,1436.4434999999999,2255.499661289395,20
user30373@ybl,25682.01777777778,64935.873522138514,9
user30375@okhdfcbank,9914.648666666666,33880.39471973343,15
user30377@axl,10328.918000000001,32289.731899742677,15
user30377@ybl,10077.14,24577.089915024066,10
user30381@axl,14877.601818181818,37912.35434374098,11
user30402@ybl,24207.752500000002,56233.4635450229,12
user30405@paytm,5964.777777777777,13052.927190223252,9
user30410@oksbi,11888.97923076923,19492.73126075609,13
user30424@oksbi,914.3214285714286,1213.2204298468612,14
user30425@axl,17572.293076923077,55092.53792092663,13
user30426@ybl,6614.7315384615395,10588.471659718607,13
user3042@paytm,4739.234285714286,11715.01283329854,14
user30430@okicici,5028.243333333333,12787.503139724367,12
user30430@oksbi,27359.066666666666,54776.85816103914,9
user30432@oksbi,18961.65,43104.467326498765,20
user30437@okicici,14544.68153846154,48051.377879997686,13
user30455@okhdfcbank,2038.9058333333332,4438.816674089161,12
user30475@ybl,16820.284375,50064.092430567034,16
user30480@axl,9014.6885,17588.967867171224,20
user30483@paytm,9520.25,18490.73501883188,19
user30486@okicici,3767.943333333333,10499.66423421966,12
user30493@okhdfcbank,3877.766,8366.054625470375,15
user3049@okicici,7289.265294117647,16525.813424769414,17
user30504@okicici,7067.180666666667,13492.18054709016,15
user3050@axl,6740.5,15179.139618364408,15
user30511@oksbi,5657.172777777778,10667.967791192255,18
user30516@axl,12626.404999999999,29831.504781037813,12
user30520@oksbi,11202.989444444444,23342.284915679495,18
user30523@axl,2257.354117647059,3382.356479483015,17
user30541@oksbi,8163.265384615384,13251.672409947367,13
user30545@okhdfcbank,8651.3,15174.12341567145,8
user30545@oksbi,19826.74,47825.04367132448,16
user30550@okhdfcbank,13486.50294117647,25515.987343673078,17
user30553@oksbi,7494.819130434783,20440.755715565123,23
user30565@ybl,3079.2159999999994,8347.623961393188,15
user30592@okhdfcbank,22570.949090909093,37556.649287920096,11
user30592@paytm,23661.622857142855,51975.496607757595,14
user30605@oksbi,22491.318571428572,56361.18494674931,7
user30629@okhdfcbank,35140.350000000006,62200.45571966939,18
user30631@oksbi,1731.861,1686.75075445498,10
user30655@paytm,9377.635217391304,24395.971184231494,23
user30661@okhdfcbank,19822.395263157894,48286.35200631085,19
user30669@oksbi,18541.292999999998,44126.16878186948,20
user30670@ybl,3980.366666666667,6074.1244091001845,6
user30680@ybl,6145.771111111111,10542.319430061922,9
user30685@okicici,5397.458,10044.342558085124,15
user30689@okhdfcbank,13994.658571428572,32198.000822037633,14
user30703@ybl,19281.9875,48241.28747346578,16
user30709@okicici,5050.7699999999995,10811.70573508323,20
user30709@paytm,31334.37571428571,62018.18846432037,7
user30711@okhdfcbank,26235.525789473682,49990.676962133795,19
user30714@axl,21423.051,37457.92590767272,10
user30714@paytm,4078.963846153846,8887.478474249167,13
user30717@ybl,1934.0720000000001,2061.3068215457665,10
user30722@ybl,4459.902666666666,9442.649017027152,15
user30725@okhdfcbank,7739.4094117647055,14212.520944773254,17
user30734@oksbi,20448.966666666667,29179.753455301325,12
user30739@axl,2961.608,6535.625002343692,15
user30739@oksbi,57839.10611111111,89907.02597753599,18
user30754@axl,30774.291538461537,49800.437938665564,13
user30756@axl,5461.741428571428,8953.81074311087,7
user30757@okhdfcbank,22267.631176470586,47582.07176831467,17
user30759@axl,1253.0723076923077,1467.9545091393547,13
user30764@okicici,7574.672500000001,14595.945621719067,16
user30765@oksbi,2531.841,6999.820473766848,10
user30768@okicici,1175.6766666666665,1701.8981896070866,12
user30777@okhdfcbank,9124.778,19779.746401692566,5
user30782@okicici,8649.437222222223,19737.679789259993,18
user30793@paytm,16357.22857142857,23046.267534574163,14
user30794@ybl,11504.689473684211,45379.795482795285,19
user30796@paytm,24568.215454545454,57717.317816191244,11
user3079@oksbi,8383.709565217392,14992.223252481292,23
user30802@paytm,13243.740588235294,26493.697812676714,17
user30806@okhdfcbank,29880.10222222222,42538.20295868696,9
user30813@oksbi,2356.422857142857,5159.930156044473,7
user30825@okicici,3042.3557142857144,9357.28471908114,14
user30831@oksbi,4461.755,9261.35975901591,14
user30855@paytm,5998.983,10873.002961635504,10
user30856@paytm,1957.89625,2826.547783767034,16
user30863@paytm,17736.007142857143,18998.028968848495,14
user30873@paytm,10395.563571428573,14083.284415140255,14
user30877@okicici,4256.026666666667,7653.533157640332,9
user30877@paytm,4980.226000000001,8631.417716379505,5
user30882@paytm,6702.512727272727,11576.665918343873,22
user30894@okhdfcbank,26194.50285714286,65585.99019444593,7
user30902@oksbi,16862.84230769231,47929.02061898879,13
user30932@okicici,769.4853846153848,1410.911317226183,13
user3093@okhdfcbank,5942.145263157894,16372.487412423647,19
user3093@oksbi,12716.013157894738,44144.17957160441,19
user30943@oksbi,15839.415454545455,24934.948715891664,11
user30956@okhdfcbank,6281.221,13260.57895157795,10
user30960@axl,15676.168823529411,34772.97618922504,17
user30961@ybl,6637.247826086956,12530.494342367325,23
user30963@axl,26597.186999999998,50958.597605090705,10
user30968@okhdfcbank,20605.318666666666,48565.76479630494,15
user3096@oksbi,27600.996470588234,52467.07859838669,17
user30975@axl,12679.977272727272,17025.03392012133,11
user30978@okhdfcbank,20775.92615384615,48893.59189072728,13
user30984@axl,1692.9463636363637,1730.2850036584882,11
user30986@axl,19040.00090909091,49855.29930524547,11
user30990@okicici,19543.28176470588,30726.03963203447,17
user30991@ybl,13263.418125,43123.61330018736,16
user30992@ybl,18471.333076923074,38598.61266047188,13
user31005@okhdfcbank,8608.02125,16103.352525507084,8
user31009@okhdfcbank,2073.93,3377.449741013584,12
user31009@ybl,21468.144210526316,45643.47224165532,19
user3100@okhdfcbank,14289.539444444445,47163.65631262768,18
user31013@okicici,5102.483333333334,12755.492465933292,15
user31015@okicici,32620.158888888887,68457.48738763468,9
user31020@paytm,6453.566666666667,9130.947060766213,12
user31024@paytm,7540.8381818181815,16379.083209819053,11
user31027@paytm,2957.674375,7767.771153672477,16
user31028@paytm,7739.9349999999995,13336.737773020777,14
user3103@paytm,8437.57,14744.645334850778,20
user31048@oksbi,23760.923000000003,52864.47162974961,10
user31049@okhdfcbank,9196.835555555555,25615.2819227618,18
user3105@okhdfcbank,11268.365625,22861.979238140622,16
user31063@oksbi,5927.195,12430.501333552298,12
user31075@paytm,5071.965833333334,10305.759335910152,12
user31077@oksbi,3900.215,6586.557584542508,10
user31080@okicici,19168.713333333333,45913.5324796932,12
user31087@ybl,28446.84222222222,55701.49527408235,9
user3108@okhdfcbank,15871.309374999999,31414.47472202084,16
user31090@okhdfcbank,13334.035384615385,28179.515211290043,13
user31099@okicici,3447.098260869565,5317.55705111734,23
user31099@ybl,10920.525333333333,24680.92203042575,15
user31104@ybl,29059.58611111111,58448.83296416359,18
user31105@okhdfcbank,21526.324999999997,59030.6051089133,18
user31105@paytm,6169.1466666666665,8682.485438181997,12
user31106@paytm,20940.94105263158,52184.073279220924,19
user31109@oksbi,18377.600625000003,39029.3382448695,16
user31111@okhdfcbank,18443.27,48471.5458637858,12
user31111@oksbi,11044.4625,15150.965832795866,12
user31116@okicici,19305.904545454545,54871.30098474217,11
user31121@okhdfcbank,2628.3136363636363,5850.988672139561,11
user31133@okhdfcbank,19021.167999999998,43228.8288691768,10
user31134@oksbi,18894.705454545456,46811.0969062908,11
user31143@axl,7732.610833333333,11752.503390413513,12
user31143@ybl,14724.08681818182,38589.83082622766,22
user31164@okhdfcbank,15601.109999999999,45912.94754936589,18
user31177@oksbi,6345.675833333334,13435.56466267283,12
user31215@oksbi,18001.404666666665,43647.67291389949,15
user31225@oksbi,27193.480000000003,60396.2151565085,10
user31226@oksbi,17229.63866666667,46523.84690927636,15
user31232@oksbi,7237.6641666666665,14287.434221555704,12
user3123@oksbi,9881.896666666667,19630.48131403546,15
user3124@okhdfcbank,22802.23,56507.493276659516,11
user31251@oksbi,8952.23,15013.341953929872,14
user31254@ybl,18048.510714285712,37023.64712628746,14
user31255@paytm,1012.0207692307692,1264.1623927820187,13
user31257@okhdfcbank,29843.607894736844,54466.43705613961,19
user31266@oksbi,10123.056666666667,17908.916691416864,15
user31270@okhdfcbank,24061.8575,40670.16869346508,8
user31279@okhdfcbank,18307.252105263156,45902.48486780882,19
user31285@oksbi,24847.596666666665,42429.51423751249,9
user31286@okicici,9630.81,17403.357612870284,13
user31297@okicici,8448.612000000001,21220.20517702294,10
user31306@paytm,7199.9766666666665,17621.9722836201,9
user31314@oksbi,5271.710909090909,11686.280433831334,11
user31337@paytm,10551.56,16897.74022075215,17
user31341@axl,23650.599000000002,50334.15197718973,10
user31346@oksbi,33275.91333333334,53371.94636429868,9
user31348@paytm,18473.219999999998,36825.477965430204,15
user31354@ybl,20483.102000000003,48652.59171426215,15
user31355@oksbi,38867.902727272725,59715.22393878433,11
user31373@oksbi,6079.2074999999995,10454.759146092209,20
user31373@paytm,5009.724,8458.464450643773,10
user31383@oksbi,4115.586315789474,7600.5816631186635,19
user31386@ybl,19915.454999999998,36229.12112538959,14
user31403@ybl,8343.506111111112,14718.18219066357,18
user31408@axl,13891.700909090909,21774.45897026443,11
user31431@paytm,9582.794285714286,18312.63273474634,14
user31436@oksbi,22538.644666666667,45244.083395345086,15
user31447@ybl,12077.3705,37389.03309203248,20
user31448@axl,11870.451875,22166.366119118462,16
user31461@okhdfcbank,5535.703333333333,12658.230381484653,18
user3147@ybl,834.8466666666667,1586.3928873852992,6
user31480@okicici,5473.354285714285,9518.396106818378,7
user31482@paytm,6906.638421052632,20104.01648652805,19
user31492@oksbi,22249.01,32160.727704535144,12
user31505@okicici,2909.2122222222224,5754.602808517234,9
user31523@okicici,15903.205384615383,33483.823632072104,13
user31531@axl,9919.082307692308,16351.648210222906,13
user31535@paytm,13970.62875,27215.078210363674,16
user31540@ybl,3091.2488888888893,4744.411366651411,9
user31544@okhdfcbank,6275.492222222222,11036.916435633084,18
user31552@okicici,12521.82,15689.444178544058,9
user31561@oksbi,14759.235333333334,31529.038971501195,15
user31562@okicici,10722.612307692307,36543.87019873401,13
user31564@okicici,4149.009565217391,10542.834298891648,23
user31565@oksbi,2482.8957142857143,3487.339874245598,14
user31573@okhdfcbank,17815.118333333332,37613.5315072289,24
user3159@axl,16288.86642857143,38216.35852244702,14
user31607@okicici,5097.008571428572,10631.652000455102,7
user31614@axl,3978.4699999999993,8808.883216722197,17
user31615@axl,721.9,1153.3282810679323,10
user31620@oksbi,13565.533749999999,17998.046386358506,8
user31628@oksbi,1572.6444444444444,2737.8139119611064,9
user31651@oksbi,4833.174,8017.42188643124,10
user31653@ybl,3381.1375,5706.560708467178,8
user31654@okicici,10362.873529411765,14000.377209677667,17
user31659@ybl,11369.584545454547,27891.54001839424,11
user31666@paytm,4056.03,9039.55710595065,15
user31676@oksbi,8603.3,25210.868807446255,13
user31678@paytm,1167.8827777777778,1638.6970111496066,18
user31682@axl,15594.41,24376.782596293782,15
user31682@paytm,19667.482500000002,44293.15567225444,12
user31697@oksbi,2088.773333333333,3260.0500336382875,9
user31698@oksbi,7800.65,21797.361808913716,21
user31699@axl,13427.23153846154,21924.119170642425,13
user31699@oksbi,17581.84307692308,46464.46935239359,13
user3169@okhdfcbank,5400.017647058824,13582.979915092972,17
user31707@okicici,5078.827777777778,12326.58485926838,9
user31720@axl,9648.636111111111,23777.311474351325,18
user31733@ybl,31584.734285714287,56921.361901743236,14
user31734@axl,5519.793333333333,15205.319825552542,18
user31746@okicici,38267.513333333336,61593.26050828013,12
user31750@paytm,5370.8133333333335,11318.07135451089,9
user31766@paytm,21460.733,58550.68993237019,10
user3176@okhdfcbank,23831.094999999998,49724.787387810415,22
user31771@oksbi,10759.753529411764,31219.66234968016,17
user31776@oksbi,15260.471904761906,39736.6278112408,21
user31782@axl,4476.161666666667,7474.474652016243,12
user31782@paytm,19473.90642857143,34091.69562254998,14
user31783@okhdfcbank,17386.73272727273,50771.131150004156,11
user31788@oksbi,501.42285714285714,579.2770429719149,14
user31791@oksbi,4800.716363636364,13643.195958884615,11
user31795@okhdfcbank,23122.52125,45814.10627410833,16
user3179@axl,12243.644444444444,16992.35255431919,9
user3179@okicici,5537.129333333333,12853.491701377972,15
user31815@oksbi,1684.723125,1657.6562631085244,16
user31816@okicici,821.1553846153846,1440.4583957176933,13
user31825@ybl,6299.1125,12307.764314494327,16
user31841@axl,9188.649333333333,26963.80437925905,15
user31844@oksbi,27648.750625,58873.42747792799,16
user31846@oksbi,7492.878823529412,14584.278220379932,17
user31857@okhdfcbank,11457.128888888888,36616.178189193735,18
user31866@oksbi,2433.0235714285714,5525.371850304052,14
user31868@paytm,27694.662500000002,57878.98255065856,12
user31869@ybl,21319.365833333333,55682.892526636686,12
user31873@paytm,1444.672,3073.220398730668,15
user3187@oksbi,12530.90909090909,19256.656879646816,11
user31881@oksbi,7854.499166666667,15675.439625946676,12
user31908@axl,21064.1521875,45982.403068833715,32
user31911@paytm,10441.053846153847,13474.974846346677,13
user31916@oksbi,10260.78619047619,29733.745891341958,21
user31921@okhdfcbank,6633.706249999999,15074.34610892686,16
user31924@oksbi,16298.733846153847,36514.548191031005,13
user31930@axl,15355.137142857144,50506.25886557996,14
user31930@okicici,17019.00866666667,35870.214800885966,15
user31933@ybl,15974.998,45352.198903351054,15
user31935@okhdfcbank,2788.9433333333336,7083.450314535651,15
user31936@axl,18306.488888888885,51641.78389143873,9
user31949@ybl,3875.3315384615385,7604.784256879399,13
user31951@okicici,15461.41,32746.70984826898,13
user31954@paytm,1110.03,1432.5066768518045,9
user3196@paytm,6884.645333333333,13373.27947795842,15
user31974@axl,2722.513076923077,4195.537538457546,13
user31977@okicici,15073.610769230769,35187.195185925346,13
user31979@paytm,9094.391428571429,17846.41030145186,14
user31981@axl,5797.304615384616,11341.052449777764,13
user31984@okhdfcbank,9588.286111111112,26025.574576303417,18
user31985@axl,31590.701999999997,53258.32089720958,10
user31988@paytm,7952.115555555555,14971.221059022158,18
user3198@ybl,19111.080833333333,50045.13050655623,12
user31990@oksbi,24209.47266666667,40861.903305895976,15
user32007@oksbi,14142.275000000001,35141.929607751656,12
user32007@ybl,19726.541250000002,49011.98046932124,8
user3200@paytm,18140.231,40461.561392926014,10
user32010@axl,27244.162,57949.223706251396,5
user32017@axl,3385.954666666666,7593.155768225814,15
user32024@okhdfcbank,29102.57,48264.984298953066,16
user32027@axl,8691.833076923076,19551.51190615293,13
user3204@oksbi,6001.535,13241.83572308718,10
user32055@axl,12850.479166666666,32781.20285436244,24
user32075@oksbi,2630.744375,6150.846853949972,16
user32085@okicici,13323.306666666665,34048.399121278446,9
user32094@ybl,12697.353333333333,40900.4937138715,12
user32099@axl,12676.012,36687.414566710984,15
user32105@ybl,3754.843333333333,6548.242630989375,6
user32110@okicici,5745.949166666666,11750.244576738478,12
user32113@axl,13361.081111111112,41680.94779086271,18
user32115@okicici,22214.23571428571,53585.00191128144,21
user32126@ybl,14537.30947368421,46698.046672162905,19
user32127@ybl,8670.386363636364,15458.52101346133,11
user32131@okhdfcbank,8083.483125000001,13036.810290753752,16
user32145@ybl,21970.53052631579,64929.730052994426,19
user32153@axl,28913.027499999997,58199.98539495159,20
user32153@okicici,1399.6675000000002,2387.6234727943674,12
user32159@paytm,20943.38142857143,54230.790751141074,7
user32169@okhdfcbank,5869.257,15563.183810312687,10
user32174@okicici,6895.826923076923,12886.475423833175,13
user32174@paytm,10612.909230769232,34849.656634165105,13
user32186@paytm,22006.37285714286,47840.30351311031,14
user3219@oksbi,1151.1322222222223,1537.372756716615,9
user32213@axl,10512.287777777778,14057.806446884428,18
user32218@okhdfcbank,6568.86125,13501.248803493738,8
user32225@ybl,10570.649411764705,28295.548844133693,17
user3224@ybl,3743.019230769231,6416.0737280448775,13
user32250@okicici,9677.906923076924,16529.43345396951,13
user32259@ybl,4538.382222222222,10217.954318838456,9
user32279@axl,3007.945,6772.79018659264,10
user32283@okhdfcbank,16315.34705882353,38758.42106921955,17
user32285@paytm,7514.890909090909,11992.475059112237,11
user32312@ybl,3267.463846153846,8426.903666437966,13
user32315@okhdfcbank,13108.225294117648,17456.159711912627,17
user32323@ybl,6711.419333333333,15850.80761711775,15
user32324@ybl,4408.925555555556,10908.438354376292,9
user32331@axl,15874.422608695651,43247.39417607884,23
user32337@paytm,10447.276666666667,16954.350114905257,12
user32346@oksbi,7488.260769230769,16373.333881248021,13
user32348@paytm,27681.216363636366,61622.42569607777,11
user32349@okicici,20343.117,44625.58123462771,10
user32357@paytm,9718.150625,17812.473135895332,16
user32362@paytm,26009.764285714286,33781.69280462958,7
user32367@oksbi,9291.96875,13506.22301706384,16
user32368@okicici,4014.7175,9574.811145363867,12
user32376@paytm,13781.925833333333,29005.55999251318,12
user32379@oksbi,9851.9625,16777.376329098184,12
user32385@okhdfcbank,20110.449500000002,49399.373753096945,20
user32390@oksbi,691.6389999999999,1499.1588636628505,10
user32401@axl,20176.842666666667,47418.407553285746,15
user32403@okicici,18962.115555555556,48216.573761453124,18
user32406@paytm,14599.96117647059,45238.60434062564,17
user32416@oksbi,9147.198,17250.25322089803,15
user32417@paytm,9148.521666666666,16131.796283731599,6
user32419@okhdfcbank,6001.993888888889,12115.957310389873,18
user32422@paytm,25275.893999999997,48530.289479114974,15
user32433@oksbi,12991.732307692308,34637.97951942832,13
user3243@paytm,5604.096666666667,5662.117977628748,6
user32440@ybl,28992.808333333334,74591.49471837234,18
user3244@oksbi,20897.294285714284,43780.78998838425,21
user32455@axl,13934.953571428572,48289.68208809455,14
user32457@oksbi,14708.48777777778,38017.94134264662,9
user32480@axl,10371.607777777777,11984.337658394787,9
user32480@oksbi,1399.9409090909091,1315.984278131426,11
user32481@paytm,8282.463333333333,20218.74807710648,12
user32498@okicici,4743.727,9131.168432340895,10
user32508@axl,10487.274545454544,16097.868161799788,11
user32510@ybl,3886.4188888888884,6875.1728525587705,9
user3251@okicici,4341.0131249999995,10123.727107580302,16
user32533@ybl,5193.626153846154,12479.111523926384,13
user32541@okicici,27230.163529411762,62059.38988256409,17
user32551@paytm,6105.02935483871,14414.574089204747,31
user32552@ybl,12147.7575,22005.490843469925,12
user32555@okhdfcbank,18547.274166666666,47863.90314689718,12
user32556@okhdfcbank,4468.078666666666,9352.50535348139,15
user32568@axl,7186.137857142857,19630.82379669247,14
user32575@okicici,14887.713636363636,28244.337807960474,11
user3257@ybl,22482.92076923077,52617.10151770374,13
user32585@axl,20162.035454545457,24177.049806282554,11
user32589@okhdfcbank,21380.325714285715,47234.211077315675,14
user32598@okicici,12474.392142857145,26690.69760612636,14
user32601@okhdfcbank,3513.502727272727,6475.703717164786,11
user3260@paytm,31660.585714285717,62922.542708975234,14
user32616@paytm,9554.5065,20997.513335705222,20
user3261@axl,5612.494615384615,11379.477717654425,13
user32624@paytm,9102.743636363637,26809.968108345176,11
user32625@okicici,6148.7377777777765,13555.21490992936,18
user32629@okhdfcbank,5188.113076923077,13207.039321766624,13
user32629@ybl,27385.070714285714,65186.15709499802,14
user32645@okhdfcbank,16766.109411764704,28410.62684772163,17
user32653@oksbi,11736.08142857143,39765.14993239604,14
user32655@okicici,14542.101428571428,34196.319720550964,21
user32656@paytm,16278.209999999997,47641.87238174326,10
user32658@oksbi,14435.357222222221,46522.10964773983,18
user32663@okicici,26072.716666666664,49697.222872015576,12
user32673@ybl,12252.566428571428,16963.459785766496,14
user32688@paytm,13778.597692307692,46611.13590799862,13
user32704@paytm,18074.034210526315,56498.25601383988,19
user32705@paytm,13796.546666666667,25304.71829624912,9
user32707@okicici,26773.755333333334,48236.15075506291,15
user32709@okicici,999.1544444444444,1550.343379715532,9
user32721@ybl,29512.549090909095,62031.09717101165,11
user32728@ybl,20328.816363636364,41057.27141276154,11
user32740@okhdfcbank,6330.506153846154,8675.888907031887,13
user32746@paytm,866.1,1225.0905558291674,12
user3274@okhdfcbank,6251.200999999999,12338.03772041947,20
user32750@axl,17333.035625,26164.833913533374,16
user32770@okicici,14107.791363636365,25823.61869179846,22
user32778@axl,3336.554,7725.738926277825,10
user32781@oksbi,5724.2988888888885,12947.225322803188,9
user32802@oksbi,6996.4825,12659.6995239321,16
user32815@okicici,6391.488421052632,17044.835181025515,19
user32819@okicici,11850.58705882353,34426.71811522716,17
user32821@oksbi,16431.42,43963.69157849998,18
user32822@axl,2315.36875,4449.170484783613,8
user32826@okicici,14550.21153846154,45331.356832913654,13
user3282@oksbi,19363.306875000002,45227.24862699089,16
user32831@oksbi,20520.784,52402.70230091091,10
user32845@ybl,1127.937777777778,1797.0697303720424,9
user32852@paytm,9169.305384615385,20423.926429488947,13
user32860@axl,10218.782727272728,15081.47661018051,11
user32875@paytm,38501.86909090909,71753.0493925311,11
user32876@ybl,19762.556666666667,44793.875513106985,9
user32881@ybl,10451.82,19477.758619420827,10
user32890@axl,9944.805833333332,19676.547439952446,12
user32890@okicici,896.7328571428571,1193.2579538908633,7
user32897@oksbi,2802.814375,5591.897998250646,16
user32899@ybl,7638.958888888889,12120.97999415398,18
user32910@okicici,6440.637333333333,13917.34629041628,15
user32910@paytm,1331.5514285714287,1782.481305179464,7
user32912@okhdfcbank,22820.23764705882,47186.56638966467,17
user32921@okicici,4592.656000000001,8812.066362765447,10
user32921@paytm,10548.648125,19471.238783647783,16
user32921@ybl,12228.415333333334,38404.582994447774,15
user32923@axl,5355.5638461538465,11226.518382735985,13
user32923@oksbi,6140.441000000001,12131.177108688405,10
user32932@axl,33697.37,63099.602290524774,11
user32954@okicici,6946.259333333333,15218.628739442736,15
user32958@oksbi,7454.201818181818,12183.803754156432,11
user32966@oksbi,9374.468571428572,17382.869361351073,14
user32969@oksbi,13230.862500000003,39228.526743797775,12
user32971@oksbi,13694.763571428572,31217.39895841484,14
user32973@okicici,1410.601,1711.7330897949273,10
user32976@paytm,58948.679000000004,93682.73322910868,10
user32980@okicici,5888.278333333333,12274.701010398903,12
user32987@okhdfcbank,5727.39,12753.459880363083,14
user32996@okicici,4648.214375,9819.675351196336,16
user33006@okicici,26426.400625000002,47022.78924444735,16
user33009@okhdfcbank,1787.707142857143,2871.6310735040956,14
user33016@oksbi,4342.970625,7290.370867429145,16
user33049@paytm,34854.61,70251.35428047221,11
user33069@okicici,29018.27588235294,48551.07196368248,17
user33083@oksbi,8919.804666666667,21007.990539192757,15
user33088@oksbi,7812.91923076923,16836.08642180018,13
user33093@okicici,1790.828,2241.709264382377,10
user33093@paytm,4343.626428571429,11908.690963627949,14
user33097@okhdfcbank,3707.958,7738.771777987339,10
user33101@paytm,5378.217857142858,11588.618893375304,14
user33115@okhdfcbank,7349.607647058823,14270.840164862637,17
user33117@okhdfcbank,9800.257333333333,30319.86176015001,15
user33125@okhdfcbank,8442.924615384616,22498.775022456823,13
user33130@axl,17838.008181818182,47687.488918840936,22
user33152@ybl,10641.677692307692,26271.055500137456,13
user33154@ybl,12564.994999999999,12387.237889812466,10
user33161@paytm,8811.952000000001,11025.737102921006,10
user33167@okhdfcbank,4759.437857142858,8885.140765720276,14
user33172@oksbi,26800.135714285712,36549.971243300984,7
user33174@ybl,4512.673,7604.088457772131,10
user33175@axl,3677.6575000000003,5070.594558040835,16
user33177@ybl,25766.41176470588,51151.52605574591,17
user33196@ybl,2757.6228571428574,3372.411456844663,7
user33201@okhdfcbank,6961.400666666667,12026.98384181674,15
user33210@paytm,37443.04,57187.46756818015,8
user33214@ybl,19304.47333333333,41622.645063659395,12
user33217@oksbi,6771.71,15365.291847299875,15
user33222@okicici,15807.247142857143,39695.47535852871,14
user33230@okicici,16437.12714285714,21069.5246929772,14
user33245@okhdfcbank,10303.117999999999,21141.3553046147,15
user33250@okicici,16285.070000000002,21062.30543699526,11
user33252@okicici,11663.273333333333,21812.47999381894,12
user33254@okhdfcbank,3120.945714285714,4969.368886435432,14
user33265@okhdfcbank,10060.824666666666,19669.74733608582,15
user33274@axl,10467.516666666666,31451.02218968071,18
user33275@paytm,26068.644666666667,58460.75282963408,15
user33298@okicici,17399.248125,34640.99300752953,16
user33299@okhdfcbank,7617.536999999999,14649.029201984722,10
user33305@ybl,16667.773500000003,43256.50042933983,20
user33307@oksbi,12572.151052631578,17093.24671052216,19
user33312@oksbi,5805.592857142858,12540.305756101576,14
user33314@ybl,12015.404999999999,24969.9848972382,14
user33317@paytm,15298.007333333333,41390.09762637443,15
user33327@okhdfcbank,28443.97692307692,59035.90079616475,13
user33328@oksbi,15891.686249999999,21042.541357763756,8
user33330@oksbi,6383.888999999999,12332.402928606365,10
user33332@paytm,5457.7235,10283.823289355842,20
user33334@oksbi,1656.9171428571428,1517.3399130838689,14
user33355@axl,7287.475384615385,14825.37330492536,13
user33356@axl,6364.523809523809,12176.952616950795,21
user33363@oksbi,21605.213333333333,43728.246910925234,12
user3336@oksbi,14028.479444444445,43477.63747048272,18
user3336@ybl,18877.670000000002,48445.52038953161,14
user33371@okicici,13616.558666666668,34194.07195874535,15
user33376@ybl,10590.859333333334,32647.824214932974,15
user33402@okhdfcbank,12231.586315789475,18928.948338424583,19
user3340@axl,3558.4594444444447,8437.206273717882,18
user33413@paytm,11428.343125000001,25005.958194371386,16
user33427@ybl,8767.342222222222,20487.369467867575,18
user33430@oksbi,5519.976,10194.944831996605,15
user33430@ybl,26459.487777777777,56559.311753738606,9
user33441@okicici,15841.160833333333,23431.002938159618,12
user33442@paytm,2968.6086666666665,5607.220436406548,15
user33443@okicici,7538.4175,17133.794669642655,12
user33449@okhdfcbank,3590.61125,8046.388757775234,16
user33450@okhdfcbank,10032.719375,16380.525370771831,16
user33463@axl,6654.611176470588,11053.525616234894,17
user33467@axl,10131.913846153846,17791.2573669469,13
user33470@axl,30732.42,59157.71901932747,9
user33471@paytm,5840.3825,12601.940618387593,20
user33479@okhdfcbank,20487.362727272728,52768.637427711976,22
user3347@paytm,19117.245625,45267.64185250593,16
user3352@axl,24190.944545454546,34238.99132904571,11
user33535@ybl,4880.473888888889,10650.272706739022,36
user33543@okicici,13743.836249999998,17795.27841976464,8
user33544@okicici,1278.7275,1845.8688750577985,8
user33551@okicici,1847.526470588235,3692.328563406738,17
user33556@okicici,17308.335263157893,49210.72399085515,19
user33567@ybl,9469.746470588236,22921.460488458993,17
user3356@axl,6416.188749999999,10553.705899489845,8
user33574@ybl,2178.102,5829.500635590129,15
user33577@okhdfcbank,22166.71181818182,57863.93857331763,11
user33583@paytm,2811.9936363636366,4669.922341089351,11
user33591@oksbi,12082.166,41206.18441560333,15
user33596@okhdfcbank,15038.097058823529,36241.97279648053,17
user33599@paytm,10069.656666666668,16557.912327923324,15
user33602@oksbi,16113.28125,41047.803955912,16
user33606@okicici,17138.51842105263,49217.15556062972,19
user33624@axl,27247.041153846152,59948.3580636375,26
user33624@ybl,1544.0157894736842,3123.9326551467784,19
user33634@okicici,6931.697272727272,13364.836302889078,11
user33635@axl,23540.4,32853.241714098775,2
user33642@okhdfcbank,5500.792307692308,12684.164729061558,13
user33658@oksbi,2741.9874999999997,7114.628065417153,8
user3365@paytm,33077.76176470588,88255.2058839131,17
user3366@okhdfcbank,10027.452105263157,25105.05181618025,19
user33675@okicici,26129.859999999997,57345.61400942534,21
user3368@axl,16882.812666666665,25668.603814348895,15
user33694@okicici,5802.901666666666,15444.447125343866,12
user3369@okicici,10397.225,14838.74866501459,10
user33705@ybl,12401.261052631578,25915.659269714153,19
user33711@okhdfcbank,14329.923888888889,44080.4047655473,18
user33733@ybl,4491.183333333333,7747.792738319089,9
user33745@okhdfcbank,4427.964666666667,11705.46791079577,15
user33747@oksbi,38409.26090909091,58789.902591332364,11
user33762@axl,1014.2688235294117,1326.2398133392126,17
user33766@axl,26663.664666666667,65885.35370081251,15
user33769@okhdfcbank,13600.085789473684,18655.44000280714,19
user33779@okicici,15266.585454545455,26768.208168907146,11
user33784@ybl,5282.8123076923075,11571.898275466128,13
user33792@okicici,21142.170000000002,47668.50687101648,12
user33793@okicici,14138.10375,22125.84768082404,8
user33813@okicici,2781.0816666666665,5108.240967361791,12
user33813@oksbi,8615.252727272727,16868.98630460354,11
user33821@paytm,13092.490454545456,29167.72589150655,22
user33826@paytm,18329.044166666667,36331.41577345637,12
user33828@okhdfcbank,24043.359166666665,40940.95440466195,12
user3382@paytm,18669.007999999998,57470.37547638876,10
user33833@ybl,18354.345555555556,48311.96553626127,18
user33844@okhdfcbank,12470.396153846155,27322.759991920815,13
user3384@paytm,10047.59105263158,15980.297783247865,19
user33854@paytm,4545.221428571429,7299.4884414424305,14
user33872@paytm,7266.434285714286,13852.03248165873,7
user33873@okhdfcbank,14045.449166666665,16679.114238143058,12
user33875@oksbi,851.8566666666667,1199.097512381708,9
user33888@ybl,2249.93,2665.169137981678,5
user33899@okicici,3214.7476470588235,5186.918680475829,17
user3389@ybl,15681.529999999999,49539.69270112189,18
user33913@paytm,1040.9757142857143,1542.6828285258673,7
user33919@oksbi,3585.646,9738.057205439462,15
user33920@paytm,5815.8982352941175,12578.061269429221,17
user33921@ybl,8311.240666666667,14136.88649957543,15
user33924@okhdfcbank,3388.824285714286,6637.791622660141,14
user33926@okicici,19351.597333333335,49907.473504748115,15
user33930@ybl,4993.66090909091,11462.867699640834,11
user33933@ybl,27773.02882352941,48142.644493229425,17
user33934@okhdfcbank,25163.275,39889.407154720844,10
user33940@axl,4976.581428571428,8889.595087965643,21
user33954@ybl,3586.014705882353,7587.687030124132,17
user33955@paytm,5304.689285714287,11794.039760332966,14
user33959@axl,15481.731249999999,41794.756054695645,16
user3395@axl,25625.584000000003,52748.1333773145,10
user33963@okicici,18941.074999999997,38633.13181723769,12
user33966@okhdfcbank,26012.171666666665,55840.70853908479,6
user3396@oksbi,17973.36888888889,28308.259254646182,9
user33972@axl,19123.314,32218.931038729777,20
user33972@oksbi,8691.015555555556,14584.459661259601,18
user33975@ybl,5231.769375,8845.22161454079,16
user33980@oksbi,10415.983333333332,28521.739231196087,9
user33981@axl,16038.785714285714,20326.18990507783,14
user33983@oksbi,6321.597857142857,12530.699007249956,14
user33991@axl,9720.948888888888,15806.262034234067,18
user33994@oksbi,11140.581176470589,37992.11730699374,17
user34001@oksbi,22318.895625,42075.60858409188,16
user34002@okhdfcbank,13930.105882352942,36619.51734677153,17
user34005@paytm,466.40909090909093,511.2125251293153,11
user34012@axl,5613.8207142857145,12544.2309313874,14
user3402@okicici,40099.6125,50278.37358568386,8
user34037@okicici,4849.13,11516.693551394796,14
user34038@oksbi,1446.571875,1750.8861913679361,16
user34039@axl,22237.199,46156.65578359552,10
user34040@ybl,13745.535000000002,32442.111697251174,22
user34062@oksbi,2942.912857142857,5843.950289289812,7
user34065@axl,15916.673636363634,37739.67305044422,11
user34071@paytm,19767.699090909093,41013.7549595268,11
user34073@okicici,19895.310625,49811.38434222568,16
user34085@axl,11035.334705882353,28188.8306444246,17
user34092@okicici,23775.76833333333,56389.06638199366,12
user34123@okhdfcbank,849.4166666666666,1368.5065392233132,12
user34130@oksbi,13393.22,41507.472655428726,12
user34132@okicici,6922.286923076923,14381.217625905547,13
user34139@oksbi,3094.855384615384,6061.089852861468,13
user3413@ybl,14415.856470588235,31739.35278184027,17
user34142@okhdfcbank,11968.525,38878.58030987142,22
user34154@axl,602.139,1020.5146732730283,10
user34159@oksbi,12472.31,27776.799708688843,13
user34160@ybl,8855.435500000001,15071.93385888922,20
user34161@okhdfcbank,3969.1293333333333,11361.451726590645,15
user34172@axl,9138.33,22636.569015878085,18
user34174@okicici,10295.112105263159,27962.206233397646,19
user3419@axl,1950.926923076923,2198.112168507272,13
user34204@axl,18177.946923076925,27638.87965299678,13
user34205@okicici,1305.7130769230769,1874.1697097443118,13
user34243@paytm,20297.255454545455,32035.542924582493,11
user34257@okhdfcbank,7318.808,10836.346432632043,15
user34268@ybl,24136.62125,60610.3898602856,16
user3426@axl,934.9290476190475,1466.9992310594605,21
user34270@axl,2628.0318749999997,3852.871926023008,16
user34272@okicici,23942.342352941178,56811.39982782698,17
user34276@oksbi,15565.614285714288,42812.71233083855,21
user34276@paytm,18392.11625,43162.34882404468,24
user34289@okhdfcbank,14575.07090909091,30727.432770344305,11
user34298@okhdfcbank,65352.735555555555,163659.89912046376,9
user3429@okhdfcbank,23888.547692307693,55309.0575288215,13
user34302@okhdfcbank,2104.233333333333,5385.688986835744,15
user34307@axl,10994.871000000001,18534.45110444658,10
user34313@oksbi,5720.929999999999,12074.781139885104,9
user3431@ybl,27663.700000000004,48363.74481910546,13
user34320@ybl,7488.379285714285,21054.460969421278,14
user34324@oksbi,25188.128666666667,43335.060803102926,15
user34332@okicici,16887.813684210523,35712.44634216203,19
user34332@paytm,27122.1775,44154.83581257748,12
user34340@okicici,12862.809411764707,46204.932009138174,17
user34349@oksbi,13064.074999999999,28336.14375078988,8
user34351@okhdfcbank,9047.154666666667,12043.962101591382,15
user34359@ybl,11385.710000000001,30818.241990455586,11
user34361@axl,16631.75111111111,25267.176674483955,9
user34362@ybl,6298.334374999999,17160.93542520258,16
user34365@axl,1163.9954545454545,1493.459683482374,11
user34365@oksbi,21113.560666666664,39262.463897405425,15
user34367@okhdfcbank,21135.075333333334,46500.97912924259,15
user34370@paytm,19894.373750000002,51222.46965702898,8
user34371@ybl,4240.256363636364,11195.428960938723,11
user34377@oksbi,51163.13,74379.24099786177,11
user34380@oksbi,7438.515384615384,10893.089269320875,13
user34387@paytm,7995.220666666666,25760.452889802247,15
user34397@ybl,21129.4325,35748.09241149547,16
user34402@axl,7479.295,14416.836702323353,14
user34414@oksbi,9482.076666666666,14010.733249501858,12
user34418@okicici,6790.063529411765,12939.079584348794,17
user34431@axl,7831.3460869565215,12866.786530180134,23
user34434@ybl,32568.333999999995,37838.44252457452,5
user34439@ybl,16448.895333333334,39974.46563882551,15
user3443@okhdfcbank,10221.918749999999,32305.083650989025,16
user34440@oksbi,38564.003000000004,63151.225260239335,10
user34455@paytm,2353.8992857142853,4725.540585355067,14
user34457@axl,5018.046,10592.581993845397,10
user34458@axl,6253.561818181817,11926.270138967855,11
user34461@axl,12893.786470588237,27386.691601636543,17
user34477@paytm,3758.4826315789473,5736.127335006551,19
user34481@paytm,4657.326,11215.469408370447,10
user34487@okhdfcbank,10145.964375,28737.83200015129,16
user34496@okhdfcbank,11139.341818181818,24370.52448444958,11
user34513@okhdfcbank,6252.905,8756.54125811042,6
user34525@oksbi,6829.657272727273,9137.545353674685,11
user34529@paytm,6619.13181818182,13872.061786202381,11
user34536@okicici,5292.796666666667,12195.36495510437,12
user34541@okhdfcbank,6187.817857142857,13110.481055079075,14
user34541@ybl,15697.230000000001,39062.08503583735,18
user34545@oksbi,1986.909375,2010.7684669580724,16
user3454@okhdfcbank,11299.710000000003,43049.66486910206,17
user34572@paytm,9736.546666666667,22698.43689349702,6
user34576@okicici,4909.516923076923,10148.827515372883,13
user34583@paytm,1643.9035714285715,2197.8868397853535,14
user34586@axl,9437.706153846155,14341.017033010909,13
user34591@oksbi,5620.36,8457.153182146207,8
user34593@oksbi,14033.875999999998,40685.25794313495,15
user3459@oksbi,28474.860714285718,58403.08753722931,14
user3460@axl,17876.422631578946,47840.20592257391,19
user34613@ybl,6493.008181818182,12830.02426550614,11
user34615@okicici,9378.087857142858,13945.129602055546,14
user34617@paytm,3513.9564285714287,7947.213351280973,14
user3461@okicici,43928.74181818182,70179.50427870103,11
user34623@okicici,23221.15,53999.188722694504,10
user3462@axl,28002.353076923075,62422.17287130823,13
user34635@paytm,18482.713125,26754.423080799115,16
user34642@oksbi,2679.1007142857147,4404.696513646567,14
user34649@paytm,8123.848666666667,19039.19296412342,15
user34654@okicici,15136.134444444448,29938.999372998056,9
user34660@axl,13276.54222222222,37000.627929580674,18
user34662@oksbi,5409.901333333333,9899.6023007203,15
user34665@okhdfcbank,5378.636923076923,11337.494081041,13
user34672@okhdfcbank,2556.312857142857,4842.242129914022,14
user34686@paytm,9592.371000000001,18140.431415944546,10
user34687@ybl,820.2257142857143,856.3018168429699,7
user34688@paytm,7484.993333333334,12597.413907529175,15
user34690@oksbi,19650.736666666668,50837.696598081275,18
user34691@axl,11069.724347826088,29349.880549303896,23
user34697@ybl,32925.32214285714,55104.08267357611,14
user3469@ybl,10573.235714285713,31800.455903697286,14
user34717@okicici,8434.434166666666,16281.19836800242,12
user34717@oksbi,771.243125,1079.1274532863345,16
user34719@okicici,16570.284375,48497.10251345606,16
user34719@oksbi,17703.935833333333,49887.267935908065,12
user34722@ybl,11751.564000000002,26389.02797020265,10
user34724@okicici,19979.122857142855,33640.653367468134,14
user34725@okicici,18429.682500000003,36372.92802199818,16
user34734@okhdfcbank,12165.357272727271,36203.70621786673,11
user3473@axl,3791.5358333333334,9207.235994456116,12
user34741@oksbi,18000.742727272725,41927.5094821956,11
user34742@okhdfcbank,5681.006923076923,7688.591436982441,13
user34746@oksbi,11218.612727272726,34364.80178390444,11
user34755@axl,5135.386,7555.720090030688,10
user34756@oksbi,26552.78875,31922.315309646503,16
user34757@okhdfcbank,8655.880000000001,15070.711837670442,13
user34758@paytm,2288.52625,4509.249402903436,16
user34760@paytm,4665.620833333333,14291.955496755036,12
user34769@paytm,32517.73538461539,57612.86444397229,13
user34776@okicici,1184.57,1298.538280979514,14
user34783@okicici,2962.506666666667,7078.287203140185,15
user34785@paytm,23604.318333333333,41304.85901005349,12
user34787@okicici,6204.777857142857,13954.131715783999,14
user34798@paytm,25426.864166666666,56333.0999426561,12
user34798@ybl,17375.632727272725,48847.210112659675,11
user34800@axl,23881.94421052632,65534.28486257346,19
user34822@axl,6432.258,10783.104326082275,15
user34826@ybl,10821.655714285715,21764.263025108463,14
user34827@axl,3222.317368421053,8598.37866724034,19
user34828@axl,14132.328333333333,18778.13561707915,6
user3482@ybl,43124.872857142866,70519.81325812146,7
user34837@ybl,16307.623333333331,43766.216531554295,12
user34840@ybl,14653.576923076924,42660.86512805156,13
user34848@okicici,2700.4117647058824,4797.77480449822,17
user34866@oksbi,2738.920769230769,3286.879442773093,13
user3486@okicici,17451.385714285716,43961.01998998084,7
user34870@axl,6536.512307692308,12612.207558975122,13
user34872@oksbi,3932.283888888889,10268.722804734969,18
user34885@paytm,3972.447,5441.8255194497415,10
user34892@okicici,24253.826666666668,55100.049044435735,15
user34893@axl,7964.583333333333,11296.685622139017,12
user34896@okhdfcbank,1024.6312500000001,1562.8358832898016,8
user34910@oksbi,28164.570714285714,56122.55771856234,14
user34919@oksbi,13842.056875,39241.78576431229,16
user34927@oksbi,16241.953,35100.20570774164,10
user34933@ybl,12920.406666666666,38244.5873097219,18
user34937@ybl,15991.723636363635,50022.18533694011,11
user34957@okhdfcbank,1309.8026666666667,1299.8864561649038,15
user34971@okhdfcbank,23178.19625,58625.20295752184,8
user34979@okicici,18420.402941176468,49100.37754718653,17
user34980@okhdfcbank,24159.0,55671.68515511937,17
user34997@axl,8087.272727272727,16052.390121751398,11
user34998@paytm,28406.68642857143,49352.64043190903,14
user35008@ybl,14303.774166666668,45714.24836604039,12
user35012@ybl,1032.3107142857143,1551.3418312419053,14
user35016@paytm,10103.683888888889,38069.48202102064,18
user35017@okhdfcbank,3068.7920000000004,5578.292738322163,10
user35019@axl,27641.45714285714,77352.1424254979,14
user35020@paytm,9056.412,16122.020122613392,10
user35028@paytm,5283.85,9697.285974333232,16
user35033@okicici,4740.828750000001,9946.101486404863,16
user35051@paytm,18779.421333333335,43358.80955902319,15
user35057@paytm,25508.15857142857,47964.709904324896,21
user35064@okicici,19419.276666666665,42867.97837069667,18
user35068@ybl,25011.689230769232,48568.04371842842,13
user35069@ybl,19739.19631578947,55847.81267088406,19
user35077@okhdfcbank,12658.859999999999,28929.096594755127,12
user35084@okhdfcbank,5520.4118181818185,12367.714389023395,11
user35087@axl,7412.666363636364,12017.296211112774,11
user35112@okhdfcbank,6735.038,12264.182949462576,15
user35129@okhdfcbank,19361.84071428571,47908.107262107114,14
user35148@okhdfcbank,4654.491538461539,7518.295981537135,13
user35152@paytm,2954.3891666666664,5242.364861426322,12
user35157@okhdfcbank,894.933125,1234.5545013524447,16
user35157@okicici,41472.44888888889,57414.888095452305,9
user35159@okhdfcbank,6862.117619047619,13686.823919371107,21
user35160@oksbi,13799.669,36245.04944402613,10
user35171@axl,24360.271,40190.92691433822,10
user35178@okhdfcbank,4445.120833333333,8810.908297911647,12
user35196@ybl,14557.488235294117,42948.93173693617,17
user35206@paytm,6567.053157894737,11861.749511924196,19
user35207@axl,26640.7,60533.00062331808,15
user35217@paytm,14183.72625,31956.73644967414,16
user35228@okhdfcbank,5668.99375,12569.11776213082,8
user35229@oksbi,3542.3017647058823,9858.846803907414,17
user35235@oksbi,8184.528666666666,16767.337346582433,15
user3523@okicici,14011.733636363637,31277.606055120417,11
user35248@axl,3581.926470588235,6120.189159332558,17
user35262@oksbi,6723.400952380953,11466.769221416687,21
user35263@okhdfcbank,3563.3357142857144,7757.21457719623,21
user35268@okhdfcbank,7904.267857142858,21009.1298283302,14
user35269@axl,9314.199090909091,14009.571814319275,11
user3526@oksbi,19348.420000000002,35320.162391970785,17
user35283@okhdfcbank,1374.529230769231,1334.7442081441518,13
user35293@paytm,11800.7,15258.710782891085,13
user35296@oksbi,24189.61642857143,47545.52430321743,14
user35314@axl,8900.277692307693,15899.380405346072,13
user35314@ybl,4064.495,8826.354645660957,14
user35318@paytm,5765.926153846154,12073.02875693208,13
user35324@oksbi,4288.721666666667,9788.792445409019,6
user35332@oksbi,6511.666666666667,11175.022025295437,15
user35341@oksbi,1380.08,1373.8241110855495,9
user35346@ybl,3947.5984615384614,7927.17591729956,13
user35349@okhdfcbank,1351.3246153846153,1627.511743012501,13
user35364@okicici,6019.223333333332,15185.163560526767,9
user3537@oksbi,5531.71076923077,8534.67926413315,13
user35381@axl,12929.717272727274,19910.956152784373,11
user35386@okhdfcbank,12408.759285714286,27908.60126493966,14
user35387@okhdfcbank,14738.47,22898.31840652191,21
user35393@oksbi,7029.022307692308,13121.04545775104,13
user35397@paytm,35308.96857142857,58988.95970529244,7
user3539@paytm,522.1033333333334,777.6961501447721,9
user35409@axl,22669.02947368421,49741.678832722864,19
user35413@axl,8319.223076923077,24019.365184220067,13
user35414@okicici,21352.327999999998,37597.29983946241,10
user35416@axl,3924.751538461538,10383.157736158468,13
user35433@ybl,5267.814,9838.23640750064,10
user35457@ybl,9099.885833333334,14518.717763096185,12
user35470@ybl,7412.934736842104,13309.3963619289,19
user35474@ybl,28627.12428571429,52698.77856518588,7
user35484@axl,9042.387333333334,15394.24324596766,15
user35485@oksbi,12279.562857142857,23103.735725523726,21
user35493@okhdfcbank,7435.453846153846,11403.33805064957,13
user35493@paytm,5804.66923076923,12064.874041538562,13
user35503@oksbi,15200.909999999998,43438.57726813944,11
user35510@oksbi,13820.151428571431,41052.66529713263,14
user35512@ybl,4096.38,7760.097981474203,11
user35518@paytm,15139.90375,21329.272436288076,8
user3551@ybl,5340.379999999999,13061.97518889202,14
user35521@ybl,1869.2816666666668,2423.089568533666,6
user35523@axl,2139.980666666667,5611.046763355641,15
user35524@okhdfcbank,4134.6107142857145,11189.578044115915,14
user35529@oksbi,9997.703333333333,23540.75055134475,15
user3552@okhdfcbank,42459.46272727272,80768.54139654226,11
user35531@axl,12903.364166666666,33481.41461874781,12
user35540@ybl,1850.7077777777777,2170.196080977221,18
user35542@okhdfcbank,4259.026000000001,8434.85121642666,15
user35550@okicici,17802.427000000003,53543.22547314523,10
user35560@ybl,3851.4253333333336,12298.636815857084,15
user35565@paytm,28816.052000000003,53961.86002605748,5
user35568@okhdfcbank,14595.542000000001,37309.813907737414,20
user35578@axl,15120.109090909089,35116.217063414006,11
user35578@oksbi,28964.93625,57222.66237734287,16
user35579@axl,20396.804666666667,35444.16592841557,15
user3557@axl,23364.200555555555,46189.59773447117,18
user35584@paytm,11626.061666666666,16710.69002761125,12
user35594@oksbi,6679.76,11686.049930726413,14
user35600@axl,7044.37375,17356.030963172376,8
user35607@okicici,16609.10210526316,36121.299704058365,19
user35610@okhdfcbank,167.38625000000002,146.2546181871582,8
user35620@okicici,31360.618333333332,49598.837266352384,12
user35622@oksbi,9590.085000000001,16059.330006795255,12
user35624@ybl,17681.363333333335,42896.63050688148,12
user35629@okhdfcbank,8252.17,27863.32363722394,18
user35635@paytm,11621.318666666666,18594.358610339266,15
user35636@okhdfcbank,4247.570000000001,9581.42144719826,14
user35642@ybl,870.9525,1201.8468166682949,8
user35650@paytm,2903.3570588235293,5077.349617163422,17
user35651@ybl,6776.81625,14163.527341172505,8
user35660@okhdfcbank,13515.260000000002,33333.72224866434,11
user35674@okicici,26814.47875,63025.7909187461,8
user35674@oksbi,5948.875555555555,10933.440100703583,18
user35675@okicici,27147.14625,45460.81793417427,8
user35678@oksbi,8980.242142857142,13708.228017462963,14
user3567@okhdfcbank,8850.865,16600.837710023443,12
user35681@paytm,16905.90875,31835.201627158593,8
user3568@okhdfcbank,12188.741764705881,28698.682841393882,17
user35693@okhdfcbank,15536.234545454547,35566.07596441231,11
user35695@axl,4752.148125,9070.405326288506,16
user35698@okhdfcbank,11578.026000000002,13795.518744923658,15
user35700@axl,14182.475454545456,36699.1097845333,11
user35701@axl,20413.722,43779.85543132108,10
user35707@paytm,8410.482857142857,11109.348983072721,14
user35722@axl,1933.2614285714285,4245.577359501801,7
user35731@okhdfcbank,41324.53692307692,71856.23342204747,13
user3573@paytm,6340.1875,10963.75884202388,12
user35742@oksbi,981.9154545454545,1206.6753822330484,11
user35743@okhdfcbank,2017.4353846153847,4815.139061359175,13
user35753@axl,2006.345,1769.1848432512638,6
user35754@okhdfcbank,29015.768333333337,55760.410459475126,12
user35754@okicici,14218.700000000003,38291.102924669074,15
user35758@oksbi,25420.647500000003,48544.393931009756,12
user35765@ybl,4625.317272727272,8833.825944871327,11
user35766@okicici,10122.230000000001,15817.210508213302,13
user35773@axl,19377.438823529414,50491.94771052508,17
user35775@okhdfcbank,4657.514285714286,9839.776974259368,14
user35782@okhdfcbank,3896.1245454545456,8990.59580255209,11
user35785@paytm,6553.879999999999,14143.330694547783,17
user35801@okicici,3721.6809090909087,5874.5268308,11
user35808@ybl,17178.641739130435,45679.669054452104,23
user3580@axl,4185.584,6381.359061462647,15
user35812@axl,3741.285,9552.583927983209,20
user35812@paytm,2848.1422222222222,5025.0687642379025,9
user35815@axl,15859.089333333332,29251.6811401368,15
user35816@paytm,14366.952307692309,45243.171406282614,13
user3581@axl,7476.088333333333,13209.928459946663,18
user3581@paytm,4275.346666666666,9604.46717876114,9
user35831@okhdfcbank,20495.89941176471,50870.210551120246,17
user35831@oksbi,11641.93142857143,30100.001518678942,14
user35832@oksbi,28457.825999999997,49976.75812449535,15
user35840@oksbi,9441.723333333333,18157.992943740326,21
user35840@paytm,3461.05,9177.450129486433,20
user35865@axl,304.1028571428572,208.79086112777108,7
user35866@okhdfcbank,17047.792,41030.87601754015,10
user35872@paytm,11230.164166666667,26739.090381034574,12
user35875@paytm,11847.987500000001,38051.82446406243,12
user35911@okhdfcbank,7030.134285714286,13507.026684437942,14
user35911@paytm,3489.5086666666666,9340.97324941332,15
user3591@okicici,8835.149333333333,25925.4696546613,15
user3591@oksbi,9876.202307692309,15596.319412608833,13
user35924@oksbi,11055.31105263158,14879.411880889458,19
user35928@oksbi,20534.905238095238,52162.479147484606,21
user35929@oksbi,5214.707,7790.743921858739,10
user35948@oksbi,7792.0435,14887.456247753385,20
user35959@okhdfcbank,12820.520625000001,31720.670266937817,16
user35964@ybl,10347.48153846154,16527.095750923112,13
user3597@okhdfcbank,5034.719375000001,9747.922806781944,16
user3597@ybl,7662.255384615385,15180.507018973716,13
user35980@axl,13711.710714285715,43226.456110335144,14
user35980@ybl,6293.153076923078,11431.80093366846,13
user35986@paytm,8991.387142857142,29140.110853656533,14
user35998@axl,5324.108333333334,11256.822426141636,18
user36010@paytm,19690.225,45059.12439563094,18
user36030@paytm,8185.074615384616,16311.029307463306,13
user36031@axl,2362.1875,5102.030007907916,8
user36036@okicici,2302.9559999999997,4298.21330672331,10
user36046@oksbi,15035.119999999999,37621.08887311228,17
user36050@axl,18756.46153846154,46037.379333904115,13
user36053@okhdfcbank,24659.94,49659.09213569824,13
user36057@axl,11331.255000000001,21795.70186156971,4
user36057@okicici,5280.3533333333335,9016.298566319001,12
user36060@ybl,3795.450625,8243.247455510455,16
user36063@paytm,15572.32294117647,23109.578791990607,17
user36079@oksbi,10386.525789473684,21059.132814442954,19
user36081@ybl,13164.335000000001,28183.46658735983,10
user36098@axl,21222.186666666665,41345.94095225442,15
user36109@ybl,10171.528571428571,23761.436252929514,21
user3610@paytm,7559.952499999999,13765.868613784774,24
user36111@oksbi,10717.588,15923.29246331075,10
user36133@axl,15446.461333333335,31730.49933986562,15
user36135@ybl,5323.0975,10366.93926541863,8
user36144@okicici,6159.250833333333,9566.804071985262,12
user36157@okicici,15255.234545454545,43210.21584929318,11
user36167@axl,1947.0116666666665,2037.8686721515367,6
user36169@oksbi,3294.9900000000002,5282.258937590053,9
user36179@okicici,12127.903076923076,23470.592034644967,13
user36183@okhdfcbank,21365.604545454546,57110.704408881065,11
user36186@okhdfcbank,15016.786818181821,38010.892059405865,22
user36187@okicici,17028.280555555553,34671.348604747625,18
user36195@okhdfcbank,13146.326666666668,20245.5155736172,18
user36198@okhdfcbank,18054.77357142857,35281.21703171002,14
user36201@ybl,13256.556923076922,32813.25550097942,13
user36205@ybl,8128.067500000001,13849.559749954267,16
user36208@ybl,3604.0275,7903.379806236907,16
user3620@oksbi,3599.6117647058823,10556.587328281234,17
user36222@ybl,12188.735714285716,32720.26938073019,14
user36233@okicici,28856.030000000002,57135.53442458526,7
user36247@ybl,11094.2825,22291.627192994085,16
user36256@oksbi,7298.267692307692,10909.574105397174,13
user36262@paytm,8231.413636363637,16530.76836681966,11
user36268@oksbi,8671.582142857143,16438.415809331498,14
user36270@okicici,9787.72076923077,15885.637836055175,13
user36281@axl,4613.660833333332,10075.169728552248,12
user36282@oksbi,23939.33285714286,52342.918752068734,14
user36285@ybl,6692.395555555555,13376.018868002271,9
user36292@axl,4284.427777777778,10134.672765723648,18
user36294@okicici,16180.329999999998,39928.37468426905,10
user36298@okhdfcbank,12232.020769230769,19526.450272207465,13
user36303@axl,8477.702222222222,14162.251840720615,9
user36315@okicici,8236.830526315789,30778.426188298494,19
user3631@okhdfcbank,18529.84,39907.413257948814,23
user36321@ybl,20209.27888888889,44964.70256472082,9
user36326@ybl,4854.891666666667,9518.265992147399,12
user36333@oksbi,24056.106923076924,53989.674406762635,13
user36340@paytm,5476.5314285714285,11386.47306901692,7
user36343@oksbi,33576.05105263158,53319.682945664514,19
user36349@okhdfcbank,15902.503333333334,27407.838981721758,6
user36361@ybl,6460.753846153846,13873.677471249608,13
user36362@okhdfcbank,1412.8655,1896.173910626829,20
user36367@axl,6619.7245454545455,19843.48241549671,11
user36367@paytm,22148.046363636364,41654.70345010903,11
user36371@paytm,1435.633846153846,1770.0649693704204,13
user3637@ybl,2660.805,5640.176210608865,12
user36393@okhdfcbank,7049.11,14342.867990148072,15
user36398@axl,24688.982173913042,48115.73303145693,23
user36399@oksbi,18940.53,43043.69699926591,16
user36400@ybl,17005.2155,37612.56938848886,20
user36418@ybl,12611.255,25716.831782782472,24
user36421@oksbi,12200.842222222222,18354.66083830874,9
user36422@axl,3195.6418750000003,5338.83674368018,16
user36428@oksbi,2836.5916666666667,4315.544005672595,6
user3642@axl,3790.5750000000003,7663.701740115247,12
user36435@okhdfcbank,14307.51846153846,27153.456650220687,13
user36436@okicici,4692.3538461538465,12255.868660342234,13
user3643@paytm,11328.48153846154,21448.258478481748,13
user36440@okhdfcbank,9900.883333333333,31039.491246103167,12
user36447@axl,2393.769285714286,4268.305429595548,14
user36450@ybl,7538.79375,17308.147017871535,8
user36454@oksbi,14422.194666666666,29215.848015435262,15
user36464@oksbi,7513.743333333334,12928.243265397661,9
user36488@okicici,13048.538499999999,24576.751185732905,20
user36490@okhdfcbank,5852.484117647058,10367.530501145786,17
user36497@paytm,9156.443571428572,22464.58889514737,14
user36503@okhdfcbank,13457.763157894737,17115.88141288508,19
user36507@oksbi,20826.094545454544,54814.34487755415,11
user36517@okhdfcbank,32174.264375000002,62383.088833406015,16
user36518@axl,10906.025882352942,23760.992211009165,17
user36524@paytm,15697.239333333333,37662.53124490126,15
user36525@axl,8537.176470588236,20832.585156041285,17
user36525@okhdfcbank,31071.21166666667,56608.61047554978,12
user36529@paytm,15591.887333333334,40495.066580295126,15
user36531@ybl,20317.782222222224,40887.99493631633,18
user36547@oksbi,7132.6594117647055,14441.174128965185,17
user3654@axl,18849.53818181818,45591.26665138178,11
user36554@axl,14384.140526315789,29527.003008224987,19
user36561@paytm,19801.106923076924,30803.760507880197,13
user36577@oksbi,24261.178571428572,68175.35499745466,14
user36585@okhdfcbank,10290.953333333333,14568.336335615848,9
user36595@paytm,33519.60785714285,67494.36475275162,14
user36596@paytm,19086.094285714287,40405.34718664592,14
user3659@okicici,9041.121111111112,14903.614330413431,18
user36613@oksbi,10955.873846153845,33396.58815850344,13
user36618@paytm,23240.372142857144,49141.02985679015,14
user36631@ybl,3357.5814285714287,7090.126217340081,14
user36634@oksbi,3821.7727272727275,7747.636856580322,11
user36643@okicici,11893.324999999999,15238.63617735196,12
user36645@okhdfcbank,29603.309999999998,55767.29106681938,18
user36670@okicici,13006.72875,40790.6646970972,24
user36690@okicici,21199.759545454544,42998.16984654186,22
user36693@paytm,14170.628571428571,27508.18789190953,14
user36694@oksbi,328.14666666666665,195.98344681375517,9
user36699@okhdfcbank,7151.184375,13977.319853944804,16
user36709@paytm,12378.522352941176,35033.28611260752,17
user3670@axl,8116.112727272726,11136.53046956824,11
user36710@okicici,16782.354166666668,35612.86364631324,12
user36725@ybl,3863.735,6655.009545416896,6
user36733@oksbi,15965.350714285714,25609.893133302834,14
user36735@ybl,7885.617333333333,11250.034765730707,15
user36737@okhdfcbank,7366.351875,12341.536824804392,16
user36739@axl,13076.087906976745,32597.20050171761,43
user36740@paytm,7565.574545454546,15945.786779090182,11
user36757@okicici,14353.278,29106.42893533599,20
user36771@ybl,18461.446923076925,47187.93145888706,13
user36772@paytm,23055.353333333333,39629.19984667168,12
user36773@axl,19915.801111111112,42109.45977991509,9
user36774@paytm,8165.083571428571,13152.427535924022,14
user36777@okhdfcbank,18246.752631578947,46080.46280135684,19
user36790@okhdfcbank,16784.047,50949.84680080359,10
user36790@okicici,4022.3040000000005,9105.968116379814,15
user36794@ybl,18227.912500000002,36068.46500435756,12
user36814@okhdfcbank,4958.8412499999995,7160.20097045255,8
user36820@axl,20311.35888888889,46325.54049572532,9
user36825@oksbi,4811.177500000001,10433.065732992181,8
user36842@okicici,6653.426666666666,18697.820604363267,12
user36851@axl,7348.257142857144,19927.05775602106,28
user36853@okhdfcbank,5011.630909090909,8489.130556059854,11
user36854@paytm,3469.1711111111113,5748.636941257128,9
user36863@okhdfcbank,21811.905000000002,35319.647003277605,12
user36877@axl,22920.454736842104,47247.58239243856,19
user36891@okhdfcbank,38099.804375,63963.905042313985,16
user36892@okicici,17909.21956521739,31154.955240368115,23
user36892@oksbi,4776.759230769231,11739.876379607142,13
user36897@axl,19626.433846153846,41691.22359681083,13
user36897@okicici,1443.2700000000002,1617.0275110337489,11
user36903@okhdfcbank,6527.056666666666,13941.346865406795,12
user36909@axl,1475.703125,3116.989668982385,16
user36919@oksbi,7542.94,23579.745503046775,12
user36920@okicici,3087.2958333333336,3944.1763793435975,12
user36929@okhdfcbank,5492.111999999999,11654.963688726422,15
user36929@ybl,5043.912727272727,6726.1712173451115,11
user36931@oksbi,24351.041,60288.69401515926,10
user36932@okicici,6697.658235294117,13570.234427171034,17
user3693@okhdfcbank,3759.689411764706,10731.2357787177,17
user3693@ybl,6003.031538461539,10537.577547241623,13
user36944@oksbi,29841.295714285716,59356.51779337991,14
user36946@okhdfcbank,17169.74909090909,32436.88856854167,11
user36950@oksbi,14227.045714285714,34423.89667749732,14
user36954@paytm,5852.732352941177,12168.137071858786,17
user36959@okicici,18739.337999999996,47488.56468193913,15
user3695@axl,18269.089333333333,31537.334203142353,15
user36969@oksbi,14401.655999999999,33881.913123564234,15
user36983@ybl,12867.376923076925,23378.47726188498,13
user36999@paytm,18102.493125,30677.96449673907,16
user37007@okhdfcbank,7016.694285714286,16809.88329402068,14
user37018@oksbi,16456.175714285713,27091.463748941947,21
user37021@paytm,9324.197142857143,16672.8555302648,21
user37021@ybl,11144.30611111111,37565.596118245834,18
user37027@axl,46483.8790909091,70095.04371235821,11
user37035@axl,5503.508,13748.986078678918,10
user37041@paytm,9693.341428571428,16260.658562971435,14
user37051@paytm,8553.056666666667,11805.840682983431,6
user37059@axl,222.88636363636363,170.77839537088565,11
user37060@axl,20101.397500000003,55164.17533887829,8
user37062@oksbi,8030.202666666666,13291.915886808507,15
user37069@okhdfcbank,47854.88909090909,77319.83943616766,11
user37081@axl,4141.1575,8246.573785789667,16
user3708@oksbi,7523.999000000001,14495.01961071185,10
user3708@ybl,14142.377142857144,17631.733271902787,7
user37110@okicici,6603.75,7144.009178129602,3
user37113@ybl,19878.947333333334,36379.37338998383,15
user37116@paytm,1575.97,1748.1692222651104,9
user37132@oksbi,8367.259166666667,29489.56056975564,24
user37133@oksbi,7384.852727272728,13564.938804425981,11
user37135@okicici,7415.56125,12862.520368754005,16
user37135@paytm,20593.01785714286,53393.34642365083,14
user37142@axl,2434.665,2536.613376134934,16
user37145@axl,3004.6825,10219.940862103851,16
user37157@axl,14533.497142857144,48289.048578207985,14
user37159@okicici,6565.141666666666,13016.168776171857,18
user37159@ybl,15422.064999999999,36078.87549247525,20
user37160@okicici,8061.086666666667,26994.944428765775,15
user37163@paytm,658.438,957.3107500098621,10
user37169@paytm,14752.759999999998,28872.033632945007,14
user3716@oksbi,6686.966190476191,11151.500326118667,21
user37176@ybl,22904.4875,64157.53196090804,8
user3717@paytm,6194.467894736842,20152.18747232242,19
user37182@paytm,5843.094705882353,17658.30633810407,17
user37187@paytm,17696.09642857143,36021.519199897215,14
user37188@oksbi,7390.246875000001,13160.995921629801,16
user37191@ybl,20537.515789473688,47395.846829693415,19
user3719@ybl,8800.417894736842,19620.59176307964,19
user37208@ybl,7545.404999999999,14016.432158097867,16
user37212@oksbi,15348.257777777779,43486.52605958574,18
user37212@ybl,7556.168571428571,14796.853359494975,14
user37220@ybl,18271.25866666667,51429.1034524598,15
user37224@okhdfcbank,12450.972352941177,29630.029613710212,17
user37244@axl,31194.57571428572,60592.310417562534,14
user37258@okhdfcbank,18451.18,41739.8070093255,14
user37268@paytm,15269.598571428573,19167.859595054277,7
user37282@oksbi,30046.70923076923,35668.904156984194,13
user37289@axl,730.7189999999999,1209.7970283798297,10
user37292@ybl,4251.16,9582.078102871004,11
user37303@okhdfcbank,8999.386999999999,16044.368620858188,10
user37303@oksbi,11215.139285714287,17131.95471967133,14
user37304@okicici,16225.614285714286,26925.966591852935,14
user37307@paytm,10759.152,33130.59818558846,15
user37320@okhdfcbank,15653.66375,22067.126180887528,16
user37321@paytm,15344.834999999997,34173.87471682011,10
user37331@okhdfcbank,28189.369166666667,58841.956189803495,12
user37343@okicici,19287.618333333332,36046.66828432649,12
user37355@paytm,15230.112,43296.956477526415,20
user37365@paytm,26147.794,50778.99074790615,10
user37368@ybl,3318.839230769231,5827.180094548965,13
user37370@paytm,3410.8806250000002,8014.184620525842,16
user37373@axl,4184.3975,11836.53137352127,16
user37378@oksbi,15019.163684210525,40185.457620593326,19
user37378@ybl,23977.167692307692,39521.61726425597,13
user37382@oksbi,5863.449130434783,12546.093629336987,23
user37386@oksbi,1367.3328571428572,1401.2339463334247,7
user37390@oksbi,6468.320476190476,13585.476390808117,21
user37394@axl,13222.093499999999,37452.66449719183,20
user37395@axl,2783.455,7232.165393859113,16
user37397@okicici,15805.206999999999,43716.65103658712,10
user3739@axl,15053.782307692309,40305.68150795931,13
user37404@okicici,21896.882222222222,40966.88329073246,9
user37405@paytm,640.9744444444445,837.4867896288142,9
user37408@ybl,6950.012142857143,11874.135483902157,14
user37413@ybl,12911.51947368421,37628.26271873879,19
user37427@paytm,4252.452307692308,11529.321059142463,13
user37444@okhdfcbank,6386.525833333333,14102.48977789504,24
user37445@ybl,52216.748125,66839.54739837478,16
user37451@paytm,5079.902941176471,9205.337872497379,17
user37455@oksbi,6415.9220000000005,10135.65260909868,10
user37455@ybl,4221.284666666666,9374.58219596545,15
user3745@oksbi,11759.844117647059,31359.23558644667,17
user37468@ybl,2666.0466666666666,2899.7658190285056,12
user3747@axl,2301.314,3468.7022384311313,15
user37483@okhdfcbank,19849.917692307696,53306.23246105815,13
user37486@ybl,16492.916,19119.31086552325,10
user37487@ybl,17935.873,40725.37421654439,10
user37490@ybl,9308.460000000001,25900.45347525535,10
user37491@ybl,4389.03,9264.637577211714,13
user37495@paytm,5374.591111111111,14369.935665157425,18
user37509@paytm,6555.070625,13889.526291711783,16
user37519@axl,18450.739999999998,30459.109874916165,14
user37527@axl,13955.452500000001,39320.94065196992,16
user37533@ybl,8344.769166666667,13276.756670983974,12
user37534@okhdfcbank,16046.395714285714,22389.264545170445,14
user37538@paytm,3622.586842105263,10929.969100074779,19
user37547@okhdfcbank,5792.634347826087,10800.336573316858,23
user37558@ybl,21409.93,57338.034179252354,10
user37561@paytm,7609.974444444445,27450.614397378344,18
user37572@oksbi,1265.4299999999998,1349.0332782568576,10
user37575@axl,4163.386,7515.447804343493,15
user37575@oksbi,29763.49642857143,64164.88692482571,14
user37586@axl,38570.81923076923,71670.64282638991,13
user37593@paytm,17975.15625,38541.86430422948,16
user37598@axl,3841.9615384615386,9716.20418364072,13
user37607@oksbi,13708.937692307692,25241.22287957511,13
user37609@axl,2767.14625,5381.55117986026,8
user37613@oksbi,1829.027142857143,3020.030293764806,7
user37631@oksbi,21680.624375,40438.36255714615,16
user37634@axl,17961.60052631579,42440.71880836472,19
user37636@paytm,6024.691111111111,11863.850708661632,9
user37639@ybl,33801.662,61951.76626208522,10
user3763@okhdfcbank,1440.2455555555555,1474.265964492648,18
user3763@ybl,21655.87576923077,48485.25728894912,26
user37648@okicici,14370.729411764707,39719.09855424961,17
user37649@okhdfcbank,10618.913333333332,23071.631759282507,12
user37659@oksbi,3274.485454545454,6663.62966485738,11
user3765@okicici,15156.71625,44495.90467557135,16
user37668@ybl,15499.513076923078,18984.82980001374,13
user37674@okhdfcbank,14259.564375,34601.899149770565,16
user37674@ybl,903.1783333333333,1506.8996862620506,6
user37683@paytm,7628.209,11854.31175605498,10
user37701@paytm,10980.779999999999,18031.84215512507,12
user37713@okicici,38680.665,73337.74057398454,8
user37723@okicici,17862.247368421053,46582.11505895784,19
user37727@paytm,6450.033125,12638.232569340655,16
user37731@okhdfcbank,9030.48125,15683.808765238487,16
user37735@axl,20300.525,48184.30103461234,18
user37735@okhdfcbank,18265.17777777778,31265.778015537453,18
user37737@okicici,20092.32857142857,40469.01402131756,14
user37741@okhdfcbank,6304.196666666667,12099.77343057324,12
user37744@paytm,1617.455333333333,1633.0857202235572,15
user37751@axl,4750.196875,8939.982534971545,16
user3775@paytm,16583.934705882355,35841.7515390618,17
user37776@okhdfcbank,18467.934615384616,34804.76604863493,13
user37777@paytm,6360.215833333333,10674.128735449738,12
user37784@oksbi,20588.139444444445,46967.43873298538,18
user37787@ybl,9188.628461538461,28678.3923324582,13
user37788@oksbi,18014.78066666667,49947.29853302757,15
user3779@okhdfcbank,26617.49,36142.39210361252,12
user37818@axl,10061.003636363637,20140.153695866513,11
user37820@oksbi,30001.94590909091,58577.600899270095,22
user37821@okicici,8662.968666666666,19632.973519975036,15
user37824@okicici,14090.286470588235,41865.220346696784,17
user37833@paytm,16251.214285714286,33173.95374981043,7
user37839@okhdfcbank,28149.78625,61645.9433141644,8
user37845@oksbi,15022.005454545455,42268.54217475199,11
user37860@oksbi,25004.343529411763,64618.955385260495,17
user3786@okicici,31324.41916666667,59373.78494114438,12
user37877@oksbi,9909.705789473684,28240.027461247726,19
user37901@oksbi,4161.595555555556,9210.794124794224,18
user37901@ybl,6632.181875,13960.86459335821,16
user37912@axl,7352.115,12868.952899539307,10
user37914@paytm,1664.0700000000002,2229.9945643481333,10
user37923@okicici,18850.085833333334,61753.16106623316,12
user37929@ybl,13921.534705882354,43959.990420541944,17
user37931@paytm,4895.819411764705,8789.989593183167,17
user37939@axl,26906.431999999997,36445.29493438531,15
user37943@okicici,9390.861538461539,20732.366219307853,13
user37945@ybl,24244.699,24984.953284026524,10
user37948@ybl,20196.532222222224,27481.192048873523,9
user3795@okicici,36262.254705882355,66566.5748150996,17
user37963@ybl,4830.681904761905,10108.249139048572,21
user37966@okicici,3711.9825,7204.30197831777,16
user37976@oksbi,12937.208181818183,27918.459538057192,11
user37976@paytm,9956.14076923077,16996.383033550337,13
user37978@okhdfcbank,32987.618,96327.24747556871,10
user37993@oksbi,8617.571249999999,21207.808700369736,16
user37996@okicici,4421.0215384615385,8450.719764714173,13
user3800@oksbi,36847.69055555556,67231.03536724989,18
user38011@oksbi,9264.85894736842,19755.662681799164,19
user38018@okhdfcbank,7773.709090909091,16808.001297582327,11
user38019@oksbi,13245.723750000001,17051.41387135384,8
user3801@okicici,23466.234166666665,53800.68339682676,12
user38030@ybl,3454.2069230769225,10414.756328045147,13
user38034@ybl,10756.362105263159,18028.269297983894,19
user38038@ybl,8572.912307692308,17165.79333926494,13
user38040@okhdfcbank,29073.289411764705,43897.72432846454,17
user38044@okicici,5635.664210526315,10176.976483978877,19
user38045@axl,1102.367857142857,1704.0115925038078,14
user38051@okicici,3840.362666666667,8614.437280018823,15
user38052@okhdfcbank,6955.609583333334,13343.11025073842,24
user38065@okicici,16461.213076923075,52311.48950086928,13
user38066@paytm,65167.83000000001,83819.36102214253,7
user38067@paytm,3966.6376470588234,5905.406845886582,17
user38080@oksbi,15231.206666666665,41091.609608018516,9
user38081@paytm,2889.042857142857,6633.612133543753,14
user38085@axl,17884.278095238093,46618.956018890385,21
user38089@axl,1423.495,1610.0772878258754,12
user38099@ybl,4565.649230769231,11618.763523499723,13
user3809@paytm,22295.334705882353,51533.4700570764,17
user3810@ybl,11110.467857142856,28146.195013445336,14
user3811@okicici,14439.396250000002,18460.37036168787,8
user38122@okicici,3597.061875,7871.9391604934035,16
user38125@okicici,5299.835714285714,6658.006414270109,7
user38131@okhdfcbank,19781.89923076923,52214.85993898089,13
user38132@okicici,12438.764,29516.22702117595,15
user38134@axl,12964.27846153846,16709.309965562534,13
user38136@ybl,12099.734545454547,16714.599457765875,11
user38145@oksbi,13126.188888888888,19067.679798093846,9
user38146@oksbi,16148.965833333335,32555.861107336572,12
user38148@okicici,15327.791111111113,32643.458266181427,18
user38157@ybl,14442.656666666668,25319.229315710818,9
user38158@oksbi,20042.614,46271.61871062028,20
user38170@oksbi,5509.729999999999,10805.316092938127,14
user38177@okhdfcbank,51140.224,133505.10053353236,15
user38180@oksbi,5157.199,11690.780616096554,10
user38190@paytm,10917.4325,30798.077407290755,16
user38194@oksbi,4495.1025,5341.8822033510405,8
user38196@oksbi,7985.074285714285,15076.562357936044,14
user38198@oksbi,3453.431111111111,6121.724043905941,9
user38201@axl,15915.933749999998,41902.19476139779,8
user38207@paytm,9347.443333333335,18616.79200510722,12
user38208@okicici,1099.0807142857143,1193.4890605825508,14
user38211@oksbi,1669.6550000000002,1938.6089004452947,8
user38219@axl,16838.87125,15209.03257704864,8
user38226@ybl,9115.793571428572,23145.366856881417,14
user38228@paytm,9175.99888888889,13867.005381597754,9
user38251@oksbi,7085.490833333333,14451.118427891792,12
user38260@okhdfcbank,4623.232,7219.932106567603,15
user38260@paytm,9639.205454545454,17500.984292110752,11
user38265@okicici,5315.027692307693,10282.84020763407,13
user38265@oksbi,16847.585333333333,41130.68696080907,15
user38271@ybl,26055.23230769231,56033.43476254946,13
user38276@okhdfcbank,21054.653333333332,26414.262428289254,12
user38289@oksbi,6592.805,17238.474143315918,8
user38297@ybl,8768.019411764706,13810.892544829185,17
user38310@okicici,13814.515384615386,35115.246812149286,13
user38311@okhdfcbank,4831.59,10484.974029734169,13
user38317@okhdfcbank,51615.055555555555,122536.70988528969,9
user38321@okhdfcbank,25616.661764705877,102544.87350680909,17
user38327@ybl,6168.1845454545455,12354.090677634162,11
user38333@paytm,4651.622857142857,11324.776955077621,7
user38335@axl,3626.728333333333,8378.181192894832,6
user38338@axl,19853.82,47573.57208858956,16
user38344@okhdfcbank,5271.268461538462,10804.975784407421,13
user38346@paytm,3373.17,10022.709195523934,11
user38361@okhdfcbank,14912.99875,26381.293301102807,16
user3837@okicici,6228.022307692308,11005.695162524684,13
user3837@ybl,5343.527272727273,12142.094873989488,11
user38380@okhdfcbank,20279.392,49445.61206358015,10
user38381@paytm,6763.087333333333,21463.51965522213,15
user38383@okhdfcbank,18398.671666666665,56826.4304492414,12
user38383@paytm,1219.4463636363637,1663.8457726861147,11
user38384@okhdfcbank,18594.39823529412,47562.001255078525,17
user38387@oksbi,3296.8683333333333,3555.7504136867274,12
user38389@okhdfcbank,4506.397142857143,12683.901914581109,14
user38394@axl,6879.161578947369,12830.708366842791,19
user3839@okicici,13053.293529411763,38254.98302659045,17
user38405@okhdfcbank,7037.867272727273,11905.156749307496,11
user38405@oksbi,10976.742307692308,27628.822244241957,13
user38412@axl,17455.389375,38818.80563842264,16
user38412@paytm,19796.749166666665,54186.18769026265,12
user38418@ybl,26443.358571428573,53152.500680897974,14
user38419@oksbi,1016.6783333333333,1346.6630820583105,12
user3841@paytm,18906.984545454543,50034.81384768637,11
user38420@ybl,11400.526000000002,23063.4678340705,10
user38425@okhdfcbank,14740.295333333333,44161.111868080894,15
user38430@axl,36705.78909090909,59954.111449362084,11
user38436@paytm,3813.2953333333335,7689.368309043773,15
user38437@ybl,18013.495555555553,47541.49907923951,18
user38441@ybl,665.5550000000001,1283.3687196961146,10
user38449@ybl,18087.4925,45111.75571592598,16
user38481@okicici,14250.539285714287,41338.5269503343,14
user38487@ybl,9878.527,16716.566277103713,10
user38493@okicici,3454.0353846153844,5040.654914111881,13
user38500@oksbi,15857.142857142859,32003.606654872885,7
user38504@axl,28192.086666666666,48063.6983432819,9
user3850@paytm,19565.026923076923,47844.4542243864,13
user38528@okicici,2978.0884210526315,6567.094460344836,19
user38534@paytm,4410.907777777778,8379.287768801978,9
user38544@axl,7879.81,11360.08433741901,12
user38548@ybl,11987.752,19920.579092909065,15
user38563@okicici,10365.644285714287,17301.249981106397,14
user38564@oksbi,3970.6755555555555,8701.32376281493,9
user38567@okhdfcbank,5759.296,14668.508568766703,10
user38569@paytm,2084.9491666666668,3269.3668785101563,12
user38570@paytm,32094.566428571427,52087.366780193835,14
user38573@ybl,51015.177,75447.22986189795,10
user38579@paytm,20688.564285714285,52110.732541566445,14
user38594@ybl,19007.740833333333,52029.31160367105,12
user38599@paytm,20123.35222222222,49338.77757611826,9
user38606@paytm,4592.944,9526.082544224684,10
user38626@okhdfcbank,16233.967692307691,34638.12320186006,13
user38641@okicici,10842.134166666667,20545.996702057408,12
user38643@okhdfcbank,5591.598,11406.309597103409,10
user38650@ybl,1584.4,3187.088049415732,15
user38656@okhdfcbank,17690.71466666667,43095.62547328306,15
user38661@axl,9144.2725,26245.19961867802,12
user38663@oksbi,5080.57,12716.320587006063,8
user3866@okhdfcbank,5848.863888888889,13395.717620324498,18
user38679@okicici,17243.66833333333,32124.33392787378,12
user38684@oksbi,7659.413888888889,22111.17245630632,18
user38685@okicici,8424.027647058823,16519.132352664034,17
user38695@ybl,4712.097777777777,10023.928118467053,9
user38696@oksbi,50329.655384615384,72087.82342349384,13
user3869@oksbi,1049.1933333333334,1007.9001383569704,9
user38701@oksbi,370.4030769230769,354.69663459038287,13
user38706@okicici,17372.7,48302.771454985595,8
user38710@paytm,10133.1255,25144.90433548661,20
user38711@axl,5742.2925000000005,10939.69006579091,8
user38713@axl,8351.16857142857,21523.27310436363,21
user3871@okhdfcbank,1717.4373333333335,2724.642279955472,15
user38726@okicici,12252.21375,20660.793898883487,8
user38743@axl,3042.0091666666667,6565.186124878657,12
user38744@okicici,9760.845,32517.167170196895,22
user38755@paytm,7811.334,11893.235747548266,10
user38763@paytm,12956.378666666666,37624.81002790159,15
user38772@okhdfcbank,26800.720499999996,49209.406395677346,20
user38792@okhdfcbank,2204.7988888888885,3431.131214652263,9
user38804@okicici,31470.489,66486.97919390039,10
user38805@paytm,4510.041333333333,11951.00661200187,15
user3881@axl,8511.098333333333,20898.68432666055,30
user38823@axl,10798.302631578947,18987.455765335304,19
user38823@okhdfcbank,4420.4037499999995,9571.086728728265,16
user3882@okicici,5871.489333333333,12445.083640166315,15
user38841@oksbi,10182.629285714285,22104.47627973416,14
user38841@paytm,889.1141666666666,1004.261952819612,12
user38842@paytm,5422.794,14835.060476753633,10
user38846@oksbi,3278.9061538461538,5180.498287181678,13
user38853@paytm,16679.301176470588,38051.5096209733,17
user38860@ybl,12082.393333333333,16463.842783080378,12
user38861@okhdfcbank,8710.804444444446,14848.016677346262,9
user38879@okicici,6221.636153846154,12268.919709974834,13
user3887@oksbi,8528.618333333334,24800.438850343246,18
user38890@ybl,17704.15888888889,37912.880343073055,18
user38892@okicici,756.838,930.1513124671944,10
user3889@paytm,2270.4080000000004,2875.2889645498626,10
user38900@paytm,17172.985,32084.686987984038,22
user38904@axl,2750.5849999999996,6150.026998840987,14
user38905@axl,6922.554166666666,13524.987605627968,12
user38909@axl,17443.8275,51829.107245048406,12
user38909@ybl,32770.54615384615,47605.92967945302,13
user3890@oksbi,8304.6825,16854.242863484295,12
user38921@oksbi,41000.876923076925,79343.80863603519,13
user38921@ybl,818.6464705882353,930.5539414774754,17
user38924@ybl,1028.1692857142857,1508.5017613332786,14
user3892@okhdfcbank,1658.0628571428572,1745.5806229598065,14
user3892@paytm,4345.710769230769,8375.356819578357,13
user38941@okicici,3172.0416666666665,6783.46269014423,12
user38952@axl,10970.099285714286,18295.70441595028,14
user38958@paytm,4132.6846153846145,8327.47320342393,13
user3895@axl,14235.256666666666,29575.547629250595,18
user38991@paytm,13200.72125,37097.08898031325,16
user38997@okicici,11182.844285714285,26899.468600634013,7
user39000@okicici,876.8915384615385,1379.3650799845443,13
user39015@okicici,13513.22125,33264.01695055332,24
user39031@okhdfcbank,8481.0,17555.708067701024,15
user39032@okicici,5664.9220000000005,10730.721036165072,10
user39034@oksbi,16769.479230769233,37421.243924193084,13
user39044@paytm,6086.368666666666,9048.088096756659,15
user39051@oksbi,8218.882000000001,19236.591660910668,10
user39057@paytm,22890.66,46071.90820046444,10
user39067@ybl,14363.166153846154,26848.042301536792,13
user39084@axl,9586.87619047619,16115.080074157706,21
user39088@paytm,5238.61625,9988.807323772711,8
user39090@oksbi,20335.927999999996,46040.17966032852,10
user39097@axl,19610.901111111114,38183.066751632636,18
user39098@paytm,13545.475,16207.2379520571,8
user39102@okicici,1451.435714285714,1639.089844648112,7
user39104@okicici,2230.186666666667,5167.276784377791,12
user39106@ybl,23073.375384615385,52249.34302583457,13
user39108@okicici,12414.29,17538.977903712635,11
user39110@paytm,2058.0088888888886,2183.4350533302136,9
user3911@axl,7057.311250000001,14750.621403974763,16
user39134@axl,6495.617222222222,12611.938763526363,18
user39138@paytm,20796.53777777778,59721.11885688027,9
user39158@okhdfcbank,3098.634545454545,5203.616649118886,11
user39165@oksbi,2594.266153846154,2664.9163068238445,13
user39169@axl,137.776,118.4301259393065,5
user39170@okicici,6595.079230769231,14441.527894811697,13
user39174@okicici,3381.6431578947368,6078.917108518089,19
user39179@ybl,1959.8818181818183,1541.1390179397715,11
user39185@oksbi,16833.777916666666,35579.72176260431,24
user39192@ybl,4891.085384615385,9679.025741731117,13
user39196@oksbi,19075.2845,50698.90799465206,20
user39197@okicici,6986.836666666666,18193.342652398296,9
user39203@okhdfcbank,10301.155555555555,30206.21540054468,9
user3920@ybl,11701.405714285715,20411.031528693842,14
user39211@okhdfcbank,8938.415384615386,17866.361315831127,13
user3921@oksbi,16575.187333333335,50240.10974215414,15
user39220@oksbi,11254.605294117648,25242.946610440045,17
user39225@okicici,17899.664999999997,39452.00833733206,12
user39230@oksbi,18685.96888888889,43758.84255218379,9
user39231@axl,33426.519,56709.85560817125,10
user39243@ybl,8720.060000000001,17856.592917988306,5
user39244@paytm,48034.8172,107073.67974818528,25
user39247@okhdfcbank,12083.311666666666,20544.29257695667,12
user39255@ybl,35412.59333333334,60792.341160407304,15
user39258@okicici,25543.666666666668,47224.75793715707,12
user39258@oksbi,13524.824999999999,37544.13815420905,12
user39259@okhdfcbank,20319.74684210526,27229.927330218263,19
user39262@paytm,21662.52411764706,45161.23852270358,17
user39278@okicici,9346.1725,16426.239646286627,12
user39285@okhdfcbank,7381.456842105263,14291.004530128988,19
user39294@paytm,6360.147777777778,12761.636049084553,9
user39304@axl,13583.918333333333,22921.73609592227,12
user39311@okhdfcbank,10439.113000000001,22003.542032058813,10
user39311@oksbi,43750.43785714286,80766.33390378921,14
user39314@axl,16881.41181818182,35902.71762049993,11
user39328@paytm,18672.252999999997,44176.722811628606,10
user39333@paytm,8121.2,12756.607406083936,10
user39333@ybl,11816.208000000002,36248.289324899226,15
user39342@okicici,34421.876153846155,56147.701435210525,13
user39346@axl,7658.69947368421,12918.38703882677,19
user39346@oksbi,7042.386,13762.256285763611,15
user39360@okicici,4680.795714285714,7288.999492899917,7
user39367@paytm,12670.701333333333,18605.52050652627,15
user39367@ybl,5342.171818181819,8310.185582280119,11
user39374@oksbi,4769.526363636363,7995.862578964539,11
user39379@okhdfcbank,20058.346666666668,50484.43596294926,9
user39383@paytm,5835.405833333333,8670.281169554744,12
user39392@ybl,22072.480666666666,46334.201930740026,15
user3939@oksbi,931.6718181818181,1605.4585684521303,11
user39402@oksbi,9361.32,15829.668077555352,9
user39405@paytm,3300.6422222222222,5636.720053419314,9
user39409@oksbi,15382.487272727274,42769.91999401287,11
user39413@axl,26004.657,59804.46833113765,10
user39417@paytm,14723.004,24406.67280286284,10
user39428@axl,13247.543684210526,42042.04544367159,19
user39437@okhdfcbank,16329.603846153845,38815.61315413694,13
user39445@axl,4143.022222222223,9038.84112180148,9
user39452@okicici,4141.195294117647,8624.684753512818,17
user39458@oksbi,10155.572666666667,16310.02873110523,15
user39467@axl,8063.244000000001,12807.638561869571,20
user39467@ybl,17562.006666666664,43164.09837111784,15
user39485@okicici,15748.950909090909,28162.374216944652,11
user39492@oksbi,16290.698571428571,42959.40029126622,14
user39494@okicici,18003.931875,41538.452330539105,16
user39498@ybl,1675.6175,1674.5719353647855,12
user39501@oksbi,37363.003333333334,107707.10947442816,9
user39506@okhdfcbank,20356.02,38142.489766113664,15
user39506@paytm,5385.867272727272,8449.483151218294,11
user39507@okicici,29604.904615384618,55421.814378240786,13
user39513@okhdfcbank,25178.9675,55843.05583624816,12
user39515@ybl,4887.498571428571,9629.448304334956,14
user39518@okhdfcbank,5786.641250000001,8081.110635685168,8
user39523@ybl,18124.86909090909,46962.27757612347,11
user39546@ybl,26545.470833333336,60611.42888732566,12
user39547@oksbi,18520.301249999997,49234.01102641965,8
user39559@ybl,14195.140909090907,27853.82571967429,11
user39562@oksbi,6897.957333333335,16797.503425277,15
user39563@okicici,10963.831578947367,29070.345192611137,19
user39565@okhdfcbank,2095.0733333333333,5030.152619878116,15
user3956@okhdfcbank,5184.653333333334,8805.790644766692,12
user39575@okicici,8038.505882352942,12687.078183017582,17
user39578@okicici,9228.544,27175.084196747386,20
user39596@oksbi,5256.675,15897.430814230886,14
user39598@oksbi,17754.885263157896,31561.360668133144,19
user39619@oksbi,5260.625,12414.882649798454,16
user39622@paytm,8442.575625,22017.586191651426,16
user39623@ybl,6191.615624999999,13607.020720226243,16
user3962@axl,6820.488823529412,12640.790113241479,17
user39635@oksbi,15664.24846153846,36714.89637538575,13
user39636@ybl,3872.7194117647064,10906.92440719912,17
user39638@okhdfcbank,11377.544,24736.761815072452,10
user3963@paytm,7857.137692307693,14660.195150758369,13
user39640@okicici,3838.3100000000004,7706.107070037951,10
user39660@okhdfcbank,8917.3035,25008.875947498334,20
user39665@okicici,6296.241666666667,19637.10089218103,18
user39665@oksbi,7541.94375,11575.585065786165,16
user39672@okhdfcbank,8891.638181818182,15878.743899323283,11
user39674@paytm,13911.113076923077,43932.157972784466,13
user39677@okicici,14553.570714285714,32993.71660151007,14
user39699@ybl,5992.620714285714,10085.18868410614,14
user39709@axl,8327.84076923077,16327.304712037574,13
user3970@okhdfcbank,16381.967857142858,32361.980738788625,14
user39712@okicici,655.4877777777779,661.7506535277804,9
user39712@oksbi,14868.055714285714,26946.0624664603,14
user39714@axl,15866.83076923077,48537.86117500913,13
user39724@paytm,19715.37909090909,57701.75196512138,11
user39725@ybl,6399.932222222222,13292.535832021273,9
user39729@okhdfcbank,17385.659411764707,48158.20850867761,17
user3972@paytm,31339.014999999996,48693.80078978483,10
user39735@okhdfcbank,6099.9220000000005,14400.387663385118,15
user39736@axl,35953.88636363636,51846.571149601834,11
user39737@oksbi,13587.831875,20766.17185941123,16
user39737@ybl,6092.953333333334,10587.014520979305,6
user39744@paytm,6442.732222222222,13685.928407852696,9
user39745@ybl,6933.482727272727,11740.194854494615,11
user39749@paytm,10657.34625,21749.146432355723,16
user39751@ybl,9558.9375,17215.49150741419,8
user39756@oksbi,9993.557777777778,22450.698135522893,18
user39759@axl,18725.827142857142,29390.530663178528,14
user39762@axl,12274.287857142857,36940.14447024833,14
user39765@ybl,13887.88882352941,26035.166920885556,17
user39773@oksbi,2691.429090909091,5723.178083924097,11
user39787@okhdfcbank,8915.169,15152.588899375467,10
user3978@paytm,21740.806,40139.31008415627,10
user39799@axl,8156.696153846154,14910.632376109752,13
user39826@axl,19200.671333333335,49793.22283435738,15
user39827@okicici,17375.454210526317,43118.66872182388,19
user3983@okicici,11978.268888888888,21790.135034394258,9
user3985@paytm,6125.706428571429,10690.72081505021,14
user39862@paytm,11462.107777777777,17155.110663561587,9
user39870@okhdfcbank,26433.95642857143,54720.47529437385,14
user39871@axl,8065.689230769231,25958.155153139724,13
user39885@ybl,5142.020588235294,10677.74377722564,17
user39889@okhdfcbank,22728.217142857142,46442.059045191156,14
user39890@okicici,1134.92875,1652.1904373150685,8
user39893@ybl,1152.735,1603.1159950639878,6
user39897@oksbi,11627.241764705881,20802.86110167458,17
user39931@okhdfcbank,4536.879166666667,12394.250367834022,12
user3994@axl,11565.387857142856,32470.274567191016,14
user3994@okhdfcbank,609.0171428571429,777.2377614285581,7
user3994@paytm,22014.953333333335,48506.518515067895,12
user39967@ybl,12059.158461538462,30673.435491980905,13
user39968@oksbi,7562.777,15227.249003688565,10
user39975@axl,4422.76,10039.598281021552,12
user39985@axl,1698.364705882353,1573.7865731537331,17
user39990@oksbi,12429.461,14513.655790690864,10
user40015@ybl,2392.2907142857143,5911.765784258559,14
user40019@paytm,18038.77,26967.677795047537,9
user40023@okhdfcbank,18320.420000000002,46601.07385725713,16
user40023@oksbi,1059.779375,1410.1109370375498,16
user40028@paytm,31354.335882352945,64757.98352425215,17
user40029@paytm,4771.676470588235,12831.40302602269,17
user40030@okhdfcbank,21005.183333333334,33039.36251097961,9
user40041@okhdfcbank,8731.225263157894,16076.726912163838,19
user40051@ybl,3670.1961538461537,6556.703076757325,13
user40062@okicici,19348.523333333334,33651.4633013885,12
user40063@paytm,4586.396428571428,10361.40543236635,14
user40071@ybl,21640.755833333333,47332.41833189911,12
user40080@ybl,16475.204999999998,33211.38865619083,10
user40081@paytm,8351.262307692308,14334.173623593928,13
user40082@paytm,3975.929375,8520.102465708942,16
user40099@oksbi,5034.096923076923,13258.444339052618,13
user4009@oksbi,7069.0043749999995,13219.336550916096,16
user40104@okicici,24212.29,46720.62333336618,11
user40107@axl,20317.60666666667,46818.531816031034,15
user40107@paytm,16536.96125,41564.447097491844,16
user40110@okhdfcbank,13535.951111111111,29996.844684171134,9
user40121@ybl,9891.583333333334,34873.47772032958,15
user40129@axl,5093.227777777778,14746.198718876894,18
user40131@okhdfcbank,4550.272999999999,12348.172325570245,10
user40132@paytm,10866.814666666667,31823.656092207093,15
user40133@axl,19085.235714285714,38708.35631607285,14
user40148@ybl,18846.607333333333,45930.19945525033,15
user40159@oksbi,16006.803333333333,41493.36779776008,21
user40169@axl,21728.027692307693,43417.417087847956,13
user40178@okicici,11219.532,18185.850038815974,15
user4017@okicici,24436.737333333334,48766.45424357498,15
user40194@okicici,17364.483333333334,41127.5657088167,18
user40199@ybl,17200.288333333334,36697.50354981299,6
user4020@paytm,6131.016666666666,15385.009490888362,9
user40214@axl,1027.1680000000001,1067.9575698791698,10
user40218@okhdfcbank,7322.253333333334,13209.98495690993,6
user40220@paytm,7565.407692307693,18179.819371732014,13
user40220@ybl,2877.2845454545454,7147.626889669554,11
user40224@oksbi,18611.152222222227,51335.845954342854,9
user40236@axl,12886.209230769231,25938.592854538987,13
user40236@paytm,6303.621666666667,11718.492854505525,18
user40255@okicici,2190.695,3116.061846980751,12
user40263@axl,18497.686363636363,39471.15944633835,11
user40267@ybl,22812.774999999998,51283.16209097095,16
user40279@axl,23462.46615384616,36127.8286730503,13
user40282@ybl,6590.226153846154,13158.297856927606,13
user40291@ybl,18080.1,22493.48835109051,10
user40293@axl,10483.957692307693,18163.5374066485,13
user40298@ybl,25413.313529411767,57485.51736480447,17
user40310@oksbi,15145.711249999998,41346.52214665926,16
user40321@oksbi,7261.290869565218,15243.416535941586,23
user40322@paytm,11409.297692307691,29889.26814840575,13
user40328@axl,10270.262777777778,21885.4269066034,18
user40332@axl,3526.9073333333336,7789.662115650888,15
user40339@axl,8241.043,12515.003710953926,20
user40341@ybl,7962.970666666666,14698.991347781786,15
user40346@oksbi,9903.128181818181,22575.295129144964,11
user40350@okicici,4285.048888888889,10627.909877451733,9
user40353@okicici,24487.336,60515.4785847596,15
user40373@ybl,12272.284999999998,17628.731305967794,12
user40384@okicici,19588.95157894737,43283.33647425419,19
user40384@ybl,3881.066666666667,7532.323111624671,12
user40385@okhdfcbank,10697.76,17185.86902856879,21
user40385@ybl,12164.002,22602.641570950193,15
user40390@ybl,24360.033636363634,46507.60769961088,11
user40405@ybl,17530.856000000003,43268.37716343094,15
user40419@ybl,21645.920666666665,35513.94084319996,15
user40420@ybl,8923.1,26847.810578823213,15
user40422@okhdfcbank,3880.3450000000003,9568.318613180838,8
user40426@axl,3608.0,7578.186830162242,10
user40443@okhdfcbank,11161.742142857142,21594.071747956546,14
user40449@oksbi,7558.345,11653.754023304613,14
user40451@ybl,4133.639166666667,8222.792256383758,12
user40454@axl,11124.036818181818,42114.92439158881,22
user40462@okhdfcbank,16444.4025,41238.926492654406,16
user40464@paytm,19125.421538461538,42446.40653351507,13
user40465@paytm,740.2563636363637,956.9640289610966,11
user40470@okicici,44064.29,87404.27819027872,13
user40477@axl,4478.907058823529,11097.936247577612,17
user40499@okhdfcbank,14175.7,42027.62937365846,16
user40500@okicici,5700.223809523809,12191.912287734633,21
user40504@okicici,2199.15625,1907.0343502707285,8
user40516@paytm,19607.81,35411.5763870191,10
user40519@okhdfcbank,6406.512857142857,13784.483344668846,14
user4051@axl,837.7709090909091,1450.0305124545107,11
user4052@okicici,12861.571578947367,43979.19508021344,19
user40531@axl,8979.658500000001,14715.70664832228,20
user40532@axl,3114.5594736842104,6026.137398882078,19
user40534@okhdfcbank,5147.698461538462,11746.513124552359,13
user40551@axl,13301.103846153846,26632.993081178945,13
user40553@ybl,2121.501333333333,3623.302474865923,15
user40560@oksbi,10867.524666666668,37648.096100108036,15
user40563@axl,16572.216666666667,39574.246544857764,6
user40567@ybl,6872.1900000000005,12768.198511373033,8
user40574@oksbi,17658.351333333336,35697.17147625823,15
user40601@ybl,17986.711428571427,48568.572975834875,14
user4060@paytm,4581.928,11166.627568769165,10
user40613@okhdfcbank,20238.273,43948.18698442521,10
user40619@ybl,8081.0,15106.463795183834,10
user40643@okhdfcbank,5337.115000000001,10110.638037358736,18
user40643@okicici,2692.09875,2197.763013471636,8
user4065@axl,4208.74695652174,9496.335498016368,23
user4065@paytm,740.4159999999999,754.270852764443,5
user40661@ybl,6055.880588235294,11164.875284760501,17
user40666@oksbi,15155.858666666667,41894.498199342845,15
user40697@okicici,10920.498125,30341.525134735995,16
user40709@axl,14488.361052631579,36413.075416420266,19
user40710@axl,7125.4175000000005,12827.329221814129,16
user40711@axl,22769.749,54866.37728863026,10
user40713@paytm,11041.390833333333,21865.386630044242,12
user40725@axl,11829.349375,39990.691422979166,16
user40734@oksbi,1742.0610000000001,1949.1219773098403,10
user40743@ybl,24265.347999999998,50760.049516315004,10
user40749@okhdfcbank,11608.125294117648,32131.77289484606,17
user40749@ybl,13406.524285714286,31351.398026572107,14
user40752@paytm,8037.304999999999,14629.95575951666,18
user40758@ybl,3327.921,6038.751874388632,10
user40759@oksbi,12161.439375000002,31132.373667911983,16
user40764@paytm,9373.999375,20780.959687526938,16
user40767@okicici,20406.269166666665,43851.236247762106,12
user40770@paytm,15604.078461538464,52131.80129826193,13
user40779@axl,18551.907857142858,49724.688419030485,14
user40779@ybl,2903.674,4346.469840004773,10
user40790@axl,4223.439411764706,6634.5753628712655,17
user40791@axl,40035.75833333333,71180.59605925069,12
user40807@okicici,23003.629374999997,65180.0338041,16
user40809@axl,5374.99875,12458.472116702418,16
user40809@paytm,5265.565333333333,10904.368244159812,15
user40811@okhdfcbank,13480.695625,17831.66376435991,16
user4081@okicici,16270.242222222221,33759.35621547754,27
user40832@axl,11383.230833333335,19433.553067932167,12
user40842@okicici,11718.742,18602.552215093616,10
user40846@okicici,15132.90375,24867.220258973826,16
user4084@axl,3677.6276470588236,10991.253936087394,17
user40850@paytm,12261.156500000001,26668.710390141376,20
user40851@paytm,7500.140666666667,13449.089672500657,15
user40867@okhdfcbank,5978.21,13776.943408234883,16
user40876@axl,22651.73411764706,52392.339230791666,17
user40882@paytm,14415.00947368421,45890.52258032039,19
user40884@ybl,19144.232307692306,38414.81869497459,13
user40886@ybl,14282.334285714285,47366.34204184245,14
user4088@paytm,1399.7113333333332,1817.067851122739,15
user40891@axl,1861.4647999999997,4040.7594783851387,25
user40895@okicici,21750.170769230772,42466.34968052498,13
user4089@axl,5157.282941176471,11566.08515919808,17
user40901@oksbi,23471.281666666666,53298.73470869263,12
user40915@axl,10549.559047619046,41613.353879638795,21
user40922@okhdfcbank,4913.410666666667,15989.521522858322,15
user4092@okicici,14828.515384615386,24887.037521787195,13
user4093@paytm,20102.2968,39872.590154674,25
user4093@ybl,5451.5825,11227.361786460726,8
user40941@okicici,16322.057058823531,55477.713160888066,17
user40952@axl,5566.3836363636365,9639.439527771594,11
user40954@oksbi,7001.89,11805.094234564584,13
user40961@okhdfcbank,21367.978181818184,56380.5944697134,11
user40963@oksbi,1513.0228571428572,1937.7388513738917,7
user40974@ybl,8230.025833333333,15068.769440256505,12
user40986@okhdfcbank,6136.502105263157,14874.55552552956,19
user40986@ybl,1432.6507692307691,2423.4908081713506,13
user4098@oksbi,7563.475,14864.190284804617,16
user40993@oksbi,3336.7914285714282,5457.61485624635,14
user40994@okhdfcbank,2338.7971428571427,4424.453332059886,14
user40994@ybl,28445.1995,57109.99889450722,20
user41002@okicici,1863.9966666666667,3205.1679509542464,12
user41004@okhdfcbank,9443.93125,20426.635447627435,8
user41025@axl,23950.549473684212,48943.5563238639,19
user41031@oksbi,19864.824705882354,48178.47665208542,17
user41042@axl,13500.509999999998,28265.524750665376,14
user41056@paytm,13188.154705882353,33161.91262812979,17
user41076@paytm,52171.99285714286,104505.3137920104,14
user41077@okhdfcbank,23125.340588235296,54989.96286501945,17
user41081@paytm,12842.808461538461,42790.88019554787,13
user41088@axl,2620.6633333333334,5499.659673165461,12
user41096@okhdfcbank,13955.700714285715,30687.746116163362,14
user41097@axl,3254.817272727273,8886.60479543801,11
user41100@ybl,7045.8324999999995,13089.364615437731,16
user41108@oksbi,10187.263076923078,17284.33490220474,13
user41115@ybl,4307.374444444444,10080.370093693375,9
user41130@paytm,5958.168125,9382.14931077822,16
user41134@ybl,34068.316875,79346.8980846486,16
user41136@okhdfcbank,5170.963333333333,11277.544481537663,12
user41138@okicici,13378.0575,20385.930750558826,16
user41142@okicici,19865.566666666666,44397.39275660727,21
user41148@oksbi,20764.894000000004,35111.88216368516,15
user41149@axl,1499.362,1564.029247650653,10
user4114@paytm,3954.1873333333333,8534.815319250965,15
user41158@okhdfcbank,1588.851875,1640.4552861414977,16
user41159@axl,40739.81470588235,97931.5248865973,17
user41164@axl,7499.3107692307685,13095.737216862759,13
user41167@ybl,11009.7535,20258.905075059367,20
user41172@okhdfcbank,11200.530666666666,21053.793301518806,15
user41180@paytm,14669.093125,31845.865452608174,16
user41197@okicici,4539.248823529411,9378.50376853158,17
user41205@okhdfcbank,30509.232500000002,65008.2966181728,8
user41209@oksbi,12990.50111111111,21810.35237617567,18
user4121@okhdfcbank,3186.397,6284.344112993194,10
user41222@paytm,6898.22705882353,19607.842621302316,17
user41232@paytm,23359.53909090909,58335.31758286372,11
user41239@ybl,19929.332105263158,38195.6057252743,19
user41262@okhdfcbank,7414.013076923076,20369.53144449588,13
user41277@ybl,4558.268888888889,9264.601886414825,9
user4127@axl,1771.63,3695.8549500610693,12
user41297@okhdfcbank,13796.069999999998,45640.803371065296,14
user41308@oksbi,3462.709090909091,5843.380307824324,11
user41317@okhdfcbank,18846.592727272728,34123.891574799054,11
user41318@okicici,3807.0194444444446,11377.781176820265,18
user41325@oksbi,30539.247272727276,64973.91241976569,11
user41372@oksbi,918.75875,1307.1662066616982,16
user41379@okicici,12771.617222222223,25091.69278291799,18
user41387@okicici,5594.602777777778,11636.338874261808,18
user41387@paytm,10295.07625,23737.493963665405,16
user41390@okicici,5748.886923076923,18415.362882267797,13
user41391@axl,16656.518333333333,25510.27036343913,12
user41397@ybl,6294.00375,15791.639334856853,8
user41409@paytm,8121.257142857142,15605.819310537496,14
user41412@okicici,21320.495384615384,49434.20306980475,13
user41438@ybl,8145.377692307693,14136.301437606862,13
user41461@ybl,18058.055625,49636.47104527153,16
user41469@paytm,7845.388461538461,13678.676672429301,26
user41473@paytm,18540.138,16226.634802557492,5
user41475@axl,9044.203749999999,23796.065470077432,16
user41477@axl,3901.3900000000003,7836.58199484863,15
user41484@paytm,12966.785384615387,32820.82726025189,13
user41498@oksbi,10833.239090909092,21158.498942426635,11
user41502@ybl,6285.4591666666665,19578.172244506684,12
user41510@ybl,20944.20333333333,47306.51176074053,15
user41522@okhdfcbank,27965.607,56194.219017910065,10
user41524@axl,5600.554375,12669.374035775129,16
user41542@ybl,15401.716666666667,32716.367879310903,12
user41544@okicici,5144.568333333334,11533.037919795172,12
user41563@oksbi,4017.9725000000003,10257.59967336251,16
user41581@axl,4073.2808333333337,10521.068333237845,24
user41583@okicici,19236.096999999998,57269.42278965219,10
user41597@axl,18586.39846153846,52696.89467640714,13
user4159@okicici,5955.915,13906.629692125642,20
user41600@axl,1291.056,1514.7964511973219,10
user41603@okicici,18700.837222222224,45840.596559751655,18
user41612@ybl,12870.721875,39758.70918434689,16
user41631@paytm,6015.648,10269.219455429578,10
user41633@oksbi,14884.565333333334,37354.155066487554,15
user41639@oksbi,9052.56,15259.816141504896,4
user41642@paytm,16180.103333333333,42384.18391308293,15
user41643@okicici,23533.834545454545,44171.18697819007,11
user41644@okhdfcbank,5805.488235294118,12896.580625126586,17
user41644@okicici,6645.855294117647,13658.307939231583,17
user41647@okicici,797.3709090909091,760.6107747653137,11
user4164@okhdfcbank,2213.1299999999997,2508.2965404888973,15
user41695@ybl,21603.93,54328.36081880188,12
user41696@ybl,5876.258333333333,12668.419299995909,18
user41701@okhdfcbank,7687.99,13410.35981362277,8
user41718@oksbi,3823.2507692307695,9037.851750404576,13
user41718@ybl,20179.120666666666,50524.96517660769,15
user41721@paytm,4022.539090909091,8587.08273740792,11
user41724@okhdfcbank,3155.148,5272.336739271715,15
user41731@oksbi,16667.41363636364,37722.7628497432,11
user41733@okicici,11078.864705882354,21979.887700862215,17
user41734@paytm,28831.784166666665,57310.97470178043,12
user41736@axl,21267.47619047619,49294.04414728787,21
user41738@okhdfcbank,7475.056470588235,14439.984377502777,17
user41741@ybl,9551.032,10998.607255093508,10
user41745@axl,4134.585384615385,10369.05757638129,13
user4174@axl,10491.358333333334,31456.858551628462,12
user41750@oksbi,5358.657,13784.904345947138,10
user41757@paytm,26418.662,62549.7635916724,10
user41761@paytm,2576.82,4839.903601591061,18
user41764@oksbi,6283.785333333333,12754.440165241542,15
user41768@ybl,9943.36125,18146.98417055607,8
user41774@ybl,15642.029523809524,32116.644350854505,21
user41785@axl,17547.116111111114,43195.7422508013,18
user4178@okhdfcbank,3738.822666666667,11375.746849090498,15
user41794@paytm,17252.82,37996.615355091424,14
user41806@axl,952.9133333333333,1599.5968905946272,9
user41809@okhdfcbank,1530.5566666666666,3507.5061012016304,15
user41818@axl,2546.050714285714,5939.869014220721,14
user41818@okhdfcbank,20494.21142857143,51381.56613075562,14
user41828@oksbi,14710.720000000001,21365.34069706043,10
user41843@okhdfcbank,4775.612142857143,10482.968981812048,14
user41846@ybl,16408.66727272727,47203.38495301605,11
user41857@axl,9492.619,25986.119825665617,20
user41860@ybl,4258.103076923077,9962.779045342875,13
user41863@okhdfcbank,4542.436250000001,5643.430857597525,8
user41870@axl,26781.833571428575,49096.10046729477,14
user41874@okhdfcbank,4304.0735,9975.780076462177,20
user41875@okhdfcbank,1064.1833333333334,1249.100150898638,9
user4188@axl,3226.110625,8069.912059593106,16
user41891@okicici,12683.504615384616,17262.982041493975,13
user4190@axl,3544.1111111111113,5846.668257632813,9
user41910@paytm,12921.275625000002,34025.649160942885,16
user4191@axl,7477.523636363636,14760.885667057566,11
user41927@oksbi,8722.787,15718.22930769455,10
user4192@okicici,6309.713076923077,12309.34734433646,13
user41931@ybl,1104.8375,1419.124530989729,12
user41934@ybl,30817.695,42716.25300168971,14
user41935@paytm,12774.277333333333,32710.909452479624,15
user41943@ybl,9801.2025,15272.922111173235,8
user41953@axl,6430.429999999999,12309.704867568436,22
user41954@paytm,20677.010833333334,37167.13819689363,12
user41958@ybl,20029.79625,38518.540928232,8
user41969@axl,14325.1395,38125.07220305328,20
user4196@okicici,3853.9245454545453,9466.76871836992,11
user4196@oksbi,16003.286666666667,36603.77417243084,12
user41983@paytm,14733.958666666667,45236.67346425904,15
user41985@oksbi,4791.404545454546,7116.869830971146,11
user41992@okhdfcbank,9057.525789473684,18218.00084747205,19
user41998@okhdfcbank,1696.69,2345.2826189651432,11
user42002@paytm,16623.68,42240.020098302746,11
user42003@okicici,24192.127500000002,30888.303814540934,12
user42011@axl,23731.802307692305,55924.444041639355,13
user4201@axl,4103.666428571429,12070.57377292818,14
user42025@ybl,3588.5394117647056,8801.163417429872,17
user42034@ybl,1422.9754545454546,3602.2248769763496,11
user42037@ybl,23252.531538461542,32262.513901168342,13
user4203@oksbi,7281.319230769232,13056.82458479949,13
user4203@ybl,6601.410714285715,13294.18325667714,14
user42081@axl,5667.682666666667,11050.3783782725,15
user42090@paytm,10600.53842105263,25151.709899857102,19
user42094@okhdfcbank,3847.470909090909,10882.498961456835,11
user42111@paytm,9036.074285714287,20257.689127685862,7
user42115@axl,7379.501666666667,15925.967021127839,12
user4212@axl,14009.389090909091,38649.323331294545,11
user42136@oksbi,7253.618125,12211.509538744296,16
user42139@okhdfcbank,10485.098,17183.70780805811,15
user42152@oksbi,16840.427894736844,46179.20612228403,19
user42153@oksbi,3136.5899999999997,6960.954274265609,13
user42157@ybl,5861.575555555555,18964.91664220114,18
user42160@paytm,26407.13090909091,56676.79202043399,11
user42167@okicici,3125.384736842105,6774.088508408238,19
user4216@ybl,12789.958461538463,19259.541484700014,13
user42185@ybl,1888.5530000000003,3653.2668727989203,10
user42190@oksbi,19982.78210526316,42745.94724682649,19
user42198@ybl,25725.891666666666,53050.40421118256,6
user42203@paytm,10089.596153846154,23591.374819704954,13
user42235@axl,13478.3,22381.84367848509,15
user42235@okicici,6817.086153846153,11436.0346905899,13
user42240@oksbi,8754.152,25669.165353947654,10
user42243@axl,4885.480588235294,11614.541691777742,17
user42247@ybl,12996.437692307692,25527.879738443535,13
user42256@okhdfcbank,3812.4069230769232,8363.578176179924,13
user42258@paytm,22606.533,45389.14739383023,10
user4225@paytm,2661.24,5609.464252134363,16
user42269@ybl,15734.069333333331,35366.0914673748,15
user4228@paytm,4133.647142857143,8368.538921578333,21
user42300@okicici,13031.329047619047,22025.453819005386,21
user42302@okicici,6660.682631578948,13132.21218369753,19
user42316@okicici,5557.244000000001,12519.26831712324,15
user42321@okhdfcbank,9384.875,23423.69247372548,12
user42323@okhdfcbank,1407.6478571428572,1715.1058830879065,14
user42328@okicici,15765.206470588237,47687.59993764665,17
user4232@okhdfcbank,4562.6658823529415,11926.586015070521,17
user42335@axl,6007.225454545454,13921.91426354247,11
user42337@okhdfcbank,2335.0327272727272,2476.808504657116,11
user42340@oksbi,7198.582666666667,16767.62288487227,15
user42347@okhdfcbank,1451.4414285714286,1466.1598621390572,7
user42366@oksbi,12457.678,35046.53354808934,10
user42368@okicici,13390.005416666667,28508.250944098538,24
user4236@okhdfcbank,2198.32625,3258.4580172395185,8
user42400@oksbi,7258.193333333334,12372.136424165783,12
user4240@paytm,11036.944666666668,34360.84038885522,15
user42420@axl,7747.716153846153,14090.188212698185,13
user42424@okicici,4646.784285714285,12567.889265629241,14
user42427@oksbi,13268.23947368421,31777.590240600453,19
user42430@paytm,6912.968181818182,18017.701611685905,22
user42430@ybl,20423.756250000002,41511.24135312567,24
user42435@axl,25399.879375,63399.594051609776,16
user42445@oksbi,13843.313333333334,32568.53607945428,12
user42458@okhdfcbank,8273.65111111111,18322.485133517002,18
user42476@okicici,18571.066666666666,40374.552032267144,18
user42486@ybl,9844.52,29316.013686180497,19
user42505@okhdfcbank,13979.655625,26800.62522295129,16
user42520@oksbi,3638.3483333333334,5933.27274831596,18
user42542@ybl,41249.828,64281.339030893425,10
user42548@oksbi,10351.41294117647,21432.116386487232,17
user42552@axl,26996.044999999995,54242.82023244146,10
user42555@paytm,1075.7037500000001,1496.0690957394936,8
user4255@okicici,14576.338666666667,33058.75142033408,15
user42568@oksbi,15733.157333333333,30408.81354138502,15
user42574@axl,14290.023157894737,27088.103551211072,19
user4258@okhdfcbank,1489.797,1503.9638658414194,10
user42605@axl,4197.693076923077,5985.453832753459,13
user42606@oksbi,5900.440625,9793.14680448967,16
user42609@paytm,5528.822,12926.404043015384,10
user42615@axl,17318.454,34229.9801716024,10
user42616@okhdfcbank,14806.895384615385,24903.22702083494,13
user42621@axl,14101.443076923075,45701.91645818502,13
user42627@axl,7077.788461538462,16779.845140740446,13
user42628@ybl,18396.818333333333,34359.072880091146,12
user4262@oksbi,18056.07909090909,57880.83659113221,11
user4262@paytm,22773.862222222222,41675.02644911791,18
user42632@paytm,911.8225,1367.6533422106643,16
user42662@okhdfcbank,9013.362857142856,17922.424327027344,21
user42679@paytm,14608.205714285714,28662.903192408165,7
user4267@paytm,19206.478333333333,32179.41302031043,12
user42688@paytm,4153.936,8777.151388865715,20
user42708@oksbi,16848.171,45861.78363413061,10
user4271@ybl,5749.191764705882,9334.388614833215,17
user42722@ybl,16099.060909090907,38741.203211786145,11
user42723@oksbi,3028.5907142857145,5493.622414378421,14
user4273@oksbi,20643.936521739128,34017.77197519657,23
user4273@paytm,5914.181333333333,12895.205026720407,15
user42743@paytm,30886.46764705882,55925.20585165372,17
user42755@paytm,24948.995454545457,54752.15629951251,11
user42777@axl,4597.4783333333335,10073.22479270351,6
user42779@axl,19925.65,40515.95868401446,13
user42785@okhdfcbank,37623.757647058825,65518.505264353036,17
user42786@oksbi,3310.149090909091,5346.394311366222,11
user42787@paytm,20589.998333333333,42623.058657034635,12
user42792@okhdfcbank,5918.846428571429,12445.945488034127,14
user42798@okicici,18599.736363636363,29788.43644897371,11
user42800@paytm,898.72375,1127.3407900061395,16
user42814@oksbi,9502.50214285714,22890.411193509754,14
user42830@okicici,1952.9711111111112,2836.7461588067013,18
user42831@paytm,3308.5629999999996,5809.828510091134,10
user42832@okhdfcbank,3450.2050000000004,8414.924121968405,8
user42833@okhdfcbank,6078.476428571428,12623.249321949015,14
user42844@paytm,4605.888000000001,9352.417886269686,15
user42846@axl,30148.05692307692,66791.57310077976,13
user42846@okhdfcbank,17138.48785714286,37889.64599929424,14
user42850@ybl,19175.535384615385,51056.89241373582,13
user42855@ybl,9567.1325,13392.28024051178,12
user4285@axl,26903.718333333334,49439.3840891385,12
user42862@okicici,18482.945,40400.64022924121,10
user42869@axl,828.6025,1636.3071897044795,8
user42873@ybl,22408.88230769231,49068.47203877407,13
user42874@axl,4069.003157894737,9052.10915184108,19
user42910@axl,22468.485,45221.23377644189,12
user42914@oksbi,25639.824285714283,61884.79655120172,7
user42916@ybl,18767.6275,46084.711927363765,20
user42938@paytm,5616.046,10334.786369882813,10
user4293@ybl,24410.8025,39314.99870880387,8
user42941@ybl,1839.9955555555555,3086.074113084904,9
user42949@paytm,13293.73714285714,32763.1259048615,14
user42950@ybl,10339.34,28243.457874240037,15
user42954@okicici,16633.83235294118,35527.49894609272,17
user42964@okicici,23196.523846153847,45395.64656956445,13
user42964@ybl,7943.028,15788.06329388039,10
user42971@okicici,24606.9725,56273.787109582074,16
user42975@paytm,6500.506666666666,16257.687604272789,9
user42979@ybl,2076.5992307692304,6010.394923946986,13
user42984@paytm,565.93,820.0895630204056,9
user42991@okhdfcbank,17739.807142857142,35985.2686859997,7
user43000@ybl,9972.603571428572,14990.683115331547,14
user43012@oksbi,34994.666666666664,69555.11071785362,9
user43017@paytm,5496.670909090909,15578.416397543402,11
user43025@axl,28103.345833333336,59079.17555616523,12
user43029@axl,15151.586153846154,36855.46282386609,13
user43036@ybl,7542.988571428571,17204.307976625532,7
user43039@okhdfcbank,10377.53875,29840.564384701323,16
user43043@paytm,2996.3683333333333,8431.568135861187,12
user43051@paytm,22984.203125,51658.14194770793,16
user43056@axl,15965.138666666666,29553.925978745523,15
user43065@paytm,9227.345000000001,18790.127655434295,10
user43070@ybl,9234.54,23642.215632691452,16
user43078@okicici,6734.585,10838.319103623282,14
user43080@axl,8756.74125,17284.488875848147,16
user43092@okicici,9125.535555555556,8856.61568467904,9
user43101@axl,1920.9762500000002,1653.0399207860953,8
user43107@axl,11049.716666666667,15157.399561613465,18
user43120@oksbi,6660.573000000001,15588.30350367084,10
user43137@okhdfcbank,3264.2599999999998,5368.22636976841,14
user43137@oksbi,4757.400000000001,10698.356858372734,12
user43145@paytm,8013.40705882353,14320.916124369784,17
user4317@oksbi,1544.8875,1353.9288162980627,12
user43192@paytm,21472.997894736844,48231.80659795009,19
user43197@okhdfcbank,1102.3145454545454,1507.1461791237348,11
user43207@axl,28729.549285714285,56742.19458509913,14
user4320@ybl,2543.17375,3490.5569367609005,8
user43215@okicici,9701.958181818183,13102.174375645302,11
user43215@oksbi,7075.735882352941,19241.414423300932,17
user4321@oksbi,3666.040833333333,10091.687998027664,12
user43220@oksbi,1986.3153846153846,3263.020057752264,13
user43222@oksbi,13981.422499999999,30432.94872274489,16
user43229@okicici,1671.9516666666666,1954.3265795298048,6
user43235@ybl,1910.5106666666666,1823.0897821182066,15
user43239@okicici,20731.326666666664,26839.64719155205,12
user43240@oksbi,7924.496666666666,11119.643324755874,12
user43244@okicici,2365.88,3543.4198612696187,11
user43249@ybl,9379.522500000001,32428.469197101433,20
user43255@oksbi,18907.403749999998,48604.13531575969,16
user43261@okhdfcbank,10437.016000000001,24390.800010508883,15
user43261@ybl,33308.868,119920.45754136289,15
user4326@ybl,24967.704166666666,55946.19443665258,12
user4327@okhdfcbank,7996.567692307693,22079.846444388735,13
user43281@oksbi,11152.095,41062.4617958683,18
user43287@oksbi,3635.358888888889,7194.398342424898,9
user43291@ybl,4675.303636363636,13163.33476042167,11
user43292@axl,3722.05625,8256.611960879896,16
user43299@okicici,21410.160909090908,46333.36468395759,11
user43316@axl,3574.7835714285716,9693.980126615143,14
user43317@okhdfcbank,19239.141428571427,29774.292737015843,7
user43318@ybl,17186.370909090907,54125.595949259616,11
user43321@okhdfcbank,4135.5442105263155,8899.794771873685,19
user43322@axl,2065.2827272727272,4714.109548901236,11
user4332@okicici,3453.776428571429,7912.89264855158,14
user43344@oksbi,6142.5,15467.29903330823,10
user43348@ybl,26682.05705882353,48514.22054212645,17
user43351@oksbi,6034.265833333334,14099.427527416887,12
user43359@ybl,22864.087,51376.10584964832,10
user43367@oksbi,30438.87,74363.61204595922,7
user43372@axl,4676.92304347826,9916.289429133732,23
user4338@paytm,47380.332777777774,104621.06031587193,18
user43399@okhdfcbank,20476.076666666668,51080.123776865745,9
user4339@ybl,23767.735789473685,51367.92431392044,19
user43406@oksbi,7184.925,15472.985580905655,8
user43417@ybl,14926.52,41434.63186416926,14
user43422@okhdfcbank,8414.878333333334,15751.710870485169,12
user43425@oksbi,16725.31111111111,35545.94621264012,18
user43429@axl,7916.633636363637,21827.401102495587,11
user43431@ybl,4333.764999999999,9764.677958569417,8
user43438@ybl,8853.935833333333,24720.700522694246,12
user4343@oksbi,8577.25909090909,16918.387912671496,11
user43443@okhdfcbank,23613.974615384614,54628.31685485624,26
user43459@okhdfcbank,6571.3125,14084.26791544131,12
user43460@paytm,13112.849999999999,38587.03393901661,21
user43462@oksbi,21809.087692307694,46301.05962334252,13
user43464@paytm,847.374,1027.686595051667,10
user43468@ybl,5947.0192307692305,13610.107504340578,13
user4346@axl,1176.48625,1318.3461634393893,8
user43470@ybl,5569.615454545455,9915.376984016659,11
user43485@axl,3810.1755555555555,10117.071812560333,9
user43487@okhdfcbank,15834.306153846155,46227.867446354176,13
user43495@okicici,12334.49857142857,28735.007220832238,7
user43498@axl,2377.3824999999997,4091.3994886094083,16
user43503@ybl,5812.861666666667,13553.305579942215,24
user43520@okicici,1131.7053333333336,1360.6762983839358,15
user43531@paytm,4642.798333333333,13487.534711155156,12
user43533@oksbi,4990.594999999999,14435.7591631401,10
user43533@ybl,21424.641,51577.4513536878,10
user43534@paytm,10726.2475,14799.615114561178,12
user43543@paytm,21857.921818181818,50839.91924001587,11
user43548@ybl,11557.452777777778,41813.54456100865,18
user43557@paytm,1037.4470000000001,1799.0873522554584,10
user43578@axl,7464.917333333333,16993.241286634882,15
user4358@ybl,11088.099999999999,40274.567398202606,18
user43595@oksbi,16000.744615384614,28325.74814107376,13
user43598@ybl,27703.9725,61871.86193893414,16
user43600@oksbi,4523.4946666666665,9609.041846173446,15
user43604@ybl,10610.092727272728,30456.268244959298,22
user43607@okicici,31205.80304347826,63326.78733038079,23
user43614@paytm,8645.669230769232,14881.704176647838,13
user43616@okhdfcbank,6144.513333333333,13814.875017981094,15
user43623@oksbi,4644.987857142857,8801.2163507929,14
user43624@axl,18058.124444444446,36145.346656060414,9
user43642@okhdfcbank,2793.7658333333334,4771.872380491671,12
user43645@okicici,6759.920625000001,13592.22159872156,16
user43652@okicici,6169.273913043479,18647.89077206558,23
user43668@oksbi,770.7718181818182,1247.1749531145836,11
user43674@okicici,36377.251000000004,59284.100664054095,10
user43676@oksbi,4795.238888888889,11059.513184980766,18
user43678@okhdfcbank,3045.6499999999996,6530.489912031613,16
user43679@okhdfcbank,2152.9828571428575,1883.1584263387072,7
user43685@oksbi,10842.563571428573,31040.064014969328,14
user43687@paytm,20239.096428571425,52813.82289722522,14
user43712@okhdfcbank,7007.383333333332,14983.774316839188,12
user43718@oksbi,7848.696428571428,21741.197838430933,14
user43719@axl,20055.559999999998,44563.864595428335,15
user43722@okicici,4587.7935,7805.997266131698,20
user43727@paytm,10763.721333333333,16538.76605750513,15
user43733@okicici,9022.98090909091,12395.781302906611,11
user4373@axl,16650.7624137931,46341.55171314899,29
user43748@okhdfcbank,5340.43625,12985.474266434207,16
user43749@axl,19576.048125,53771.401543421605,16
user43752@ybl,1652.6114285714284,1560.5200549858969,14
user43770@okicici,4957.58125,7523.961445546463,8
user43771@axl,14665.103846153846,34754.539358873095,13
user43782@paytm,16116.351250000002,36570.60273074643,16
user43788@okhdfcbank,1519.328181818182,1765.5262231573804,11
user43808@okicici,10993.673684210526,16125.860578173877,19
user43814@okicici,25574.258,52297.36912826411,20
user43816@okicici,47585.05,131563.85295241396,9
user43818@paytm,11966.876363636366,20110.329021509024,22
user43821@axl,8437.150833333333,14727.896137672924,12
user43823@oksbi,29390.175555555557,63762.71244711816,9
user43828@paytm,10429.514666666666,19629.542887288488,15
user43832@axl,7632.661666666667,15942.48943734255,12
user43845@paytm,9460.254444444445,24384.82227606504,9
user43849@axl,21633.114615384613,45295.21892441052,13
user43853@oksbi,5724.687826086957,18011.164781120413,23
user4385@axl,3956.1684615384615,7510.042179863624,13
user43863@paytm,3930.2864285714286,6530.573327661453,14
user43865@okhdfcbank,959.6390909090908,1235.7796709644851,11
user43870@ybl,2660.9528571428573,4099.392945088011,14
user43874@okhdfcbank,6698.321875,12707.00369445303,16
user43875@paytm,20728.17,48338.68833729708,11
user43879@paytm,25267.834166666667,38379.406310731385,12
user43880@okhdfcbank,25558.96857142857,51390.38344085251,7
user43891@oksbi,8144.873846153846,15525.034488881465,13
user4389@paytm,4226.292083333333,9878.899124338739,24
user43903@axl,44065.40214285714,132390.3824323918,14
user43907@oksbi,1567.757,1878.3499014001627,10
user43913@oksbi,24127.579999999998,57056.772928538856,10
user43915@axl,26082.799230769233,47000.16352301154,13
user43918@okicici,12366.528333333334,36754.6716936216,18
user43919@paytm,22377.82294117647,39813.50379933857,17
user43923@axl,3228.3271428571425,4717.753171287305,21
user43929@okhdfcbank,36088.275714285715,70834.21529075735,7
user43929@ybl,1164.599375,1376.8226580426337,16
user43932@okhdfcbank,23910.88411764706,44792.605374344304,17
user43933@oksbi,14836.233571428573,36711.73619154016,14
user43933@paytm,9308.550714285713,20516.287919702114,14
user43940@okhdfcbank,19431.158,58037.7557116746,10
user43941@oksbi,12319.618666666667,36379.74290959872,15
user43942@okhdfcbank,1390.5076923076924,2495.588142950655,13
user43944@okicici,7744.020833333333,20894.256292179467,12
user43946@oksbi,12997.971428571429,28946.404585056276,14
user43946@ybl,15437.440714285713,18517.35774004881,14
user43951@axl,6004.0,13270.56033206021,13
user43963@ybl,4644.616470588235,11342.03248750689,17
user43965@paytm,10676.03642857143,20829.264995333484,14
user43968@ybl,8629.299285714285,28728.050564978224,14
user43982@axl,3522.392352941177,8790.203464231166,17
user43998@axl,5751.047500000001,16131.28286624365,12
user44001@okhdfcbank,973.2776923076924,2272.4393999369704,13
user44001@ybl,3137.5416666666665,7620.221014841586,12
user44005@oksbi,28544.967692307695,43261.14241914853,13
user44013@okhdfcbank,5077.122,11055.60584563734,20
user44016@ybl,16240.063,28355.719491893247,10
user44019@okicici,17880.788333333334,34470.22098925807,12
user44032@paytm,11551.620909090909,15902.987151694146,11
user44039@paytm,1564.824,2995.2396540644295,5
user4404@paytm,10084.995555555557,15052.74245870801,18
user44052@paytm,4289.904,8994.830881768228,15
user44056@paytm,5398.621666666667,9875.935138601204,24
user44059@okhdfcbank,18293.213,54541.56820859442,10
user44066@axl,11586.022307692308,30548.782577241698,13
user44066@paytm,9697.880588235294,23490.53199606319,17
user44074@okicici,4125.231818181818,8784.584543265342,11
user4407@paytm,2772.685833333333,6597.802390671744,12
user44088@ybl,5601.088421052631,10241.566067321095,19
user44094@axl,6900.829411764706,12701.836184414671,17
user44108@axl,13968.020666666667,42741.1111424485,15
user44116@oksbi,13123.5,44377.76554062268,14
user44125@okhdfcbank,4756.036153846154,10937.277975270736,13
user44129@oksbi,22340.645,48954.83418306129,16
user4412@ybl,4181.3533333333335,7702.679602839913,12
user44147@okicici,55489.111176470586,89008.4434679179,17
user44148@okhdfcbank,1631.8872222222224,1574.3247814177187,18
user44148@paytm,4773.236153846154,15499.338038555354,13
user44151@axl,10273.930833333334,15318.133310858293,12
user44158@axl,4787.32,11761.902936342523,8
user44158@okhdfcbank,16296.823,34335.20434006413,20
user44162@paytm,1226.639090909091,1250.8679048201257,11
user44169@axl,11757.595555555554,42288.37856671641,18
user44169@oksbi,8177.280714285715,20525.097805404926,14
user44205@axl,13365.820454545454,29735.11544201673,22
user44209@axl,1144.748181818182,1328.2197887384316,11
user4420@okicici,6022.095,11741.96713537259,26
user44220@okicici,5384.526111111111,11673.182236663932,18
user44221@okhdfcbank,14982.033000000001,24258.33893517171,10
user44225@okhdfcbank,7908.74375,19647.44244824315,8
user44226@ybl,31076.59352941177,60447.83193738051,17
user44240@paytm,20087.606999999996,46833.90649502512,10
user44246@ybl,5489.898461538461,10940.393895881787,13
user44254@axl,5321.754615384615,11675.241632794026,13
user44258@okhdfcbank,2917.395882352941,6747.914075917331,17
user44262@ybl,35426.081666666665,64654.38560901647,12
user44271@ybl,13631.021666666667,24532.556270967336,12
user44284@oksbi,9190.026249999999,31978.190619522735,16
user44286@paytm,5646.934444444444,13905.382823601181,9
user44298@okhdfcbank,25205.530833333334,55755.25445384162,12
user44303@axl,4766.189333333333,12710.305705970291,15
user44306@oksbi,18049.085000000003,46926.092802056395,12
user44307@paytm,4332.46,9577.250453557597,14
user44309@oksbi,14773.546875000002,39361.871258795734,16
user4430@axl,23409.645384615385,52329.14937505046,13
user44310@ybl,6410.163333333334,11223.49201136643,12
user44326@oksbi,1755.5400000000002,2447.2304688832983,14
user44333@paytm,9400.921176470589,20999.417622441902,17
user44351@paytm,5700.611176470588,11768.091380544618,17
user44355@oksbi,1619.0200000000002,2862.741991011415,7
user44356@ybl,3840.6963157894734,11198.304576646715,19
user4435@okicici,696.1762500000001,1179.4344236108316,8
user44361@axl,2827.9871428571428,8175.293876694235,14
user4436@oksbi,616.9029411764706,1098.1158135288185,17
user44370@paytm,13947.910000000002,16552.828214589466,12
user44371@okicici,9824.686666666668,17260.47773166849,15
user44372@paytm,5592.101000000001,11764.660174799828,10
user44390@axl,22622.080769230768,35309.35353516413,13
user44391@okicici,3549.2178571428567,8516.787370035883,14
user44395@paytm,24277.359166666665,44947.723382756645,12
user44397@okicici,6143.972666666667,10140.190136972966,15
user4439@axl,14220.073157894738,50200.78599393773,19
user44408@okhdfcbank,16899.284666666666,50140.160649812424,15
user44427@axl,5740.7846666666655,12863.150325189097,15
user4443@okicici,13307.475833333332,17138.69991581862,12
user44442@ybl,19646.73,53138.494455353175,12
user44454@paytm,11928.593684210524,38597.37515953934,19
user44459@ybl,4751.064666666667,9127.851575783918,15
user44461@okicici,19067.43666666667,42870.92567997532,15
user44463@oksbi,7814.637142857143,13885.216682867835,14
user44463@paytm,13418.55357142857,18607.94509293672,14
user44469@paytm,15719.121111111112,27614.986884251797,18
user44472@oksbi,8920.808823529413,17137.90758931822,17
user44481@paytm,1053.3453846153845,1291.5757301942938,13
user44481@ybl,7424.9857142857145,13562.559695211108,14
user44484@okhdfcbank,6233.823636363636,12561.411653324856,11
user44484@okicici,1154.7692857142858,2486.7806303933303,14
user44516@axl,4058.0535000000004,10256.06417351591,20
user44516@okicici,14001.672727272728,20349.179407555523,11
user44525@ybl,16698.04,37833.23159049858,13
user44526@okhdfcbank,7811.65625,15519.092858817432,8
user44527@okhdfcbank,14043.380952380952,30642.590523298437,21
user44539@okicici,7161.5869999999995,14071.868966480646,10
user4453@paytm,28766.06857142857,53053.35981638107,14
user44541@paytm,8055.768181818182,12383.970417020399,11
user44554@ybl,2675.703636363636,4231.6450669669175,11
user44555@okicici,6040.326363636364,10510.838273722295,11
user44563@okicici,18912.492857142857,63602.07626010302,14
user44585@oksbi,7708.751249999999,22263.670474911025,16
user44585@paytm,3489.5166666666664,7962.777909243314,12
user44596@okhdfcbank,9377.875714285712,13348.982037076656,7
user44601@axl,11308.94,26579.642724111247,16
user44601@paytm,9610.877692307693,15271.144614038789,13
user44617@oksbi,6791.039333333333,13407.974819683392,15
user44618@okhdfcbank,6491.523846153846,12181.272434679897,13
user44619@ybl,18088.068000000003,38883.71372875193,15
user44625@oksbi,4221.6106666666665,12637.909526299078,15
user44626@oksbi,8526.663333333334,12870.194742312566,9
user44642@axl,8427.432916666667,25152.463149771145,24
user44646@axl,22502.7075,37185.76165275583,12
user4465@okicici,15754.18,39341.94746502678,12
user44663@paytm,13693.550833333333,32011.64596338721,12
user44665@ybl,3643.036666666667,6751.389030398698,12
user44678@okicici,7211.629411764706,10787.50107230439,17
user44714@okicici,20847.018571428573,73011.45087829877,21
user4471@okicici,3719.8364285714283,7906.000816317271,14
user44723@okicici,22487.86181818182,45084.03974674714,11
user44730@okhdfcbank,4078.885,11781.287010018355,12
user44732@ybl,8776.906363636364,17677.86620103641,11
user44744@okhdfcbank,10578.589090909092,16536.808784681798,11
user44753@paytm,4326.305263157895,7831.271933154613,19
user44764@paytm,22593.6575,59535.11281466155,8
user44769@okicici,9300.86,16514.359046636215,14
user44790@okicici,7041.169333333333,14104.321723994219,15
user44791@axl,21197.140909090907,49031.510605043244,11
user44798@okhdfcbank,30918.32909090909,106020.78564551247,22
user44803@oksbi,8706.377142857144,21031.812070496533,14
user44822@oksbi,10787.802,20863.762870663148,10
user44826@oksbi,2272.017272727273,4302.751142081286,11
user44827@okicici,14552.395714285714,34465.724193404254,14
user44856@oksbi,11491.603157894737,27705.314164668252,19
user44856@paytm,6618.277777777777,13005.213074435553,9
user44870@axl,36252.14083333333,58509.0008077695,12
user44872@ybl,8671.006363636363,12482.74439010931,11
user44876@paytm,20722.53470588235,43343.984021396944,17
user44880@oksbi,15291.594210526315,26502.97422603112,19
user44884@ybl,7202.005,11766.453247166397,20
user44890@ybl,4114.6136,10374.30643327217,25
user44894@okhdfcbank,1587.7173333333333,2092.996976861057,15
user44909@oksbi,1134.5844444444442,1445.5685047422614,9
user44919@okicici,9613.316,17030.684217921487,10
user44919@ybl,5357.60625,13896.736161076444,8
user4491@okicici,5425.77,11721.76242265144,13
user44923@paytm,29586.103571428568,86413.08052516077,14
user44925@ybl,1648.107142857143,1641.7873744814196,14
user44934@okicici,4846.734375,8515.113367319678,16
user44937@paytm,15738.816666666666,39585.20000358749,21
user44939@paytm,10597.991764705881,25351.053079741145,17
user44949@axl,8016.548,16141.250541210156,15
user44949@oksbi,2346.052,5368.854592291942,15
user44950@paytm,8977.046666666667,17667.18389857544,21
user44952@paytm,15061.467777777776,40311.44111460659,9
user44954@ybl,7210.37,13727.195925005952,7
user44965@oksbi,7279.235555555555,24037.44765677608,18
user44978@okicici,22281.694166666668,49558.224272369276,24
user44988@okicici,25610.553571428572,28985.378937363897,14
user45013@oksbi,9447.485882352941,18989.70695166202,17
user45014@okhdfcbank,1303.4822222222222,2776.7228969451457,9
user45028@okhdfcbank,10940.063333333334,14082.700204947998,12
user45028@ybl,11449.600769230768,28036.601029257712,13
user45036@axl,5413.766666666666,15566.378492074178,15
user45041@axl,2911.8116666666665,4125.849890916617,6
user45045@ybl,18652.25111111111,44582.3080591762,9
user45049@paytm,13906.02923076923,36534.04035127798,13
user45064@okicici,35076.07,68547.02474791581,14
user45064@paytm,4076.2773333333334,9064.382751732555,15
user45066@ybl,19975.73125,44377.39511952031,16
user45078@paytm,10597.085000000001,24058.052763199812,26
user45111@ybl,1122.6790909090907,1602.2422992509876,11
user45112@ybl,9434.52923076923,17295.022467609702,13
user45115@oksbi,7253.024615384615,12321.275858005814,13
user45116@axl,21320.510555555556,50201.41265291018,18
user45130@okhdfcbank,18501.329999999998,52334.39330552313,14
user45131@paytm,4411.879,9037.608541611547,10
user45134@paytm,6011.946,12535.252629221497,10
user45135@axl,7101.670833333333,13651.848558716047,12
user45135@okicici,3645.504210526316,8832.234855257515,19
user45135@oksbi,9369.889333333333,15221.758842854559,15
user45139@okicici,3436.433571428571,6516.76106967447,14
user4513@okhdfcbank,13594.344444444445,28034.821883879726,18
user45140@ybl,6079.943529411765,9201.876196034658,17
user45143@okhdfcbank,8708.708333333334,15132.236466930059,12
user45148@okhdfcbank,1505.5384615384614,1396.0236876443405,13
user45149@ybl,16871.785,47767.912639942064,12
user45159@axl,2468.97875,4436.421830595455,8
user4516@axl,5085.437142857142,8931.187562845236,21
user45179@axl,15589.34,38848.44140424882,14
user45194@axl,34943.49916666667,49507.99000591658,12
user45199@okicici,21438.116363636364,59284.191497526095,11
user45223@paytm,30643.945454545457,51496.54890748105,11
user45225@paytm,10462.431333333334,17821.14364576883,15
user45237@okicici,14123.358333333334,39907.5487094417,18
user45238@paytm,9847.98,24739.293302692244,13
user45239@ybl,16510.976363636364,39598.318595552584,11
user45247@okhdfcbank,26343.12875,59203.334696982456,8
user45247@ybl,16134.072222222221,40423.166183853275,18
user45252@okicici,8742.853333333333,30725.319771780483,18
user45254@okhdfcbank,16408.892499999998,40726.72643698911,12
user45254@ybl,9465.748125,16628.918160092966,16
user45261@oksbi,11983.919411764706,28312.796922862562,17
user45262@oksbi,7794.611428571428,14076.204274251064,14
user45264@axl,13036.171666666669,39646.80143664093,12
user45291@oksbi,9748.471,17716.622323914686,10
user45306@axl,25305.13846153846,42622.93051609972,13
user45308@paytm,30548.482222222217,66523.56985427624,9
user45324@okicici,6646.122727272727,12830.545332878952,11
user45327@paytm,16740.145,41066.14705867434,16
user45328@paytm,16801.00083333333,52377.5790003213,12
user45331@axl,12973.314285714285,28930.075331620355,7
user45331@oksbi,23700.132857142857,36949.246631030444,14
user45333@ybl,11796.269999999999,41775.6821943303,15
user45348@okhdfcbank,21517.056875,49112.80312742082,16
user45354@okhdfcbank,25028.710625,52869.513148629805,16
user45358@oksbi,8292.62,16859.029561129475,17
user4535@paytm,15316.012941176468,56203.8904202031,17
user45363@okhdfcbank,16415.89,23291.108612211872,9
user45369@oksbi,14742.52875,27939.771064675737,16
user45377@oksbi,6821.098666666667,14113.98959221507,15
user45386@okicici,7081.136666666666,10879.475381833337,18
user45386@oksbi,4152.961578947368,9931.850500629705,19
user45387@okhdfcbank,14600.075,41178.67993907853,20
user45387@oksbi,1639.209090909091,1866.9653524018838,11
user45397@paytm,2843.681578947368,9286.052791308564,19
user45406@paytm,4596.2175,8899.642888260421,8
user45409@axl,12979.764545454544,40081.30551970293,22
user45411@okicici,3501.1636363636367,8654.344398280291,11
user45413@okicici,13767.954705882354,33829.244279262486,17
user45414@axl,9224.771333333334,13815.286507923474,15
user45415@oksbi,34058.758,53608.310291373,10
user45420@okhdfcbank,11463.417500000001,16579.221626955572,12
user45425@axl,4846.608888888889,8807.87579608932,9
user45433@axl,14773.614375,42219.31486940228,16
user45435@okhdfcbank,8016.735263157895,14157.470275256479,19
user45439@okhdfcbank,17516.460909090907,39063.14689635985,11
user4543@okicici,12088.368461538463,22729.491862345876,13
user45440@okhdfcbank,2413.959,4290.729053245774,20
user45458@paytm,26202.4025,61347.078142581806,12
user45460@paytm,17235.43,39120.34091443245,13
user45462@okhdfcbank,14122.932142857144,18602.4354629421,14
user45464@paytm,18963.134,36999.995807496445,15
user45472@ybl,8566.387692307693,12260.582398643191,13
user45482@okhdfcbank,4924.639999999999,10416.978012365198,13
user45484@axl,38737.455,74793.28520819117,14
user45498@paytm,20656.476428571426,48372.55713998949,14
user45512@ybl,8484.98142857143,20499.402756851556,14
user45516@axl,19333.08066666667,38807.799876708785,15
user45518@okhdfcbank,9716.433684210526,20396.803034132638,19
user45523@oksbi,16038.067222222224,44869.29500327405,18
user45527@axl,3363.125333333333,4834.773883645833,15
user45535@axl,8776.659999999998,14995.540129235089,9
user45535@okicici,44063.944285714286,71743.13434156698,7
user45547@ybl,11722.647500000001,35469.820753176165,16
user45553@paytm,4103.515454545454,11115.987101305367,11
user45563@axl,9850.04947368421,14982.422005853865,19
user45565@oksbi,13465.29181818182,40115.43844000283,11
user45569@axl,14361.25153846154,24472.79540798546,13
user45589@paytm,5021.017647058824,9457.11234544042,17
user4558@okhdfcbank,5344.3629411764705,11644.623730613179,17
user45602@paytm,8551.317272727274,13096.239779150419,11
user45605@axl,11136.063846153847,29591.811273291052,13
user45610@okhdfcbank,4906.285555555556,10630.400322977153,9
user4561@okicici,3462.4738888888887,5915.368788792899,18
user45623@paytm,16096.28052631579,26518.118736538832,19
user45629@paytm,8244.21,12246.937705846307,11
user45638@axl,1422.7459999999999,1428.7907905653803,10
user45645@okicici,5122.185454545455,9934.176020494468,11
user45645@ybl,14502.41230769231,40210.93342845185,13
user45648@axl,14096.832142857142,19348.247768004203,14
user45653@paytm,44607.013333333336,77761.75353617125,12
user45673@axl,10748.663125000001,31812.258798190513,16
user45674@axl,19889.38263157895,46033.64070427467,19
user45678@okicici,13758.374285714284,23585.702996138833,14
user45695@okhdfcbank,7370.324666666666,12722.818421242691,15
user45706@okicici,11114.331538461538,15496.53412890758,13
user45721@axl,29010.360909090905,53938.86159851753,11
user45722@paytm,365.3807692307692,487.7914825425159,13
user45724@paytm,1248.7459999999999,1450.2852899818631,10
user45724@ybl,16230.392500000002,53300.372371936515,12
user45732@okicici,10689.97,26499.54922057826,17
user45738@ybl,28616.486923076925,66972.53245887058,13
user45739@axl,7432.576111111111,15354.53275999675,18
user45755@oksbi,13359.71357142857,44654.46646071685,14
user45757@okhdfcbank,8918.131,16382.595408321771,10
user45757@okicici,4247.101333333333,8823.535129383774,15
user45760@okhdfcbank,15496.948,46429.0399015441,15
user45769@okicici,2762.5042857142857,2043.1522499466125,7
user45772@ybl,6781.4054545454555,13291.274897779645,11
user45783@paytm,24897.770625,53990.146293814825,16
user45786@oksbi,13254.166999999998,25064.976520816206,10
user45788@paytm,7776.579999999999,14708.021254242189,11
user45789@okhdfcbank,17942.773076923077,30993.769444890957,13
user45811@oksbi,14038.3,40444.161645183005,14
user45813@axl,6767.7884375,29662.267519612942,32
user45814@axl,15002.994999999999,47270.39114236306,14
user45816@ybl,3391.375,5165.7442951411485,10
user45825@axl,6414.367142857142,9288.31679533979,14
user45839@okhdfcbank,9398.264666666666,18840.287539125475,15
user45843@oksbi,9210.789999999999,31662.61233368051,17
user45857@oksbi,13993.863333333333,22262.16257726153,15
user45859@okhdfcbank,7328.90935483871,18064.89934187215,31
user45864@okicici,3730.0636363636363,8840.373094594222,11
user45871@axl,14180.035454545456,38055.68359018936,11
user45876@okhdfcbank,2063.0780000000004,2278.902447713765,20
user45891@oksbi,1262.3223076923075,2652.545831948224,13
user45900@okhdfcbank,4153.333333333333,6021.503845212313,6
user45910@paytm,17416.08846153846,47691.631224626624,13
user45912@okicici,19202.409999999996,45006.67131003152,15
user4591@okicici,29933.20909090909,47282.4969617332,11
user45921@ybl,13528.970000000001,32417.920446955355,20
user45936@okhdfcbank,25766.46375,56019.03320471201,8
user45942@oksbi,30319.330714285716,56173.9147494665,14
user45948@axl,8839.655,13483.54918457711,6
user45950@okhdfcbank,7226.9259999999995,14070.932319990738,10
user45965@okicici,5457.986923076924,11385.520921209814,13
user4596@okicici,17898.45875,47365.94523984222,16
user45976@paytm,6867.505,14117.023394853935,16
user45980@ybl,2005.577857142857,1771.6828650062046,14
user45989@ybl,5652.220454545454,12857.255813252827,22
user4598@okicici,7871.775,10823.363511516547,10
user45990@axl,1978.8927272727271,4142.207656866302,11
user45999@oksbi,4164.901,8402.375328984126,10
user46000@paytm,18881.538125,48764.57941014335,16
user46002@okhdfcbank,7235.25125,17204.00324265833,16
user46004@ybl,12260.095333333333,32537.827682536536,15
user46017@axl,15096.737857142856,42615.332748092,14
user46026@oksbi,2933.0557692307693,7077.873371399729,26
user46028@okicici,18966.653846153848,31101.2817845357,13
user46028@oksbi,28332.784545454546,76301.54434346533,11
user46033@axl,13465.01947368421,36030.28438953565,19
user46039@paytm,21896.842666666667,52599.69733088579,15
user46046@ybl,5598.740833333333,11025.982007590863,12
user46066@paytm,6059.078666666667,11430.664944069069,15
user4606@paytm,5369.294615384615,10754.077420075462,13
user46084@okicici,3068.206666666667,3570.083543797556,18
user46095@paytm,6383.9392592592585,18249.119135781686,27
user46096@ybl,7297.490833333333,13184.623627391567,12
user46106@oksbi,19844.769230769227,55343.406728586684,13
user46113@okhdfcbank,1326.961875,1540.4065027787037,16
user46117@ybl,10357.9225,22201.885621456946,12
user46124@ybl,33645.98,63700.74284256442,11
user46156@ybl,21907.271,51037.9123421291,10
user46167@okicici,1549.7,1821.121965785561,10
user46177@paytm,3667.8680000000004,6139.0528644946535,15
user46178@okhdfcbank,4079.7153846153847,11177.798688593693,13
user46186@ybl,14340.345652173914,36699.5341582337,23
user46201@paytm,14304.53875,20598.076195182522,16
user46203@oksbi,18975.096923076926,52773.02254275117,13
user46210@axl,9795.606428571427,17175.51120808506,14
user46211@axl,16991.3775,45610.05509686057,12
user46212@ybl,12490.110909090909,29262.37266440794,11
user46213@paytm,5925.027857142858,10631.272217117239,14
user46215@okhdfcbank,4731.62,10903.073840610272,10
user4621@okhdfcbank,29254.969999999998,61137.197636884695,11
user46226@paytm,33247.39266666667,60894.35430668729,15
user46227@okhdfcbank,5645.249090909091,13473.014648162789,11
user46232@oksbi,17587.937777777777,46065.97499812615,18
user46236@ybl,11762.009999999998,32160.769184083798,8
user46241@axl,7365.43875,18463.201831560942,8
user46242@okicici,15247.735454545455,28959.838702810262,11
user46246@axl,12393.452,29946.495257813967,15
user46253@paytm,27294.13916666667,61273.543493859266,12
user46254@okhdfcbank,29601.717857142856,59920.05915762243,14
user46256@okhdfcbank,3771.13625,4887.6294733890245,8
user46264@okhdfcbank,4034.4033333333336,7546.339134598644,9
user4626@paytm,6488.276111111111,11010.36145714419,18
user46270@axl,1077.6119999999999,1346.2515885133569,20
user46272@axl,6143.809230769231,13930.689992060372,13
user46276@okhdfcbank,26380.581,54245.78396844587,10
user46278@oksbi,13488.353076923077,25087.352661277815,13
user46283@okicici,1909.8045454545454,3548.3568525230485,11
user4630@axl,26053.204285714284,54123.547765280025,14
user46312@axl,8602.306923076922,18263.289305013568,13
user4631@axl,11989.570555555556,32376.85049862987,18
user46320@ybl,25398.022222222222,47811.24936383743,9
user4632@axl,20664.444545454546,38637.69471321248,11
user46337@okhdfcbank,4140.6107142857145,8382.724822769986,14
user46349@okicici,16850.269285714287,37620.68038743717,14
user46350@okicici,32406.78590909091,49014.109654459186,22
user46371@oksbi,10388.795833333332,27409.980870618994,12
user46379@okhdfcbank,15177.530555555555,40909.71701208628,18
user46380@ybl,24613.631538461537,76828.27724034662,13
user46382@oksbi,7049.793846153847,16008.201386699433,13
user46397@oksbi,1755.2385714285715,1830.4666501143777,7
user46406@okicici,33035.457777777774,61178.67958625787,18
user46409@axl,18689.477272727272,26795.920312316237,11
user4641@okhdfcbank,13464.175714285715,23470.946403266924,7
user46420@oksbi,13887.013333333332,34237.47445512008,18
user4642@okhdfcbank,12354.458235294118,34985.46954649016,17
user46436@oksbi,13013.281333333334,25434.30988948501,15
user46439@okhdfcbank,20615.15818181818,47726.51657363731,11
user46440@paytm,21887.073333333337,54465.820377172946,15
user46445@oksbi,662.422,734.4325198228448,10
user46468@ybl,6662.89,12546.429374806205,14
user4646@ybl,10439.4825,25265.112612578174,12
user46475@okhdfcbank,8672.54117647059,12958.901367353583,17
user46482@axl,7973.910769230769,14217.380112433082,13
user46499@paytm,21456.245000000003,53460.51120793115,18
user46500@oksbi,19069.78153846154,33822.843796062545,13
user4650@okhdfcbank,17688.593529411766,42890.51267415717,17
user46510@oksbi,23828.338181818184,57564.119736441695,11
user46525@paytm,7692.505384615385,15016.962540014329,13
user46528@oksbi,5593.840625000001,9347.781519013994,16
user46530@oksbi,12491.833529411764,27538.31445585789,17
user46532@ybl,13399.617142857142,24801.663639093127,14
user46536@paytm,6967.00909090909,12137.229052817991,11
user46539@okicici,12364.293333333333,20276.264677629235,9
user46541@ybl,10891.0655,17031.133688545524,20
user46543@oksbi,8012.6892307692315,11153.517262340358,13
user46543@paytm,21557.834782608697,44542.31185650845,23
user4654@ybl,13481.241333333333,34083.2990799262,15
user46558@oksbi,20090.750555555554,44333.15261153514,18
user46565@okicici,3451.3566666666666,8861.104198369016,18
user46587@okhdfcbank,17206.170833333334,37740.58784588682,12
user46591@axl,5224.700833333333,14156.089145431028,12
user46592@okicici,4485.76,12701.771944638933,13
user4659@okicici,5331.680909090909,10977.085658320659,11
user46603@paytm,16451.393846153846,26660.54760392921,13
user46607@okicici,7546.021000000001,13624.15036946057,20
user46615@axl,3410.20347826087,10620.6499596646,23
user46619@ybl,1531.8535714285715,1638.1283974031376,14
user46641@oksbi,8298.980000000001,21079.26070362763,15
user46647@okhdfcbank,14035.015294117647,23375.400878502893,17
user46647@ybl,9354.193125,31771.744316174336,16
user46648@okhdfcbank,10474.323999999999,13946.393442866356,15
user46648@paytm,15125.582631578947,25768.564332615482,19
user4664@paytm,24099.098125,52261.27435043916,16
user46667@axl,5934.495,9329.167049377707,20
user46671@ybl,25613.808571428573,51605.73638607808,14
user46679@axl,3841.3,8828.019915619683,10
user46687@axl,5647.698125,12844.930447850737,16
user46689@axl,5445.480833333333,15596.016574152083,12
user46702@axl,4271.612083333333,7404.979177142423,24
user46704@axl,23721.966666666667,81329.34144433514,18
user46708@okhdfcbank,1001.2882352941175,1422.6886604253727,17
user46712@oksbi,24696.652941176468,45902.0924242091,17
user46714@axl,3907.897272727273,10178.043531703028,11
user46717@ybl,16003.754705882355,32023.77296120788,17
user46734@ybl,18025.641666666666,39741.151992795676,12
user46740@axl,5366.715,13205.380676396133,12
user46747@okhdfcbank,6403.453636363635,11397.289830189695,11
user46752@axl,10719.173636363637,13980.708285237393,11
user46758@okicici,21448.04533333333,36412.34350450993,15
user46760@okicici,3762.0385714285717,6030.74884997372,14
user46761@axl,28342.610555555555,53825.229951286776,18
user46765@ybl,5775.348333333332,11657.679487495732,12
user46771@ybl,8682.345,18734.942145664365,12
user46772@okicici,31357.370714285713,50489.8117549262,14
user46783@okicici,31510.612666666664,60666.76106964333,15
user46784@okicici,9825.182857142858,17442.352095775113,7
user46798@ybl,16241.01625,50119.70231572117,16
user4679@paytm,16249.527500000002,31083.10112826498,12
user46800@okicici,22517.955714285716,54835.6134111717,14
user46802@okicici,14085.337333333335,38750.21501434439,15
user46807@okicici,34741.446,66837.93521189604,15
user46809@oksbi,8991.631538461537,13675.34328707805,13
user46814@ybl,8757.435384615384,14256.794998468049,13
user4681@okhdfcbank,18985.98785714286,41305.42538165401,14
user46833@ybl,14446.301428571429,46130.88824224458,14
user46836@axl,5413.988,11266.394372053175,15
user46838@okhdfcbank,9920.911,16588.5824964612,10
user46838@okicici,2276.2935294117647,5519.222040950315,17
user46853@okhdfcbank,14539.692352941176,47084.04599874218,17
user46865@oksbi,43711.233,71845.82655328176,10
user46875@paytm,5324.429999999999,9043.996488818426,11
user4688@paytm,4342.572727272727,11508.01367736595,11
user46890@oksbi,1388.2109090909091,1616.7424862386374,11
user46893@okicici,13700.688235294117,24015.633348131076,17
user46896@ybl,3791.43,7483.219991341369,19
user46913@axl,4534.8505,7836.128959885255,20
user4691@ybl,24589.053,38310.997648393066,10
user46924@okicici,9767.061818181819,27960.250656727243,11
user46927@axl,2547.516,4783.357514803353,15
user46929@okicici,19922.805714285718,45244.228400673666,21
user46939@okhdfcbank,6560.215454545454,12741.948779807086,11
user46968@okicici,11105.128333333332,30543.776017998356,12
user4696@okhdfcbank,10766.201111111113,14877.571574413148,9
user46971@okhdfcbank,24026.289999999997,52608.46011545602,12
user46987@ybl,20037.828499999996,45441.83217607495,20
user46991@paytm,15623.24375,34155.47232187249,8
user47002@axl,33589.18,64185.684459673124,14
user47008@okicici,33590.78888888889,86095.94005033925,18
user47009@ybl,9362.316818181818,23743.83144034445,22
user47015@axl,5231.121052631579,12627.988336968841,19
user47015@oksbi,16319.417142857144,35875.23929521016,14
user47022@okhdfcbank,5796.7014285714295,10735.482477928297,14
user47023@paytm,5666.935294117647,12416.937256297404,17
user47032@ybl,2118.8958333333335,3254.7619810684055,12
user47037@oksbi,16198.2575,40051.483907863825,12
user47040@okicici,17176.497,38216.09742300315,10
user47041@ybl,4781.876,11863.542949709605,10
user47053@okicici,5872.8490909090915,13445.603010735855,11
user47057@okhdfcbank,17862.854166666664,49938.31745306102,12
user47060@okicici,5834.140714285714,16015.246728374648,14
user47069@paytm,3966.7958333333336,11015.115438661762,12
user47073@axl,8415.967647058824,15048.92010263757,17
user47092@okicici,4455.095263157896,15219.918228306167,19
user47097@axl,8115.174615384616,14253.708912202826,13
user47098@okhdfcbank,11592.544615384617,24537.603289364746,13
user47099@okicici,18391.074285714287,42848.76906262692,14
user47099@oksbi,2898.493,3318.1253009494853,10
user4709@oksbi,19845.681538461537,48981.35358980596,13
user47101@ybl,3300.217142857143,10784.839244090916,14
user47103@paytm,1929.398,1612.8424486931965,10
user47104@oksbi,5069.467083333333,9626.44191738544,24
user47105@oksbi,1896.8133333333333,3898.9941846779384,15
user47111@okhdfcbank,2762.575294117647,4748.937268479283,17
user47116@oksbi,29406.20095238095,46035.61938000312,21
user47118@ybl,8155.592,14277.622144010647,20
user47121@paytm,24599.67125,44025.410133017,8
user4712@ybl,14652.00611111111,20497.69516048462,18
user47142@axl,1796.875,1953.2731322591717,10
user47144@okicici,732.2845454545454,1394.6972064958304,11
user47146@ybl,19360.307272727274,36312.26763929653,11
user47151@oksbi,3524.5987499999997,7443.433389458,8
user47154@paytm,15714.145625000001,37625.9894073576,16
user47156@okicici,8955.2325,20922.682071986055,16
user47157@oksbi,17623.047777777778,29148.748773357227,9
user47163@okhdfcbank,4504.306216216217,14293.136186017817,37
user47163@paytm,21901.632999999998,40229.39704935131,10
user47167@axl,11675.763846153846,38441.24371923047,13
user47169@axl,21762.055,30845.218384073167,14
user47172@ybl,17870.244166666667,57379.79422203024,12
user47175@okhdfcbank,7160.062777777777,11629.59490359569,18
user47182@ybl,12634.19375,24728.79018773216,16
user47193@okicici,11329.91857142857,17066.74134872861,21
user47197@paytm,13469.690666666667,45197.65386041965,15
user47202@okicici,886.2391666666667,1530.7878969784176,12
user4720@paytm,3145.2035714285716,7811.504452357047,14
user47211@okhdfcbank,16925.1325,37951.43840141565,16
user47214@ybl,7588.117333333333,13610.10214592322,15
user47216@paytm,3299.435,7309.851351977001,8
user47218@ybl,12150.028,28980.097275334327,10
user47219@okicici,5245.0525,13599.229429635894,12
user47220@paytm,11851.419166666667,21130.845276513086,12
user47223@okicici,16338.980000000001,21323.16222334061,5
user47228@okhdfcbank,20465.6775,35414.59915998822,12
user47229@axl,9387.722777777779,21107.39373802956,18
user4722@okhdfcbank,9232.135,30893.70683806674,14
user47233@okhdfcbank,5328.714615384616,12861.299256677385,13
user47240@ybl,20615.498000000003,49076.61882308959,15
user47246@okhdfcbank,817.0372727272727,909.3290821929199,11
user47246@ybl,14581.888095238097,38982.27464257564,21
user47250@axl,8754.192222222222,26343.315963460493,18
user4726@axl,14777.01,40269.47891542648,10
user47271@axl,8489.019285714287,15182.58392721307,14
user47287@oksbi,2227.2707142857143,3178.738799026733,14
user47289@axl,9678.334166666667,17096.074788768678,12
user4729@okhdfcbank,23449.574347826085,41782.93270416825,23
user47300@axl,17750.94777777778,39008.1916082801,9
user47305@axl,10467.156875,35395.81732406937,16
user47309@okhdfcbank,6029.608461538462,12014.429775106437,13
user47313@axl,13781.879333333334,34792.26215715489,15
user47330@okhdfcbank,6426.452307692308,11665.103845958076,13
user47332@axl,13411.83,19038.237133205766,9
user47335@oksbi,13563.352,27140.389370848647,15
user47336@paytm,7416.781666666667,14868.486374765213,12
user47359@okicici,89215.06749999999,144074.95358758565,8
user47365@okicici,4936.786923076923,10046.11148180096,13
user4736@ybl,26299.140000000003,71963.14335872977,14
user47371@axl,6971.953333333334,12698.643693972157,18
user47389@ybl,6323.3263157894735,10945.014077785583,19
user47403@axl,20656.395,43858.63321910698,12
user47404@paytm,13681.721818181819,39444.57942906473,22
user47412@axl,6196.1641666666665,11354.020014325291,12
user47413@okicici,8322.25818181818,13703.688802223889,11
user47418@okhdfcbank,13414.197647058823,26303.85389461127,17
user47418@paytm,2608.43,5049.705613348734,8
user47427@axl,32250.665833333336,45938.43787242453,12
user47433@oksbi,1757.6122222222223,2003.848703194541,9
user4743@ybl,13478.06,47377.65121156469,14
user4744@okicici,7881.7935,14545.726908380046,20
user47451@axl,4369.07125,10350.586347451099,8
user47473@okhdfcbank,16892.19384615385,43631.27717221224,13
user47479@paytm,21712.07875,44044.710910358364,8
user4747@ybl,13271.9345,27576.038020900163,20
user47486@ybl,19493.354444444445,18528.148634581055,9
user4748@axl,23275.90111111111,41898.69318388468,18
user4748@okicici,11475.285555555556,32579.202056586608,18
user4748@oksbi,13511.091,24078.867373231587,10
user4749@okicici,8312.087142857143,11346.237298326923,14
user47501@okhdfcbank,4285.81,8146.513107072253,11
user47501@okicici,13007.004285714285,39910.90245040526,14
user47505@oksbi,7257.3460000000005,14266.222053111427,15
user47511@okicici,12326.650666666666,28650.59758991686,15
user47514@okhdfcbank,9706.292222222222,11516.101077428266,9
user47514@oksbi,5336.426666666666,13375.854229969584,15
user47525@paytm,36520.31888888889,66719.49770328637,9
user47531@ybl,10464.653750000001,16789.84019411655,16
user47539@axl,26914.478333333333,63115.00349893891,12
user47540@oksbi,6591.706,10959.958566401,10
user47540@ybl,1242.0816666666667,1187.5513620625704,6
user47542@okhdfcbank,10067.844000000001,15657.907482009918,10
user47546@okhdfcbank,18507.994444444445,32920.88197556846,18
user4754@okicici,3349.85,6356.778124923496,18
user47553@oksbi,9661.396153846154,15988.785386060723,13
user47553@ybl,15234.191,39207.72556254003,10
user47562@axl,11669.117272727273,20277.871731469797,11
user47566@ybl,9808.081666666667,16113.4251056795,12
user4756@axl,1239.508125,1541.0456170674886,16
user47571@paytm,5622.882,11872.590252371494,10
user47576@okicici,23246.384444444444,47666.813160037,9
user47600@ybl,827.769,1306.5460020599694,10
user47607@axl,2742.5719999999997,5933.391374258813,10
user4760@axl,2502.4245454545453,5149.789725960399,11
user47619@okhdfcbank,15772.212857142858,37489.36215750531,14
user47622@ybl,6235.054375,12174.927797575348,16
user47624@axl,34093.61692307692,57822.622727950424,13
user47628@oksbi,14397.225454545456,40861.84107721294,11
user47638@paytm,27195.63923076923,46836.83285704042,13
user47646@paytm,7311.9710000000005,14155.815117249284,10
user47648@okicici,670.504,767.1867973635162,10
user47659@axl,17717.601818181818,49265.09826112576,11
user4765@okicici,9421.969166666666,16616.8411690864,12
user47660@axl,14988.831764705881,31344.485684630643,17
user47665@paytm,6168.8175,9963.900417828017,16
user47675@ybl,9233.24,15928.220192199755,8
user47686@oksbi,1444.759090909091,1394.412315812325,11
user47691@ybl,5299.733333333334,10926.80292527851,9
user47694@paytm,11068.961333333335,24789.27026116999,15
user47705@ybl,3792.522352941177,10845.857925676357,17
user47707@okhdfcbank,10489.044,16025.757504538467,10
user4770@okhdfcbank,20270.42666666667,47471.83451263717,15
user47710@okicici,29920.20666666667,48543.1658649068,15
user47715@paytm,17719.72333333333,40545.264538749354,15
user47716@okhdfcbank,34780.325,68357.7842047598,6
user47717@paytm,6737.234117647058,13872.94165120409,17
user4771@paytm,8629.129333333334,26610.445949665136,15
user47728@ybl,12815.672666666667,18046.16528510597,15
user47732@okhdfcbank,20551.398571428574,51743.52187077333,14
user47732@oksbi,25484.519999999997,57983.74342024996,11
user47733@okicici,29195.745833333334,50077.88728557154,12
user47733@paytm,1332.935,1571.8069935682306,6
user47737@ybl,12504.979583333334,27904.439730962633,24
user47738@ybl,10028.994736842105,26715.619787877396,19
user47751@paytm,7892.030000000001,14789.327243241998,17
user47754@okhdfcbank,5636.610999999999,9434.783014011327,10
user4775@okhdfcbank,15605.190555555555,30602.286693540416,18
user4775@okicici,24873.688095238096,46906.39156967136,21
user47760@okicici,964.3736363636364,1067.5321825244682,11
user47761@okicici,5034.7225,11815.513311602537,12
user47762@paytm,4402.816666666667,10670.315066068419,15
user47766@okhdfcbank,5691.158000000001,12235.50114781918,10
user47798@paytm,17627.99111111111,24657.352590742306,9
user47799@ybl,25870.58,44502.26201907586,18
user47804@ybl,30494.507,55913.716942224884,10
user47806@axl,13478.934374999999,43203.264853111425,16
user47815@oksbi,13286.543529411763,20141.82422668747,17
user47819@okicici,27088.103333333333,56429.79981690756,12
user47825@paytm,14934.310000000001,31103.35809509803,19
user47828@oksbi,8064.708888888889,16001.03698248839,9
user4782@okicici,4076.187692307692,10995.744064908444,13
user47830@axl,17137.108823529412,31757.183137835105,17
user47835@oksbi,720.5563636363636,1379.9322928772465,11
user4783@oksbi,8351.178461538462,16994.106204125026,13
user47840@paytm,14841.99789473684,36243.5089455857,19
user47843@okhdfcbank,7167.719166666667,11206.145215486546,12
user47850@oksbi,8457.49,13699.316792908568,10
user47851@axl,6040.853333333333,12611.224976514968,9
user47854@oksbi,4560.95,6260.669031593188,17
user47857@paytm,5264.96,8256.276863776635,13
user47870@okicici,21799.016666666666,36557.24975709652,12
user47874@okicici,4202.642631578948,8414.17176372355,19
user47881@axl,14032.242352941177,34480.1454621019,17
user47900@paytm,8432.223157894736,23076.662549647917,19
user47910@okhdfcbank,808.7342857142856,1222.7080861175093,14
user47922@oksbi,7508.3325,16792.635891414033,16
user47926@okicici,12062.534615384615,26358.82145354208,13
user47930@paytm,18068.473636363637,38629.38843448192,11
user47936@axl,17107.067368421052,37017.05208745662,19
user47940@axl,2864.1204347826088,4783.217584040796,23
user47947@axl,44427.79214285714,58476.468851928046,14
user47950@axl,7346.611538461539,15119.86434806865,13
user47959@oksbi,8654.181538461538,15100.104124938369,13
user47975@okicici,35343.93260869566,58005.53371511661,23
user47976@axl,14494.856,41868.19131598068,10
user47978@ybl,18503.195,38419.52765015977,18
user4797@axl,19224.49,32788.78156036574,11
user47994@okicici,5642.599999999999,17298.13917105504,19
user47996@oksbi,6991.091333333334,13946.827327958787,15
user47999@paytm,9451.192,32402.908166877034,25
user48003@ybl,13839.75,23703.22174003399,11
user48006@okicici,12224.948333333334,26652.516293097946,12
user48013@oksbi,5803.615555555556,8068.026997036064,9
user48014@okicici,12948.345714285713,46965.130874818635,14
user48020@okhdfcbank,19402.596666666668,52968.438672901735,12
user48037@okhdfcbank,1842.7818181818182,2422.3455829291497,11
user48042@okicici,9558.745882352941,24594.513269822004,17
user48046@okicici,39384.016923076924,71262.19055537871,13
user48055@oksbi,21897.22333333333,38188.24007675337,15
user48057@okhdfcbank,8018.426923076923,24136.581271443345,13
user48058@okhdfcbank,4751.548333333333,9969.144291497947,12
user48064@okicici,35406.56357142857,64357.41465631525,14
user48068@paytm,5646.888000000001,23949.109968129815,25
user48076@oksbi,7836.331428571429,16210.4923228354,14
user48078@ybl,637.634,591.0169992732866,5
user48085@paytm,19446.04666666667,35334.65074574404,15
user48093@oksbi,6252.684375,13724.956155519027,16
user48096@okicici,4641.295714285715,9539.11202180767,14
user48098@okhdfcbank,4117.972222222223,9422.598279346543,9
user4809@okicici,6657.52705882353,15791.359744614205,17
user48101@oksbi,7745.344545454546,21087.00645896632,11
user48109@axl,4355.18125,9878.368068171232,16
user4810@axl,13394.364736842104,29563.995891658935,19
user48111@paytm,11087.519285714287,36789.25906426943,14
user48113@paytm,12897.824166666667,18842.297475038085,12
user48118@axl,2871.5215384615385,6202.3696114010145,13
user4812@oksbi,14556.612857142856,30470.642316469253,14
user48135@okhdfcbank,8840.609,31437.494822699064,20
user48147@paytm,2657.8733333333334,6827.543728090496,12
user48153@okicici,17816.484285714283,49246.977423332246,14
user48176@paytm,3790.0734782608697,7847.15458300512,23
user48195@okicici,12749.597272727273,17508.59346174163,11
user48202@okicici,15779.218666666666,41271.97999113527,15
user48204@okicici,22634.0325,44275.79588429499,16
user48218@okicici,12093.191428571428,38579.60891865045,14
user48221@paytm,13431.279444444444,26611.72896323757,18
user48224@okicici,5263.238888888888,12937.316732111072,9
user48234@axl,10843.363333333335,30344.823774650595,9
user4823@oksbi,2637.619090909091,6209.210239032747,11
user48241@oksbi,5409.398,14774.96092402121,20
user48249@okicici,8011.649411764706,21330.155367904164,17
user48254@ybl,5111.24,9079.397429303885,9
user48258@okhdfcbank,13372.73625,35479.092802714884,8
user48279@okicici,3444.2166666666667,6543.154090045636,15
user48280@paytm,25830.20904761905,53671.90475993971,21
user4828@ybl,16559.032857142858,26453.707055673523,14
user48291@okhdfcbank,6736.988571428571,16181.919649280828,7
user48295@okicici,17853.92058823529,28014.695613208856,17
user48295@paytm,4476.851538461538,9630.428680243025,13
user48299@okhdfcbank,8475.931428571428,12450.012656111945,7
user48299@oksbi,10316.241666666665,17933.985747752537,18
user48304@okhdfcbank,7449.444615384616,19853.863295244588,13
user48307@okhdfcbank,6405.85125,15447.600987783033,8
user48315@axl,20807.18888888889,36947.811238519746,9
user48322@okhdfcbank,5994.36,14311.53355210405,10
user4832@axl,12585.596176470586,24253.036987011823,34
user48333@okhdfcbank,28117.117857142854,58162.52475813167,14
user48340@ybl,20356.423636363634,46409.083967272236,11
user48356@oksbi,5595.219473684211,11667.503793102007,19
user48361@ybl,12747.072941176471,20240.002011714874,17
user48362@paytm,5341.231428571428,11216.4562379333,21
user48365@oksbi,4168.4193749999995,10966.258521884582,16
user48367@okicici,13764.723846153847,28174.245013155938,13
user48374@paytm,18078.44230769231,54114.57947456014,13
user48377@paytm,20404.01692307692,22663.590276993255,13
user48396@ybl,9849.08,31941.56427441725,15
user48403@oksbi,19169.579090909087,39989.23771166123,11
user48406@ybl,18826.915833333336,54600.513261976594,12
user48414@okicici,31283.045000000002,59500.11652842468,10
user4841@okicici,13046.036923076925,26213.200760243042,13
user48445@oksbi,18631.392499999998,41713.621826411334,16
user48456@paytm,2090.9945454545455,4668.041152645002,11
user4845@paytm,19448.567142857144,34835.41742929334,14
user48482@paytm,15258.489000000001,28221.247542100635,10
user48498@okhdfcbank,2250.235333333333,6004.767910881755,15
user48498@ybl,12435.934615384615,17448.894287197978,13
user4849@oksbi,1408.37375,1596.394567445543,8
user48517@oksbi,31127.55083333333,61564.73281504413,12
user48523@okhdfcbank,6862.485263157895,12560.85909277943,19
user48553@paytm,10490.38,30699.596546827415,10
user48562@ybl,6202.21,10640.05382397784,12
user48573@paytm,14384.7575,39711.64698505582,12
user48574@okhdfcbank,8372.991333333333,20528.259239257706,15
user48574@ybl,9837.4075,16465.771574842114,8
user48588@axl,2732.934,3826.876387825106,10
user48591@axl,4823.011538461538,9155.859705414385,13
user48598@paytm,15331.903,33090.96748676393,10
user48599@ybl,21434.03090909091,37279.96033507237,11
user48605@okicici,32968.32647058823,60813.40667303735,17
user48606@axl,8543.778181818181,23781.910434638263,11
user48614@paytm,10756.922857142858,18804.69605514841,14
user48631@okhdfcbank,25835.503,48256.2081087895,10
user48632@oksbi,15689.237333333333,44932.11003447144,15
user48636@oksbi,2423.2975,3855.7324647992814,8
user48638@okicici,11281.141500000002,24433.847399400325,20
user48645@oksbi,8612.392222222225,20690.882807084967,18
user48650@oksbi,3070.1670000000004,4006.7867594898703,10
user48653@ybl,30834.702222222222,46787.03628976962,9
user48655@ybl,1204.4533333333334,1463.138011578197,9
user48657@ybl,6821.830588235294,13036.639742015803,17
user48662@oksbi,2262.916,4791.211121534466,10
user48663@okicici,7490.945333333334,12232.464395605459,15
user48664@okicici,4594.9225,8981.037682970133,12
user4866@ybl,15129.349999999999,18389.23812378083,8
user48671@oksbi,3979.2785714285715,9131.987056495307,14
user48684@paytm,4839.375714285715,10850.972166352878,14
user48691@axl,8047.489166666666,15990.52246977307,12
user4869@oksbi,28931.29818181818,57463.01147975711,11
user48700@oksbi,3783.231538461538,8833.197333178066,13
user48701@paytm,41630.91,70392.23309991485,9
user48703@okhdfcbank,17711.039285714283,32967.3995512701,14
user48708@ybl,5323.540714285715,12068.487280426123,14
user48734@okicici,3482.7514285714283,9687.656352404854,14
user48761@ybl,18514.39923076923,46394.752339073595,13
user48764@axl,11597.691764705884,22265.54906302145,17
user48766@ybl,15711.931428571428,35741.90026288002,21
user48775@paytm,6829.639999999999,13961.713408447788,14
user48779@oksbi,11610.342727272728,22341.029030902802,11
user48780@okicici,8395.189411764706,13230.612170464972,17
user48788@okicici,27285.48545454546,41537.27544905452,11
user48800@oksbi,8460.669333333333,15997.045020697446,15
user48801@okicici,7053.880714285714,11264.888839355579,14
user4880@okicici,12048.692777777778,20300.449893218334,18
user48819@okhdfcbank,9616.075555555557,34578.75523521432,18
user48829@okhdfcbank,6973.836,17705.791920341395,10
user48832@okhdfcbank,13332.81105263158,28537.239726066688,19
user48837@axl,8628.000000000002,28465.537419862892,15
user4883@paytm,16711.239166666666,44566.94444032614,12
user48842@paytm,12516.020555555555,35366.12913729104,18
user48850@ybl,17841.89888888889,39612.03972057677,18
user48857@okhdfcbank,32465.232,64199.340692436635,10
user48857@okicici,10049.606153846154,17178.25794898818,13
user48861@oksbi,990.8490909090909,1371.7250202023326,11
user48864@okhdfcbank,28593.51909090909,63077.26919633117,11
user48882@axl,3242.6400000000003,8140.753332259178,10
user48893@ybl,14014.900714285715,38396.141426532486,14
user48894@paytm,11904.695333333335,39549.866679191924,15
user48897@okicici,26673.98764705882,57858.607719669344,17
user48908@okhdfcbank,1615.0041666666666,1742.5466277129538,12
user4890@okhdfcbank,10550.609999999999,16987.16732324188,13
user48914@okicici,3991.4874999999997,6099.2881898317,12
user48915@ybl,19041.76722222222,35633.92296042978,18
user48922@oksbi,23227.913846153846,52199.60457583157,13
user48924@paytm,3536.5625,8868.084496349946,12
user48926@paytm,10440.854666666668,17089.38875267167,15
user48928@okicici,11096.399444444445,27177.336838034404,18
user48929@oksbi,4041.4659999999994,8458.274454317625,20
user48934@okicici,19150.528181818183,44114.63806494411,11
user48937@okicici,21269.193333333333,37673.84234127642,12
user48945@axl,3946.484,7039.761839709189,15
user48947@axl,7799.593888888889,15061.778315861853,18
user48952@okhdfcbank,24978.329444444444,56376.88716734309,18
user4895@paytm,15266.224705882354,38679.86257206231,17
user48965@oksbi,1695.264,3106.20100988401,10
user48968@axl,3210.6850000000004,5153.904461525711,14
user48975@paytm,3763.371176470588,10377.934468375006,17
user48993@axl,5897.733333333334,13966.790377686046,18
user48994@okicici,3833.0293333333334,7106.187679956379,15
user48997@ybl,6339.8546153846155,12159.332140220951,13
user49002@axl,14513.68,35007.69057217083,18
user49003@okicici,5935.753809523809,11669.397664587694,21
user49008@okhdfcbank,896.0628571428572,1251.5891891872811,7
user49037@okhdfcbank,10206.890000000001,16775.01577826219,12
user49043@okicici,1354.6983333333335,1794.4679747425605,6
user49068@okicici,13604.307368421052,42682.74724061362,19
user49075@paytm,12892.107058823529,37162.212981500896,17
user49094@oksbi,26760.28692307692,49438.21972668386,13
user49113@okicici,9783.934375,23026.625121490113,16
user49114@okhdfcbank,18931.739166666666,55404.444040306254,12
user49115@okhdfcbank,6512.6925,10215.985877261297,12
user49127@oksbi,18958.667777777777,39900.23582997123,9
user49128@okicici,13511.466250000001,40062.409361146994,16
user49135@paytm,5470.033846153847,10024.946226768116,13
user49136@paytm,24464.47,42949.0962422226,7
user49137@axl,6819.23380952381,12670.532315159247,21
user49190@oksbi,7187.666666666667,9413.44509334388,9
user49200@paytm,14229.452222222222,35391.369950908775,18
user49217@paytm,29491.881176470586,59986.77466625153,17
user49225@okhdfcbank,28364.551666666666,59246.443304422944,18
user49228@ybl,23821.254,48681.19975019648,5
user49231@paytm,16975.144666666667,47272.04274694427,15
user49244@okicici,19763.454705882355,39930.654810251224,17
user4925@oksbi,28223.821764705885,52289.74651412792,17
user49268@paytm,17083.715,47018.27143346501,12
user49270@axl,16309.216666666667,27169.38403145498,15
user49280@paytm,8422.997142857143,13760.437933978268,14
user49282@okhdfcbank,8614.848181818183,13859.852444541983,11
user49285@oksbi,2655.499444444444,9318.466513380503,18
user49285@ybl,13170.589333333332,22035.703590540274,15
user49287@axl,8640.0445,14650.032965729923,20
user49290@paytm,8553.586428571429,13066.901768174315,14
user49291@okhdfcbank,24896.774444444447,58669.021072132695,27
user49291@paytm,18830.438181818183,39848.2319281646,11
user49302@paytm,11265.110769230769,21658.29222054741,13
user49320@oksbi,13142.21,46945.144213816195,16
user4932@axl,29183.04,53753.129858153836,13
user49330@paytm,3650.9830769230766,7238.28494183807,13
user49340@oksbi,25663.834444444445,55329.172485241266,18
user49348@okhdfcbank,9242.565714285714,15220.186371867961,7
user49351@paytm,10496.742,20403.652668260595,10
user49353@ybl,2136.3947368421054,4457.3564621961605,19
user49354@ybl,10389.715833333334,19460.184377238034,12
user49355@okicici,3140.006428571429,5251.727521195883,14
user49356@paytm,29020.245333333332,59174.145091466715,15
user49364@axl,14771.326363636363,22422.271227298217,11
user49365@okhdfcbank,31814.146363636362,47136.54616995655,11
user49367@ybl,8763.204166666666,16399.41833390688,12
user49368@okhdfcbank,11046.872380952382,26381.254702970044,21
user4937@axl,6339.706,13570.8718300972,15
user49380@oksbi,5159.962500000001,10398.353319398157,12
user49404@okhdfcbank,5130.08,12285.280037050728,15
user49432@okicici,25715.354736842106,55996.683583121565,19
user49438@paytm,12400.455,34454.502497670335,8
user49442@ybl,16834.789047619044,40357.74115248199,21
user49443@okicici,3560.102857142857,3735.3642152348602,7
user49447@oksbi,808.17,1030.223846379999,5
user49454@paytm,14569.4,46000.069638882065,17
user49456@ybl,14402.85357142857,16270.656878394311,14
user49458@okicici,2296.0600000000004,5408.922198747177,17
user49478@okhdfcbank,6997.216470588235,13697.136575900153,17
user49487@okhdfcbank,28044.10454545455,50492.91411334552,11
user49506@axl,14188.846363636363,25664.47328635297,11
user49506@paytm,10646.747500000001,31959.722397513302,16
user49511@oksbi,7350.925625,11628.28403877945,16
user49515@oksbi,2157.1323076923077,5048.8735701955575,13
user49516@ybl,7916.573333333333,13412.016177543215,15
user49517@paytm,3493.108461538461,8971.737973913643,13
user49521@okicici,7687.4975,14565.876945306785,20
user4952@paytm,11490.936470588234,33881.15959167055,17
user49542@okicici,5382.690909090909,13814.749251889052,11
user49542@oksbi,39043.1625,53177.75285948539,8
user49543@paytm,4380.476428571428,10702.578587842641,14
user49555@paytm,6911.91625,16072.942390628274,8
user49563@axl,11038.348571428573,29452.3619821524,14
user4956@paytm,20463.094166666666,36916.67424256107,12
user49570@paytm,7836.644545454546,15801.805364831805,11
user49581@okicici,8326.626666666667,23391.15142900912,18
user49582@okicici,1556.088888888889,1474.190968611635,9
user49591@ybl,15155.237142857144,38387.15727889279,21
user49604@axl,23398.014666666666,35705.274367905746,15
user49617@oksbi,10070.922,16616.94724218415,15
user49621@okicici,5498.132,9235.503713041078,10
user49624@okhdfcbank,3656.749333333333,9134.740496039962,15
user49632@okhdfcbank,8017.798823529411,21528.26437666245,17
user49639@oksbi,22569.333333333332,44292.156849368286,12
user49651@paytm,5012.804545454545,12595.990096946221,11
user49664@okicici,3567.5733333333333,9606.043670123261,12
user49665@axl,28674.30181818182,53433.718471568085,11
user49671@axl,9705.342,18006.069365526477,10
user49688@okhdfcbank,15395.645384615385,29462.70377225406,13
user49689@oksbi,14605.496,38823.22017802631,20
user49692@okicici,20035.395714285714,33638.593422109596,7
user49695@okicici,8223.095625,15195.6181065876,16
user49697@paytm,4304.939,8322.026275245511,10
user4969@okicici,12185.37611111111,33873.19165643466,18
user49700@axl,10538.112727272728,17251.628463817608,11
user49704@oksbi,3736.6131250000003,6066.54013152881,16
user49713@paytm,5899.890769230769,12891.954171593783,13
user4972@axl,9843.347,28979.97786605322,10
user49733@oksbi,9148.854117647059,23978.720597425818,17
user49747@ybl,15240.433636363638,48722.02103656011,11
user49756@oksbi,20189.94,48107.342390312486,20
user49758@okicici,25040.099374999998,47849.680498544534,16
user49766@okhdfcbank,23076.13375,52436.606150986314,8
user49770@ybl,1442.3926666666666,1957.0628913956996,15
user49773@okicici,8129.1575,14494.207894920788,12
user49777@okicici,17553.07380952381,37225.48567904031,21
user49781@okhdfcbank,13878.681666666665,41734.70801841559,18
user49784@okhdfcbank,12593.49,37105.04824758657,12
user49785@paytm,5335.574285714286,11858.97608869379,14
user49787@axl,11363.387692307693,17602.521423999722,13
user49791@okicici,59687.14454545454,123801.62091479758,11
user49791@paytm,13145.383333333333,21012.577643977616,12
user49795@paytm,12950.381176470588,46453.829430332335,17
user49803@okhdfcbank,11480.21588235294,20311.909476835586,17
user49807@ybl,38340.943125000005,85156.69417604576,16
user49812@axl,19254.645,48222.384272979565,16
user49817@oksbi,14002.960714285715,40181.93172516559,14
user4981@oksbi,20255.601666666666,55088.13231466149,12
user49821@oksbi,19364.16,32378.494693242978,12
user49825@ybl,17519.852000000003,41988.447790324964,15
user49845@axl,11810.693333333335,33905.489618338506,12
user49847@axl,7876.032666666666,13803.135157027327,15
user49849@ybl,5904.66923076923,10548.051812950627,13
user4985@oksbi,8872.972,15687.406824756501,20
user49867@axl,13655.308235294116,47508.98712955716,17
user49868@axl,21490.50153846154,33253.64552569032,13
user49874@axl,7504.755714285714,16963.474290229817,14
user49877@okhdfcbank,21753.578235294117,51179.63201839579,17
user4987@okicici,18343.636923076923,42749.4229123933,13
user49888@paytm,18895.55294117647,37245.54336810089,17
user49889@okicici,17299.736666666668,34823.32744356487,15
user49893@oksbi,11679.932,21134.286520891725,15
user49895@axl,14685.801666666666,46519.64868961225,12
user49899@axl,16799.987999999998,40273.18557118464,15
user49901@oksbi,21752.685555555556,40431.018455676596,18
user49908@paytm,21469.01,57320.01016568584,12
user49920@okicici,15954.508000000002,42047.14535982495,20
user49920@oksbi,10792.24230769231,17438.87531539575,13
user49924@okhdfcbank,1295.3872727272728,1517.1897115858048,11
user49925@ybl,3026.39,4526.332487130785,19
user49926@axl,22460.63769230769,44647.91656182256,13
user49926@okicici,8961.128,16902.97401967266,10
user49928@okicici,11590.214444444444,15002.351565329775,9
user49933@oksbi,14436.0225,43363.47792529543,12
user49940@okhdfcbank,12293.57294117647,34564.469258499,17
user49984@ybl,6516.067857142857,12872.593507750775,14
user49994@okicici,4786.56,12103.789771117143,9
user50002@ybl,16897.238,40923.84472711798,10
user50004@axl,8868.596153846154,13763.491101484473,13
user5000@axl,5405.320769230769,13389.5692483829,13
user5001@ybl,19748.209411764707,51552.58590873176,17
user50028@oksbi,15174.702142857144,43699.3114153789,14
user50036@axl,15995.648666666668,34766.71380486552,15
user50037@ybl,11871.444615384615,30130.460451829204,13
user50044@paytm,12298.578,29753.79541330663,10
user50047@axl,14514.680555555555,33153.578471685105,18
user50052@oksbi,14937.94076923077,29589.753380774808,13
user50056@okicici,4970.253636363635,12959.261305864058,11
user50063@ybl,9693.598,15295.184182990504,15
user50067@oksbi,4177.124545454545,9106.520793365999,11
user5006@paytm,6002.599,12616.76645730104,10
user50080@axl,17602.075454545455,40815.05342280036,11
user50086@ybl,2305.7933333333335,2239.454672974353,6
user50088@okhdfcbank,1196.7753846153846,1451.4660457138693,13
user5008@ybl,30619.1925,69620.9209385908,12
user50103@ybl,23379.646666666667,52695.275642769964,18
user50104@axl,12500.613333333335,21729.090354703272,18
user50111@ybl,9685.377,18986.774610998684,20
user50112@axl,25850.136363636364,49881.040698608376,11
user50112@paytm,9213.228333333334,15299.138007232823,18
user50115@oksbi,23215.467692307695,50173.54666113545,13
user50116@oksbi,15218.833999999999,20662.621292986576,10
user5011@paytm,1343.0078571428571,1673.6840979669257,14
user50138@oksbi,14477.0,15360.62151910907,13
user50145@axl,6938.916363636364,16858.933860620768,11
user50145@okicici,5496.67,11468.962621284254,14
user5014@paytm,1624.7905263157893,2141.611383246201,19
user50153@okicici,16984.78888888889,29658.510742362152,9
user50153@ybl,21420.95214285714,50375.769531237194,14
user50156@okhdfcbank,572.8322222222222,845.8017525812088,9
user50159@ybl,3799.5982352941173,11113.003366504505,17
user50167@okhdfcbank,17570.715454545454,52961.61062927153,11
user50170@oksbi,4974.311428571428,10156.930452155359,14
user50177@ybl,17371.85142857143,20325.730334427863,7
user50178@ybl,5033.869166666666,6459.540418393779,12
user5017@paytm,13944.74181818182,39087.90578965541,11
user5018@ybl,8200.217307692308,16820.32468517955,26
user5019@ybl,9752.9875,23779.762766955857,16
user50220@okhdfcbank,8222.648235294117,16437.350302294097,17
user50222@axl,18662.71,36085.87888161,16
user50223@paytm,879.8630769230768,1383.9900041569701,13
user50228@oksbi,23868.013636363634,52357.728992744764,11
user50230@okhdfcbank,9424.49375,15278.562534846882,8
user5023@oksbi,9326.797333333334,19636.75057428999,15
user50241@paytm,9292.453333333333,30448.747756922538,15
user50252@okicici,3162.798,4529.334004218501,5
user5025@oksbi,9849.036923076923,17356.88040149371,13
user50262@oksbi,11148.840769230768,30620.797156471526,13
user50268@paytm,6836.411,11058.947939905645,10
user50272@okhdfcbank,1589.0487500000002,1709.2844443838187,8
user5027@paytm,7290.2787499999995,16974.587923637646,16
user50294@okhdfcbank,4566.040666666667,10296.947646482058,15
user50294@ybl,7562.124666666667,15381.488355596182,15
user50297@ybl,7054.937272727272,13389.817992806393,11
user50298@paytm,10273.73,23876.484811544342,14
user50306@paytm,3000.0746666666664,5137.869486340571,15
user5030@ybl,9246.651000000002,14307.573877142793,10
user50316@ybl,12991.721249999999,23584.368493865615,8
user50322@okicici,20989.368235294118,45482.53493290889,17
user50323@paytm,15499.874444444444,35024.4711527216,9
user50334@paytm,1834.3700000000001,3552.6929930335946,13
user50346@axl,6404.383846153846,13926.99700950133,13
user50355@paytm,11985.22,34511.92695432437,20
user50376@oksbi,10316.908823529411,29294.194573445537,17
user50377@paytm,2243.670526315789,3237.5084273429115,19
user50377@ybl,13547.894705882352,28872.2650184929,17
user50386@ybl,15992.408461538462,30588.50988835237,13
user50390@axl,1519.56125,1523.4377799913589,16
user50393@axl,2048.66125,3961.247503296363,16
user50395@ybl,27994.606428571427,58879.910254526425,14
user50396@okicici,42502.498125000006,86602.74890884756,16
user50402@ybl,25443.465000000004,27279.40116112573,10
user50407@okhdfcbank,15612.554,31150.20509905163,10
user50410@paytm,14088.414117647058,35992.549861746746,17
user50416@oksbi,1220.4018181818183,1545.2144398226296,11
user50416@paytm,16945.768181818185,20679.840820188543,11
user50416@ybl,4881.808,6428.401529802983,10
user50420@okhdfcbank,13055.389444444445,26772.942488283486,18
user50422@okhdfcbank,775.8873333333333,1102.5747059850844,15
user50429@ybl,9816.918571428572,15382.177136513637,21
user5042@okicici,8876.49,19869.418029381042,14
user5042@paytm,17447.968,50949.48823798043,10
user50431@paytm,1715.47125,2827.0469206668054,16
user50434@ybl,4462.192222222222,11587.069769698694,18
user50437@ybl,2507.311666666667,5466.90943671407,12
user50464@okhdfcbank,14174.098333333333,32290.394766533766,18
user50476@okicici,11071.962142857143,21139.313929175143,14
user50477@okicici,2280.127692307692,2799.2088705446577,13
user50481@oksbi,15090.683333333332,28237.81165699376,15
user50485@ybl,12287.66,34537.50838033696,14
user50492@ybl,40342.883125,61212.3059716386,16
user50500@oksbi,6500.016818181818,14426.702171791881,22
user50508@ybl,22974.33916666667,55328.66574166603,12
user50510@ybl,6153.963076923077,14504.463122324558,13
user50522@axl,15307.5255,36583.21507579866,20
user50549@oksbi,12030.988000000001,28111.864482172492,15
user50556@okicici,12736.398,17935.131122629606,15
user5055@axl,28125.351818181818,56747.00506147947,11
user50570@paytm,4495.298333333333,9977.916582975382,12
user50573@ybl,5943.364,9786.169155134994,10
user50582@okicici,12550.839999999998,37014.940909362034,12
user50589@oksbi,12495.47153846154,23412.420697028123,13
user50593@axl,7308.769166666666,13391.771681499366,12
user50597@oksbi,8605.42846153846,26832.223837599584,13
user50608@axl,6801.3125,13076.990525239446,12
user50629@paytm,11139.270999999999,14555.897460493803,10
user50630@oksbi,6803.430909090909,8692.540814174477,11
user50632@okicici,17041.07,29486.448843791506,10
user50646@paytm,26673.063636363637,49291.31401977701,11
user50648@okhdfcbank,30153.388,51372.14611937655,15
user50649@okicici,15936.853529411765,40636.30489961285,17
user50666@okhdfcbank,16173.885714285716,40400.54772913771,14
user50678@ybl,2538.7853846153844,5713.927588561735,13
user50683@okhdfcbank,7991.771739130435,15110.63233767404,23
user50684@ybl,23399.83888888889,60631.20764476584,9
user50688@paytm,9235.2425,16495.64510515649,16
user50689@okhdfcbank,21567.65153846154,42341.7344919694,13
user50692@axl,4276.92,7453.612076122332,13
user50695@ybl,27180.526875,53518.4316547309,16
user50699@paytm,44446.362222222226,85542.84882000406,9
user50703@okhdfcbank,5674.320000000001,8837.629548528083,13
user50708@ybl,14947.793333333335,30259.22348716934,12
user50713@okicici,9761.00875,22259.99662737407,16
user50714@oksbi,8336.433125,13981.964506147537,16
user50723@ybl,3563.949411764706,10800.001128319078,17
user50725@ybl,10053.526666666667,20773.612801964027,15
user50726@okicici,3809.652777777778,7641.687102358396,18
user50733@axl,10907.36947368421,34574.39813082434,19
user50737@axl,2561.8770588235293,7082.09881286505,17
user50752@okicici,200.94,121.43069614667726,7
user50756@oksbi,1939.2518181818182,1594.268786747192,11
user50757@okhdfcbank,7091.068333333333,19100.044308560613,12
user50768@axl,13173.871428571429,29449.634574754087,14
user50777@okicici,13609.429,43261.79777904446,20
user50786@paytm,3812.2033333333334,5596.483012924278,9
user5078@axl,17094.846666666668,39655.56122651433,6
user50810@okicici,3517.6482352941175,9193.758566227305,17
user50810@oksbi,11172.793913043479,28436.927768263628,23
user50811@paytm,9190.585555555555,34288.50694458605,27
user50812@axl,11764.175,15409.186307666329,8
user50812@oksbi,834.1241666666666,1141.5683933276607,12
user50815@axl,6565.29052631579,12973.187539467903,19
user50817@oksbi,12150.449285714287,25209.801056035107,14
user50819@axl,26285.114444444444,61859.92922773314,9
user50831@paytm,14944.173333333332,30787.628059691346,18
user50831@ybl,5917.13,14051.215552875765,10
user50832@oksbi,1535.4357142857145,1654.734072520991,7
user50833@paytm,20763.663333333334,44638.442544886726,18
user50840@axl,17022.472307692307,40007.813956297585,13
user50841@ybl,12038.521538461539,21705.7010083541,13
user50847@ybl,2755.5125,6387.96271409855,16
user50850@paytm,10740.569375000001,31047.703686062512,16
user50853@paytm,6521.57,14856.376731660548,9
user50854@okhdfcbank,15353.103684210528,49589.57103852283,19
user50855@axl,14703.540952380952,25495.79371543567,21
user50877@okhdfcbank,3538.5266666666666,7686.960932185903,15
user50879@okicici,9409.23125,16124.458479796409,16
user50882@okhdfcbank,15875.714375,36832.82062636474,16
user50892@oksbi,3376.435625,6861.458115538775,16
user50907@ybl,51360.579,157641.11560455902,10
user5090@okicici,4369.252352941177,10420.864037586163,17
user50922@axl,14390.243846153844,44554.47638966829,13
user50923@paytm,8257.36,13520.938323976843,15
user50930@ybl,15511.053333333335,34088.293241010906,9
user50932@axl,6956.169999999999,15947.482221091472,8
user50950@ybl,13101.433333333334,39807.10612909915,21
user50954@axl,23085.760000000002,62983.17201031756,13
user50961@oksbi,4134.962142857143,10669.514969126672,14
user5096@ybl,19682.752,41082.22395563094,20
user50976@oksbi,8745.814285714285,15581.482908462058,7
user50984@oksbi,10100.322142857143,33663.167160110715,14
user50990@paytm,20869.454999999998,51408.89785814854,14
user50996@paytm,14162.539500000003,44846.9283465632,20
user50997@okicici,14364.302352941175,37350.630598561605,17
user50999@okhdfcbank,5732.6425,11053.414537239612,16
user51013@ybl,793.4977777777779,897.7630128098642,9
user51015@paytm,17522.450555555555,46517.13000544176,18
user51016@oksbi,13388.983636363637,28824.195616650006,11
user51017@ybl,26309.27,32060.248222841317,7
user51026@ybl,1428.2216666666666,1650.804112220539,12
user51029@paytm,18486.66076923077,29499.90045902682,13
user5102@oksbi,21313.682307692306,44939.27367206256,13
user51042@okhdfcbank,10562.631333333333,36604.343315569786,15
user51044@okicici,7142.956153846155,16527.60477639331,13
user51057@okhdfcbank,15128.447857142857,29398.951347201324,14
user51061@okhdfcbank,37573.544,76469.47428860707,10
user51062@oksbi,51354.690833333334,66495.95940426612,12
user51069@paytm,14484.18043478261,20179.24151285615,23
user51070@paytm,9662.165882352941,18626.040146182797,17
user51071@oksbi,2162.1499999999996,4700.902069685824,18
user51072@okhdfcbank,3915.722,9204.464870770054,10
user51081@okicici,14823.91153846154,39634.8931930193,13
user51085@okhdfcbank,1330.7961538461536,1584.9833369762307,13
user51098@axl,4629.432727272728,10532.52820610711,11
user51100@okicici,5701.432,11766.050261187716,10
user51100@paytm,16363.41333333333,50459.370140644176,12
user51106@paytm,21148.344999999998,51329.06021492563,18
user51108@okicici,16406.19875,45511.60363419529,8
user51108@ybl,30724.656,48260.10552686837,10
user51110@oksbi,27980.515714285717,54787.35241833784,14
user51113@ybl,14402.481333333335,42194.896844953706,15
user51115@oksbi,1809.3649999999998,2185.6536946830847,12
user51124@paytm,7315.484705882353,12814.346174946912,17
user51126@paytm,3171.53625,7411.96268506426,16
user51131@okicici,4079.0984615384614,9882.539936546209,13
user51138@oksbi,6286.4546666666665,11178.739555071792,15
user51139@ybl,1057.472857142857,1620.654937329497,7
user5114@ybl,11500.807142857142,23273.36015758441,14
user51151@ybl,2087.475,3048.700314166678,8
user5117@paytm,15195.228333333333,24462.294161021786,12
user51182@okicici,6603.835,14478.147378914637,12
user51185@okicici,6054.803333333333,11289.962022686643,6
user51192@okicici,10044.873684210526,18287.358277154257,19
user51192@oksbi,4892.6825,12860.506401498666,20
user51200@ybl,5127.27375,13753.6426876683,16
user51210@oksbi,10801.24875,20681.37228272302,8
user51222@paytm,10198.326428571429,18779.24427518752,14
user51225@oksbi,20733.606428571427,46454.15955201008,14
user51227@axl,15140.577894736844,32355.150646357954,19
user51227@okicici,15475.483846153847,39647.396791423256,13
user51231@oksbi,5538.136666666667,11690.93879132895,18
user51241@ybl,24525.724615384614,54902.074743251374,13
user51248@okicici,7360.043076923077,11854.765423811912,13
user51248@oksbi,9712.59,21104.327461960074,20
user51251@paytm,7147.720555555556,13800.980257466996,18
user51255@ybl,28166.461,48716.206610955676,10
user51258@axl,6214.824545454545,11803.658992190822,11
user51278@okicici,19120.391666666666,57180.72271417127,12
user51281@okhdfcbank,13058.853636363638,20097.203937266633,11
user51288@paytm,15036.626470588235,43697.99301796622,17
user51290@okicici,8176.283076923077,14341.373028439655,13
user51290@oksbi,15608.9225,38726.07310567699,12
user51298@oksbi,4413.444,8321.297927557935,5
user51300@okicici,4884.31111111111,10367.53230497067,18
user51304@okhdfcbank,13196.800500000001,31834.28979480384,20
user51311@oksbi,9012.819090909092,16815.033011228054,11
user5131@paytm,25495.159333333333,59250.0734607817,30
user51331@oksbi,9182.08,27194.624768965732,19
user51336@okhdfcbank,4833.402857142857,7964.027087572669,14
user51341@ybl,19387.397999999997,40380.4144272187,15
user51343@ybl,6525.9275,12469.526786957525,20
user51345@ybl,642.843125,625.6818253257135,16
user5134@okicici,8497.942307692309,16647.220997592536,13
user51355@oksbi,13369.78,37662.08613656773,18
user51357@oksbi,5091.452,11059.307831533451,15
user5135@okicici,17362.864,48940.29595370243,10
user5136@ybl,3096.2699999999995,4948.960498847207,5
user51374@okicici,14161.313571428573,27781.446908391274,14
user5137@axl,13373.275000000001,28421.923097693292,18
user51383@oksbi,6731.5053333333335,15168.809365580631,15
user51385@oksbi,4327.071176470588,7815.677318497325,17
user51387@oksbi,11504.827857142856,19234.605570103697,14
user5138@oksbi,12992.620588235295,23366.597436856977,17
user51390@paytm,8914.37,14749.918187933976,12
user51391@ybl,2997.218181818182,7556.235760458054,22
user51408@ybl,4400.137222222223,7422.434685828227,18
user51411@paytm,985.4399999999999,1226.5971163548363,9
user5141@paytm,12041.475454545456,26380.21508652663,11
user51428@okicici,15503.673125,38964.8024449016,16
user51430@oksbi,3597.884444444445,7416.63008969726,9
user51435@ybl,30216.234999999997,47614.79040716987,10
user51438@paytm,7605.675,14365.927703078289,10
user51445@okicici,13547.161666666665,39286.63624387532,12
user51448@okhdfcbank,7340.755384615385,11539.767526591553,13
user51460@axl,24262.739,44125.0613748555,10
user51460@okicici,13232.273076923077,35868.70950663785,13
user51468@axl,1345.1657142857143,1576.4576642043296,7
user51477@axl,14478.525625,36557.815980980224,16
user51481@okicici,16026.049999999997,29947.709911067046,18
user51489@paytm,13422.1525,16253.255837268422,16
user51492@axl,18331.898666666664,45347.40355011549,15
user51493@okhdfcbank,15688.022666666666,38622.43393608536,15
user51494@oksbi,9005.144,14497.774938976125,20
user51500@ybl,19346.128,44897.1218780616,15
user51508@ybl,19539.154545454545,38106.28862589333,11
user5150@oksbi,10749.654210526316,16622.984102426213,19
user5150@paytm,7697.992307692307,18328.895212530835,13
user51516@okhdfcbank,14888.001428571428,41758.01835830609,14
user51517@ybl,6580.579285714286,13238.925248141131,14
user51519@ybl,14568.994,12664.482854671958,5
user51521@ybl,25913.083999999995,61677.89279568674,10
user51529@okicici,19212.69111111111,37704.94367103804,18
user51539@okhdfcbank,4823.544375,8403.462272144714,16
user51551@okicici,6530.781,13161.833254166255,10
user51568@paytm,20404.279411764706,42759.16643607448,17
user51572@okhdfcbank,17780.3925,49499.63563259773,16
user51574@oksbi,15535.78125,32315.247074596817,16
user51575@okicici,4841.838333333333,8406.576952524067,18
user51577@okicici,22136.276875,48221.45114037524,16
user51583@oksbi,17685.678750000003,34765.35406940707,16
user5158@okicici,28854.335714285717,59082.64619262993,14
user51599@axl,6685.904583333333,13252.661025663449,24
user51601@okicici,675.387,720.5257161275446,10
user51603@paytm,21361.7905,52589.00116468767,20
user51612@okicici,12472.663076923076,41017.69394831748,13
user51613@axl,1010.8577777777778,1555.8550273063504,9
user51617@oksbi,18277.481428571427,52020.683672505445,14
user51617@ybl,19331.404285714285,30390.79914285742,14
user51621@axl,32887.487368421054,71487.9786848095,19
user51621@ybl,10331.653076923076,21068.01712222873,13
user51624@okhdfcbank,11540.27,35047.453008096214,17
user51626@paytm,33887.28636363637,66232.24030197987,11
user51636@oksbi,5763.598571428572,8856.668718917928,14
user51639@okhdfcbank,17197.705714285716,29958.95311854798,21
user51639@okicici,16411.2525,33095.69940104756,16
user51643@axl,18301.875833333335,38246.7230172163,12
user51654@okicici,5334.095769230769,15518.772442102805,26
user51665@okhdfcbank,15482.01,46118.43114404948,19
user51669@ybl,10205.895714285714,32423.34297243689,14
user51677@okhdfcbank,1442.9883333333335,1552.2696646396869,12
user51690@paytm,14935.984166666667,20829.786275194932,12
user51705@oksbi,7403.041666666667,13469.977462121142,12
user51708@oksbi,36307.98952380953,61490.630928903665,21
user51711@ybl,17419.62888888889,39308.2068354868,9
user51713@axl,4228.856428571428,12956.345156903806,14
user51715@okicici,598.8645454545455,1052.9731783988009,11
user51717@okhdfcbank,9135.801333333333,30109.23609311456,15
user51719@paytm,8558.064285714285,20918.473820445342,14
user51721@okhdfcbank,5925.703076923077,11146.91742743286,13
user51726@ybl,8672.527333333333,20541.12240911786,15
user51729@oksbi,16635.682777777776,31735.305323445053,18
user51733@ybl,1329.2933333333333,1219.8921755220827,9
user5173@okhdfcbank,9672.855,16080.47058833012,14
user51755@axl,14654.458571428573,15757.22428489224,14
user51762@okhdfcbank,4066.342727272727,10367.656476032653,11
user51772@axl,3327.2826666666665,4784.555216743121,15
user51772@okicici,24639.587142857144,58824.850949961154,14
user51799@okicici,10579.143846153846,33905.53293457784,13
user51812@axl,13015.46125,45046.7542553115,16
user51818@oksbi,8142.49882352941,17513.142974967355,17
user51818@ybl,11314.00875,40695.28729542081,16
user51830@okicici,20894.177333333337,44224.15336761115,15
user51859@oksbi,2137.5481818181815,2606.44692362541,11
user51861@axl,24621.345454545455,57649.37474732009,11
user51867@ybl,4693.849999999999,7964.923281934929,12
user51870@oksbi,22319.856666666667,51003.94390171491,18
user51876@okhdfcbank,6227.374615384616,18927.58036766481,13
user51886@ybl,13062.01,20346.76674604994,12
user51893@okicici,15379.623076923077,34082.38637317091,13
user51901@okhdfcbank,22272.171,53553.42299097435,20
user51903@ybl,15392.872857142856,33378.38630976833,14
user51906@paytm,10506.36125,18940.2841052409,8
user51906@ybl,6475.551111111111,13734.168687052415,9
user51908@paytm,41065.71875,88592.73716212575,8
user51912@okhdfcbank,17010.06,27943.78122552422,11
user51931@okhdfcbank,9134.382222222222,19409.0683386766,18
user51934@oksbi,21056.041363636366,46788.14930163734,22
user51939@okicici,3784.68052631579,9527.605793050046,19
user51940@axl,9478.699999999999,15321.97319561503,12
user51945@ybl,9755.412727272727,18900.10604525969,11
user51948@okicici,4947.21375,13346.259380407397,8
user51949@oksbi,4681.484444444444,6738.111557269052,9
user51952@paytm,1433.9335714285714,1745.3988110528564,14
user51955@oksbi,7446.121428571429,21910.979814598002,14
user51961@paytm,17441.659375,25310.15356714309,16
user51969@okhdfcbank,13240.335294117645,39880.40205320201,17
user51971@paytm,2916.741904761905,7893.748339243923,21
user51975@axl,9705.392631578947,20514.90182087101,38
user51979@oksbi,4689.951666666666,12342.844859293862,12
user51986@axl,7424.720625,11947.622609220334,16
user51990@okhdfcbank,9900.571333333333,28457.235233578092,15
user51993@oksbi,1026.8661538461538,1723.03108913497,13
user52001@axl,763.4828571428571,1293.9784192614209,14
user52005@axl,9743.713636363636,17618.60286900881,11
user52012@oksbi,15319.050714285715,32220.51832173823,14
user52012@ybl,1025.376875,1278.7556437084647,16
user52016@oksbi,13697.63705882353,27607.39895459,17
user52024@okicici,14594.523749999998,32106.266224427665,16
user52027@axl,10878.413999999999,16664.069545652408,15
user52028@okhdfcbank,4122.7461111111115,9554.123660441777,18
user52030@okicici,19231.731333333333,48722.73840354901,15
user52033@okicici,7281.464499999999,22848.896265657182,20
user52040@paytm,2643.3633333333332,5191.3292992193565,12
user52047@ybl,7942.593000000001,13348.857595831147,10
user52048@okicici,18937.42583333333,56916.62098766077,12
user52052@axl,18914.760833333334,31967.963978830565,12
user52083@paytm,7359.375454545455,13456.273319088285,11
user52097@paytm,22270.546666666665,34324.856170354644,12
user52098@ybl,3546.4,8990.545073459623,12
user52112@paytm,14696.318666666666,43628.7144730656,15
user52134@axl,855.979375,1410.8589475184672,16
user52137@oksbi,6021.031764705882,12109.249816319772,17
user5213@paytm,4856.18625,12056.457705410754,16
user52148@axl,7385.0599999999995,13505.835615542885,13
user52151@ybl,16132.858125,40547.80737031177,16
user52153@okhdfcbank,3856.353333333333,9475.63769724649,12
user52168@okicici,26576.879166666666,60892.98061067832,12
user52184@axl,6406.924444444445,11576.448158125953,9
user52195@okicici,7520.990625,14822.405207657079,16
user52196@paytm,30320.99111111111,55362.076736422976,9
user52214@oksbi,25867.8325,60151.08194973191,8
user52226@paytm,8491.954166666668,14098.816776728889,12
user52248@okicici,17008.243076923074,44323.60737578196,13
user52257@paytm,23279.097058823532,48178.973301839724,17
user52259@paytm,40753.79888888889,63989.36424598455,9
user52272@ybl,3633.3327272727274,7306.849158874283,11
user52287@okhdfcbank,7344.007500000001,15581.889816359033,16
user52293@oksbi,11753.021111111111,14561.128153309974,18
user52310@oksbi,1990.2421052631578,4484.683962766531,19
user52313@ybl,8683.055294117647,18250.47796875643,17
user52322@ybl,4358.871428571429,10647.88502075949,7
user52331@okicici,5325.482352941176,11218.726978136563,17
user5234@okhdfcbank,11265.351818181818,20463.241962327385,11
user52356@oksbi,3737.3050000000003,11946.554413170448,14
user52357@okicici,31983.381428571425,70270.64600257667,14
user52360@okhdfcbank,21405.64909090909,52018.7660598195,11
user52364@okhdfcbank,10102.600666666667,23848.339064636428,15
user52369@axl,21708.69076923077,40965.980799739285,13
user52370@paytm,5763.3168749999995,12333.64499855779,16
user52374@oksbi,1108.0283333333334,1319.732651008024,6
user52375@axl,15703.811818181817,44419.680085984146,11
user52399@oksbi,9584.337857142858,18984.27870278627,14
user5239@okhdfcbank,11890.393333333335,34831.32497137838,15
user5239@ybl,5366.3075,10604.898422164231,8
user52407@oksbi,8794.285555555556,24048.59688280702,18
user52413@okhdfcbank,23908.207777777778,53729.664188849114,9
user52415@oksbi,7502.48375,16545.59448252438,8
user52428@okhdfcbank,14615.861666666666,33045.5827695067,30
user52431@paytm,23493.537647058823,48327.1321000483,17
user52432@paytm,21044.430588235293,42560.0873623336,17
user52444@paytm,35435.72625,62293.06206299724,8
user52448@okicici,20708.984615384616,33903.28342764326,13
user52455@oksbi,6855.472142857143,12699.677664640627,14
user52458@ybl,5290.072999999999,13358.986891578143,10
user52468@axl,1198.3333333333333,1440.4137649730405,15
user52474@axl,35669.72,54157.38989659543,8
user52482@oksbi,10342.296153846155,14921.657631653808,13
user52493@okicici,6602.847368421052,13274.105376999085,19
user52501@okhdfcbank,16561.81636363636,33088.335888389505,11
user52502@okicici,1130.219,1416.7929647580052,10
user52507@oksbi,5526.811,13621.751125158817,10
user52514@okicici,5722.883529411765,9255.483084185113,17
user52529@ybl,18765.50909090909,45247.90860970073,11
user52539@axl,483.608,632.1025969782647,10
user52543@axl,6699.878571428571,13083.062872101153,14
user52550@ybl,14694.365833333335,31021.081967315964,12
user52553@okhdfcbank,6022.165625000001,12911.532861598305,16
user52559@ybl,36292.15285714286,48433.26578811981,7
user5255@paytm,16036.584615384616,31670.412903770455,13
user52567@paytm,1920.3085185185187,3847.158428311536,27
user52571@paytm,7757.281,13351.717161120552,30
user52574@paytm,3373.9105555555557,5960.255104321777,18
user52578@okhdfcbank,8389.825,12628.408861383019,8
user52586@okhdfcbank,7205.894375,14108.724239412517,16
user52588@okhdfcbank,1259.4171428571428,1544.3458602993726,7
user52612@okicici,19493.67,47807.98210308019,18
user52616@axl,11982.962666666666,23304.85076501195,15
user52618@ybl,1855.3242857142857,1916.1165131923924,7
user5261@okhdfcbank,26787.84347826087,56585.40372228173,23
user52626@okhdfcbank,26320.867499999997,70155.41346619268,8
user52628@paytm,13646.773888888889,36086.099764040344,18
user52631@paytm,5966.966363636364,13947.674808636222,11
user52638@okicici,8927.862631578948,15009.948036929021,19
user5263@okicici,5995.529230769231,11172.443549482381,39
user52644@ybl,1943.2199999999998,4842.322437795732,11
user52649@ybl,621.655,594.6024048050933,8
user52658@ybl,3204.66,5955.6345684458065,4
user52660@okhdfcbank,5369.968666666667,14209.84607650819,15
user52663@okicici,21790.283157894737,53950.31496077551,19
user52667@ybl,5870.195333333333,10429.428999926717,15
user52672@oksbi,12225.176666666666,19304.52063711373,9
user52690@oksbi,2898.059333333333,7869.324707892634,15
user52693@okicici,3599.625454545455,6422.7608238285875,11
user52702@paytm,13726.839999999998,21693.095297778505,11
user52707@axl,1431.6307142857145,1882.556321594755,14
user52707@paytm,4449.193333333333,7114.748241072905,9
user52717@oksbi,5550.730714285714,11109.386651484248,14
user52720@axl,1165.8999999999999,2011.3116768013604,17
user52727@okicici,19641.37714285714,53005.56007021331,14
user52742@paytm,17321.25875,22470.30198162673,8
user52745@ybl,12591.287142857143,16658.441368008465,14
user52756@axl,10156.714285714286,19791.564906021853,21
user52759@okhdfcbank,7043.020434782608,16822.615393044423,23
user52786@okicici,4174.099411764706,10875.294902058673,17
user52796@paytm,3824.6121428571428,7283.005136486933,14
user52801@okhdfcbank,17259.923636363637,44426.27023085873,11
user52805@ybl,2327.0626666666662,4602.72936319538,15
user52813@okicici,7933.569230769231,13759.144232269353,13
user52818@okhdfcbank,708.3742857142857,1011.4171174126124,7
user52831@okhdfcbank,1525.8055555555557,1746.3304491999154,9
user52860@okicici,6505.270833333333,12662.111853007817,12
user52875@oksbi,22729.938666666665,57524.617696030284,15
user52877@axl,24211.53615384615,50402.208509731914,13
user52880@axl,10351.826000000001,18301.82753505732,10
user52883@ybl,7108.160555555555,12626.955053589534,18
user52885@ybl,19479.074285714283,47570.77034869008,14
user52886@okhdfcbank,1797.7044444444446,1805.8583481000878,9
user52897@oksbi,17648.427647058823,41363.496010034854,17
user52913@okicici,12453.41888888889,34940.87092287177,9
user52919@axl,22842.129,61928.536660825164,10
user52920@paytm,19542.506923076926,51752.48448203323,13
user52921@okicici,11041.171333333334,39348.155971787084,15
user52924@okhdfcbank,27965.684444444443,47974.81608328787,18
user52925@paytm,2484.157857142857,4861.554138250567,14
user52928@oksbi,3104.588181818182,6163.188026338023,11
user52934@okhdfcbank,11307.243571428571,32778.026877527125,28
user52939@paytm,3642.497142857143,3995.530150537866,7
user52952@okhdfcbank,14747.776153846153,45282.12602376435,13
user52955@paytm,1487.4246153846154,1700.5303783997088,13
user52962@axl,21864.388333333332,52275.69959073855,12
user52971@axl,23456.909473684213,60978.629727523075,19
user52977@axl,10844.700588235295,31348.603860899744,17
user5298@axl,4531.79875,11670.648261786131,16
user52990@okhdfcbank,2353.1169230769233,2829.130550989074,13
user52990@oksbi,2156.3864285714285,3284.2018000060816,14
user52991@okhdfcbank,23743.018571428573,51470.97155677959,14
user52999@axl,8914.91,31442.44431761727,17
user53003@axl,4227.766315789474,10657.24213485793,19
user5300@okhdfcbank,20355.533333333336,57997.91873397772,18
user53021@oksbi,8531.260588235295,16905.296285979235,17
user5302@okhdfcbank,20811.526923076923,48060.23601760267,13
user53055@axl,18702.746923076924,36245.5297751926,13
user53057@okicici,2747.638,6011.192842618769,10
user53066@ybl,6668.191333333333,12237.16096248628,15
user53076@axl,20604.208666666666,46343.51424098397,15
user53076@okicici,30311.200000000004,87411.7793238094,9
user53083@oksbi,18267.28153846154,47984.29296053568,13
user53091@paytm,3734.3021052631575,6557.594677743745,19
user53098@okicici,10858.755909090909,34764.96135709421,22
user53104@paytm,22500.838461538464,35889.04989738208,13
user53107@paytm,37655.88166666667,109017.26020231507,12
user53113@axl,6039.093999999999,14024.197315594849,10
user53115@paytm,13106.987647058822,35600.53974361125,17
user53116@okhdfcbank,9018.798235294118,15865.963094025066,17
user5311@oksbi,4831.108666666667,9919.692911281412,15
user53127@ybl,13152.594117647059,25148.3384090965,17
user53130@ybl,18213.75,25971.468336832357,15
user53132@okicici,7489.251874999999,23281.22668993316,16
user53134@oksbi,3506.1013333333335,10971.387465239408,15
user53136@oksbi,1165.6000000000001,1359.8787017598297,11
user53137@paytm,28296.968666666668,55827.340362625946,15
user53142@okicici,3447.3669999999997,7037.400023731926,20
user53142@ybl,34733.486,57898.327796097336,10
user53151@ybl,7007.721333333333,13624.339658367126,15
user53160@ybl,8891.205789473684,15080.064630658848,19
user53161@axl,2059.875625,3531.7334285663346,16
user53181@oksbi,13745.236153846154,38524.76198159276,13
user53186@okhdfcbank,19670.04272727273,53740.57652477206,11
user53188@okhdfcbank,537.1654545454545,1136.5714658776512,11
user53198@okhdfcbank,16691.254500000003,44287.5324506704,20
user53201@axl,15203.2025,29673.83159482813,16
user53204@ybl,12649.829,26862.158436726746,10
user5321@paytm,9589.375555555554,24147.041456058145,18
user53224@axl,22573.728666666666,41120.302335528315,15
user53224@ybl,4329.251111111111,9733.182789818093,9
user53227@ybl,2576.742222222222,2662.5564649823755,9
user53233@paytm,1025.0125,1610.4773604819782,4
user53234@paytm,15777.005833333335,40859.24597786349,12
user53243@okhdfcbank,24580.317499999997,52748.52262438305,8
user53248@ybl,7152.645333333333,12656.891524182087,15
user53249@paytm,24831.21,47859.340949209116,10
user5324@axl,5126.029166666666,13507.777131336705,12
user53251@paytm,16530.52,35149.42646481194,10
user53256@ybl,6974.21,11115.201533538053,13
user53265@axl,13409.428750000001,43205.94006192666,16
user53269@okhdfcbank,6634.9394736842105,12771.382063324876,19
user53284@oksbi,35209.471176470586,76184.64619807227,17
user53290@oksbi,1010.5290909090909,1607.8220607545757,11
user53300@paytm,20566.710666666666,41895.22001785431,15
user53307@okhdfcbank,15357.821538461538,22409.82627191059,13
user53311@okhdfcbank,5459.030666666667,10894.718082954869,15
user5331@ybl,13761.272857142858,34064.77882728331,14
user53326@axl,9595.14,15211.053914502807,10
user53327@paytm,17597.43333333333,55855.3750313965,12
user53328@okicici,5122.742,10340.195229450635,20
user53329@okhdfcbank,17618.498,41537.18754570276,10
user53329@paytm,18594.688000000002,46656.22225641883,10
user53335@axl,5909.647857142858,13440.419206037941,14
user53335@okicici,14747.230833333335,36539.70139892833,12
user53344@ybl,27045.980666666666,56755.58680709837,15
user53347@axl,13862.725384615384,20475.61914095339,13
user53349@ybl,18787.547333333332,43999.27188131111,15
user53375@oksbi,6178.711764705883,12583.041790919056,17
user53389@paytm,6892.310625,14893.430715162292,16
user53389@ybl,23429.133,58701.71862617465,10
user53393@paytm,2127.0575000000003,3609.797102205771,12
user53395@oksbi,20809.8175,47835.40974637476,12
user53409@oksbi,16601.216666666667,36474.76145307203,15
user53413@oksbi,2058.415625,3053.4085434106123,16
user53428@axl,4123.355555555555,10400.384877410921,9
user53428@paytm,11618.538181818181,27112.632717701108,11
user53446@axl,17778.986666666668,38905.10598369611,6
user53482@okhdfcbank,13277.774166666668,32131.756119017064,12
user53487@oksbi,32287.424375000002,62698.13865335907,16
user53495@ybl,7732.388235294118,22351.62529294101,17
user53509@oksbi,3627.096666666667,6758.154407460575,12
user53528@axl,9703.836842105264,35797.41779083887,19
user53550@okicici,19335.626249999998,37210.57024776031,16
user53551@axl,16347.85411764706,36340.494090118336,17
user53576@okicici,25174.61111111111,51038.010583462805,9
user53579@paytm,16821.161666666667,32836.077836511446,18
user53587@okicici,9948.620833333332,16593.07634167196,12
user5358@axl,23080.512,55048.42523508386,10
user5359@okicici,24331.3575,57455.72597978586,12
user53603@oksbi,14807.164,27977.645233910196,10
user53611@paytm,2049.8742857142856,3155.504104729053,7
user53635@oksbi,3404.6516666666666,6189.025132540396,6
user53638@oksbi,3287.193636363636,6563.84369415097,11
user53648@paytm,1041.9720000000002,1885.9187991354854,20
user53656@ybl,11100.903333333332,20288.05232291926,15
user53662@paytm,5880.955833333333,13326.14213127542,12
user53664@paytm,2684.117058823529,5943.050756920603,17
user53672@okicici,3584.3617647058823,6950.331687270611,17
user53683@ybl,7645.340714285715,14799.717608224551,14
user5368@oksbi,22225.069230769233,39030.30383428357,13
user53691@paytm,16758.950769230767,45031.05197230638,13
user53703@paytm,5129.758095238095,11873.284279995833,21
user53709@okicici,14457.427058823529,32181.428622206895,17
user53719@ybl,20751.61636363636,52411.191965488106,11
user53726@paytm,24691.938000000002,41637.48488844312,10
user53732@okicici,37468.805625,124205.12011938453,16
user53733@okicici,10119.119230769233,16157.450275655327,13
user53736@ybl,3973.6137499999995,7646.792189580333,8
user53756@okicici,7699.8907692307685,14610.87356273828,13
user53772@oksbi,19870.183846153846,45110.64040518111,13
user53774@axl,17420.91380952381,41189.91715477654,21
user53780@okhdfcbank,9715.017857142857,28953.43144510726,14
user53781@ybl,24764.847999999998,54308.247808173954,15
user5378@axl,896.98625,1162.8240639057713,16
user53796@okhdfcbank,10192.679999999998,30696.744124118093,29
user53797@okhdfcbank,7577.388181818183,14288.622717299117,11
user5379@oksbi,9973.165333333332,18718.89304891942,15
user53800@ybl,22873.341666666664,53917.507032519236,12
user53802@paytm,39959.59090909091,102258.45351705741,11
user53805@okicici,11779.570588235292,28503.68922642086,17
user53815@oksbi,3159.2572727272727,5698.713616305159,11
user5381@ybl,4203.420625,11915.684681032513,16
user53853@paytm,8501.452,19681.667165007428,15
user53870@axl,9388.215238095238,20482.817548282175,21
user53870@okicici,12163.82,43705.69592233165,18
user53874@axl,17067.192666666666,34297.100818887106,15
user53887@oksbi,25591.146666666667,44740.35999574618,18
user53893@paytm,11104.145789473683,36106.21246139742,19
user53921@okhdfcbank,4931.4693333333325,9148.862720968942,15
user53930@oksbi,23636.137272727272,36623.18437045067,11
user53949@okicici,16872.765625,31336.70783163987,16
user53953@ybl,8242.394,14183.556075667748,15
user5395@ybl,6891.988125,14631.551743098302,16
user53960@okhdfcbank,11448.192142857142,28063.00495344666,14
user53975@oksbi,19792.277272727275,50321.000267476156,22
user53982@paytm,8280.854444444445,14104.229018652624,9
user53992@ybl,10577.958,30019.39925576304,10
user53995@oksbi,7494.70875,9849.648421721802,8
user53999@ybl,9683.038461538461,17074.166642575292,13
user54002@ybl,7343.343888888889,13941.03854176672,18
user54006@oksbi,9041.419473684211,13347.65425989795,19
user54010@ybl,19171.29230769231,41423.88484915359,13
user54014@ybl,1259.028947368421,3009.65417537906,19
user54015@axl,7677.900000000001,13958.783962341333,18
user54019@okicici,9630.431538461538,15157.71591523101,13
user54024@okhdfcbank,5422.182727272727,11706.939662707833,11
user54026@okhdfcbank,10207.402631578947,26114.86461349888,19
user54027@ybl,6492.6362500000005,11783.88586082077,16
user54028@okhdfcbank,13766.698387096774,27275.466137195537,31
user54031@okicici,518.2425,675.753751551343,8
user54051@okhdfcbank,19058.950666666668,45081.31076100518,15
user54053@paytm,22590.775,51993.17633425102,16
user54061@ybl,14452.748888888887,29641.19550439744,9
user54072@ybl,5286.342727272727,14492.614686473307,11
user54080@axl,4649.243571428572,8770.876642128775,14
user54084@axl,19510.045,42381.45748506391,16
user5409@okhdfcbank,1807.9736363636364,1992.5252046650387,11
user54117@paytm,4508.99,11267.990187394937,8
user54144@okhdfcbank,3741.355,6198.736457916552,14
user5414@oksbi,21272.654000000002,26470.478048630033,10
user54161@okicici,20237.47,51494.95553370745,14
user54171@axl,4532.849999999999,9646.922719201186,11
user54173@axl,19485.264375,28191.90714844764,16
user54175@okicici,5856.246363636364,11244.523189130137,11
user54205@okhdfcbank,17062.772142857142,28775.834166282966,14
user54214@oksbi,15753.05357142857,32593.87748084001,14
user54218@axl,2307.4685714285715,3994.18472903922,14
user54222@okicici,19514.84,48220.38826223406,9
user54223@axl,5457.775,11865.564702842144,16
user54251@okhdfcbank,6109.572222222222,18030.849348276137,18
user5425@okhdfcbank,18245.221666666668,49951.81831228712,12
user54260@okicici,12595.741,17452.958092498848,10
user54268@oksbi,12207.503636363637,22448.22590349467,22
user5426@ybl,7807.8825,15972.803494579779,16
user54276@okhdfcbank,11581.217857142856,17373.423962336703,14
user54281@okicici,2206.9342857142856,3634.0504785471226,7
user5429@ybl,29554.831538461538,51534.087148132,13
user54302@axl,20375.927333333337,39024.12511733615,15
user54309@paytm,11447.588125,31747.515692580673,16
user54311@axl,6073.923333333333,9073.893472918611,9
user54312@ybl,1267.194,1338.451195268455,10
user5432@okhdfcbank,9235.556153846153,15166.39075387227,13
user54330@axl,7389.615555555555,11534.982438894425,9
user54330@okhdfcbank,2713.08,8059.683300720941,11
user54331@okicici,4521.852142857143,12576.866342519006,14
user54331@ybl,9772.494999999999,15272.274517608574,14
user54333@okhdfcbank,16011.718461538461,50916.71963767056,13
user5434@paytm,14137.969500000001,22977.925119705073,20
user54351@oksbi,3899.8640909090905,10582.635513299114,22
user54352@okhdfcbank,5634.149090909091,13007.740543745447,22
user54363@axl,9437.923636363637,14174.2400894773,11
user54364@okicici,6038.36,10830.494320129295,18
user54365@ybl,9243.935454545455,18123.270722064142,11
user54370@axl,5956.574375,12122.457531083906,16
user5437@okhdfcbank,21696.357272727273,57581.651405900666,11
user54380@ybl,41144.53833333333,65804.54431303522,6
user54384@oksbi,41026.20181818181,66881.39218707754,11
user54394@okicici,8853.242307692308,20383.29978708843,13
user54410@okicici,4283.214444444445,8269.253480881922,9
user54412@okicici,6294.394666666666,13753.17341070877,15
user54413@okhdfcbank,3082.9500000000003,7306.849362050651,11
user54413@paytm,19144.594,58147.97352977875,10
user54420@okicici,10195.880833333335,14879.577448926102,12
user54441@oksbi,16632.848,44595.455952365366,15
user54442@okicici,21512.872,54407.546420464256,10
user54444@okicici,16355.26923076923,30899.472231546137,13
user54450@axl,6214.916153846154,12926.537529278377,13
user54459@paytm,26120.174666666666,52235.75574975876,15
user54463@okicici,12511.576363636363,17324.295172582504,11
user54472@ybl,11722.575909090909,20109.978338725436,22
user54473@oksbi,19946.08846153846,43506.98602654019,13
user54502@oksbi,18992.850833333334,42929.03045022404,12
user54517@axl,697.1505882352941,990.5157796412848,17
user54521@okicici,13769.83923076923,34395.742667317965,13
user54526@oksbi,32139.38142857143,54415.85823024951,14
user54535@paytm,5984.637,14903.35401313189,10
user54546@okhdfcbank,1640.735,1756.5059531053246,10
user54551@axl,13427.10125,43245.904708866154,16
user54554@axl,9575.889374999999,15470.082908730847,16
user54555@oksbi,6126.495714285715,12759.740821142434,7
user54574@ybl,4812.2891666666665,11986.628458726573,12
user54583@paytm,8263.418125,25673.400246930083,16
user5458@paytm,10825.367142857142,18535.07198259909,14
user54592@okhdfcbank,1347.2077777777777,1578.3704706419353,9
user54609@paytm,3562.0550000000003,12235.359945069593,16
user54625@okhdfcbank,11837.49625,43203.99324941757,16
user54632@paytm,2562.349,4880.033319680079,10
user54634@okicici,9743.252,19964.81621012926,10
user54639@okicici,1687.3915384615384,1870.8655501435967,13
user54664@paytm,17338.900666666665,44056.896375120836,15
user54664@ybl,6739.719999999999,11519.132262903602,16
user54678@oksbi,1181.71,1474.4799538752638,11
user54682@paytm,1109.642222222222,1572.8134508324388,9
user54687@okicici,5389.078181818182,11358.124905810655,11
user54693@okhdfcbank,4177.133125,8952.55059947478,16
user54707@axl,14123.385652173913,29910.951607152612,23
user5470@paytm,17765.044666666665,31869.781809596432,15
user54739@okhdfcbank,4107.252307692307,9831.648898169924,13
user54744@axl,17962.295,53108.72539730304,22
user54744@oksbi,3383.7066666666665,8502.371516661578,15
user54747@axl,13304.2,31422.060687492227,10
user54767@okhdfcbank,17173.23,39569.25687908227,12
user54772@axl,9124.083,21406.812692383726,10
user54775@ybl,16114.116666666667,34196.184121226775,12
user5477@ybl,5560.676470588235,12185.94157574823,17
user54785@okhdfcbank,719.1861538461538,967.60365792283,13
user5478@ybl,11420.430999999999,23373.107690060504,10
user54798@paytm,14961.46,41129.79649050131,16
user54803@oksbi,7923.406666666667,13589.621431158412,9
user54806@okhdfcbank,25223.325,56653.799764941796,14
user54811@axl,17570.057,49987.23550724504,10
user54813@okhdfcbank,5055.1845454545455,14037.191198757222,11
user54822@ybl,18796.102222222224,45855.402215798196,18
user5482@okhdfcbank,1741.984375,2475.170839194657,16
user54836@paytm,4980.823333333334,12409.157064346626,15
user54863@ybl,3980.4159999999997,12268.311151034486,15
user54865@okicici,3351.515,7935.659893662279,16
user54871@okhdfcbank,965.8708333333334,1230.037479003704,12
user54871@ybl,19949.998,32759.290158709282,10
user54879@okicici,12287.889444444445,29341.009397578167,18
user54909@ybl,4926.374705882353,12513.876560654135,17
user54910@ybl,20045.553125,47013.87295383249,16
user54911@paytm,7212.025000000001,14259.912718299442,12
user54915@ybl,5169.716666666666,10534.516230203622,18
user54932@okicici,9549.626,33686.680856347106,15
user54934@paytm,13158.43,16548.297108035767,9
user54938@okicici,22565.053076923075,74655.78562282302,13
user5493@ybl,873.0411111111111,1379.7017604218354,9
user54947@paytm,5005.5019999999995,11414.020223648631,15
user5494@oksbi,3917.377857142857,9728.333275080244,14
user54950@ybl,22981.248750000002,69651.15325240734,16
user54969@oksbi,10527.008947368422,18770.52343217504,19
user54997@okicici,2955.124,5273.654317357388,10
user5499@oksbi,5101.126086956522,8448.311621963689,23
user55021@axl,21624.20818181818,41786.61972165153,11
user55021@okicici,10642.942666666666,27298.909555172046,15
user55028@okicici,21590.460000000003,43145.718142887985,16
user55028@oksbi,3784.2253846153853,9857.394139472677,13
user55030@okhdfcbank,6708.456,12648.950644232338,15
user55040@ybl,17671.187647058825,40117.84291661077,17
user55045@okicici,3217.0635714285713,6462.796117323078,14
user55061@paytm,8061.521111111111,11986.638676084765,9
user55068@ybl,16424.772,47113.26124602198,15
user55078@axl,8587.770833333332,16342.782432874239,12
user55079@okicici,4098.4400000000005,12457.79763088899,13
user5507@okicici,5379.529166666666,9506.963446884087,12
user55093@paytm,11559.571538461538,29081.110529390276,13
user55097@oksbi,12841.522307692308,19095.73560958884,13
user55098@oksbi,38455.8375,70861.72979982148,8
user55110@oksbi,14152.731111111112,19792.521326032747,9
user55120@paytm,3762.694375,10439.117493200256,16
user55122@oksbi,45426.12230769231,68472.69677436561,13
user5512@okhdfcbank,6560.575714285714,13201.150001186583,7
user55131@axl,4743.626666666667,6844.554760550149,12
user55144@axl,6828.781904761905,13533.479094988701,21
user55149@okhdfcbank,8199.41,19938.348918773478,10
user55154@axl,13244.088333333333,35234.30413872559,12
user55160@oksbi,30009.975714285712,56166.417203120545,7
user55165@axl,3143.7100000000005,8035.821918415746,12
user55176@ybl,2272.31,3766.8782607153635,13
user55182@paytm,8880.53076923077,17917.83125337507,13
user55189@okicici,1244.649,1541.2101321540954,10
user55195@okicici,6393.35,15510.298117310545,18
user55199@paytm,10335.18,32475.535462523785,11
user55200@okhdfcbank,15982.264666666666,39389.823691347316,15
user55205@axl,2723.2116666666666,6220.064853563559,6
user55213@okhdfcbank,7528.145882352941,18723.28947911032,17
user55215@okhdfcbank,14075.79125,47447.23773955724,16
user55219@okhdfcbank,3299.7926666666667,7314.4404838710925,15
user55220@paytm,10467.165,32107.626676792537,16
user55225@axl,6962.916842105264,13790.015703472267,19
user55237@okicici,7370.719999999999,15888.859906160667,19
user55238@axl,8055.422500000001,16410.53917156189,20
user55238@okhdfcbank,17613.060714285715,42146.1774098618,14
user55240@axl,30866.10076923077,58317.82941228286,13
user55245@oksbi,1257.877,1528.4479558547837,10
user55253@okicici,21737.594615384613,42883.4220355525,13
user55254@okicici,10849.66,29233.327773908222,14
user55261@ybl,73815.766,148739.56613616875,10
user55268@oksbi,16509.893888888888,35315.53248332209,18
user55273@axl,5429.338333333333,14593.654925393894,18
user55290@okhdfcbank,27462.189230769232,58648.65073886362,13
user5529@oksbi,10173.14857142857,30940.756880029203,14
user55302@axl,24319.21153846154,47553.370547134175,13
user55304@ybl,460.675,639.9308695699649,8
user55306@oksbi,2416.019444444444,5993.091879348376,18
user55312@okicici,5953.848,10925.367214269732,10
user55316@oksbi,2903.159444444444,8993.053827883903,18
user55318@ybl,10133.515714285715,19626.617086564576,7
user55319@ybl,5040.8946153846155,9124.05832135351,13
user55327@oksbi,5389.873846153846,8997.59186503861,13
user5532@paytm,14122.163076923076,30640.54200640017,13
user55330@okicici,4472.910833333333,10998.152436746703,12
user55333@axl,36382.35875,60309.03632106826,16
user55333@paytm,8813.226842105263,17498.2295980746,19
user55336@paytm,23647.545833333334,55448.394188837425,12
user55340@ybl,2465.88375,5850.6787340534265,16
user55341@paytm,9399.2175,28177.289743986486,12
user55353@okhdfcbank,9558.636,15281.534582990602,10
user5535@okhdfcbank,8164.087777777777,15381.632126927214,9
user55362@axl,7634.813636363636,15597.698468397364,11
user55380@oksbi,22192.964666666663,37474.18595713624,15
user55383@axl,6504.399090909091,13624.298470284957,11
user55384@oksbi,12707.94642857143,20675.22753716654,14
user55387@axl,10306.804999999998,33820.594360808704,14
user55399@okicici,31304.857500000002,65002.08754952819,16
user55400@axl,65463.99,146506.05092180584,12
user55401@oksbi,34893.20294117647,61458.54472611363,17
user55412@ybl,6970.340625,14338.10779977073,16
user55418@ybl,3418.3309090909092,5990.863498946465,11
user55437@ybl,17460.484615384616,49517.279017835885,13
user55460@oksbi,20512.852727272726,36872.3095634852,11
user55460@paytm,2531.3740000000003,5061.359476831848,10
user55469@oksbi,9260.662999999999,22482.820570590266,10
user55471@paytm,32187.931249999998,55286.37973242076,16
user55478@okicici,27386.277777777774,58567.614313064434,9
user55512@okicici,29153.12769230769,53514.18847061639,13
user5551@okhdfcbank,22814.700666666668,41935.04905982898,15
user5552@ybl,20689.786666666667,44002.79832022505,9
user55530@okicici,13626.202,27567.090672956456,15
user55544@axl,17745.70727272727,40733.979314521945,11
user55545@okhdfcbank,1675.3275,2294.481900576904,12
user55553@okicici,709.1784615384615,1065.3294397810016,13
user55555@okhdfcbank,9151.7825,15650.74906027598,12
user55567@axl,17696.04111111111,41051.1655969808,18
user55567@oksbi,10347.885,27950.47701502964,12
user55575@axl,31648.627,47056.95854842536,10
user55596@okicici,2471.4518181818185,3075.3665633508413,11
user55604@axl,8576.516,13436.106878837338,15
user55607@okicici,11664.356315789473,28587.321859143398,19
user55615@oksbi,5601.539090909092,11862.548485578009,11
user55615@ybl,10844.921818181818,19991.50663512074,11
user55620@axl,11205.166,29050.67270096214,10
user55624@oksbi,1353.235625,1250.3693714950462,16
user55633@paytm,8960.053636363637,17248.356858289586,11
user55638@ybl,1726.4066666666665,2179.8020443945516,6
user55639@okhdfcbank,2589.9178571428574,5556.88551444779,14
user55645@axl,3164.9599999999996,7774.366837174821,12
user55646@okicici,4230.377647058824,14952.317242762712,17
user55659@paytm,13785.527272727271,33159.5462662863,11
user55672@paytm,1706.5610000000001,2014.3770598069932,10
user55675@paytm,22196.94111111111,63243.97511965536,9
user5567@axl,22196.237500000003,46811.44973929036,8
user5567@okhdfcbank,11672.362857142856,34901.89364155,14
user55691@okhdfcbank,17108.423076923078,51543.39874207242,13
user55691@okicici,13805.175454545453,25093.48796547238,11
user55693@paytm,22071.660714285714,33591.6708207552,14
user55698@okhdfcbank,2121.568,3709.4649797014436,15
user55703@axl,24120.685999999998,56240.60271663528,20
user55708@oksbi,4159.454,11856.497380622634,15
user55710@okhdfcbank,18913.950714285715,52386.82079733126,14
user55711@paytm,20680.65692307692,53143.43558436284,13
user55712@axl,2703.3535714285717,5863.362702547467,14
user55722@paytm,3604.838888888889,6757.623513705546,9
user55740@paytm,12538.637499999999,41221.623144502504,12
user55745@oksbi,5472.600833333333,12021.378827439401,12
user55748@axl,15900.942222222224,40669.97550369249,18
user55756@oksbi,12549.663333333334,25235.391965038383,15
user55766@okicici,7398.751333333334,15599.573263346874,15
user5576@okicici,13039.843125000001,35015.750490033235,16
user55771@okhdfcbank,8333.044444444444,11935.533037480052,9
user55786@okicici,6848.129285714285,14030.258330431885,14
user55796@paytm,49302.008571428574,73779.23934767341,7
user55797@okicici,2754.5422222222223,3925.9656353716905,9
user55800@oksbi,18643.711875,34554.76896365483,16
user55816@paytm,10492.216666666667,14263.252600885278,12
user55816@ybl,12762.966923076923,19181.44247740742,13
user5581@ybl,3912.632727272727,5110.909162896736,11
user55823@paytm,21616.27,39288.23508530105,16
user5582@paytm,10306.913999999999,26801.93393501825,15
user55842@okicici,5469.169999999999,11133.623006880682,15
user55845@ybl,4563.621428571429,13299.07964619811,14
user55847@okicici,12013.713846153845,35005.55362145116,13
user55857@paytm,24662.705625,54006.61939393454,16
user55869@ybl,3010.293636363636,6578.081989319185,11
user55880@ybl,9583.065333333334,20868.33054369189,15
user55886@paytm,5948.373333333333,12026.862654542334,9
user55892@paytm,15890.396666666667,33164.55396487185,12
user55911@axl,29654.248125,62499.87316203686,16
user55912@oksbi,7388.964285714285,14193.49615203208,14
user55917@axl,27312.89875,50962.55979235173,16
user55921@ybl,41802.52461538461,109362.86488559372,13
user55933@oksbi,1478.1816666666666,1410.6890286525254,12
user55935@axl,6541.984375,15265.758407628478,16
user55943@ybl,10651.143124999999,35162.509840274804,16
user55951@axl,14965.085833333333,37368.801999001415,12
user55962@okhdfcbank,3820.4286666666667,6265.334019614673,15
user55970@paytm,1613.9061538461538,1662.3608726072812,13
user55973@paytm,4197.4186666666665,12351.788207040463,15
user5597@okicici,7578.7175,12167.348186177354,16
user55989@paytm,1404.6092857142855,1517.527869111543,14
user56006@paytm,11721.9425,28710.438418871952,12
user56016@axl,16533.10230769231,25380.134658125226,13
user56021@paytm,4611.3099999999995,8868.405833639228,20
user56026@okicici,8376.314,13251.106680429051,15
user56029@okhdfcbank,991.051111111111,1239.8278108919446,9
user56030@ybl,9109.314285714285,18892.19378949196,14
user56031@oksbi,14043.356666666667,26863.819927071167,18
user56032@paytm,7207.734375,13439.933965419606,16
user5603@okicici,7853.613157894736,14232.686504622247,19
user56041@okicici,2090.488888888889,3337.0759393233934,9
user56044@axl,19348.721538461537,48823.46710273091,13
user56048@axl,5148.154117647058,11018.995933498805,17
user56059@paytm,32642.850714285712,91181.87506497132,14
user56063@paytm,10847.904166666667,25383.18980344972,12
user56069@ybl,14605.98875,33863.12541441558,16
user5606@ybl,8725.356842105262,21812.43665146791,19
user56076@okicici,16921.150714285715,45649.87043130714,14
user56077@axl,9077.38947368421,28641.18719088367,19
user56087@paytm,13319.457692307693,16138.274151667703,13
user56096@okicici,10715.245833333332,18432.038193387598,12
user56099@axl,6312.93625,12899.244771109084,16
user56103@axl,14014.835000000001,20977.976647742067,14
user56106@axl,11479.09375,26645.9256437838,8
user56107@okhdfcbank,4795.648181818182,8970.91452525752,11
user56114@axl,38479.67235294118,78033.87241396918,17
user56114@okhdfcbank,3330.35625,6132.171070605389,8
user5611@okicici,1619.611875,2914.905932719428,16
user5611@paytm,8928.954545454546,16990.7524512491,11
user56123@ybl,15598.844615384616,43878.67005324239,13
user56129@paytm,14073.33,22311.519086793003,15
user56147@axl,25870.92875,58605.631281408794,8
user56152@axl,10513.169473684211,29314.993402351956,19
user56161@ybl,7625.7806666666675,15494.994162130219,15
user56162@ybl,14244.79588235294,26614.985889520976,17
user56168@ybl,10450.561764705883,29215.642105753737,17
user56176@okicici,21198.52090909091,41800.792221630545,11
user56180@ybl,18639.67,48548.53623354323,11
user56182@ybl,9258.178333333333,25805.85533823996,18
user56184@okhdfcbank,32659.806190476193,60308.068036831224,21
user56186@okicici,4578.4572727272725,10543.078971738843,11
user56186@paytm,9458.6625,15614.700089713539,16
user56192@okicici,13609.54411764706,33079.54772878082,17
user56200@okicici,11934.016428571429,32198.89205412739,14
user56204@oksbi,13229.104285714287,13785.395927115353,7
user56206@axl,11017.912222222223,17716.88527084528,9
user5621@axl,21036.047272727275,47164.9469651024,11
user5621@okhdfcbank,13802.099444444444,33101.79787027791,18
user56220@axl,13578.003076923078,39911.3335449628,13
user56230@axl,1910.861875,4336.665132976749,16
user56243@okicici,2812.366,5772.57721650718,10
user56244@okhdfcbank,8992.990666666667,15737.640819175927,15
user56248@axl,18350.062,41807.620853961234,15
user56249@oksbi,14587.445624999998,34359.36684806885,16
user56255@okicici,859.3592307692307,1131.8908208499433,13
user56261@okhdfcbank,6299.37375,11437.802656609572,16
user56264@paytm,7004.650833333333,12537.563956639524,12
user56267@ybl,6411.299999999999,10747.070969077266,13
user56268@axl,2949.168,3499.9323420489145,5
user56276@okhdfcbank,20060.554545454546,43478.6411500917,11
user56279@okhdfcbank,7263.417777777778,13594.417772881268,18
user5627@ybl,5384.95909090909,7893.828392889542,11
user56283@axl,23855.809999999998,53244.46490951731,11
user56284@oksbi,17341.119285714285,47081.01190446812,14
user56284@paytm,31049.984166666665,64004.42458074618,12
user56296@okicici,4025.05,7918.01403015031,8
user56309@axl,18768.618823529414,30761.75094711204,17
user56311@oksbi,2634.7572222222225,6184.680166842817,18
user56312@oksbi,1048.6317647058825,1547.0441672680004,17
user56316@oksbi,28373.154545454545,49220.86838376715,11
user56318@paytm,4901.940714285714,12612.588935162827,14
user56324@ybl,8118.748571428572,16803.520776459027,14
user5632@okicici,19887.55076923077,45974.27429674312,13
user56337@paytm,990.8557142857143,1118.9391362187243,7
user5633@okicici,6477.5668749999995,13007.198411757348,16
user56350@oksbi,17380.660714285714,50425.948482033535,14
user56355@paytm,15021.065263157894,27786.421179674227,19
user56371@okicici,15076.891428571429,41267.257973433814,14
user56371@oksbi,6533.7784210526315,13304.906795738623,19
user56381@axl,23461.165454545455,39272.92687760395,11
user56388@okicici,19145.43642857143,42315.60583554117,14
user56390@axl,3046.987142857143,5222.593480154418,21
user56393@ybl,2367.2299999999996,5552.733579546654,17
user56398@axl,10149.907894736842,32570.35807848101,19
user56401@axl,4312.678666666666,9663.082567314685,15
user56409@okhdfcbank,15668.560909090907,31444.477090151926,11
user56415@oksbi,5113.545555555556,5874.197702316697,9
user56419@paytm,2020.146153846154,3972.923905308991,13
user56421@axl,8582.903636363637,14682.765009731833,11
user56426@okicici,14584.810588235294,35783.938018800145,17
user56432@axl,10780.011111111111,26313.40477018864,9
user56468@axl,4826.122,6957.870501080259,15
user5646@axl,26850.139999999996,86097.93702644564,14
user56476@ybl,3932.723333333333,5530.304689024828,9
user56479@okicici,21175.28857142857,47808.10308224825,14
user56479@ybl,2342.523333333333,2780.674504678076,15
user56480@oksbi,19659.0425,43953.38093916274,16
user56486@paytm,6935.945,13184.405314041156,10
user5648@paytm,19485.413333333334,50804.11151302136,15
user5648@ybl,13405.21,39380.79047623886,9
user56501@oksbi,6257.398461538461,10107.6820496713,13
user56506@ybl,14077.557222222222,35341.32290735339,18
user56512@okhdfcbank,1768.753846153846,1585.8120781140203,13
user56514@oksbi,22899.47923076923,41925.513706065954,13
user56533@okhdfcbank,3501.654285714286,6748.691359443591,7
user56547@okhdfcbank,22968.499333333333,60897.86189709683,15
user56554@axl,19083.247333333336,48474.95523610465,15
user56556@okhdfcbank,27410.465,55965.151589360335,12
user5655@axl,2929.2608333333333,5573.257865057611,12
user56561@paytm,13794.577333333333,45187.630928154045,15
user56565@oksbi,20841.982500000002,47524.37132296402,8
user56565@ybl,5413.584545454545,10541.192808205686,11
user56568@axl,4588.230909090909,11748.305102037873,11
user56568@okicici,6302.082857142857,12703.085181306533,14
user56571@okicici,7204.208421052633,19404.705079840318,19
user56591@okhdfcbank,7870.84,12437.665364343173,12
user56598@axl,7084.322857142857,12510.984513469411,21
user56609@axl,3355.58125,3922.788115444122,8
user56609@okhdfcbank,6299.9205,13407.965565645736,20
user56612@axl,8160.838124999999,14864.914645219336,16
user56612@ybl,10334.719090909091,24553.37443738842,22
user56619@paytm,13765.2775,22486.63503724138,4
user56621@okicici,33567.17733333333,66079.53251315294,15
user56633@oksbi,29576.26375,51128.813680313884,16
user56645@ybl,17722.519,51361.860219244074,10
user56648@okicici,12349.6775,32208.341532303813,16
user56654@okicici,2942.1158333333333,6133.794922727779,12
user56658@oksbi,8740.583636363635,18285.569999846477,11
user56659@paytm,28983.876,60721.68561508103,10
user56661@ybl,6888.26,13404.655091898914,15
user56665@paytm,4905.106000000001,13348.126505710414,10
user56668@okicici,16287.723076923077,52958.5422557056,13
user56673@axl,20531.622142857144,52875.90701627526,14
user56677@axl,824.5830769230769,1207.8094649570119,13
user56680@axl,3333.266875,10385.940742312956,16
user56690@okhdfcbank,4662.505882352942,17053.696807225573,17
user56692@oksbi,15084.110476190477,62484.12802362719,21
user56698@ybl,6918.190833333333,13938.077949538392,12
user56711@paytm,14591.042500000001,47266.60407020471,12
user56718@axl,3882.525,6121.855402014282,8
user56718@paytm,5333.891818181818,14720.488514269367,11
user56728@okhdfcbank,593.6766666666666,666.4455069896312,6
user56731@paytm,703.9558333333333,1049.5351301709147,12
user56734@ybl,1024.08125,1360.1074707971916,16
user56739@paytm,52273.40052631579,119160.64647985721,19
user56745@axl,14617.613125,37457.18461282886,16
user56746@okhdfcbank,19818.572142857145,40317.270920556766,14
user56751@paytm,5818.640714285714,13396.339181042344,14
user56754@ybl,2053.1222222222223,2673.9001414997565,18
user56755@okicici,3940.238,7085.596562970142,15
user5675@ybl,8153.996000000001,25007.758121280167,15
user56761@oksbi,15409.825714285716,39945.100153679334,14
user56766@paytm,7415.191000000001,13277.976168448975,10
user5676@okhdfcbank,41261.087,79972.01927647821,10
user56771@ybl,27067.63363636364,57465.10428323685,11
user56773@okicici,5872.861818181817,9603.764636124542,11
user56778@oksbi,27035.86333333333,53491.45064314846,12
user5677@oksbi,15061.094705882351,33950.75771495923,17
user56781@paytm,8483.4565,18523.41245903774,20
user56786@ybl,7613.347,15081.543711143582,10
user56797@paytm,13323.946363636362,41511.432452949935,11
user56797@ybl,11474.919,18067.55367644469,10
user56798@paytm,24368.07476190476,53503.76394939207,21
user56805@paytm,11435.959375,15195.909540677261,16
user56808@okicici,35886.060000000005,54604.22204354842,14
user56809@paytm,7044.32,12106.57766943656,17
user56820@ybl,2776.429375,5236.379284993871,16
user56823@paytm,24420.82333333333,55288.9127599725,9
user56826@oksbi,14444.428888888888,38501.25734574986,18
user56828@okhdfcbank,5931.541666666667,12375.603643592747,12
user56830@oksbi,5990.238461538462,20010.072975075516,13
user56833@okicici,1587.1716666666669,2149.9170741655144,24
user56835@okicici,15749.79411764706,45367.54629516581,17
user56841@ybl,5967.984615384615,11026.35428122899,13
user56856@paytm,4841.68125,9281.907926729198,16
user56860@okicici,3610.42,8788.437388198821,12
user56863@okicici,6787.671904761905,14892.00408446983,21
user5686@oksbi,585.686875,883.4545501889633,16
user56872@ybl,8472.621111111112,23939.393650319053,9
user56878@okicici,15897.2975,42076.44689414152,12
user56894@axl,16709.895625,42522.900336129154,16
user56896@oksbi,14405.864761904764,35328.42975089363,21
user56897@okhdfcbank,5520.344736842105,12740.568148327247,19
user56913@ybl,7017.747894736842,25300.118213219564,19
user56915@okicici,20894.208999999995,45019.00739932818,10
user56918@ybl,43009.075,65080.54359592559,8
user56922@ybl,26310.407142857144,58394.892847371295,14
user56934@paytm,14982.484999999997,46207.06669405551,10
user5694@ybl,7049.753684210526,23712.035100613222,19
user56954@axl,27309.043333333335,53078.451844326795,18
user56956@axl,14819.583636363637,37838.33111923655,11
user5695@oksbi,5238.214166666667,8142.181984891965,12
user56961@axl,15014.652777777777,37271.52929105694,18
user56963@ybl,3749.698,9987.073131879886,15
user56965@okicici,16572.6525,41992.68253969231,16
user56982@okhdfcbank,17637.152857142857,29873.14269290971,14
user56989@okicici,5517.647894736842,12114.578818247406,19
user56991@okhdfcbank,4424.895882352941,8022.0190033144545,17
user5700@okhdfcbank,6321.155333333333,10455.33349650507,15
user57017@ybl,23232.381,60916.22265514908,10
user57022@okhdfcbank,28483.42272727273,58718.326338921324,11
user57030@okhdfcbank,12204.968181818182,36766.273531127365,11
user57035@oksbi,19864.65923076923,51455.96288830891,13
user5703@ybl,3883.454,7537.101815803089,10
user57044@oksbi,15720.366,31381.78055423355,10
user57044@ybl,25360.284736842103,42129.4488767408,19
user57053@ybl,16358.829285714286,49644.65087789255,14
user57058@oksbi,4597.244705882353,11104.499386526346,17
user57063@okicici,10455.7,15906.894646963621,8
user57071@okhdfcbank,9755.096363636363,18885.85194426202,11
user57088@okicici,19226.3775,47715.0306712022,12
user57091@ybl,6972.532307692308,22610.028605311458,13
user57095@ybl,12816.717222222222,34556.89193028263,18
user57096@okicici,13850.023888888889,32729.433142466227,18
user57115@axl,4381.496666666667,11525.547218197495,9
user57115@paytm,602.0475,601.6633465066203,12
user57116@axl,9393.63153846154,28011.00520234884,13
user57117@okicici,14851.080454545456,32265.1247625208,22
user57125@okicici,5603.382,12309.048862966161,15
user57131@oksbi,18037.750909090908,47893.16630592511,22
user57133@okicici,11422.668461538462,24374.43745750106,13
user57138@ybl,28872.186923076923,57947.59826278528,13
user57151@ybl,14014.58,25262.411470325893,16
user57154@ybl,3546.657142857143,4221.754293026832,7
user57174@okicici,2274.722,2565.135330047705,20
user57176@ybl,20246.895714285714,47994.56066998694,14
user57178@okhdfcbank,5340.985,10763.65680876571,14
user57179@okhdfcbank,19059.78941176471,43896.35363002354,17
user57184@axl,26445.69,50775.73275758031,15
user57194@okicici,2973.5891666666666,6714.058299679803,12
user57207@axl,12819.176470588236,32353.36503301394,17
user57221@axl,33326.89785714285,59841.229083492406,14
user57227@okhdfcbank,2819.0192857142856,5906.766601176685,14
user5722@ybl,18975.385714285716,36568.712814295584,21
user57232@oksbi,9326.238571428572,15236.774669928704,7
user57233@okicici,15291.256666666666,39118.94599502983,12
user57234@oksbi,13265.167500000001,24199.069519557568,16
user57235@oksbi,30809.856923076924,59094.38116078485,13
user57238@paytm,6772.475454545454,14341.747007377657,22
user57240@oksbi,19587.405555555553,35941.94216945055,9
user57241@okhdfcbank,40470.6675,127256.52172063797,12
user57247@axl,28258.548,57024.23286577936,15
user57250@oksbi,8549.993636363635,15219.993101609654,11
user5725@okhdfcbank,1327.5763636363636,1218.5483644506912,11
user5725@okicici,11451.676666666666,16951.677371887123,9
user57264@paytm,48844.922,73167.21575631501,10
user57271@okicici,35807.35333333333,63265.37633420867,9
user57273@okicici,7092.802307692307,14253.134403414659,13
user57276@oksbi,6721.490000000001,14620.212051798208,12
user57307@okhdfcbank,12595.786153846155,35626.7567753511,13
user57313@ybl,8799.96125,12116.665409217454,8
user57321@axl,23331.327222222222,45815.56576442961,18
user57325@okhdfcbank,11883.617692307693,26815.42257960897,13
user57326@okicici,4973.940666666666,15878.983339815855,15
user57344@axl,5633.452666666666,12121.993693635939,15
user57344@paytm,7290.71,13343.364214306674,16
user57354@oksbi,11575.40176470588,32956.892039966624,17
user57356@oksbi,3332.143,9028.111321817783,10
user57358@axl,7238.032222222221,13651.465451675671,9
user57361@oksbi,26213.47857142857,48347.55064308952,14
user57363@ybl,7559.568749999999,12538.712942477034,8
user57373@oksbi,20496.747142857144,43586.327135780666,7
user57378@oksbi,20155.317272727272,45413.069821744284,11
user57381@axl,1516.2814285714287,2244.833676240273,14
user57387@paytm,15273.82,19366.997248073203,9
user57392@ybl,30654.261333333332,59326.70949111621,15
user57396@axl,21211.34181818182,53857.02440267078,11
user57397@ybl,4277.9293333333335,11889.77142802253,15
user57398@okhdfcbank,10697.887499999999,21316.348068034167,12
user57406@okhdfcbank,2927.2480000000005,6722.344640921714,10
user57408@oksbi,19737.74142857143,22168.90417033347,14
user57411@ybl,19047.102,33558.693773682164,15
user57414@ybl,4102.9037499999995,10181.24908865435,16
user57440@paytm,3177.0014285714287,4456.7828492438675,7
user57446@okhdfcbank,5504.840909090909,12132.435584048835,22
user57447@ybl,16852.07882352941,44883.118367884,17
user57463@oksbi,15091.25105263158,27448.741357667812,19
user5746@okhdfcbank,4518.686923076923,9678.86701308783,13
user5747@axl,4386.327272727272,10819.519795251628,11
user57481@okicici,2777.5207142857143,6846.110269188196,14
user5748@axl,8584.424666666666,24709.662104149484,15
user57491@okicici,2431.7386666666666,5411.166626323843,15
user57492@okhdfcbank,14470.348666666667,26852.471637395978,15
user57494@axl,13096.453529411765,25481.492674376175,17
user57503@ybl,28942.479285714282,49051.76929419044,14
user57516@okicici,5226.405,7108.722629134251,14
user57523@paytm,14446.389473684212,31496.220232085605,19
user57526@paytm,2730.578666666667,8984.786198799666,15
user57531@okicici,16305.0,35844.48051985162,10
user57532@oksbi,24452.36,43614.58525100195,13
user57541@ybl,1585.8127272727272,1339.5789067545882,11
user57547@oksbi,11306.115384615385,29506.49751532127,13
user57548@ybl,6186.204,19092.009895522413,15
user57549@okhdfcbank,21553.945,28363.897275362506,10
user57556@paytm,22247.927,52526.17367697832,10
user57561@oksbi,743.536923076923,1118.1942304029344,13
user57563@okicici,4409.255,9345.87550700534,14
user57565@okhdfcbank,9826.065555555555,12833.286066936551,9
user57570@paytm,5146.772352941177,9800.051579429015,17
user57572@okhdfcbank,1519.5186666666666,3056.1325223623653,15
user57572@paytm,6511.115714285714,12610.20268390356,7
user57573@okhdfcbank,13796.29875,34017.759298203026,16
user57574@paytm,17484.665555555555,46239.169305470015,18
user57575@ybl,7483.33875,15707.415183100356,16
user5757@oksbi,10674.356923076924,29507.706664887675,13
user57583@paytm,8523.09,28500.485148105814,12
user5758@oksbi,13789.2,26075.67110760239,9
user57597@okicici,772.224,991.814885794147,15
user5760@ybl,3757.8514285714286,10695.265226690704,14
user57614@oksbi,2021.4222222222222,4660.772565763045,9
user5761@okicici,22124.550000000003,48476.911016467515,12
user57622@oksbi,18376.475000000002,49670.827066581325,8
user57627@oksbi,2078.7888888888892,4843.628229136307,9
user57630@oksbi,14353.664999999999,37180.62995114306,20
user57633@axl,20313.25733333333,49030.55811826983,15
user57635@okicici,11812.3125,36455.091229253834,12
user57638@paytm,5598.886666666667,11141.441446576566,18
user5763@ybl,3107.5008333333335,4391.757562996347,12
user57652@okhdfcbank,11477.27,37939.1588986384,19
user57655@oksbi,27511.930666666667,58114.42727466187,15
user5765@oksbi,25370.471875,59461.156374684724,16
user57661@okhdfcbank,8887.784615384617,17020.828291465732,13
user57677@axl,14781.484375,25024.952445929634,16
user57683@paytm,13505.853846153846,31128.306044431254,13
user57697@paytm,14270.066666666666,29028.153603441,18
user57699@paytm,16531.02857142857,32107.354676513663,14
user57700@ybl,4276.081875,7478.401224421539,16
user57704@oksbi,4557.53,7388.44100183031,12
user57731@ybl,9783.928333333333,21949.875133920934,18
user57733@oksbi,15882.639333333333,36717.99908802677,15
user57746@oksbi,3354.97625,7343.867869187077,16
user57747@okhdfcbank,3505.611052631579,5220.360331199898,19
user57754@okicici,38399.62,60989.9813616689,11
user57759@paytm,2961.065,2369.7906305108777,8
user57768@paytm,5236.850625,9869.992202108686,16
user57782@axl,21030.31,41596.12030129012,4
user57782@paytm,19934.504444444443,37740.53231754146,18
user57792@ybl,14343.102142857142,38809.438628604286,14
user57793@paytm,11955.801111111112,27062.944586305566,18
user57799@okhdfcbank,19055.280588235295,43326.69165858061,17
user57800@ybl,21870.706666666665,38788.8020842882,15
user57805@oksbi,2940.6192857142855,5084.482907977452,14
user57809@paytm,5020.885,9199.005826763418,12
user57815@ybl,21735.543846153847,43970.926828757074,13
user57819@okicici,21779.975,46202.08408886877,12
user5781@oksbi,6637.343333333334,15520.754910781181,15
user57827@ybl,13157.290769230769,30349.399198941996,13
user5782@ybl,5362.1963636363635,14693.992232577415,11
user57830@axl,5108.636875,10231.623705293778,16
user57835@okicici,5721.220476190477,12443.713823176935,21
user57846@axl,26251.71125,50859.32721797124,8
user57849@axl,9570.002857142857,16739.26902093668,7
user57851@ybl,20078.940625,41955.840813755196,16
user57862@oksbi,24733.158333333333,46634.8827774811,18
user57866@okicici,2458.951,4278.84608778387,10
user57879@axl,5573.9275,10606.86777775708,8
user57880@okicici,4540.467692307692,9673.23634826969,13
user57882@axl,15380.986666666664,46373.97110888946,12
user57886@okicici,7248.136666666667,12019.842761521468,9
user57888@okicici,11626.911666666667,32220.766496703236,18
user57889@paytm,9865.629,14057.579218877268,10
user57892@ybl,20377.96117647059,46170.599122975014,17
user57893@okhdfcbank,19298.384285714284,48858.61061661098,14
user57901@axl,9961.40705882353,25521.085695731763,17
user57911@ybl,1195.21,1488.1389387083452,13
user57918@ybl,1624.8075000000001,1960.6283097228466,16
user5791@oksbi,11232.713,21972.75530845316,10
user57920@paytm,20471.14181818182,49451.19030261634,11
user57921@paytm,2535.8721052631577,6172.208014235694,19
user5792@okhdfcbank,2978.345714285714,5969.401079016378,7
user57942@axl,31888.266666666666,58869.57424331116,15
user57947@okhdfcbank,4429.713125,11919.178774569282,16
user57947@ybl,19787.56625,65221.644847498996,16
user57950@oksbi,7793.175,15095.679564421354,14
user57958@okicici,17891.394666666667,29761.41373018735,15
user57964@axl,8914.514285714286,17499.90342989826,14
user57974@okicici,4929.733333333334,12489.236514803457,9
user57979@okicici,2963.74125,6721.833486293131,16
user57984@paytm,3335.847692307692,6409.354697603019,13
user57985@paytm,24755.65642857143,59891.98489318129,14
user57985@ybl,6518.773157894736,12359.653397731963,19
user5798@okhdfcbank,7155.526000000001,14695.391168251697,5
user57997@paytm,5058.94875,13522.230340773363,16
user58003@oksbi,13586.829375000001,34386.86334547743,16
user58009@axl,2634.625714285714,4183.691816342185,7
user58014@oksbi,1913.60125,1908.1022005006325,8
user58016@okicici,8160.430833333335,16067.82933485612,12
user58021@paytm,246.13299999999998,174.09437262269245,10
user58022@okhdfcbank,8560.65888888889,21842.489087506972,9
user58032@paytm,8535.407894736842,21336.064178387307,19
user58042@okhdfcbank,22917.56357142857,41886.26241823934,14
user58043@ybl,39619.839,59489.18939404452,10
user58056@okicici,2551.21,6850.71209932515,16
user58062@axl,15815.199999999999,49691.8057151195,13
user58089@axl,13774.764761904762,24013.0886945594,21
user58091@paytm,20632.92583333333,52547.40102568943,12
user5809@okicici,47177.46466666667,62449.90344918041,15
user58104@paytm,10725.534,17608.59977576689,10
user58108@okicici,4341.113076923077,12113.664951243689,13
user58124@axl,9473.369166666665,18805.11991008177,12
user58124@okhdfcbank,5673.902,10794.49007370458,10
user58132@oksbi,15177.168749999999,37938.411923602325,16
user58134@axl,21861.185384615383,38413.198440198394,13
user58134@oksbi,7082.032857142856,11320.875160370046,14
user58134@ybl,19962.254,48937.42697798541,15
user58138@okhdfcbank,8409.168333333333,18465.284371888156,18
user58141@paytm,21481.431666666667,48287.783903494084,12
user58149@oksbi,11081.493333333334,23754.40993776843,12
user58153@okicici,850.0461538461539,1363.9798125799518,13
user58169@paytm,36412.494,64756.04578692164,10
user58174@okicici,6454.287368421053,11340.034029936125,19
user58175@axl,26763.49923076923,55416.193768097466,13
user58183@oksbi,18407.064117647056,25514.534711083325,17
user58184@okicici,6278.932142857143,14982.067204153505,14
user58190@paytm,5928.9800000000005,11896.32909263642,14
user58196@axl,7035.561818181817,14093.689652283265,11
user58196@okhdfcbank,4204.803571428572,8193.822348950653,14
user58199@oksbi,5569.9552631578945,13295.3327821313,19
user58204@okhdfcbank,24993.030000000002,58551.126096049484,15
user58207@okicici,26692.440714285716,48844.307825775824,14
user58207@oksbi,15270.847142857141,28876.67163867892,14
user5820@ybl,13888.522222222222,38653.0244369418,9
user58221@okhdfcbank,8624.890666666666,13722.300193435118,15
user58225@paytm,11647.323333333334,28616.999316617905,15
user58233@okhdfcbank,5574.18,9395.515427883667,17
user5823@paytm,3686.12,7749.628717361487,14
user58241@oksbi,12614.111666666666,34062.2437478099,12
user58256@okhdfcbank,2842.9672727272728,7075.557401321949,11
user58265@okhdfcbank,24070.15111111111,53461.274780595726,9
user58275@okhdfcbank,13025.31125,25340.663643971355,16
user5827@okhdfcbank,12085.858666666667,19344.347157268625,15
user58287@okhdfcbank,8113.92,17178.983221760907,8
user5830@axl,10230.670714285714,21009.30381809174,14
user58320@oksbi,567.304,660.9130807064488,10
user58326@okicici,4857.477142857142,11286.202834668005,14
user5833@okicici,12010.433076923076,13866.102160581144,13
user58346@oksbi,8745.461176470588,16015.236121730646,17
user5835@paytm,6554.19,14213.761100735268,9
user58372@okhdfcbank,7338.049999999999,14650.170353425501,17
user58378@ybl,5928.494166666666,13113.148589919172,12
user5837@okhdfcbank,17613.655714285716,48199.53206897995,14
user58384@oksbi,14545.192222222224,34208.64851865002,18
user58388@paytm,2391.6235714285717,3880.5047629451647,14
user58395@paytm,4499.41125,12143.970291130889,8
user58410@oksbi,31075.45,64172.34427416767,17
user58415@okhdfcbank,13286.698181818181,17518.628641773772,11
user58417@okhdfcbank,1237.8925,1499.8107735382582,8
user58418@ybl,18893.35125,39047.33868548514,16
user5841@oksbi,28102.249333333333,60548.31040175221,15
user58433@ybl,13411.997142857143,33313.92575324768,14
user58439@okhdfcbank,4070.488333333334,11563.9390590835,12
user58442@axl,15381.747,19929.978267995095,10
user58450@oksbi,7381.106923076923,13876.727037362703,13
user58458@axl,2107.7799999999997,1917.2424038127724,10
user58473@paytm,6370.27,13119.409363164943,11
user58480@axl,6675.440000000001,14402.329564029566,11
user58492@axl,10902.965757575756,32139.81485745815,33
user58500@ybl,35989.427777777775,59614.73937790862,9
user58505@paytm,6880.412857142857,15506.931235962951,14
user58514@ybl,668.0400000000001,971.8845572832785,15
user58530@paytm,12849.954666666667,36895.62874364172,15
user58535@oksbi,5853.6425,11487.92553407243,16
user5853@axl,5422.941666666667,9003.402110213505,12
user58545@ybl,2996.872727272727,3730.102588455419,11
user58557@okicici,1589.4454545454546,1541.474961952763,11
user58560@okicici,7292.868750000001,12785.26187555414,8
user58572@paytm,27911.041000000005,54999.43984255263,10
user58589@okicici,9546.655882352941,28215.320170912037,17
user58600@ybl,7187.646,14610.850464343173,15
user58602@oksbi,9287.604117647059,18179.166910709926,17
user58608@okhdfcbank,6368.631249999999,10318.229551627173,24
user58609@okhdfcbank,759.3581818181818,654.7251241371173,11
user58615@oksbi,17599.19307692308,48444.04490016074,13
user58616@paytm,10375.783333333333,34355.32764676142,18
user58619@okhdfcbank,15994.7205,29239.01499069702,20
user5861@oksbi,14166.262499999999,35523.82283408113,12
user58620@paytm,5629.4785,12035.97322457241,20
user58623@okicici,15091.470714285717,46493.634965397716,14
user58632@okicici,22870.645454545454,52968.13272652026,11
user58645@oksbi,3718.74625,5728.584510587672,16
user58649@okicici,14088.182,36828.33016773872,15
user58654@ybl,8775.142727272729,17055.957314432813,22
user58656@ybl,3173.057857142857,7902.8458920336725,14
user58660@axl,3297.127692307692,6573.792823870344,13
user58676@paytm,7223.638235294118,13444.677081421123,17
user58679@okicici,10218.259999999998,14048.080071051523,17
user58692@oksbi,6325.774444444444,9373.32141641653,9
user58705@paytm,37158.391818181815,66861.16302735315,11
user58713@okhdfcbank,16556.46181818182,42128.22030852119,11
user58714@ybl,16709.645625,22871.2075165188,16
user58716@paytm,19195.82307692308,54422.417075526486,13
user58716@ybl,6103.452499999999,12504.18602603735,12
user58724@okicici,15641.595000000001,39270.567182303486,14
user58727@okhdfcbank,5673.915625,11997.770554642208,16
user58730@oksbi,8203.037333333334,16134.559352067166,15
user58732@okhdfcbank,8591.736999999997,25248.793435571024,10
user58745@oksbi,3102.8313333333335,4896.120810835666,15
user58748@paytm,11203.981818181817,22731.88533122487,11
user58757@oksbi,1691.8741666666667,2000.7520703905243,12
user58761@oksbi,5877.481333333333,10046.880861136433,15
user58767@paytm,25488.049166666664,50187.03053926627,12
user58769@okhdfcbank,5691.32375,10286.3954111937,8
user58771@okicici,2717.252222222222,4233.877730771101,9
user58772@paytm,23709.037333333334,51348.689763498005,15
user58775@okhdfcbank,670.554375,1199.5307162940499,16
user58775@paytm,11441.461333333335,15108.72131433548,15
user58784@ybl,9822.376470588235,29985.07729097633,17
user58786@ybl,11125.710666666668,18569.951679906928,15
user58796@okicici,11905.533846153847,35592.58830933896,13
user58799@paytm,26536.876428571424,57535.226113926416,14
user58801@ybl,52620.87916666667,80699.14991602873,12
user58802@okicici,3850.0007692307695,10314.959909885301,13
user58803@paytm,30864.817647058826,56582.1015629738,17
user58804@okhdfcbank,7257.03,14394.76868356859,18
user58804@paytm,1238.556,1336.2409953410352,5
user58811@okicici,13009.18,30121.82319862941,10
user58813@ybl,21432.06761904762,49284.84584932532,21
user58819@okicici,11696.493333333334,22540.622612063027,18
user58823@okhdfcbank,1346.951111111111,1547.641702061918,9
user58828@okhdfcbank,4630.3,10897.866963594784,20
user58836@paytm,8261.477333333332,16003.043443396486,15
user58851@okicici,8701.983571428571,14001.753681320728,14
user58853@ybl,5254.078333333334,7822.054074748389,12
user58854@ybl,7873.905294117648,20045.384943406272,17
user58857@okhdfcbank,6059.007857142858,13039.84759794506,14
user58865@okicici,9871.694375000001,30791.826349374165,16
user58866@okhdfcbank,3210.4406249999997,5858.329027141293,16
user5886@okhdfcbank,3225.8482352941173,7629.316677177121,17
user5886@ybl,23364.696428571428,44784.11754442135,14
user58874@okicici,46088.8225,94891.68181136296,16
user58888@axl,3220.0170000000003,5373.388109948364,10
user58888@oksbi,11965.468235294116,32426.406051836482,17
user58889@axl,6443.5630769230775,13533.518306687283,13
user58893@paytm,15777.95823529412,34081.05434046995,17
user58894@ybl,6336.853846153846,11413.229044120642,13
user5889@ybl,9060.85,13781.655603320773,15
user58906@okhdfcbank,4455.206666666667,8868.313735278998,15
user58911@oksbi,14787.34823529412,36102.41564018574,17
user58913@axl,4737.91,12473.639417054002,13
user58920@paytm,13158.8125,26766.791324301714,16
user58923@ybl,16238.373333333331,24351.219585796494,12
user58932@paytm,4633.537272727273,10113.324374300562,11
user58939@axl,15903.860999999999,41999.165617661565,10
user58941@paytm,2901.42,6343.023150188605,15
user58944@oksbi,24977.577272727274,53305.44237740459,11
user5895@okicici,8243.812222222223,14596.706796827304,9
user5897@oksbi,18567.716666666667,50383.95370856058,9
user58980@okicici,12493.6635,27505.930644511114,20
user58986@paytm,7685.6835294117645,15226.264137845394,17
user58987@axl,10590.263076923078,30432.91621091719,13
user58988@ybl,30294.430624999997,67034.05351504496,16
user58993@ybl,12622.302222222223,39895.10336583006,18
user59001@okhdfcbank,13502.325384615386,23875.469652777727,13
user59002@axl,10604.526666666667,26229.758575774646,18
user59005@ybl,7828.090625,14377.910896927258,16
user59008@paytm,5873.921666666666,10674.8577508971,12
user59017@axl,2551.42,6976.201024001009,12
user59026@okhdfcbank,11572.206,35581.737627740564,15
user59031@okhdfcbank,8041.255999999999,16349.823017040633,20
user59031@oksbi,1434.941111111111,1196.1241141332748,9
user59032@okicici,3320.856923076923,4461.459301761373,13
user59047@okhdfcbank,10002.984444444444,17554.60878412284,9
user59051@okhdfcbank,21732.841428571428,43001.448252988885,7
user59053@oksbi,4927.726363636363,9720.508429510539,11
user59053@ybl,14618.316153846155,40384.18497034587,13
user59066@axl,1251.509375,1507.832786739382,16
user59067@okicici,14386.775,33643.50204192047,16
user59067@ybl,1696.067142857143,2392.366210795735,7
user59095@okhdfcbank,16045.164999999999,50062.34382288709,10
user59097@axl,4199.135625,10026.324808251506,16
user59097@okicici,3536.2985,10198.425129225268,20
user59105@oksbi,21285.066666666666,44292.764210547415,9
user59123@okicici,22086.616666666665,44502.1318857611,9
user59141@ybl,28842.11153846154,48630.34361096488,13
user59144@ybl,8385.0792,18767.06938286803,25
user59150@ybl,25646.59928571429,91103.50643306389,14
user59160@axl,34087.48,56682.19355326944,11
user59161@ybl,976.573846153846,1657.7269655994746,13
user59182@ybl,12852.45625,35426.99833805471,16
user59215@okhdfcbank,921.75,871.626077535545,11
user59219@paytm,2744.3728571428574,3472.7055491538313,7
user59226@okicici,25124.450434782608,47564.198823044266,23
user5922@paytm,1451.1877777777777,1907.5701214292083,9
user5922@ybl,17748.47111111111,38410.320376233394,36
user59232@okhdfcbank,26532.71,57533.93966083324,11
user59235@okicici,6292.169333333334,14916.16996283107,15
user5923@paytm,8908.324545454547,17660.874985391503,11
user59241@okicici,5321.592727272728,11222.009234861725,11
user59243@axl,15916.918125,31456.11622565787,16
user5924@oksbi,17118.823333333334,43435.26867911104,18
user59251@ybl,6948.305,12543.629543652462,12
user59255@paytm,16726.071111111112,20486.680049251787,9
user59268@okicici,19119.285,51622.611700547466,12
user5926@ybl,5615.900909090909,10182.667249000584,11
user59272@axl,6464.427142857143,8089.223417755077,7
user59279@paytm,23793.36333333333,49985.48058045244,12
user59283@oksbi,13333.705555555554,25014.218053610584,9
user59328@ybl,12899.228636363638,37454.749749837414,22
user59335@ybl,5324.4835,10624.809147279715,20
user59342@paytm,20908.405384615387,37679.12239421092,13
user59348@paytm,7362.987222222222,10980.976441308052,18
user59382@okhdfcbank,2677.0626666666667,3433.3795880869884,15
user59394@paytm,8345.421428571428,14548.602584451915,14
user59408@okhdfcbank,16403.329285714288,48691.892063046245,14
user59414@axl,21372.716428571428,45612.232132448284,14
user59418@paytm,10930.304705882352,32176.635144466065,17
user59420@okicici,5851.741538461539,12445.834132590879,13
user59436@axl,13429.59235294118,39736.51457552998,17
user59445@okhdfcbank,26523.819375,60107.9428019973,16
user59446@paytm,3747.01875,4816.97198720891,8
user5944@paytm,5587.32588235294,11687.900977838182,17
user59453@okicici,9397.644,15979.796358148415,10
user59466@okhdfcbank,5197.817857142857,11330.48751208959,14
user59478@okicici,2072.1642857142856,5271.56530261789,14
user5947@okhdfcbank,2655.3579999999997,5414.092102926707,10
user59480@paytm,5992.317777777778,11957.120549224586,18
user59481@ybl,9845.516666666666,20875.727273398166,9
user59499@okicici,4381.497,10061.94451447085,10
user59502@axl,10401.26,21108.44437940797,16
user59502@okicici,29453.726153846153,58929.42748715415,13
user5951@axl,4852.474444444444,10761.08043449531,9
user59531@oksbi,11273.304,27769.4412066654,20
user59535@oksbi,9313.365,18120.170369772648,16
user59541@paytm,15030.928,42646.60402614774,10
user59548@oksbi,15119.885384615385,33209.551693889116,13
user59557@ybl,3462.526428571429,8323.478241601246,14
user59560@axl,17506.802857142855,53005.33065411839,14
user59560@ybl,4868.218181818182,10803.533459110327,11
user59565@ybl,16300.980714285713,20480.968759910324,14
user5956@axl,9222.737692307692,20944.049557582843,13
user59576@paytm,10284.71,18685.15025121393,11
user59579@oksbi,27597.297333333336,52676.42446662839,15
user59585@ybl,3484.948,9312.52686492938,15
user59595@oksbi,5327.124,7560.8678364701345,15
user59596@okicici,13025.432222222224,25226.497115054826,9
user59596@paytm,6242.064545454545,12808.873296201631,11
user59597@axl,8648.2925,24539.26645554685,16
user59601@oksbi,17109.645,50274.81826970663,14
user59606@axl,8961.435,16490.017652711897,14
user59608@axl,13153.718666666666,39396.9643315738,15
user5960@oksbi,31863.968,72320.53297398062,15
user59627@axl,3166.7490000000003,5669.98594440047,10
user59643@axl,16765.805454545454,46397.46692263261,11
user59643@ybl,3372.414117647059,10664.502817464147,17
user59645@axl,28193.194444444445,65077.12224768492,9
user59653@okicici,6457.092500000001,15390.715861585082,16
user59655@paytm,12803.200555555555,20151.081668156174,18
user59656@axl,37912.556666666664,60170.69313023988,12
user59671@ybl,3865.44,6736.286272239597,12
user5967@okicici,12428.568823529413,26333.57994797989,17
user59692@okhdfcbank,4593.812,12270.790225294102,10
user59701@ybl,12373.925909090909,40363.162209858856,22
user59703@paytm,2060.393125,1690.7769868109704,16
user59706@oksbi,9588.973333333333,17366.569740725045,15
user59712@okhdfcbank,7109.52,13530.636816211569,11
user59715@oksbi,23650.608,46440.43537253888,15
user59726@ybl,37499.85272727273,67022.75216734016,11
user59734@ybl,19351.60176470588,44570.02527589524,17
user59741@paytm,10346.936875,15444.23790442063,16
user59754@paytm,8375.664545454545,11074.747051006052,11
user59755@paytm,5198.696923076923,13010.83787808929,13
user59759@oksbi,8239.99888888889,12363.348047315545,9
user59760@ybl,4226.347333333333,10967.715687015536,15
user59762@okhdfcbank,11073.229333333333,15320.1700321236,15
user59773@oksbi,11427.791578947368,29974.439006708748,19
user59784@oksbi,4226.361999999999,12001.437381687245,15
user59798@ybl,11195.271428571428,19109.429337551515,14
user59806@paytm,8182.517142857142,12795.727923551689,14
user59810@okhdfcbank,1737.018823529412,5162.221105553648,17
user59817@axl,8493.023000000001,15743.72290965235,10
user59819@axl,5119.060833333333,10071.717146471878,12
user59829@axl,42893.803846153845,70506.83542391493,13
user59830@okhdfcbank,5058.985000000001,11878.207183185224,14
user59847@okicici,16379.776666666667,39482.22037185954,15
user59847@oksbi,10012.746428571429,15968.53936432153,14
user59849@ybl,9247.805624999999,19630.89346873713,16
user59861@ybl,9129.94125,13546.944896443243,8
user59865@paytm,3726.77,3821.197963406241,11
user59866@okhdfcbank,3965.8276923076924,9888.09436710899,13
user5986@okicici,15242.840000000002,23977.636224124206,19
user59870@axl,14110.481333333333,47692.423194905,15
user59871@ybl,23921.967500000002,49129.77393884637,12
user59876@axl,8215.265599999999,21792.26637148679,25
user59899@axl,19126.490714285716,35733.286954523006,14
user59901@oksbi,30197.18928571429,62270.40521383585,14
user59905@ybl,4990.5575,10371.543031731431,12
user59929@ybl,1803.4400000000003,1950.8376107798756,7
user5992@paytm,6797.403333333333,14864.023287377988,12
user59942@oksbi,4534.328333333334,11671.99608686989,12
user5994@axl,10293.593846153846,15432.866646671391,13
user5994@ybl,21928.165,49776.86438972695,16
user59954@oksbi,17837.265714285713,38767.25891720718,14
user59959@okicici,23698.04789473684,41227.65928154431,19
user59971@okicici,8579.9475,25160.47706777261,12
user59985@ybl,9868.703684210526,25262.144844076087,19
user60004@oksbi,13026.636666666665,43655.78243613565,15
user60010@okicici,2109.2357894736842,3772.810874697649,19
user60021@okicici,8640.277777777777,14220.782400278456,9
user60025@okicici,12371.4795,35801.30320181544,20
user60030@axl,51003.151666666665,140075.52076244727,12
user60031@ybl,40409.3425,66115.87589744988,8
user60040@ybl,3271.8447368421052,6984.203994628297,19
user60042@ybl,9202.812857142857,17190.675060714402,14
user60049@okicici,32583.51846153846,66260.07600452627,13
user6004@ybl,49942.053636363635,142379.06628147344,11
user60052@axl,5666.6973333333335,10157.392010432224,15
user60052@ybl,933.289090909091,1652.9228922757077,11
user60055@okhdfcbank,11261.475454545456,19361.062143594998,11
user60056@ybl,4836.020714285715,10740.344693911016,14
user60063@okhdfcbank,28322.276666666665,56453.823335515546,9
user60072@okicici,15404.078666666666,48847.192358511675,15
user60076@okhdfcbank,14019.670624999999,47579.59503227568,16
user60095@okicici,3846.9500000000003,8054.6097796541335,17
user60099@okhdfcbank,4625.8836363636365,11512.133676731062,11
user60101@okhdfcbank,11471.215714285714,18312.249966466,14
user60117@okicici,13300.328,24508.42643013562,5
user60123@axl,1527.5725,1968.4556317489823,8
user60129@paytm,12669.766666666668,40860.49667505375,12
user60136@ybl,5685.302352941177,16940.91473218113,17
user60150@ybl,6057.171176470589,10405.154410071771,17
user60155@axl,14540.11,46816.0080368818,12
user60156@okicici,3067.4935714285716,8731.947076025006,14
user60163@oksbi,13970.063333333334,38835.89849962822,9
user60164@oksbi,28155.62285714286,69944.64878268642,7
user60165@paytm,8179.132666666666,21935.982105987237,15
user60174@okhdfcbank,3904.5738461538467,8251.082419018872,13
user60180@paytm,15578.752666666667,28346.87361003187,15
user60182@paytm,8307.338333333333,17301.383887986758,12
user60189@okhdfcbank,9598.511499999999,37670.39116702348,20
user60191@ybl,5612.008125,15760.154867255258,16
user60197@ybl,32527.113076923073,55720.66144284338,13
user60199@okicici,18172.697142857145,20813.33692065796,7
user60201@oksbi,17837.078461538462,44703.7196501553,13
user60207@paytm,16015.602083333333,39494.83669469851,24
user60213@ybl,6815.414444444444,14581.900904597744,18
user6021@ybl,5988.384285714285,13763.828769052807,21
user60222@ybl,14164.820476190474,33548.219177627514,21
user60234@ybl,3173.03,7162.744397096514,17
user60238@okhdfcbank,16137.566363636362,50696.55742818584,11
user60251@axl,4158.8375,8964.061189348275,16
user60252@okhdfcbank,11189.277826086956,15106.555007493498,23
user60254@okhdfcbank,53513.49272727272,109219.4686495828,11
user60258@paytm,11513.659130434784,21901.017698321473,23
user60274@ybl,15075.115,24138.30134371633,14
user60275@ybl,8319.780833333332,16642.825869077238,12
user60287@axl,5785.114,11133.165102828574,15
user60300@paytm,2423.56875,4008.2312056083415,8
user60305@axl,1002.926,1337.7148112296427,20
user60316@okhdfcbank,53755.54769230769,132934.34872162042,13
user60321@oksbi,5467.046428571428,8036.118064658609,14
user60321@ybl,13636.180714285716,34953.05632440734,14
user60330@okicici,2834.36,5438.8351702814925,12
user6033@oksbi,815.1020000000001,1476.5480027776496,10
user60342@oksbi,4841.1225,10088.535641866983,12
user60353@axl,6485.531052631579,14042.057840291347,19
user60372@paytm,28957.629999999997,54957.26382687162,15
user60379@paytm,7932.8516666666665,14344.36759369578,12
user6037@oksbi,20782.203529411767,43715.78876504459,17
user60383@paytm,2398.7894444444446,3935.5117421371865,18
user60399@oksbi,15411.360833333332,39977.53709135042,12
user6039@okhdfcbank,12392.878888888888,18547.684373515513,18
user60405@ybl,31444.57857142857,53775.289215546676,14
user60412@ybl,1637.5655555555556,1727.622736906926,9
user60470@okhdfcbank,12958.220625,28051.242637573945,16
user60473@paytm,7764.020799999999,14415.53458894516,25
user60474@paytm,7452.792777777777,12418.307092798308,18
user60494@axl,9043.531818181818,15004.926298544635,11
user60500@axl,26834.053333333333,57130.157591324,12
user60500@okicici,6388.912222222221,15112.435730962414,9
user60518@paytm,6145.94,13180.01315599909,12
user60546@ybl,2552.8655555555556,4696.618330108217,18
user60550@oksbi,12643.453846153845,41543.12833778199,13
user60557@oksbi,20484.027272727275,53246.417364145374,11
user60560@paytm,3503.7592857142854,6338.606783485887,14
user60567@paytm,29927.149999999998,58356.7061755983,17
user6057@okhdfcbank,11277.523333333334,39786.19903645299,15
user6060@ybl,22254.85307692308,48899.32377667718,13
user60622@axl,13697.14947368421,32109.081928826698,19
user60624@axl,7102.377368421054,14609.036787365112,19
user6062@paytm,24205.32705882353,54192.152843695665,17
user60634@oksbi,13507.268,43575.777192829955,15
user60635@okhdfcbank,17661.278125,40751.69859545394,16
user60638@axl,15555.785000000002,22972.420936392602,12
user60643@ybl,7681.753,12386.98250017695,10
user60648@okhdfcbank,1744.1588888888887,2040.7688867216468,9
user60658@paytm,16477.39,43567.38915544209,28
user60659@oksbi,2005.5706666666665,4087.567633643102,15
user60664@axl,17153.00117647059,33888.52948126712,17
user60675@okhdfcbank,4632.702222222222,5425.505355408788,9
user60676@paytm,2171.3592857142858,2961.410338398982,14
user60694@okhdfcbank,22027.911428571428,49928.009766666866,14
user60711@axl,3187.5375,5100.806344095599,12
user60720@okhdfcbank,11328.25529411765,43577.990129644735,17
user60722@okicici,22467.292,50714.378034464906,15
user60735@ybl,29735.115555555552,56946.70696997761,18
user60754@axl,14665.622500000001,27590.708098797717,20
user60758@oksbi,8999.094285714285,16959.38319257501,21
user6075@oksbi,8865.101666666667,20724.78992840648,12
user60765@oksbi,4344.673333333333,12379.657946020916,12
user60766@oksbi,20391.7725,39072.959797683885,8
user60768@okhdfcbank,9426.206666666667,16467.660762465628,9
user60778@axl,19014.394705882354,44969.73208697978,17
user6077@okhdfcbank,288.55833333333334,75.36810875076186,6
user60789@oksbi,14551.289999999999,30779.418155947165,17
user60792@oksbi,1643.3983333333333,1699.5493931351511,12
user60796@axl,4332.038,8091.469799120199,15
user6079@ybl,4578.615333333333,10481.837014452238,15
user60807@ybl,11513.151999999998,27489.51704567505,20
user60812@okicici,12149.69052631579,28646.409647718796,19
user60821@okicici,34636.596923076926,65231.53618191158,13
user60838@ybl,19535.337692307694,38628.80130460671,13
user60840@okicici,16730.780588235295,43150.18664409249,17
user60846@okicici,9246.059523809523,17011.831350135846,21
user60848@okhdfcbank,4875.487142857142,8766.886335961482,14
user6084@okicici,15515.517222222223,42325.441016168545,18
user60858@ybl,9727.0275,15539.04313948,12
user60860@ybl,1197.405,1316.9607502927104,14
user60871@oksbi,2719.238823529412,4817.143528205904,17
user60872@paytm,24227.317272727272,52142.46127025882,11
user60875@axl,21184.91375,47171.42901228452,16
user60884@okhdfcbank,1339.498125,1795.9278562058807,16
user60889@okhdfcbank,12808.171333333334,29539.964706418818,15
user60894@oksbi,3449.5842857142857,8357.269020856149,7
user60896@ybl,9396.002,16620.386282616553,15
user60900@ybl,20038.490769230768,18426.10881347328,13
user60902@okhdfcbank,3617.8033333333333,6691.088717700083,12
user60935@axl,5733.481052631579,12445.29671374777,19
user60940@oksbi,5722.601333333334,11081.258108381182,30
user60945@paytm,13182.989090909092,28468.073653024523,11
user60946@oksbi,30447.528695652174,59888.95161032218,23
user60949@okicici,12257.234545454547,36912.0777275101,11
user60965@okhdfcbank,3776.971666666667,10741.40116242572,12
user60979@ybl,8143.525625,14820.409626810351,16
user6097@axl,12927.79,29406.8940959775,12
user60980@axl,16405.070000000003,49612.64505935631,15
user60993@ybl,7724.982857142858,9647.709658970385,7
user61004@axl,7728.743076923077,14826.395949590147,13
user61006@paytm,2246.7225,4177.365603602861,8
user61010@oksbi,10245.326666666668,21896.432455249284,18
user61011@oksbi,7687.129090909092,22501.131375727953,11
user61011@ybl,17898.40714285714,47204.366992307936,21
user61030@axl,5009.316666666667,7735.366208995322,15
user61030@ybl,12244.21,28943.559607949155,18
user61032@okhdfcbank,20769.7,59412.04637060148,11
user61038@axl,6914.327333333334,13587.613857526097,15
user6103@oksbi,10979.917692307692,18967.08526436528,13
user61058@paytm,1235.81,1418.809320059919,10
user6105@paytm,6885.46294117647,14102.684688473224,17
user61071@axl,42388.900769230764,77669.1200250896,13
user61077@okicici,21491.781,53249.18506127996,20
user61091@axl,24282.66,41132.64225615612,11
user61096@ybl,18449.93380952381,41910.98629482555,21
user6109@axl,3202.6654545454544,7907.277478370782,22
user61100@axl,18909.343,45353.51185657011,10
user61101@okhdfcbank,29136.301111111112,58424.11056387005,9
user61102@okicici,10112.896875,18989.63008559662,16
user61103@okicici,10511.625454545456,18097.121963446214,11
user61107@okicici,4463.264444444444,5300.097936585962,9
user6110@ybl,15255.976666666667,43056.41491604988,12
user61110@okhdfcbank,9264.789230769231,23461.0253558025,13
user61112@axl,5366.688888888889,8324.668328072363,9
user61119@okhdfcbank,3603.4525,7644.404598763258,8
user61124@ybl,7816.116153846154,12035.33492804039,13
user61128@okhdfcbank,14176.996666666666,24336.94723819115,9
user61139@axl,1860.5318750000001,3470.8662131677715,16
user61142@okicici,16490.602,39528.82562512252,20
user61148@oksbi,33034.03333333333,77915.18552716811,6
user61155@okicici,6100.70625,14294.270421875974,16
user61156@paytm,12876.375384615385,26996.540885858758,13
user61160@okhdfcbank,16200.219374999999,49476.898034000806,16
user61162@okhdfcbank,22519.13714285714,50485.699484714016,14
user61180@okhdfcbank,6922.68,11964.589043524787,7
user61184@axl,16139.015454545455,32117.934289966208,11
user61186@okicici,1503.2742857142857,1367.541958038304,7
user61194@okicici,14865.811875,29620.545657324907,16
user61197@axl,10304.0125,26212.920356351726,12
user61204@okhdfcbank,1872.5583333333334,1909.0335693201355,18
user61213@paytm,18286.85923076923,37141.92974663551,13
user6122@okhdfcbank,22070.210625,48801.10414834367,16
user61231@okicici,27248.410000000003,49726.74667344326,12
user61233@paytm,15742.064375,49741.41216848552,16
user61241@ybl,8407.716666666667,16697.96572794722,9
user61261@oksbi,5952.850714285714,12720.250510857126,14
user61263@okicici,1410.697777777778,1893.667675661293,9
user6126@axl,12231.723870967742,34581.14779075488,31
user61272@okicici,3509.5875,8310.818662123487,16
user61277@oksbi,1376.6209090909092,1393.5976223390635,11
user61279@okicici,4262.195,11278.467066410854,8
user61281@axl,6309.6016666666665,15002.534899219732,12
user61282@paytm,8419.522777777778,14248.130889334967,18
user61287@okicici,5657.541538461538,10737.875066742992,13
user61289@okhdfcbank,16357.761052631577,23347.66536058677,19
user61289@okicici,8587.6745,15704.860422902766,20
user61294@axl,18056.190625,47716.96769298464,16
user61303@axl,8089.256666666666,13468.768838010956,9
user61313@axl,6590.24375,14933.696382708218,8
user61315@oksbi,18263.377272727274,27430.669498090305,11
user61315@ybl,26685.6375,35804.75546479673,4
user61348@axl,17216.1925,40289.144723193036,24
user61354@paytm,4228.3949999999995,8189.326737559485,16
user61356@okicici,11226.255454545455,25851.762025741053,11
user61372@okhdfcbank,3595.6144444444444,11239.19570263461,18
user61380@paytm,1049.2238461538461,1751.288606001014,13
user61390@oksbi,21578.475454545453,53779.87018668906,11
user61403@paytm,16287.839090909089,32490.9245673097,11
user61408@paytm,5059.270625,10028.563337548383,16
user61410@ybl,31576.388333333332,57294.12902345244,12
user6141@paytm,9182.19142857143,20150.953805218076,21
user61422@paytm,4096.180833333334,9195.421427818856,12
user61428@paytm,9058.84823529412,18740.583963346846,17
user61430@okicici,8128.272777777778,23633.594624765876,18
user61461@okicici,16642.65166666667,52008.28240433281,12
user6147@okicici,22745.613,54706.765788442586,10
user61481@oksbi,11216.196875,18881.677865076403,16
user61500@ybl,1620.309375,2234.84279440104,16
user61504@okicici,20489.58409090909,51848.93795671419,22
user61519@okhdfcbank,16353.387857142856,44800.13325301494,14
user61520@ybl,16645.401538461538,40767.66348692753,13
user61522@paytm,19432.184,41353.31653888562,10
user61531@paytm,28146.78,56079.450727845055,12
user61535@ybl,5180.41,13756.630303127553,12
user6153@axl,5794.02294117647,16290.174913126995,17
user61545@oksbi,23154.72642857143,50317.14663194899,14
user61545@ybl,18238.791999999998,56111.894646750814,10
user61561@ybl,18740.294545454544,42109.66017023228,11
user61562@axl,9048.975333333334,16730.64533858105,15
user61566@paytm,11387.293157894737,15097.460462243696,19
user61576@okhdfcbank,5241.788125,11903.841857740561,16
user61593@okicici,28939.677000000003,48542.17287287851,20
user61603@okicici,30908.656,57332.08310678958,10
user61610@okhdfcbank,12248.856363636361,26379.178242029553,11
user61614@paytm,2141.7478571428574,4827.5849874065925,14
user61624@ybl,27729.709375,53867.40109065736,16
user61631@okhdfcbank,16718.81181818182,39858.52479931885,11
user61635@oksbi,4526.3664285714285,11365.185665311823,14
user61645@paytm,12263.782,27447.75999740213,15
user61646@okhdfcbank,2670.556875,8773.936654062583,16
user61652@paytm,16599.985,38269.845963440755,12
user61653@oksbi,16166.365333333333,24643.035661951475,15
user61654@paytm,2360.4500000000003,3010.5859606063404,9
user61663@ybl,33224.940769230765,53838.56868344624,13
user6167@paytm,3738.7516666666666,8863.596628903464,18
user61686@okhdfcbank,19048.595384615386,45307.673565744655,13
user61686@okicici,4218.6618181818185,7473.674764258635,11
user61686@paytm,5018.755714285714,9549.104833182986,14
user61692@okhdfcbank,15335.096666666666,29420.124560778968,9
user61692@ybl,2139.1853333333333,2445.3990101175327,15
user61695@oksbi,1254.0933333333332,1447.652488142441,9
user61703@ybl,3297.314,7366.697339759974,10
user61710@oksbi,5578.387857142857,11494.467996051357,14
user61713@okicici,1717.3,3116.272907158856,14
user61719@ybl,28366.90705882353,56528.33460195568,17
user61726@ybl,6574.876666666667,13444.625295749114,12
user61727@ybl,24616.135,55367.807074130906,14
user61739@okicici,8044.511818181819,14421.793918962245,11
user61740@paytm,8058.207058823529,19470.176514714036,17
user61752@ybl,49409.21636363636,69851.9065332392,11
user61758@axl,952.255,1350.0007421380676,16
user61774@paytm,11916.605833333333,34746.79987548793,12
user61776@paytm,6174.733846153847,12170.111504089666,13
user61782@okicici,21224.823888888888,33679.15666011357,18
user61815@ybl,22655.462666666666,49058.20548886736,15
user61817@ybl,7262.695714285714,12790.24740618395,7
user61824@okhdfcbank,31244.077500000003,61432.88669344519,12
user61839@ybl,2986.6400000000003,6200.227605383174,10
user61848@paytm,4019.9575,9050.700184338451,12
user6188@axl,9501.196666666665,16297.180846624045,12
user61890@okicici,5471.6,10988.936698444182,16
user61892@paytm,9393.44125,17019.21682715364,8
user6190@axl,7015.244000000001,15482.837096529915,15
user61920@okhdfcbank,13326.994666666667,31625.94625880711,15
user61921@okicici,38338.897,66136.70854274282,10
user61924@paytm,3608.635454545454,8608.124689485352,11
user61926@ybl,21348.888333333332,53220.151037544354,12
user6192@okicici,44360.91,58101.75815698109,11
user61931@oksbi,10139.539,17672.169415560005,10
user61935@ybl,11600.444166666666,27936.643961893962,12
user61942@oksbi,12369.289999999999,35190.445585098234,16
user61946@oksbi,13527.489999999998,39104.06262274548,15
user61948@oksbi,13792.41857142857,30424.360635555957,14
user61957@okhdfcbank,26321.950666666668,61358.01959485544,15
user61963@axl,9382.838235294117,28839.91618801085,17
user61973@axl,17222.890714285713,51303.53138526033,14
user6197@okhdfcbank,12178.77,29256.084366473242,7
user61998@oksbi,14583.2845,37061.099344027396,20
user62001@oksbi,7207.678461538461,16345.229555795397,13
user62009@okicici,27916.680000000004,42473.14396783368,12
user62009@paytm,4035.6211111111115,10214.669309852656,18
user62030@ybl,1602.1162499999998,1411.6806283994317,8
user62032@paytm,6902.416666666667,14262.445877187936,12
user62032@ybl,18769.392,36939.839082674276,5
user62035@okicici,4646.6175,9319.244535090891,8
user62049@paytm,21939.992352941175,41207.664742649446,17
user62063@oksbi,564.9025,658.1039881084795,8
user6206@oksbi,3518.534375,7432.177323751068,16
user62075@okhdfcbank,1771.936923076923,2875.4930933360065,13
user62078@oksbi,14736.568888888889,30638.319114116497,9
user62078@paytm,6498.785384615384,12625.16655708656,13
user62082@okicici,16027.419473684213,45641.479526605755,19
user62084@axl,537.1791666666667,986.1397621161593,12
user62087@okhdfcbank,2038.0600000000002,6297.167090842176,15
user6209@paytm,4293.596363636363,9306.509637764604,11
user62108@paytm,4080.4085714285716,7377.138443579343,14
user62114@okhdfcbank,2753.5430769230775,5062.380280585054,13
user62120@okicici,3466.899230769231,6978.773056210599,13
user6212@oksbi,13536.169999999998,44781.568142100405,12
user62135@ybl,20513.846363636367,54404.71863967156,11
user6213@ybl,13645.708750000002,29998.924296831687,16
user62142@okhdfcbank,26580.84894736842,55510.27813202253,19
user62158@axl,16813.58818181818,48949.627192444656,11
user62160@okhdfcbank,14002.546470588233,44036.02570339823,17
user62161@okicici,7761.912222222221,15114.12281578647,18
user62169@ybl,39431.688571428575,70347.39074142206,7
user62189@paytm,10479.115,18735.29215703632,16
user62192@okhdfcbank,15115.057777777776,42583.965998636384,9
user62202@ybl,12812.592222222222,30646.91483743746,9
user62212@okicici,6167.813125,11301.35157558465,16
user62215@oksbi,19269.08933333333,44337.25976100357,15
user62228@oksbi,10025.566923076924,14249.249626685249,13
user62240@axl,16891.09,19588.038397633132,5
user62240@okhdfcbank,2434.2078571428574,2551.532381576514,14
user62245@axl,7855.236666666668,15328.62655132585,18
user62246@oksbi,2397.942777777778,4204.093810423927,18
user62247@paytm,14029.806470588235,20302.67163577122,17
user62250@axl,2262.782142857143,5512.754001114393,14
user62256@ybl,13918.675,35922.558238368554,14
user62260@paytm,7469.262142857143,13483.688462122942,14
user62264@axl,29338.455384615383,48887.37239530668,13
user62267@okicici,8428.824736842105,21315.490785550606,19
user62268@okhdfcbank,11570.6655,36511.90313939803,20
user62269@ybl,31324.11555555556,61517.31535761052,9
user62272@paytm,8452.111538461539,15407.71258747268,13
user62293@okhdfcbank,3403.760625,6143.07238292422,16
user62304@paytm,8539.348823529412,16347.782608297326,17
user62305@axl,1137.77,1317.423697524832,11
user62313@okicici,23962.333636363634,39513.465027091785,11
user62313@ybl,8218.524375,14638.057931716201,16
user62314@okhdfcbank,28827.844444444447,59881.92342428517,9
user6232@paytm,9205.388823529413,25438.558079783845,17
user62330@okicici,10740.039090909091,21430.628249952664,11
user62332@okhdfcbank,5321.428461538461,10508.607737273325,13
user62344@okhdfcbank,18405.73727272727,34934.56924579122,11
user62350@okicici,14085.515333333335,26289.649474803053,15
user62358@oksbi,3734.964736842105,6871.091271233873,19
user62360@okicici,21709.65411764706,46275.11942564534,17
user62365@paytm,5470.08947368421,11371.524382642261,19
user62367@ybl,5920.7444444444445,13301.096038992531,9
user62373@okhdfcbank,13671.26,41299.16836349029,13
user6237@okicici,7144.24105263158,11680.913041437821,19
user62381@ybl,14772.427894736842,37747.69012677311,19
user62382@axl,7706.904210526315,15398.27039281588,19
user62386@okhdfcbank,18316.62052631579,44959.84102519819,19
user62388@ybl,17714.362142857142,33211.554767750094,14
user62389@paytm,18150.985,38167.69472198843,14
user62394@oksbi,13790.84375,18961.058600193493,16
user62396@okhdfcbank,4499.672941176471,9357.635686561513,17
user6239@okhdfcbank,12420.32111111111,30757.17522612668,9
user62401@oksbi,35264.60666666667,58319.72014441121,12
user62407@okhdfcbank,16612.086153846154,27885.802596228827,13
user6240@okhdfcbank,6859.741764705882,23386.37309935511,17
user62413@okicici,13000.220588235294,26386.182703257655,17
user62413@oksbi,14366.126842105265,17254.48133829491,19
user62416@okicici,52689.60333333333,74582.70106442561,9
user6241@okhdfcbank,3091.728333333333,6800.2612193942205,12
user62431@axl,13794.508666666667,37271.045043569844,15
user62434@okicici,16846.166666666668,34156.74032040235,9
user62440@ybl,22659.324000000004,47567.29174987079,15
user62451@ybl,6782.959230769231,11363.266138532721,13
user62465@paytm,3062.8958823529415,5660.75481537915,17
user62476@okhdfcbank,7085.129411764706,17929.197319979387,17
user6247@ybl,6100.165555555556,8085.88572355421,9
user62480@oksbi,22332.362999999998,35184.703672778356,10
user62497@okicici,2569.478,4393.757062542261,10
user6249@okicici,12580.93,35749.51672082605,20
user62501@okicici,11452.665833333333,29080.22039951381,12
user62509@ybl,15090.422727272728,25983.540081299194,11
user62510@ybl,7523.4800000000005,24400.76057866955,14
user62516@ybl,17576.084615384614,40977.83410187444,13
user62517@axl,7752.618181818182,12652.378261786847,11
user62521@okhdfcbank,4153.117142857142,12021.959665694101,14
user62527@okhdfcbank,9716.77846153846,16907.941101184697,13
user62529@axl,15883.443333333333,28962.687050442204,15
user62536@paytm,6831.4085000000005,14862.536310998546,20
user62550@paytm,6351.638181818183,19664.617206166928,11
user62554@axl,9405.489230769232,14111.421601692286,13
user62558@okicici,15734.55818181818,24100.82456123932,11
user6255@okhdfcbank,4019.246428571428,7682.616873599583,14
user62562@axl,13567.796666666667,39497.582236386734,12
user62576@okhdfcbank,4512.753684210526,11497.831203299078,19
user62584@paytm,9278.71625,28864.02553933411,16
user62587@okhdfcbank,4310.35705882353,9882.847041411425,17
user62588@axl,4843.843846153845,11828.741747689211,13
user6258@paytm,12026.378823529412,27368.45506034545,17
user62596@paytm,7793.071333333332,15147.206179230292,15
user62597@paytm,1745.45,2005.3160813340978,8
user62602@axl,19114.39,45407.760026672535,11
user62606@okhdfcbank,2696.348,1373.4220685280982,5
user62607@okicici,8861.225833333332,20047.18831832056,12
user62607@paytm,3927.5916666666662,8300.542724772844,18
user62610@oksbi,9743.1325,31555.33658035187,20
user62627@axl,12896.150769230768,31264.879144863295,13
user62629@axl,7650.443529411765,27604.146359338378,17
user62642@okicici,4403.85,9654.639490318976,16
user62646@oksbi,17220.9475,35827.76308890811,16
user62665@okicici,7161.243750000001,22609.58639441535,16
user62681@okicici,14279.79052631579,18702.292530605402,19
user62687@axl,9606.697,13285.185656260594,10
user62692@ybl,8498.235454545455,26875.36171030895,22
user6269@ybl,21454.71181818182,45519.58508604661,11
user62707@oksbi,19920.105833333335,54366.41737708766,12
user62709@paytm,1573.9879999999998,1877.2055904384404,10
user62710@okhdfcbank,10076.839411764708,28444.8086878622,17
user62715@okicici,5886.9118181818185,8309.370380399248,11
user62716@okicici,10660.380833333333,16772.363623749665,12
user62720@axl,19518.23388888889,45146.20333194654,18
user62731@axl,1233.905,1842.7165493689424,12
user62742@okhdfcbank,8646.764736842106,16652.80416551765,19
user62744@okhdfcbank,4053.9727272727278,8642.350815184594,11
user62748@oksbi,6784.789999999999,13591.117205155237,10
user62750@ybl,5063.654666666667,12123.597610724104,15
user62753@ybl,8132.9025,13730.685576017568,12
user62756@paytm,20587.673499999997,44159.90152286804,20
user62756@ybl,25555.367857142854,43479.7036149192,14
user62762@okhdfcbank,555.56,683.3935158457388,13
user62768@paytm,7084.311818181819,13641.063631582483,22
user62772@okicici,11209.72,25783.20831768685,12
user62779@axl,6265.485384615385,12866.837520052351,13
user62788@ybl,2607.0033333333336,6803.207475891371,12
user62799@paytm,4533.07947368421,8772.70902370241,19
user62807@paytm,6297.416666666667,16986.626896891208,12
user62813@oksbi,7791.611111111111,15443.634645951586,9
user62816@okicici,5113.6107142857145,11360.589470049154,14
user62821@paytm,12921.251666666665,28394.634480832283,12
user62822@oksbi,12537.264,24673.464569470038,10
user62824@okicici,1551.8171428571427,1848.9740451190246,7
user62826@axl,5221.95,12455.443325165104,10
user62836@axl,12519.360476190477,26992.346291749724,21
user6283@paytm,21255.391666666666,54813.97581983646,12
user62842@axl,10956.92909090909,15873.024203024106,11
user62844@okicici,9738.346153846154,30070.441183589115,13
user62845@axl,7004.311428571428,12872.17909398217,14
user62855@okhdfcbank,9355.235384615386,23053.73594657766,13
user62858@okhdfcbank,2592.715294117647,3593.945529684467,17
user62860@paytm,6789.880999999999,13116.044021560812,10
user62861@okhdfcbank,12321.179333333333,18536.088765250595,15
user62868@okicici,13993.640000000001,27676.904281487783,12
user62869@okhdfcbank,26162.678571428572,47357.92393051417,14
user62877@okicici,29366.335454545453,63778.40048015369,11
user62877@oksbi,25378.36928571429,52895.11042834496,14
user6287@oksbi,12178.567500000001,18444.919463341117,16
user62886@okhdfcbank,17097.502857142856,31112.051155452344,14
user62892@paytm,1187.410625,1560.5358700714262,16
user62899@okicici,11290.578260869564,37670.90405895421,23
user62901@ybl,17671.884444444444,68993.61529329441,18
user62914@okhdfcbank,2894.9963157894736,6886.562467001476,19
user62916@oksbi,7648.954999999999,18249.92193826319,12
user62918@oksbi,1737.4739999999997,2124.985740978042,10
user62920@paytm,13462.755000000001,30823.27025189205,16
user62922@axl,3549.394117647059,11372.699516492368,17
user62923@okicici,28739.643529411765,91255.95403905073,17
user62929@okicici,5703.2307692307695,9181.104048688318,13
user62934@oksbi,20835.209285714285,42625.23426057287,14
user62944@axl,2281.796,3406.219382900768,10
user62949@ybl,1152.330909090909,1348.526864941552,11
user62954@okicici,8557.955714285714,20236.389283055534,14
user62957@paytm,10991.284117647057,31221.703274763062,17
user6295@okhdfcbank,14286.772500000001,34162.98231758871,8
user62991@oksbi,14358.955384615385,29619.358943089515,13
user62993@axl,9940.962727272727,16031.21071726842,11
user62997@axl,11720.686,19251.237052876597,10
user63003@paytm,19075.682,45396.17154466437,10
user63008@axl,17731.601818181818,55216.068433952954,11
user63008@okicici,22541.02411764706,39829.16722869687,17
user63013@oksbi,750.33125,1338.1818849408805,8
user63021@paytm,13730.139166666666,20641.977088902848,12
user63028@ybl,40734.23,82314.64817371653,10
user63032@oksbi,960.0219999999999,1255.1391795317186,10
user63040@okhdfcbank,1707.8733333333332,1800.9714527512645,9
user63046@okhdfcbank,908.84875,1360.6086698331007,16
user63047@ybl,5896.032,12143.792713260196,15
user63061@paytm,3887.080666666667,11515.084295038814,15
user63068@oksbi,15518.909166666666,50688.51133891969,12
user63071@okicici,7974.918124999999,22538.33647065823,16
user63085@okhdfcbank,13541.905333333332,27496.854836109083,15
user63107@oksbi,1317.4160000000002,1489.9115002518963,15
user63112@okicici,4942.689333333333,13122.161849131668,15
user63119@oksbi,6135.234444444443,14848.866356964856,9
user6311@oksbi,5451.357647058823,12274.912067752017,17
user63120@paytm,2690.144285714286,2214.5133022996056,7
user63137@okicici,10858.895,34735.64817027066,14
user6313@okicici,5936.44,13561.835940847288,8
user63142@oksbi,42314.114117647056,120547.13602193417,17
user63147@paytm,7052.931666666666,12938.329404994452,18
user63154@ybl,4553.184666666666,10308.651254656288,15
user63157@axl,22815.24142857143,52746.865845308304,14
user63170@axl,3803.9286666666667,10420.252103117595,15
user63175@ybl,10073.375,24724.357310505875,14
user63182@okhdfcbank,6485.650000000001,14010.199070174167,12
user63187@oksbi,3392.766666666667,5980.737908011436,9
user63188@paytm,3930.6,9000.456603755167,11
user63211@okicici,8208.129090909091,17266.976223781312,11
user63217@paytm,12872.005,42914.01066928492,12
user63222@axl,12208.845000000001,22942.979478450285,12
user63223@okicici,5308.078421052632,8676.095889830007,19
user63224@ybl,3973.1333333333337,6638.581939511334,12
user6322@okicici,48786.92823529412,124434.98176363402,17
user63248@axl,31274.32416666667,67224.27852314756,12
user63257@ybl,8352.290555555555,14333.195098444594,18
user63260@okicici,10634.44923076923,27636.899554377014,13
user63261@axl,15015.066153846155,50502.264482391045,13
user63287@axl,18518.292857142857,41157.84805851219,14
user63292@axl,11434.497692307692,31803.273741976933,13
user63292@paytm,6004.390769230769,12217.59381125737,13
user63320@okhdfcbank,8833.925714285715,23005.16788332794,14
user63320@paytm,17777.49444444444,47947.30462723637,18
user63345@paytm,25926.840666666667,77307.01546863106,15
user63363@ybl,10494.090833333334,14732.591626869293,12
user63368@okicici,2762.989375,5018.463471635476,16
user63370@axl,17153.51,20046.07694190977,7
user63389@ybl,12794.268125,16875.195992924928,16
user63403@okicici,5213.71,12106.029117646542,18
user63409@okicici,15460.990833333331,33832.24150705775,12
user63424@axl,17959.430526315788,51491.524554478594,19
user63433@paytm,2676.5792857142856,4810.640395852422,14
user63435@ybl,10189.804444444446,17765.254275990614,9
user63438@paytm,4165.878125,9367.236757519775,16
user63443@axl,4209.647142857143,9545.699379144591,21
user63451@axl,9967.426363636363,22578.247148882157,11
user63457@okicici,5994.717419354838,15782.59497651088,31
user63471@paytm,3310.3300000000004,4234.503842703022,10
user6347@oksbi,16678.27076923077,40044.47065624052,13
user63483@okicici,9720.20777777778,18192.4577845764,9
user63491@paytm,11306.180624999999,22447.504119117406,16
user63493@okicici,14381.242999999999,39452.158605638084,10
user63501@axl,16951.965714285714,36438.191144037475,14
user63502@ybl,26305.076666666664,58866.37297134374,9
user63507@okhdfcbank,24684.916250000002,48360.46699160736,16
user63508@ybl,11439.235454545455,34679.29941309264,11
user63509@okhdfcbank,8203.04125,26132.812626695675,16
user63509@paytm,40270.6408,66348.44566199496,25
user63513@ybl,15012.937272727273,40748.38207615343,11
user63514@okhdfcbank,14782.615,37889.132219834224,16
user63515@okicici,11873.125454545454,30465.452663894346,11
user63516@ybl,5927.444666666667,13403.896698116701,15
user63522@axl,32368.484615384616,62154.72902905922,13
user63522@ybl,3176.9255555555555,6248.6159558598365,18
user63524@ybl,26479.560769230768,48932.21029466999,13
user63532@okhdfcbank,18585.550000000003,46943.80992631404,11
user63532@paytm,6252.848571428572,12410.183849175493,14
user63537@ybl,7487.568333333334,21901.42502888167,12
user63539@axl,16813.511,48818.203681538806,10
user63539@paytm,17172.417333333335,45522.07197152583,15
user63543@ybl,10932.80176470588,36679.008563188465,17
user63551@ybl,10002.876,14532.053665374193,10
user63552@paytm,17211.104615384615,36573.93703515629,13
user63559@paytm,14674.048571428571,22563.25987382138,14
user63559@ybl,1650.427857142857,2531.9619360949164,14
user6355@paytm,28228.73111111111,60118.00543634358,9
user6355@ybl,22191.669090909094,56917.33798923478,11
user63574@paytm,19903.72266666667,46982.3955202538,15
user63576@axl,16141.635333333334,48619.44729708207,15
user63580@paytm,984.42,1063.1895922176816,6
user63583@ybl,23884.972222222223,55883.89451784069,9
user63592@paytm,4742.934,9886.84748314936,20
user63598@oksbi,4732.575294117647,10149.025456317293,17
user63601@oksbi,33035.532999999996,61420.61251220799,10
user63613@okicici,42691.572,74040.54720995574,10
user63619@ybl,1471.2450000000001,1920.3955709711358,10
user63623@axl,17533.943846153845,35411.098550440256,13
user63636@axl,9653.499047619047,17824.60388284713,21
user63637@okhdfcbank,1527.5928571428572,1164.0807387478796,7
user63643@paytm,7295.074375,14606.901945463074,16
user63646@okhdfcbank,6251.23947368421,16879.34225241265,19
user63648@oksbi,7713.489444444444,14819.578248842652,18
user63653@oksbi,12324.516153846153,17123.962885452624,13
user63665@okicici,5675.5125,11272.431959310068,12
user63668@paytm,15041.03888888889,27774.597989060276,9
user63671@paytm,8474.265,13585.048541172442,14
user63672@okhdfcbank,4406.658461538462,6948.105200468742,13
user63680@oksbi,3607.27875,7201.017070519853,16
user6368@axl,4925.601875,9250.483981507288,16
user63694@axl,15114.395,42310.786510407655,10
user63695@axl,10221.300833333333,20767.04563626641,12
user63699@oksbi,18569.425,28160.366533966942,14
user63709@axl,28609.04714285714,72895.39393190849,7
user63711@paytm,15556.254545454545,41780.77611059143,11
user63712@okhdfcbank,2348.3779999999997,4107.244869611636,10
user63744@oksbi,23714.587,46512.563421005354,10
user63751@axl,18347.85357142857,38868.316531359815,14
user63752@ybl,6312.95,11972.441295083234,15
user63766@okhdfcbank,13694.596315789475,43277.48134090332,19
user63767@ybl,17496.29111111111,39454.231482955496,9
user63768@paytm,3621.252222222222,8445.808132937571,9
user63771@okicici,13829.684,27853.897497364193,10
user63780@oksbi,15685.42857142857,46122.59076651115,14
user63781@okicici,20719.3875,41319.91957113865,16
user63784@okhdfcbank,6018.757692307693,13141.912319752757,13
user63785@okicici,17583.736666666668,23883.184425323707,9
user63790@axl,3586.905555555555,6766.361390636977,9
user63796@okicici,37817.75846153846,60285.23866623278,13
user63812@axl,36517.08444444445,69116.80817445314,9
user63820@axl,5881.59,12687.18867357442,9
user63821@paytm,2427.2323076923076,4927.638397994104,13
user63823@paytm,4444.357857142857,9205.940605409412,14
user63824@okhdfcbank,6987.260769230768,21522.98569176585,13
user63856@axl,13567.527333333333,37335.784814285165,15
user63863@paytm,21953.6575,50546.533053924424,12
user63874@paytm,17113.22294117647,29590.24750221172,17
user63875@oksbi,12422.259444444446,22763.027229262774,18
user6387@ybl,15000.384285714286,35540.012890265556,14
user63888@okicici,4060.4649999999997,8576.012779904297,12
user63894@axl,3705.3368750000004,9155.59746877047,16
user63894@ybl,18623.697500000002,46551.6741849877,8
user63901@oksbi,13584.073636363637,19797.613301619604,11
user63901@ybl,10695.501333333332,20720.640429122792,15
user63904@oksbi,4968.959999999999,15033.614422324561,17
user63912@ybl,8950.561176470588,18170.817446024164,17
user6392@axl,21688.357500000002,44455.56303806556,12
user63943@okicici,5233.3237500000005,11374.738134835969,16
user63946@paytm,19819.4875,38633.9128309019,16
user63948@axl,59775.03875000001,108971.750932334,8
user63955@okicici,2603.0375,4440.46098999567,16
user63956@ybl,23416.804285714286,46440.42453508543,14
user63963@oksbi,9266.564666666667,16847.092992863305,15
user63979@oksbi,29135.587777777775,52063.886280841485,9
user63981@paytm,9446.044,17402.12309882983,10
user63987@axl,4222.240000000001,8902.42011965484,18
user63993@axl,5541.945,10591.22122663636,20
user63999@paytm,12442.14294117647,30450.783970515804,17
user64001@okicici,10369.6265,15550.622301648213,20
user6400@ybl,21712.784545454546,42166.30664320231,11
user64014@paytm,9365.053043478261,26401.38474776025,23
user64027@oksbi,22684.618749999998,46481.1224782327,8
user64037@axl,17859.67,40060.54252266437,16
user64042@okhdfcbank,13866.516153846156,44142.223217684965,13
user64043@ybl,5724.311176470589,13459.717308038495,17
user64044@paytm,5070.463461538461,9586.295349981636,26
user64059@oksbi,25752.440000000002,64461.57051639372,8
user64064@oksbi,15703.880555555554,29701.872175291155,18
user64069@paytm,7140.65,14389.378968897163,21
user64076@okicici,6947.501666666667,7813.163646161309,6
user64079@axl,5682.944,13429.818046011751,15
user64079@okicici,4937.362857142857,12928.82917437969,21
user64080@okicici,18817.405833333334,53375.77123024086,12
user64083@okhdfcbank,12499.842307692308,26503.485271883,13
user64087@oksbi,2599.7111111111108,5982.255096264795,9
user6408@okicici,913.7654545454545,856.4474966670595,11
user64095@okicici,8867.770909090908,18727.090051501036,11
user6409@oksbi,8985.341666666665,13874.750471699455,12
user64108@axl,18822.110000000004,53573.92289813166,10
user6410@paytm,27990.49666666667,50091.43078739328,18
user64115@oksbi,6851.526666666667,13553.754671481609,15
user64115@ybl,18948.685,49579.870390122385,14
user64116@paytm,38688.112727272724,71822.9329488951,11
user64133@paytm,22744.00875,61659.15573617768,8
user64138@oksbi,14867.295833333335,38597.23505837161,12
user64143@okhdfcbank,16408.907,23764.66049276018,10
user64146@okhdfcbank,25722.93125,44515.76467304378,8
user64155@okhdfcbank,1434.02125,2730.0073228250385,16
user6415@axl,1766.8899999999999,2025.512521017829,10
user64171@oksbi,5874.421111111111,14671.288617930297,9
user64185@axl,2449.1870000000004,5932.660694934721,10
user64190@okicici,21212.58916666667,49203.783654380495,12
user64197@oksbi,11368.195625,27039.781814078546,16
user64197@paytm,16385.6375,31988.582228152154,20
user6419@ybl,15494.962352941177,45572.57040392123,17
user64208@oksbi,28812.411333333333,56497.232942197756,15
user64212@okhdfcbank,11166.41111111111,31008.39924021135,18
user64217@paytm,10725.197777777777,21629.268195704728,18
user64220@ybl,18324.257222222222,35845.241765346625,18
user64221@oksbi,743.46625,990.9536551933554,8
user64226@okicici,14569.521428571428,21174.351577390058,14
user64227@okhdfcbank,4890.962941176471,10205.31472777773,17
user64230@okhdfcbank,12625.498333333331,34291.15619301832,12
user64230@okicici,26150.631,43043.69307519902,20
user64230@ybl,8561.793333333333,13307.117275473123,15
user64232@axl,21299.511176470587,41442.10337004654,17
user64248@okhdfcbank,1414.834,1560.5025549995105,10
user6424@oksbi,22508.866363636367,58652.18387016588,11
user64261@okhdfcbank,23786.462,57607.749868279745,10
user64278@oksbi,4604.946,8914.450828443545,10
user64288@axl,43261.532,64319.51263979787,15
user64291@okhdfcbank,18977.93909090909,34053.383610855024,11
user64293@ybl,9304.9075,14794.99451343173,12
user64294@okicici,5349.702857142857,10561.561264304288,14
user64295@oksbi,12931.231249999999,40908.74730569945,16
user64308@oksbi,8644.662857142857,15552.566912764163,14
user64310@oksbi,31554.331666666665,74836.74825593918,6
user64315@paytm,1878.2279999999998,1799.3392534594468,10
user64321@ybl,32130.804999999997,58010.073860009084,6
user64328@axl,33496.03615384615,91226.87085291615,13
user64333@axl,4514.153571428572,6789.221149154918,14
user64335@paytm,26003.82894736842,49571.2828113826,19
user64344@okhdfcbank,12171.365384615385,18379.789038270912,13
user64350@axl,10766.0925,17492.39072957991,12
user64353@oksbi,17384.464,33546.01729181483,15
user64355@ybl,3045.8807142857145,4689.939624294776,14
user6435@paytm,5707.389285714286,13191.079569666921,14
user64365@paytm,15349.875833333334,42383.48101411026,12
user64370@paytm,2824.922,5964.369539354956,20
user64374@ybl,7082.731666666667,12435.713755204379,18
user64382@okhdfcbank,27677.652142857143,52137.530240099244,14
user64394@axl,6070.451666666667,11669.370133465436,12
user64397@ybl,13799.5535,49156.52196977894,20
user6439@ybl,1192.0792857142858,1523.1695567086633,14
user64400@paytm,3525.8190909090913,6783.593062736671,11
user64416@paytm,16331.42,42692.01549676567,11
user64437@oksbi,16650.63695652174,35155.80027876577,23
user64449@okicici,1492.4027272727274,1735.6963522004125,11
user64456@okicici,928.573,1293.670129275191,10
user6445@okicici,1073.3277777777776,1747.3791857720648,9
user64471@okicici,7253.044166666667,12682.147420250003,12
user64472@paytm,11441.282307692309,28719.27792443465,13
user64477@okicici,15681.627142857144,37822.8302401313,14
user64483@okhdfcbank,1413.31,2335.053810443491,4
user6451@okhdfcbank,8648.832857142856,26290.124889579423,14
user64530@paytm,6521.163,8625.38158533297,10
user6454@ybl,5142.339999999999,11322.316203540415,14
user64575@oksbi,18321.966,30920.53964815893,15
user64580@oksbi,12810.865454545456,23171.270382484152,11
user64582@okhdfcbank,12509.172142857144,35097.11164157686,14
user64589@okhdfcbank,26446.171666666665,46983.567282116746,18
user64593@okhdfcbank,26739.076666666668,44704.80856947808,15
user64600@ybl,7062.517777777777,15269.367549047158,9
user64610@oksbi,3220.4476470588233,8549.993763657469,17
user64620@ybl,10924.590400000001,21062.068180634087,25
user64627@okicici,21634.4875,48844.349929233984,16
user6463@axl,13432.194736842106,44577.76276110326,19
user64644@ybl,9273.330833333333,14532.213700726747,12
user64645@oksbi,3564.5535714285716,3772.760820251494,14
user64646@axl,12246.161111111112,16807.640143106382,9
user64646@ybl,4228.1164285714285,9476.896074594017,14
user64656@ybl,12269.350909090908,16744.744941220488,11
user64668@paytm,9671.129090909091,16191.589794229876,11
user64671@okhdfcbank,4535.248888888888,11426.802210995475,9
user64688@okhdfcbank,1322.202857142857,1671.3507468583039,7
user64690@okhdfcbank,10520.543125,28102.87973998008,16
user6469@oksbi,9539.579333333333,15140.635795897773,15
user64704@axl,4507.201666666667,11223.571476602941,12
user6470@paytm,1766.8527272727274,3077.9505169937056,11
user64722@axl,1099.7884210526315,1578.7940141916451,19
user64723@axl,6723.036999999999,13418.731223233397,10
user64731@ybl,7512.1675000000005,23012.749382821832,16
user64734@ybl,25374.309285714287,50214.63299458811,14
user64740@okhdfcbank,10784.022,35782.51842923684,15
user64745@axl,18011.10357142857,35591.20574715735,14
user64749@paytm,4096.785882352941,9332.86937807852,17
user64752@okicici,3893.6700000000005,7907.634165535859,5
user64753@okicici,2919.934,4790.5943370119985,15
user64753@ybl,10929.35375,29956.24465918314,16
user64755@okhdfcbank,11923.692666666668,37545.24266327235,15
user64761@paytm,16333.742222222221,23721.483421390287,9
user64767@ybl,6636.574285714286,10901.609583120293,14
user64768@axl,3891.5192857142856,11588.229874947361,14
user64769@axl,19436.47909090909,50335.242841333435,11
user64772@paytm,33359.48375,65291.08188660765,16
user64811@okhdfcbank,15061.76,23664.20188472652,18
user64814@oksbi,28667.46777777778,64139.43245620119,9
user64822@okhdfcbank,10928.455454545454,17840.001809294397,11
user6482@ybl,1699.7409090909093,1742.9078878096486,11
user64832@ybl,2741.14875,7250.449170064685,16
user64851@axl,9182.314615384616,16008.001284101449,13
user64852@okicici,9872.711875,18287.62116944983,16
user64865@paytm,20373.813333333335,47526.74109243655,12
user64869@okicici,28600.732,57291.759371699605,10
user6486@okicici,6229.86875,14403.681114931731,8
user64870@axl,14185.262857142856,43908.86950478569,14
user64878@paytm,13922.25818181818,18315.64412785683,11
user64879@axl,4780.999166666667,11518.843801634906,12
user6487@okicici,42989.253333333334,77941.19567759456,18
user64884@axl,14140.057857142858,35209.69145007931,14
user64888@axl,6423.461333333334,13745.493581690102,15
user64888@ybl,11779.345333333333,27801.975393064346,15
user64909@oksbi,4859.646190476191,10393.331557843461,21
user64918@oksbi,10284.516666666666,28988.662709857,27
user64922@okicici,8537.995454545455,12859.181644909884,11
user64925@okhdfcbank,10505.48153846154,33912.80162426839,13
user64927@ybl,16326.53375,49576.81687829609,16
user64928@axl,18450.335,28621.603791421614,16
user6492@oksbi,10685.054,13822.845753072701,15
user64932@axl,2230.3650000000002,4463.303382083637,14
user64936@paytm,3335.9564705882353,8947.382976530724,17
user6495@paytm,4315.725882352942,9898.65166855129,17
user64965@okhdfcbank,7005.161428571429,13713.131001078356,14
user64965@okicici,8687.089411764706,14425.852473918772,17
user64972@oksbi,3768.8325,5363.761716924768,12
user64985@paytm,18007.630714285715,34389.14521784465,14
user6498@paytm,925.3244444444445,1175.0791547180033,9
user6499@axl,5931.703571428572,12327.54608741029,14
user65016@okhdfcbank,15153.529166666667,31029.733501149403,12
user65027@okicici,9107.052352941177,14536.622205412581,17
user65028@axl,3136.0993750000002,7277.345424587613,16
user65033@oksbi,9396.778214285714,27370.066325723106,28
user65041@axl,13714.098666666667,35188.80708414109,15
user65044@okicici,14974.157000000001,37609.980049388796,10
user65046@okhdfcbank,17509.579999999998,37091.69653431255,10
user65047@axl,10827.378461538463,33004.19710697106,13
user65068@axl,6667.869166666666,11649.251631852081,12
user6506@axl,18761.12625,46446.358253759485,16
user65075@paytm,25973.321666666667,55947.403644795595,12
user65077@ybl,8984.717857142856,15937.175226597705,14
user65085@okicici,20069.850909090906,33700.884845552486,11
user65089@paytm,3660.4249999999997,6817.888601765213,16
user65093@okhdfcbank,16823.174285714285,45182.86286917533,14
user65094@paytm,6750.428,11417.003158151812,20
user65106@oksbi,13670.08,36307.345282077564,9
user65110@oksbi,26111.701,51929.323895795445,10
user65140@axl,16310.25,34410.77228348172,13
user65148@okicici,13814.387692307693,26156.967157688967,13
user65157@ybl,15186.466666666667,30833.306346050333,12
user6515@okicici,15692.239999999998,49338.06934038131,17
user65166@axl,14075.982499999998,40825.23156557699,12
user65170@ybl,17771.246666666666,36732.77152387497,9
user65173@axl,10907.197272727273,17345.093006568797,11
user65174@oksbi,12961.700666666668,20336.689731511466,15
user65178@okicici,20413.97,44826.70857819233,12
user65182@ybl,10979.198,23083.616071477274,20
user65186@oksbi,17488.364,41372.83624321326,20
user65200@okicici,1873.27,1844.1258102357815,10
user65204@okhdfcbank,8109.174999999999,17111.344226337365,12
user6520@axl,15782.488125,27082.05610333854,16
user65210@okhdfcbank,18228.57214285714,41317.4474709079,14
user65222@okhdfcbank,4772.219285714285,11890.833292968204,14
user65226@axl,10317.259047619049,32186.65370461784,21
user65230@ybl,14874.439166666665,26235.19888879804,12
user65236@okicici,26739.319,58789.87309510778,10
user65265@okhdfcbank,6672.549333333333,9813.757524170172,15
user65280@oksbi,17735.476428571426,50473.00563395242,14
user65286@okicici,4558.240833333333,12205.942825092476,12
user65288@oksbi,21576.37888888889,59472.045620311495,9
user65291@okicici,23683.887,39577.53129465226,10
user6529@oksbi,11977.199411764706,33787.254724221726,17
user65303@oksbi,5005.301666666667,13809.17227444981,12
user65307@ybl,4574.3237500000005,9593.236603168381,8
user65309@ybl,8171.786666666666,16652.44715053688,15
user6530@oksbi,18531.593636363636,46308.609329988365,11
user65315@okhdfcbank,9732.189583333333,15141.23718294325,24
user65315@ybl,12341.261428571428,16944.971931192613,14
user65323@ybl,10431.389230769231,23748.128271275564,13
user65324@ybl,11833.000714285712,19904.285983221518,14
user65325@axl,22683.41083333333,48033.73530406756,12
user65331@okhdfcbank,9255.444166666666,15845.080634094984,12
user65340@ybl,29142.595833333336,64781.47319692082,12
user65341@ybl,11565.556153846155,28477.796046812666,13
user6534@ybl,5962.112222222222,8114.6189336804,9
user65353@ybl,3928.0172222222222,7966.483220273035,18
user65356@okicici,20602.465454545454,23158.68263263753,11
user65360@paytm,17561.527083333334,43450.7665709253,24
user65361@oksbi,13877.97842105263,39165.59122284683,19
user65373@axl,10214.189999999999,17001.78598470793,19
user65377@oksbi,5518.028235294118,12203.480280974272,17
user65379@paytm,12927.344285714285,32572.77086426748,14
user65384@paytm,27088.01,51270.42165240062,9
user65385@okicici,10962.975384615384,15321.14315198424,13
user65386@axl,6899.181764705882,19349.53251744123,17
user6539@okhdfcbank,8893.58,13251.054807647075,13
user6539@ybl,9563.014615384616,29120.80891286064,13
user65418@oksbi,711.540909090909,1004.2736624690956,11
user65425@paytm,7399.4685714285715,15756.106835626455,14
user65427@ybl,6214.0442105263155,12315.18015440263,19
user65429@okicici,858.98625,1109.194394297533,8
user6542@ybl,5296.892307692308,8838.58847295686,13
user65435@oksbi,17816.681111111113,41784.42369720248,9
user6543@ybl,3850.711764705882,7857.114647895748,17
user6544@oksbi,4738.305555555556,12244.089707173121,9
user65450@axl,1108.3063636363638,1604.263072312473,11
user65450@paytm,26310.767333333333,59307.75510401358,15
user65471@okicici,21072.859166666665,53408.2294821685,12
user65471@oksbi,14683.821052631578,32595.240850597067,19
user65484@paytm,13632.276363636365,18808.058655985882,11
user65486@okicici,10134.798235294118,22487.932523703195,17
user65503@okicici,2925.6671428571426,6339.105481108671,14
user65505@axl,12928.627272727275,39420.689095324335,11
user65510@ybl,8535.787777777778,11827.809039601098,9
user65514@paytm,2731.158888888889,6438.865747712813,18
user65523@okicici,19219.680588235293,24141.177435101286,17
user65550@paytm,14209.58090909091,27668.438608099823,11
user65551@axl,29521.605625,48418.37171405622,16
user65555@axl,4197.245,8317.577683727997,18
user65559@oksbi,13681.832000000002,38796.66474578494,15
user65575@axl,23869.82785714286,49084.72989821489,14
user65591@ybl,3829.0699999999997,5215.706708994913,12
user65595@axl,7392.207777777778,14527.379749052974,9
user65604@oksbi,4303.204285714286,8453.763295723315,14
user65610@paytm,9280.409047619047,22678.155659708507,21
user65612@oksbi,22645.51090909091,59896.7233212538,11
user65619@axl,6165.843,11367.135901286314,10
user65641@oksbi,3035.56875,7578.4703801263,16
user65644@oksbi,5513.3,8978.525481881754,17
user65648@paytm,24252.60176470588,67607.45298513195,17
user65674@oksbi,12023.414666666667,19790.111127298573,15
user65680@oksbi,31453.367857142854,60638.94873750852,14
user65686@oksbi,15567.644999999999,30201.619273835855,16
user6569@okhdfcbank,11306.897500000001,23501.46588596903,12
user65712@okhdfcbank,13369.44875,27716.7916083265,16
user6571@axl,2688.22,4756.869647977893,16
user65729@axl,4322.764,5818.115647917096,10
user65732@ybl,11311.115757575757,24698.25069161213,33
user6573@oksbi,13767.691,32857.30442273967,10
user6574@okicici,19340.61142857143,42071.8178752234,14
user65754@paytm,13499.414166666667,27030.06154877278,12
user65757@axl,9206.496470588236,18328.223885842006,17
user65772@okhdfcbank,6224.081666666666,14042.501222059496,12
user65772@oksbi,1574.226,1707.9549830146123,10
user6577@oksbi,8830.695,11727.639325452265,10
user65789@paytm,24113.745454545457,57064.480985212926,11
user65791@okhdfcbank,9730.894166666667,13810.016966040173,12
user65796@paytm,2405.419230769231,1965.994090608538,13
user65800@okicici,18544.64,51817.84596759868,13
user65805@okicici,16639.57125,39188.9783840676,16
user65808@okicici,31318.333333333332,69826.99715225742,15
user6580@okhdfcbank,36862.228571428575,133309.43515501206,14
user65814@okicici,5522.22,12769.896752350385,10
user65817@axl,14678.278235294118,40854.5004425388,17
user65818@okicici,11733.653846153846,20934.693353387316,13
user65820@okicici,2460.9260000000004,6977.704870226472,10
user65824@paytm,16201.287,45734.86890898247,20
user65829@ybl,21229.548666666666,34828.954821473075,15
user65839@okicici,24844.586875,41908.510830439,16
user6583@okicici,4246.464999999999,8452.361290297415,12
user65857@okhdfcbank,10011.773500000001,25606.140412455203,20
user65860@okicici,28790.604285714286,74435.36025363166,7
user6586@ybl,30283.344999999998,58004.327158955406,18
user65881@paytm,12433.499,35384.935860173115,10
user65887@paytm,7585.45090909091,14876.009214854941,11
user65892@okhdfcbank,11283.049090909091,18949.07048186504,11
user65892@ybl,20266.097142857147,48097.79611059013,14
user65895@oksbi,14230.886666666665,22944.315784004437,12
user65912@okicici,7249.464166666668,14356.202089405286,12
user65919@okhdfcbank,7654.776666666666,20505.164256728254,12
user65922@okicici,1501.2907142857143,1532.9802982901,14
user65925@axl,6391.725882352941,11012.889910004922,17
user65925@okicici,2536.27125,6189.604548317956,16
user65925@paytm,8133.231249999999,14901.937984999933,8
user65926@axl,12913.192857142858,18340.032020850093,14
user65929@ybl,21163.132857142857,51503.33234202595,14
user65946@okhdfcbank,7566.386428571429,12949.389181412027,14
user65947@okhdfcbank,18920.659090909092,43973.9516962887,22
user6594@axl,16606.24357142857,55787.55455154157,14
user6594@okhdfcbank,3919.46,5565.626932487353,8
user65952@axl,18859.3,36943.3352199013,12
user65965@ybl,18176.92857142857,25527.44678639741,14
user6596@axl,14816.24142857143,49245.23048590639,14
user65973@oksbi,15657.741428571428,40056.298029463236,7
user65977@axl,13559.825454545457,25267.969508611634,11
user65994@ybl,9783.013333333334,14801.258683969929,15
user66006@axl,7249.795714285714,15541.118069857193,14
user6600@ybl,13897.643125,43461.51202377873,16
user66018@paytm,19974.963571428572,40886.615057174626,14
user66020@paytm,8179.732222222224,18778.339751892046,18
user66030@axl,4240.85,8361.398282739558,7
user66031@paytm,27645.192499999997,39714.56993089489,16
user66034@okicici,16466.269285714287,40087.47344680216,14
user66037@axl,7307.584615384616,12979.241288321784,13
user66048@axl,9888.015,30606.324084777727,12
user66049@axl,19412.525384615386,45697.27655290131,13
user66054@oksbi,26157.836666666666,49855.007986581695,9
user66061@ybl,4023.6464705882354,7724.48268750078,17
user66063@okhdfcbank,20489.749444444446,46063.56141782741,18
user66066@ybl,4671.669999999999,13111.550703747645,12
user6606@okicici,15865.922307692304,47436.261818064726,13
user66077@okicici,14712.042105263161,31452.745668820495,19
user66078@ybl,5485.995294117647,10848.799258089648,17
user6607@ybl,2947.4809090909093,8032.6480638982985,11
user66082@okicici,10941.78,17295.901555563054,15
user66087@okhdfcbank,18165.838,56422.88472646317,10
user6608@okhdfcbank,12479.522142857142,17545.13504593408,14
user66092@axl,18041.073,32527.462061061928,10
user66095@axl,12298.739999999998,15104.631086678019,11
user6609@paytm,2658.943333333333,2432.1975583198355,12
user66101@paytm,12730.664347826088,22614.512512931087,23
user66108@okicici,4523.1955,8758.995365367613,20
user66128@ybl,9356.252666666667,14772.846997442139,15
user66129@okicici,14466.472352941179,39959.91766119419,17
user66131@oksbi,2616.233333333333,4757.587998350884,15
user66133@oksbi,18094.87,46961.755617332914,7
user66139@okicici,11071.167333333335,21731.26688961042,15
user66140@ybl,13453.262631578948,24884.855427472314,19
user66149@okicici,19806.46947368421,52787.49922505174,19
user66149@oksbi,3058.6079999999997,6831.866981722492,25
user66155@okhdfcbank,19825.4525,42560.75613501315,16
user66160@paytm,19781.03,50823.446709288386,14
user66169@okhdfcbank,2336.695555555556,5081.485387874207,18
user66171@okhdfcbank,8456.581818181818,15479.16012784209,11
user66184@ybl,17650.46125,21242.468722732527,8
user66185@okicici,19917.05416666667,41728.48860951086,24
user6618@okicici,24885.940714285716,50134.21860680978,14
user66206@okicici,9716.204545454546,14311.964469687146,11
user66206@oksbi,17140.131764705882,35795.38269302869,17
user66212@paytm,6661.9807692307695,13408.96282771556,13
user66215@okhdfcbank,11533.735333333334,18182.737110126844,15
user66220@oksbi,6453.623333333333,16257.686076841605,18
user66226@ybl,13466.52,25754.881581751568,14
user6622@ybl,3776.4925,8875.370273247288,28
user66242@okhdfcbank,7541.0368421052635,14471.49270115294,19
user66250@okhdfcbank,10600.201111111111,26041.712235335755,9
user66263@paytm,12858.346875000001,47539.004559091154,16
user6626@ybl,5063.715384615385,11596.609346507004,13
user66277@oksbi,13297.428666666667,20870.111729501,15
user66294@paytm,4864.197692307693,13335.690244183186,13
user6629@okicici,11971.859444444446,36645.241171459005,18
user66303@axl,3776.0629411764708,11057.713389793098,17
user66305@paytm,6469.069230769232,14156.413414358327,13
user66310@okhdfcbank,14925.429999999998,30758.99762654899,14
user66318@axl,5744.451999999999,11844.395016071992,10
user66333@axl,16878.34333333333,41057.02050415148,27
user66344@oksbi,600.6800000000001,713.4387603712039,10
user66350@ybl,8671.87052631579,14289.29804660835,19
user66355@axl,7651.337857142857,12672.854636257392,14
user66363@paytm,3427.9425,12135.234684674419,20
user66364@okicici,16138.945999999998,33166.91802930612,15
user6636@oksbi,4863.310714285714,12902.51631306823,14
user66408@axl,10377.119375,15403.269000374117,16
user66417@okhdfcbank,34085.587,69595.13276432037,10
user66421@oksbi,22494.082499999997,32164.020944969707,8
user66424@okicici,4899.972857142858,10947.468130159463,7
user66425@axl,5619.316666666667,13145.782998297718,12
user66428@ybl,3903.447142857143,10385.328581044163,14
user66429@oksbi,38246.800833333335,67830.83563081783,12
user66431@axl,9020.996875,21881.446128529904,16
user66439@ybl,10938.713846153845,26081.870640763267,13
user66441@ybl,14179.012727272726,16703.525233302153,11
user66449@axl,7950.671818181818,16527.706414400527,11
user66450@ybl,20932.366875,52407.944090667865,16
user66451@axl,13868.705384615383,36589.81358075122,13
user66453@oksbi,3155.303636363636,7854.8448753304765,11
user66455@okicici,16286.2375,37184.68555364884,16
user66458@ybl,12156.859999999999,39973.56770544193,13
user66464@axl,1639.5866666666666,1691.7913894966482,9
user66472@ybl,15279.9275,38586.219827968474,8
user66480@okicici,9887.735,41701.6817206722,22
user66481@oksbi,38289.42,58660.57459782677,17
user66497@axl,5965.63,9835.183191044283,9
user66510@axl,24116.742857142857,52863.34297830913,14
user66516@okhdfcbank,3277.3955555555563,8285.296662244667,18
user66522@ybl,10283.792307692307,22825.94529192901,13
user66524@ybl,16063.492999999999,33803.36705991252,10
user66532@axl,11600.905,26578.411842706984,16
user66545@okhdfcbank,1208.010909090909,1639.6435074030849,11
user66545@oksbi,962.6684615384615,949.9627169688132,13
user66546@paytm,2236.1473333333333,6141.196146643544,15
user66548@okicici,20228.002222222225,48586.85817302061,9
user66552@paytm,21831.707692307693,37745.5914268433,13
user66557@okhdfcbank,16322.302857142857,36265.14841695673,14
user6655@okicici,8185.052857142857,14925.325633320972,14
user6656@okicici,18553.52333333333,31936.09001423546,9
user66584@axl,10014.320588235294,30362.824361592146,17
user66587@okhdfcbank,3533.5340000000006,5300.592246891327,10
user66592@ybl,20670.471999999998,41734.79806713581,15
user66602@oksbi,4757.7553333333335,12390.292693682115,15
user66603@okicici,5500.63,7587.45947451451,8
user66609@paytm,12804.538,30695.473156338125,15
user66614@ybl,3042.0461538461536,4525.859262866626,13
user66618@axl,4868.117142857142,11211.467492079724,14
user66629@paytm,16081.205789473686,34950.614817761445,19
user66633@paytm,1908.53,2293.0001818632722,9
user66641@okhdfcbank,4710.578181818182,12383.000136084,11
user66641@okicici,6837.691176470588,20099.13453850124,17
user66642@axl,18353.790833333333,37660.1054378281,24
user66661@axl,7811.301666666666,13987.39930792961,12
user6666@oksbi,35696.237857142856,66159.71513041733,14
user66677@okhdfcbank,26002.38846153846,63539.524202991015,13
user66679@okhdfcbank,2003.9166666666667,2899.0287528516524,12
user66681@okhdfcbank,1776.6272727272728,3303.4664523227443,11
user66681@oksbi,5334.780625,10169.926282212322,16
user6668@okicici,7816.213076923076,13095.788592383673,13
user66697@okhdfcbank,3024.379375,7904.931149412556,16
user66697@ybl,12945.152352941177,33800.5164362955,17
user66715@paytm,14818.040625,20459.48635290126,16
user66725@oksbi,5199.074285714286,11647.742757177277,21
user66726@axl,3652.594285714286,7486.463616408684,14
user66727@ybl,15640.522307692308,40250.352844704394,13
user66733@oksbi,3929.697272727273,7339.348017803884,11
user66747@oksbi,5018.888461538461,13657.191462330904,13
user6674@axl,17885.385000000002,35436.83981546519,10
user66756@paytm,4763.091428571429,10874.135364701848,14
user66772@oksbi,32520.875263157894,95710.92904827236,19
user66774@axl,1235.8277777777778,1233.2550895498682,18
user66776@axl,7844.96,12068.442399139105,14
user66780@okicici,25063.40052631579,55026.618955258105,19
user66782@okhdfcbank,16790.651,33120.75212031455,10
user66785@oksbi,10934.276875,19977.239863857973,16
user66792@okhdfcbank,20442.154444444444,39196.69324638084,9
user66792@ybl,19263.222,56590.48823467299,10
user66794@axl,13808.018124999999,42786.81131128644,16
user66807@oksbi,31240.68,67499.96574723674,7
user6681@axl,17051.39416666667,55072.60747022565,12
user66838@paytm,3117.9483333333333,4159.57390526682,6
user66839@okhdfcbank,11014.343333333332,23553.37242449633,12
user66864@ybl,10808.210000000001,19335.94649273116,17
user66867@axl,23592.39615384615,49364.60705410448,13
user66883@axl,15911.380714285713,28212.318489945123,14
user66886@oksbi,12936.015294117646,41333.77201924416,17
user66888@oksbi,6322.841999999999,18872.810461142682,20
user66901@paytm,5468.129285714285,8986.14240386442,14
user66908@ybl,27447.186999999998,61164.522886192055,10
user66911@oksbi,9167.704545454546,20612.96820837473,11
user66930@okhdfcbank,1236.8207692307692,1335.9015455268498,13
user66936@okhdfcbank,9976.67142857143,19128.615130270493,14
user66938@okicici,1389.81,1854.490450046666,8
user66942@okicici,2377.45625,4395.681262533147,16
user66942@ybl,2585.9973333333332,6546.773278904509,15
user66953@okhdfcbank,3177.5875,3082.3632966686455,8
user6695@axl,17120.357500000002,32896.63720532731,20
user6695@ybl,3528.2325,9560.258100979689,12
user66982@oksbi,8285.449285714287,15702.810409912892,14
user6698@okhdfcbank,13657.988823529411,25516.95442889857,17
user67017@okicici,27050.874736842106,53154.374552950154,19
user67024@okicici,14458.78111111111,33113.40812828719,18
user67025@okicici,20897.352142857144,38183.02659412006,14
user67033@axl,10881.757647058825,29889.86303724716,17
user6703@oksbi,8157.843124999999,19050.422142463478,16
user67040@ybl,7971.333750000001,20439.05482541202,16
user67046@axl,8672.435454545453,15023.417456667017,11
user6704@ybl,7150.501739130435,12427.520446563034,23
user67055@okhdfcbank,32943.66066666666,61888.16667201129,15
user67060@okhdfcbank,19092.964444444442,44287.94847530396,9
user67061@okicici,10091.005333333333,15403.180446910432,15
user67062@paytm,5386.264499999999,9512.272195916994,20
user67077@ybl,7300.471764705882,17529.676901115872,17
user67081@okicici,2820.3291666666664,7046.559222961178,12
user67093@okicici,11548.655714285715,33703.54421518962,14
user67095@paytm,42410.476,62716.487894718935,10
user67098@axl,620.6185714285714,959.77369629661,21
user67101@okhdfcbank,10342.992142857142,18045.85119610905,14
user67105@okhdfcbank,10974.296666666667,17327.662638866645,9
user67118@oksbi,12345.44076923077,30475.268303943463,13
user67125@okhdfcbank,4423.072,10071.514868212478,25
user67126@okhdfcbank,2574.3228571428576,4171.526651944528,14
user67133@axl,11271.42625,25054.95774291198,16
user67134@axl,7628.004285714285,14119.630553045215,14
user6713@ybl,5533.077272727272,9244.914349553586,11
user67150@oksbi,28931.655,57749.69262954667,10
user67151@axl,12729.054285714286,24463.350410849827,14
user67151@okhdfcbank,3129.7545454545457,6168.351034019325,11
user67155@okicici,1314.2058333333332,1656.4999203822845,12
user67163@paytm,3755.7392307692307,11549.054683401913,13
user67168@okicici,4564.4800000000005,9542.801378053862,16
user67169@ybl,19705.98777777778,54870.41585638083,9
user67177@ybl,5975.7014285714295,11193.301180495457,7
user67178@ybl,22682.09461538462,53358.65180500982,13
user67188@axl,8064.832307692307,13943.900691539027,13
user67197@axl,4380.4275,10189.10246775457,12
user67199@ybl,9947.24,19235.34622157945,14
user67201@okhdfcbank,3683.00125,11107.603955039614,16
user67202@paytm,8913.342105263158,14910.09741852651,19
user67203@oksbi,13745.523333333334,22232.16634155059,9
user67205@ybl,3556.41294117647,7310.276324306904,17
user67214@ybl,8761.899000000001,24849.75686836502,10
user67216@okicici,5878.128124999999,11664.342881620732,16
user67226@oksbi,6245.7122222222215,11422.436292561673,18
user6722@ybl,25738.510000000002,49733.53831952268,14
user67234@paytm,16529.13588235294,30679.09155819869,17
user67235@paytm,1606.82125,1492.3062817899154,8
user67249@oksbi,7278.249000000001,14634.342144979426,10
user67253@okicici,1375.162142857143,1839.5171851672992,14
user67255@okhdfcbank,2625.9511764705885,9046.89757586605,17
user67258@oksbi,3592.072,6329.791988331932,10
user67262@paytm,20655.17931034483,43354.68468433478,29
user67262@ybl,3528.319285714286,9481.666388851101,14
user67266@oksbi,26117.691875,50737.00456193636,16
user67266@paytm,16604.820833333335,52772.883789638065,12
user67267@axl,7811.01,18539.149128691053,14
user67273@okhdfcbank,6526.298461538462,20719.352302636395,13
user67275@oksbi,5592.481818181818,14619.58964460413,11
user67299@axl,2338.381176470588,4755.932215759443,17
user6730@paytm,1472.6136842105263,1621.9523016455971,19
user67314@okhdfcbank,4943.442222222222,9099.150371688253,9
user67320@axl,7792.958857142857,27886.932877564166,35
user67321@ybl,23555.910714285714,50244.46475920743,14
user67323@oksbi,9658.605294117648,24398.16433338457,17
user67324@axl,12575.203636363636,20764.2863873114,11
user67333@oksbi,30499.866153846153,46438.894650215625,13
user67344@okhdfcbank,21246.224375,42230.846213489174,16
user67351@oksbi,4661.774615384616,14469.426209063264,13
user67354@axl,17605.794444444447,25949.54938646388,9
user67358@ybl,7488.986999999999,18921.74656963607,10
user67381@ybl,9747.005555555555,24813.94398150439,18
user67387@okicici,6005.541428571429,9400.078515639163,7
user6738@okicici,4788.175833333334,7509.901200037017,12
user67394@axl,15866.905,29604.31293788288,12
user67395@okhdfcbank,12555.474999999999,35142.7510212763,22
user67400@paytm,15408.204347826088,30638.414224540946,23
user67406@oksbi,13288.493333333334,26672.646129371886,12
user67412@paytm,2769.665625,5574.58142793755,16
user67418@oksbi,7826.07,15595.590146734856,10
user6741@paytm,12719.678235294117,26000.409832081074,17
user6741@ybl,10317.59,13722.86168619099,15
user67422@paytm,3374.553846153846,7321.347072570888,13
user67425@okhdfcbank,1081.09,1619.1411477762592,10
user67433@oksbi,6047.113333333335,13968.177367858223,6
user67435@axl,19246.4575,29846.96727818769,16
user67446@axl,5157.617272727272,13611.800746678664,11
user6744@axl,7611.52923076923,10882.05737203943,13
user67458@okhdfcbank,16869.660588235292,37754.21216101233,17
user6745@ybl,11288.401764705883,27539.315158913098,17
user67467@oksbi,21884.103333333333,43324.67232522141,12
user67471@okicici,38475.64090909091,63446.47465786596,11
user67483@axl,3238.2442857142855,6045.884914407249,14
user67490@oksbi,11598.952500000001,29312.294188493295,20
user67504@oksbi,14615.546666666667,47601.273751054054,12
user6750@oksbi,6119.143333333333,13466.635793760366,12
user6752@oksbi,3730.945454545454,11501.05485947299,11
user67537@oksbi,30450.868823529414,51641.53084069714,17
user67540@okicici,7213.333636363636,12976.557274312223,11
user67543@paytm,29793.919285714284,56584.23800689559,14
user67549@oksbi,15907.531428571428,52464.24219109472,14
user67554@axl,18256.26214285714,30116.298135319248,14
user67555@axl,4133.239230769231,7068.194694589586,13
user67557@axl,11821.634117647058,33158.759508529954,17
user67567@ybl,1535.7725,1895.1956181863807,8
user67576@paytm,32270.968125,53928.962813140926,16
user67577@ybl,6735.137,15016.441415126028,10
user67606@okhdfcbank,14486.846,26310.21180876945,15
user67615@ybl,5102.7692307692305,10389.90418358086,13
user67617@axl,7160.86076923077,14774.057646387275,13
user67617@oksbi,7712.427000000001,12446.002251786504,20
user67617@ybl,7986.525000000001,13910.590110418165,12
user67624@okhdfcbank,36139.836470588234,53700.85539013112,17
user67627@paytm,1605.961818181818,1583.9769516872284,11
user67629@paytm,7748.2471428571425,22786.20155062689,14
user67630@axl,3898.284,11540.6639568749,15
user67634@oksbi,17995.12,49580.0183266335,8
user67641@paytm,29412.3452631579,54879.67747032506,19
user67652@okhdfcbank,13580.206470588235,42004.11471202389,17
user67656@axl,29368.519999999997,62451.47115370917,14
user67668@oksbi,12666.173571428571,32967.110217420915,14
user67670@paytm,17492.17052631579,35519.71713330319,19
user67672@okhdfcbank,3204.190769230769,4978.308045495079,13
user67673@oksbi,6682.8575,14123.177427183775,16
user67677@axl,652.3199999999999,628.2752049221741,11
user67677@okhdfcbank,18759.35090909091,53159.46871189355,11
user67677@paytm,18823.853333333333,34696.77851990941,18
user67690@oksbi,1164.0635714285713,2173.659102200382,14
user67691@oksbi,12436.048125,24660.363953544893,16
user67697@okhdfcbank,2693.1770588235295,5979.3835360822995,17
user67703@axl,27000.34,63337.01359207742,16
user67706@okhdfcbank,2181.5461538461536,3113.698819356004,13
user67707@ybl,2321.6776470588234,4269.57345897036,17
user67708@okicici,12002.191333333332,28840.861685164153,15
user67720@ybl,13046.172857142856,30877.404001766885,14
user67727@axl,1564.2929411764705,2399.8069542354983,17
user67729@oksbi,10504.84,16479.202256803463,12
user67732@ybl,952.37375,1109.022494373665,8
user67736@axl,31650.318333333333,67644.39296242948,12
user67745@okhdfcbank,15990.933333333334,37363.783749581096,12
user6774@axl,20717.186666666665,55237.32075167892,18
user67766@axl,21518.437142857143,22967.604635306598,7
user6776@paytm,32518.558421052632,60416.32085511095,19
user67770@paytm,7166.234166666666,14549.227159509483,12
user67788@ybl,23071.08272727273,58169.24077737737,11
user67793@okhdfcbank,5181.333333333333,12507.676509513592,15
user67798@paytm,11515.552857142859,29294.350817823728,14
user67803@oksbi,13687.453333333333,18930.82843133192,9
user67809@okicici,3219.8633333333332,8206.580279026093,9
user6782@okhdfcbank,17387.995833333334,53740.69885231955,12
user6782@oksbi,35658.84125,69446.81251294495,8
user67830@axl,31750.656153846157,62704.03021004903,13
user67842@paytm,6897.878461538461,12101.584755598366,13
user67844@ybl,20191.344000000005,44475.20857810877,5
user67852@okhdfcbank,6721.16,14660.120932063603,18
user67896@ybl,21520.30571428571,39346.61769139653,14
user67897@okhdfcbank,1329.104,2803.230995116568,10
user67899@okicici,5706.886470588235,12266.360019835724,17
user67900@oksbi,24689.255999999998,48896.596817348254,15
user67912@okicici,10384.25875,16585.925160951927,8
user67914@ybl,16207.313846153846,32807.77719118099,13
user67917@okhdfcbank,5449.494000000001,10959.361340563602,15
user67918@okhdfcbank,12208.345333333333,26428.012543240624,15
user67920@axl,9995.087142857143,32317.406669453023,14
user67922@okicici,32952.931818181816,61483.222198966745,11
user6793@ybl,21516.30166666667,39365.18725838071,18
user67945@okhdfcbank,19053.098666666665,41657.90204491937,15
user67951@paytm,13124.691052631579,25219.50861296268,19
user67957@paytm,3901.7705882352934,6738.081729732571,17
user67960@axl,13472.762857142856,40353.39467050485,14
user67961@okicici,6382.346666666666,10895.640547599542,15
user6796@paytm,16432.593636363636,35958.936443637285,11
user67972@okhdfcbank,7085.953333333334,11517.2070012958,12
user67981@okhdfcbank,4836.652,8577.352953640704,10
user67983@axl,5538.563333333333,10325.874974371261,6
user67983@okhdfcbank,16650.468,48713.96551170475,15
user67985@axl,26406.96105263158,55314.7579544549,19
user68005@oksbi,12634.279999999999,25498.03861102098,13
user68005@paytm,372.07166666666666,187.77732189129404,6
user6801@okhdfcbank,2856.931818181818,7765.122253508721,11
user6801@oksbi,14284.491666666667,42005.03286875742,18
user68021@axl,33769.43615384615,59724.27404650133,13
user68028@oksbi,4921.925625,7380.366011839764,16
user68038@paytm,12294.731333333333,28883.382375257344,15
user68042@paytm,939.6577777777778,1125.6395632014915,9
user68054@okicici,9986.172499999999,24802.160861730692,12
user68055@axl,22409.011999999995,45191.49803311921,10
user68061@okicici,9682.79588235294,22530.437458647484,17
user68065@okicici,17538.51466666667,46412.51414639603,15
user68067@oksbi,18011.373125000002,40086.78574206546,16
user68067@ybl,14820.011666666667,38763.25561746256,12
user6806@okicici,1269.9844444444445,1483.4557871159416,9
user68081@axl,23071.8075,49064.589511280945,16
user68084@ybl,9380.354,27780.355737024445,10
user68087@okhdfcbank,10938.720666666666,38782.17006466142,15
user68087@oksbi,25699.128,49683.31958949419,15
user68121@okicici,1137.4075,1790.0144011412817,12
user6812@okicici,18672.81153846154,36713.8397492941,13
user68136@paytm,19511.113636363636,45581.29513329569,11
user6813@ybl,6052.823333333334,12040.307166149974,12
user68143@okicici,7187.825263157894,15429.039319335245,19
user68155@okicici,20327.242105263158,43569.34178666635,19
user68163@paytm,12116.67818181818,23517.356530043853,11
user68165@oksbi,29844.906363636368,52080.07634749536,11
user68169@okhdfcbank,12983.4525,42940.85309010272,12
user68172@paytm,10978.973125,19450.94063172292,16
user68173@paytm,12943.785,24852.058837528857,14
user68194@okicici,8297.583333333334,16352.06405573737,15
user68203@okicici,37817.99166666666,62149.555748942155,12
user68203@ybl,12615.171176470589,37705.386089786276,17
user68214@ybl,1907.5306666666668,4789.8911941690385,15
user68215@oksbi,13706.443,30871.264984144887,10
user68221@axl,10821.493076923078,11715.140422694743,13
user68231@paytm,4802.480625,14969.158371788963,16
user68260@paytm,12255.792000000001,28127.072796297878,10
user68262@oksbi,6396.546666666666,7137.683086099204,6
user68263@ybl,1192.34,1456.4695195780787,11
user68264@okicici,14623.942727272724,43860.9399460641,11
user68270@oksbi,12108.792083333334,38508.82358771219,24
user68278@okicici,7955.147272727271,22082.60620702506,11
user68288@oksbi,20989.5,57938.07818849167,9
user68293@okhdfcbank,5958.7555555555555,13709.008348524076,9
user68298@paytm,4068.893076923077,11343.69739372146,13
user6829@okhdfcbank,9803.841333333334,15138.705169522478,15
user68300@oksbi,2961.8100000000004,9385.157725359051,13
user68306@okhdfcbank,2588.098,3401.8115802312677,10
user68309@oksbi,8038.77,12190.026194359527,15
user68313@okhdfcbank,18428.427333333337,43176.51960212857,15
user68321@paytm,10592.056666666665,19602.373664973584,9
user68334@ybl,692.8795238095238,1133.9160536189447,21
user68342@ybl,27373.068,58805.27766962036,10
user68356@oksbi,34376.64875,54308.572878174935,16
user68359@oksbi,11254.524117647059,25895.565233940168,17
user68364@axl,22168.12642857143,51338.53699374987,14
user68364@paytm,23224.885454545452,53358.58994367418,11
user68381@ybl,3868.9892307692307,6092.985435953465,13
user68384@okhdfcbank,35948.27846153846,48270.16517837975,13
user68384@paytm,12549.751875,30679.058608523443,16
user68391@paytm,19381.0845,44337.834233963506,20
user68396@axl,38101.331,75273.5562599978,10
user68411@okhdfcbank,9264.864000000001,25847.145581911707,10
user68421@oksbi,7525.645714285715,11602.21106713233,14
user68428@okhdfcbank,7186.3,13832.145443000245,17
user6842@axl,30923.392499999998,51206.60742150605,12
user68435@okhdfcbank,1635.9345454545457,1757.359227678642,11
user68438@axl,25454.66882352941,76156.40011823383,17
user68439@okhdfcbank,15515.630714285713,43481.10118338301,14
user68443@okicici,11924.597857142859,17530.485663559914,14
user68444@okhdfcbank,6075.691,14513.540823281355,10
user68445@ybl,6805.152727272728,12790.104057780054,11
user68450@paytm,8867.2725,13382.8182789977,12
user6845@axl,21078.050000000003,35352.54973340443,13
user68468@okhdfcbank,8978.900833333333,23334.281664104292,12
user68470@paytm,11757.904666666667,16030.21190827979,15
user68494@paytm,15882.348235294117,36808.44214535068,17
user68496@ybl,28326.728000000003,55214.62134452042,5
user68506@paytm,5263.530666666667,12074.460216852325,15
user68507@ybl,32323.806428571428,50222.71640751878,14
user68509@okhdfcbank,20880.926111111112,47195.23953807694,18
user68509@okicici,5086.555833333333,14054.783345949234,12
user68526@okhdfcbank,13644.08142857143,31617.24887274322,14
user68534@oksbi,4699.454117647059,7263.662705098457,17
user68546@okicici,18862.486666666668,37057.32819965287,12
user68560@oksbi,9236.105454545455,17830.425058778248,11
user68560@paytm,15925.219090909091,34678.068297754835,11
user68563@paytm,8954.615294117646,14150.000279152877,17
user68567@paytm,9751.674117647059,17300.666210881904,17
user68568@paytm,18123.458,46307.33622216511,15
user68580@oksbi,7332.4325,15643.676924224996,12
user68584@okhdfcbank,11407.216666666667,27728.227316016797,9
user68592@okhdfcbank,1588.4057142857143,1454.8981751032206,14
user68593@okhdfcbank,20227.104375000003,43783.639433922646,16
user68594@ybl,7150.146315789473,12146.776481426032,19
user68598@okhdfcbank,7223.943333333333,13647.374321505735,18
user68600@okicici,3834.605714285714,9210.707365915716,14
user68609@oksbi,2836.102,4170.963571373993,10
user68612@paytm,9651.141,19788.336945892846,10
user68613@ybl,26828.217777777776,55476.31904530824,18
user68616@oksbi,3959.338,10775.570468533506,15
user68619@okhdfcbank,2916.1077777777778,6709.104854480835,18
user68628@paytm,6645.450714285714,20978.84359156421,14
user68638@ybl,9313.261764705883,14606.314617626955,17
user68641@ybl,10800.055294117647,15337.90305281214,17
user68642@oksbi,18222.11857142857,45589.66023258545,14
user68643@okhdfcbank,8998.993846153848,22662.336936642823,13
user68649@okhdfcbank,31836.755333333334,58945.9729745046,15
user68650@ybl,8858.294285714286,21848.093489226827,14
user68657@okicici,17118.01307692308,51832.211053593135,13
user68661@ybl,10463.326842105263,20845.370321893235,19
user68664@oksbi,8586.00263157895,24377.288374008167,19
user68675@axl,15984.194375,37487.95467440583,16
user6867@paytm,17681.997647058826,41210.011757861335,17
user68684@oksbi,29194.187692307692,56234.76758049109,13
user68691@oksbi,13559.165333333332,26047.26383082214,15
user68695@okhdfcbank,7959.595555555556,19810.785064092866,18
user68695@ybl,21914.405555555553,47419.50677550777,9
user68696@paytm,10980.598461538462,16154.966494391052,13
user68708@okhdfcbank,15494.648333333333,37007.435184845526,12
user68712@okicici,4013.0789473684213,8112.464048665346,19
user68728@okhdfcbank,7337.179444444445,15564.239756277839,18
user68753@axl,10843.753333333334,25704.5903467654,9
user68764@okicici,4786.869047619048,11634.681420226301,21
user68766@ybl,15420.114166666666,41414.91411292697,12
user68779@okhdfcbank,24784.216923076925,53792.70161935049,13
user6877@okicici,5834.314117647059,12577.025728242079,17
user68789@okicici,7025.944166666667,15107.703212752973,12
user68808@okicici,12673.75,23679.118057538435,15
user68819@paytm,10968.556,16360.027734091842,15
user68821@oksbi,13546.21222222222,37546.09263811107,18
user68838@paytm,20172.316499999997,47023.45754476278,20
user68843@okicici,6250.778571428571,11232.8184434984,14
user68847@axl,43473.78666666667,75272.18649935642,15
user68850@okhdfcbank,6679.955,12541.006418160501,8
user68853@okhdfcbank,10851.604285714286,13386.573285797547,7
user68863@okhdfcbank,3819.809,6946.067148137299,10
user68863@okicici,21561.91909090909,59295.404210008455,11
user68865@okicici,5512.8313333333335,11988.010176391044,15
user68889@paytm,8861.40375,18667.770909372433,16
user68904@axl,13673.56,18177.141857103572,13
user68904@okicici,8702.590588235294,30869.30349585055,17
user68906@okhdfcbank,786.3845454545454,1190.5349563399104,11
user68913@okicici,13894.585384615384,30329.677395979015,13
user68914@okicici,3183.785,5961.295161723743,12
user68936@okicici,72068.37166666666,128800.88920673063,18
user68945@axl,3605.2230000000004,8663.475813022354,10
user68946@oksbi,1149.69,1425.2353647362029,20
user68957@okicici,5343.556923076923,7462.310293811366,13
user68957@ybl,21928.525789473682,46669.199147351086,19
user6895@paytm,23211.888333333332,51662.21374933589,12
user68965@oksbi,8256.600909090908,14018.296623952181,11
user68969@okicici,1183.0466666666669,1505.4977475381438,12
user6898@okhdfcbank,19951.557,49121.13325316396,10
user68990@okicici,8660.843529411764,22979.510884792006,17
user68996@okhdfcbank,17961.994,47873.46111335215,15
user6899@okicici,18093.165,46398.644637442194,14
user69008@paytm,3435.735454545454,6561.702823832186,11
user69011@okhdfcbank,23053.708125,45061.62255498415,16
user6901@paytm,10336.535,21771.465289698226,14
user69020@oksbi,13559.88875,31042.04873354525,16
user69026@oksbi,17362.306470588235,44853.00891808471,17
user69027@oksbi,9217.584666666668,22639.421545595407,15
user69045@okhdfcbank,26425.395882352943,48890.79438622778,17
user69047@ybl,5103.220714285714,12829.084800091767,14
user69049@oksbi,9226.515555555556,16137.968412299946,18
user69049@ybl,9310.654285714287,16428.069202007096,14
user69056@paytm,7196.078333333334,11104.006672116016,12
user6906@okhdfcbank,6351.780714285714,10303.080826189405,14
user69099@axl,8859.856666666665,25488.677087387725,15
user69104@ybl,10396.349444444444,24185.220220085674,18
user69111@paytm,5629.0371428571425,12309.586914947746,14
user69112@okicici,26441.825714285715,47096.8726638167,14
user69116@ybl,9785.607222222221,13624.911243120214,18
user69122@ybl,3134.698666666666,6227.678388598145,15
user69126@okicici,15073.114285714286,50919.140734914625,14
user6912@axl,18252.14142857143,51647.42441991184,14
user69136@axl,13703.824444444444,35393.641710285,18
user6913@okhdfcbank,11141.418421052633,35981.88471944695,19
user69143@okhdfcbank,3335.0099999999998,8591.043276669023,10
user69147@paytm,690.912,1185.9303556533157,15
user69148@okhdfcbank,3262.8456249999995,8282.011344326102,16
user6914@axl,6437.251739130435,16767.319759613732,23
user6914@ybl,2104.9164285714287,5456.167834166573,14
user69154@axl,23307.373846153845,51083.234566658226,13
user69159@okicici,13732.689444444444,40370.39979982254,18
user69178@okicici,17248.072,40315.34938302978,15
user69184@okhdfcbank,16874.06,39944.824467216524,11
user69187@axl,2554.0066666666667,2994.300778005888,15
user69199@ybl,11193.028636363637,32313.018138734486,22
user69207@okicici,8976.5605,14047.91512684823,20
user69222@okhdfcbank,9100.2575,16270.5090468387,16
user69226@oksbi,22560.756875,30182.49880925561,16
user69226@ybl,3679.6159999999995,5920.427474868873,10
user69232@paytm,6991.961428571428,13893.864401227813,14
user69232@ybl,24193.46052631579,49861.957404520836,19
user69244@okhdfcbank,3021.2533333333336,5407.288402207438,18
user69244@ybl,13195.305,17602.978959650034,12
user69247@okhdfcbank,6398.6446153846155,12863.7673849417,26
user69258@axl,10918.946666666667,17256.00169632917,12
user69259@ybl,1481.2976923076922,3040.988442560395,13
user6926@ybl,17747.54117647059,35271.331736101005,17
user69274@okhdfcbank,4036.1078947368424,5728.158841180587,19
user69295@okicici,27007.38,59888.6497854015,15
user69304@okicici,4399.527894736842,9469.394244983607,19
user69306@axl,7911.727647058823,20593.89489085738,17
user69309@paytm,4144.238666666667,7535.510941512542,15
user69312@paytm,8536.748888888887,13534.688496561756,9
user69321@okhdfcbank,12706.523333333333,22613.58590063357,12
user69322@oksbi,32496.668,61537.63433688506,15
user69323@oksbi,26115.716428571428,43114.610117722026,14
user69336@okhdfcbank,18001.565333333336,42870.38973442523,15
user69344@okhdfcbank,3200.8933333333334,5395.13343591044,12
user69344@okicici,17946.23875,49690.65030869676,16
user69344@ybl,36305.952999999994,62224.02096733348,10
user69359@okhdfcbank,3243.23125,6778.540380061058,16
user69367@axl,1112.0044444444443,1886.7259388893176,9
user69368@oksbi,3521.611818181818,10926.029900374442,11
user69369@okicici,17576.554166666665,52292.4570742309,12
user69371@okicici,27231.70111111111,50593.93480922356,18
user69379@okicici,4629.91,10358.553625131613,12
user69385@ybl,7047.430833333333,12952.668753993557,12
user69388@ybl,12711.815238095238,43333.69143497916,21
user6939@okhdfcbank,18264.878823529412,32109.68077747015,17
user69416@okhdfcbank,20023.405,52376.264947062446,12
user69422@axl,8688.639333333334,25366.4076423732,15
user69431@ybl,6805.278571428572,12532.722805129506,14
user69447@oksbi,2003.2708333333333,1783.6011833492084,12
user69447@paytm,8341.522142857144,29008.443795733045,14
user69449@okhdfcbank,11697.130666666666,31844.664544864267,15
user69450@okhdfcbank,7851.928999999999,21515.104791803285,10
user69469@okhdfcbank,11991.494736842107,37386.41022938599,19
user69470@okhdfcbank,4751.44909090909,11322.184197984465,11
user69472@okicici,10351.924166666666,18595.00235860918,12
user69475@axl,1657.938,1836.1027490542147,10
user69475@oksbi,3678.373684210527,8375.019023464436,19
user69476@paytm,25450.877222222225,54405.143290350214,18
user69477@okhdfcbank,806.9009090909091,1197.9480773594034,11
user6947@okicici,10928.832666666665,17604.610258015397,15
user69487@oksbi,20760.611875000002,54870.17164582972,16
user69497@axl,12034.657333333333,33243.434183484256,15
user69498@okicici,13668.837857142858,39792.07121196097,14
user6949@okicici,1808.648888888889,1954.2206433343156,18
user69515@axl,1998.68,4883.776372214436,11
user69519@ybl,10653.332222222223,21129.743726465174,9
user6951@paytm,4044.1475,5892.608845813906,8
user69535@oksbi,2078.2445454545455,5198.425232732243,11
user69546@ybl,13201.555333333334,37554.394987352855,15
user69576@okicici,9475.238,31800.631666992267,20
user69577@okhdfcbank,13575.656153846154,16920.93583591667,13
user69580@ybl,3886.064761904762,12479.231877183638,21
user69593@paytm,1208.5588888888888,2005.363332419118,9
user69602@ybl,16825.1025,46229.969282162754,12
user69607@paytm,11144.42157894737,32136.64600414512,19
user69619@axl,18749.780833333334,47135.877615399666,12
user69619@ybl,12620.784705882354,34043.23458038765,17
user69648@okhdfcbank,16625.29642857143,25717.71639475361,14
user69653@paytm,24378.899130434784,52221.80571684242,23
user6965@oksbi,4499.1675000000005,13211.587186318424,12
user69665@paytm,14493.521333333334,28159.781397066952,15
user69666@paytm,6210.875882352942,12969.26771898671,17
user69670@okhdfcbank,3685.8,5883.567080946728,14
user69673@axl,2528.077142857143,4780.23668656938,7
user69681@axl,12955.691111111111,14813.90990085285,9
user69682@ybl,21846.73375,57911.39972143687,16
user69684@paytm,2426.3425,4247.3694441711295,8
user69684@ybl,13862.417222222222,35202.11115981453,18
user69685@oksbi,7630.518181818182,14020.703900060666,11
user69689@ybl,17566.295882352944,50761.840342436495,17
user69694@ybl,18302.128181818185,46331.82545187527,11
user69703@ybl,7307.699166666666,13242.208910411133,12
user69706@oksbi,4503.979166666667,9168.022846082968,12
user69711@okicici,21662.011,46722.88299514833,10
user6972@axl,10351.864615384615,19042.094406098302,13
user6974@okhdfcbank,1135.333076923077,1330.5531591057947,13
user6974@ybl,1155.0814285714287,2398.3173652787914,14
user69752@okicici,13379.095,42516.52855497201,14
user69754@ybl,15519.534705882354,45790.45375336737,17
user69760@axl,2899.5562499999996,1593.712688535237,8
user69771@axl,5484.217058823529,13866.561975205754,17
user69775@axl,13845.654999999999,19924.972759818625,8
user69785@ybl,15067.943125000002,31567.83321946962,16
user6978@oksbi,5092.593333333333,10066.066114488849,12
user69795@paytm,66243.34666666666,147913.67239450008,9
user69798@okicici,7946.846363636363,17167.177768593345,11
user69803@ybl,14172.561111111114,38270.838113537095,18
user69811@ybl,18326.57375,42104.60218814903,8
user69814@okhdfcbank,12830.356249999999,19224.030831977634,8
user69816@okhdfcbank,48655.57235294118,104090.09892687334,17
user69827@paytm,30422.634285714284,69442.7480511824,7
user69828@axl,2846.528888888889,1862.5885373281217,9
user69836@paytm,23779.0,54615.05486312706,19
user69840@okicici,5728.353157894737,12162.835424677938,19
user69842@axl,3610.8199999999997,6166.795513272212,8
user69847@axl,24586.526470588236,44656.45882181195,17
user69860@axl,4852.245294117647,12415.933602208554,17
user69866@oksbi,1215.594,1165.1024874156874,10
user69876@ybl,33962.802,55879.65061431592,10
user69878@okicici,21752.720625,56402.88934734301,16
user69879@axl,33488.65125,78443.81646993497,8
user69895@ybl,8970.6325,16056.539030333419,12
user69899@okhdfcbank,4508.676666666667,13410.237607026564,15
user69904@okhdfcbank,11150.315454545453,22303.39308208254,11
user69906@axl,13362.286000000002,16252.922450399978,10
user69910@axl,14968.855,38191.93132461627,10
user69916@okhdfcbank,28156.506999999994,57133.06703536092,10
user69916@paytm,16798.847333333335,45815.07094423195,15
user69920@paytm,9842.883333333333,14804.520711706664,12
user69921@ybl,15484.440000000002,46430.44807123877,10
user69926@oksbi,17331.149411764705,21769.26264484097,17
user69931@paytm,21675.161249999997,49621.74802998955,16
user69936@ybl,9774.046666666667,20193.40049376674,18
user6993@okhdfcbank,12815.068333333335,27550.709295895824,12
user69943@ybl,843.5790000000001,1215.3356186342567,10
user69945@ybl,3398.669333333333,8570.817277669172,15
user69950@okicici,17458.434705882355,43726.96714010119,17
user69960@paytm,20563.012857142858,43002.050615483524,14
user69968@paytm,14691.84,43780.876907526996,14
user69975@oksbi,6114.377857142857,9970.437944255453,14
user6997@axl,26967.321333333333,47079.255793801865,15
user69993@okhdfcbank,16136.213076923075,35010.7558023427,13
user70000@axl,32651.854615384615,63385.26356059868,13
user70002@oksbi,16726.869411764706,36740.7557991518,17
user70035@okhdfcbank,23761.38,50420.00284716275,11
user70042@oksbi,4296.233125,8727.357419684166,16
user70050@axl,13656.962000000001,42865.975763215785,15
user70072@okhdfcbank,9402.083499999999,35934.27988359704,20
user70072@okicici,3791.7353333333335,11193.683592684165,15
user70087@ybl,14202.293076923077,31184.206613750383,13
user7008@ybl,18092.610714285714,42800.13753568618,14
user70092@okhdfcbank,13830.617222222223,21424.51629402381,18
user70093@ybl,2396.072142857143,3480.8216351606907,14
user70101@axl,20075.432857142856,36236.04617201548,14
user70103@okicici,19032.98375,44782.3226868074,16
user70109@okicici,11258.841428571428,14433.581826645084,14
user70110@okicici,31106.002432432433,69938.1745941838,37
user70110@paytm,25187.403571428575,61338.9625916287,14
user70119@paytm,25793.72272727273,58790.87292412813,11
user70122@oksbi,16646.11105263158,33629.02820384329,19
user70123@okicici,4693.503846153846,12835.197968479448,13
user7012@axl,9587.275000000001,14258.335859450279,8
user70134@okicici,7445.6975,11772.58015572718,8
user70157@axl,20260.4475,37942.34279671152,16
user70163@okicici,4500.357,8058.24847076453,10
user70165@axl,1677.587,4385.761802185148,20
user70166@axl,23820.188823529414,51562.891076233296,17
user70172@okicici,18278.744545454545,48845.493128452166,11
user70180@oksbi,26855.714999999997,52841.28390475616,14
user70184@axl,6640.180714285714,12478.905798055597,14
user70202@okicici,8059.316842105264,30869.738064592766,19
user70206@ybl,5914.001428571429,8736.183113978726,14
user70211@oksbi,983.1350000000001,1381.953099029841,12
user70212@axl,12507.132,28622.415309569675,15
user70212@okicici,34509.37846153846,62829.56553332792,13
user7021@okhdfcbank,26588.61625,61515.86652729467,16
user70224@axl,21025.254444444447,29285.49233196758,18
user70224@ybl,16243.05090909091,42937.49817964118,11
user70249@axl,18959.204,24068.316681490534,10
user70252@axl,3796.453636363636,5412.079420907037,11
user70263@oksbi,12181.865833333335,25151.05572027055,12
user70267@oksbi,11130.571578947369,29179.75981830981,19
user7026@ybl,8229.028181818181,14796.532010373794,11
user70274@okhdfcbank,5283.162105263158,9952.09270519778,19
user70280@oksbi,6489.327142857143,13095.455061506249,14
user70286@oksbi,24828.398666666664,32745.87508221627,15
user70298@axl,5449.1449999999995,10147.475679954707,10
user70300@paytm,2032.5485714285712,3757.479129528726,14
user70306@axl,3594.51875,5329.274460921018,16
user70306@okicici,26781.097142857143,44407.08594556962,14
user70310@paytm,12230.219285714285,20261.30705289137,14
user7031@oksbi,1839.8133333333333,1845.5893548674362,9
user70322@axl,12103.418,20443.21854599473,15
user70327@axl,9490.35705882353,14762.483866939008,17
user70338@paytm,16676.888,42257.10827052569,15
user70341@ybl,7465.986999999999,14126.202237818005,10
user70345@ybl,3478.7799999999997,6062.037834996166,9
user70346@ybl,4003.808461538462,10329.867870353622,13
user70350@okhdfcbank,17187.127333333334,42634.133849661135,15
user70351@okicici,11430.607647058823,16772.612753537585,17
user70351@paytm,6829.989333333333,11173.840720401036,15
user70358@paytm,9699.109166666667,14800.324904421683,12
user70374@okicici,14610.755454545455,29517.224497850522,11
user70385@okhdfcbank,6265.4764000000005,12017.943936708378,25
user70390@okicici,7312.234166666666,19019.18981000288,12
user70409@okicici,14562.672307692306,27615.34730642973,13
user7041@axl,6626.5199999999995,14646.072061328328,10
user70443@paytm,14217.918947368422,31481.45532569821,19
user70444@ybl,6115.977647058823,11343.951396816901,17
user70445@paytm,29432.632,59923.24169983589,10
user70449@oksbi,6486.201666666667,12453.129871390734,12
user7044@oksbi,19195.815,33697.312966963436,12
user70453@paytm,18127.409090909092,34124.170117549365,11
user70460@oksbi,24491.929,55810.521697326025,10
user70463@okhdfcbank,21980.230000000003,51900.51114697983,10
user70468@axl,7984.698571428571,23566.18657093149,14
user70479@axl,9496.810476190478,24456.16601263462,21
user7047@paytm,15588.234285714285,44774.76858834856,14
user70487@ybl,7266.134705882352,19953.572660847014,17
user70497@ybl,17483.23590909091,42216.748695491944,22
user70504@okhdfcbank,22553.518333333333,36003.665517378715,18
user70506@paytm,7104.877368421054,13522.923381942908,19
user7050@ybl,20981.632142857143,48349.23562757473,14
user70517@okhdfcbank,4841.955,7701.669564193657,14
user70518@oksbi,12469.867777777778,18621.40643809622,18
user70519@axl,20829.21285714286,40341.350709035025,14
user70519@paytm,4357.095,12168.058484763593,12
user70521@okicici,23758.276363636363,54472.94494116658,11
user70526@oksbi,2087.215333333333,4183.879286869793,15
user70532@axl,24134.654444444444,43688.95899074168,18
user7054@paytm,19271.52142857143,40812.19541900282,14
user70561@ybl,11689.054166666667,21527.88065690691,12
user70569@okicici,17566.856666666667,28997.59633719299,18
user70569@ybl,4272.604666666667,9122.226739579437,15
user7057@oksbi,12169.872,23226.614541012532,20
user70586@oksbi,4132.8146153846155,9578.005741182606,13
user70590@axl,22088.420833333334,45245.88165012599,12
user70603@paytm,1422.1999999999998,1514.975104547926,9
user70615@okicici,14834.863333333333,22688.499117894044,12
user70619@axl,6416.154615384616,17754.86409104165,13
user70624@axl,14093.7975,44469.84868217712,12
user70626@okhdfcbank,14547.735625,44550.20567340791,16
user70634@okicici,1729.3030769230768,1615.0383052907478,13
user70639@okhdfcbank,12644.576666666666,15557.537977726271,15
user70650@paytm,22695.730625,40986.98510408305,16
user70669@okicici,12280.61125,27971.60889925208,16
user70672@okhdfcbank,4366.2,6618.629431800817,15
user70678@okicici,12256.735,23784.523214246812,12
user70681@oksbi,12371.013333333332,21713.168913796355,15
user70687@paytm,14054.691875,28348.652495291844,16
user70711@paytm,15196.471818181819,33164.162447921946,11
user70715@ybl,2672.590909090909,5516.460933142265,22
user70724@okhdfcbank,5019.620714285715,10863.925026128705,14
user70724@paytm,8465.012727272728,24363.816753139927,11
user70726@paytm,7382.93588235294,12979.434322208568,17
user7073@paytm,1205.2577777777778,1516.7425896125037,9
user70754@okicici,3272.5499999999997,4191.723668726701,12
user70767@axl,15796.272307692307,33561.06443794732,13
user70768@oksbi,27106.582142857143,47909.380264767206,14
user70778@ybl,2986.7981250000003,8325.75309805603,16
user70783@axl,16708.154666666665,29981.226504607337,15
user70785@axl,11540.862142857144,31874.622384272843,14
user7078@okicici,5183.201333333333,8241.045482971083,15
user70795@axl,10055.52,28371.072911543994,12
user70803@axl,12063.391333333333,19726.988190368567,15
user70806@okicici,7353.815555555555,10477.257034266067,9
user7080@axl,13367.085454545455,38779.008547381076,22
user70810@paytm,2643.1092307692306,4037.4185060412506,13
user70812@okhdfcbank,5097.191176470588,11268.79442951357,17
user70831@okhdfcbank,1236.326923076923,1366.0152097212328,13
user70835@ybl,9502.498823529413,19615.829385990124,17
user70836@okhdfcbank,6203.117692307692,10830.657247699048,13
user70837@ybl,11753.168333333333,38283.07346207242,12
user7083@ybl,8712.608666666665,29929.800757036897,15
user70847@oksbi,21242.31388888889,44315.8833550016,18
user70852@okicici,31132.897058823528,77330.96311342168,17
user70855@ybl,4784.2029999999995,5007.220908736702,10
user70863@oksbi,16361.920625,48510.440456386495,16
user70868@ybl,8797.135555555556,17472.381276603446,18
user70876@ybl,22702.406,55086.19825202219,10
user70893@okhdfcbank,17519.92916666667,32183.483485192293,12
user70896@okhdfcbank,12360.806666666667,16284.585069682866,15
user7089@okicici,8185.60125,11827.319341900691,8
user70904@okicici,7716.357499999999,14295.755500882788,12
user70906@axl,2415.566363636364,4475.032549406255,11
user7090@oksbi,7161.2300000000005,13035.838492766776,17
user70918@paytm,13483.410952380953,41993.37430517068,21
user70922@ybl,16338.529375,45992.70275087553,16
user70928@okicici,42074.254,76659.18479779926,10
user70930@axl,17492.510000000002,19124.89588973269,8
user70959@ybl,1093.865,1642.181284120808,10
user70963@okicici,17333.16,38607.983711407906,14
user70967@axl,3095.692,7587.761019452899,10
user70996@okhdfcbank,5562.42,14005.343937068372,10
user71009@okhdfcbank,27251.199230769234,81493.63437875333,13
user71014@axl,15581.732777777777,42515.608425353734,18
user71017@paytm,20244.26357142857,50728.15572328351,14
user71021@axl,14524.284615384617,43741.92655450729,13
user71022@oksbi,32736.071538461543,105481.11689956904,13
user71027@paytm,6295.650000000001,15938.537508987454,9
user71028@paytm,11599.973333333333,26773.17224765137,15
user7102@okhdfcbank,8502.914999999999,12638.908927365923,10
user71031@axl,10329.049090909091,12840.187505795588,11
user71051@okhdfcbank,9212.045789473685,15831.701590066516,19
user71067@paytm,1413.8592857142855,1757.6830089745738,14
user71077@paytm,4214.585789473685,6802.664843567079,19
user71080@oksbi,14886.77,17521.699880820164,4
user71091@paytm,19322.274285714284,36566.854076738615,7
user71093@ybl,29491.93727272727,53616.88432397492,22
user71097@oksbi,23185.17846153846,43747.64660277412,13
user71102@ybl,4511.62,10968.907326704357,15
user71111@ybl,6666.549411764706,13825.612417999551,17
user71114@ybl,7232.191538461538,12535.777101106021,13
user71119@oksbi,15689.6925,33652.508573332,12
user71122@okicici,3884.725294117647,8784.51390040957,17
user71130@okhdfcbank,11654.926,17939.984325800287,10
user71134@oksbi,742.8175,1018.0774616726908,12
user71135@okhdfcbank,6130.118571428572,14561.608441268727,14
user71152@ybl,3888.2725,8278.263533507416,20
user71153@axl,10143.832666666665,23753.9486539551,15
user71167@oksbi,8996.773846153847,13396.72682510392,13
user71173@axl,21918.88230769231,50206.25693909112,13
user71179@oksbi,1316.78,1474.3915458776733,10
user71188@paytm,742.9442857142857,1370.7706358086455,7
user71190@okicici,7042.833125,13465.45761739804,16
user71192@axl,7028.8969230769235,12351.279879677371,13
user71192@ybl,3023.5975000000003,6959.744893280768,12
user71194@paytm,11333.884285714284,19436.77297928067,7
user71198@okicici,1603.7541666666666,2324.700371654801,12
user71199@paytm,18384.766666666666,45703.218354884986,15
user71199@ybl,9806.223333333333,14989.726272499942,9
user71202@okicici,6504.004166666667,10883.504471990009,12
user71202@paytm,12855.21875,18678.748416217702,8
user71204@okicici,5411.4325,9398.155884839733,12
user71210@paytm,15981.644166666667,34235.42770007474,12
user71211@ybl,8452.125714285716,13969.130890396458,7
user71219@axl,13781.399,40907.81066530353,10
user71246@okhdfcbank,31475.636,62429.45654116582,15
user71247@axl,5327.171538461538,11322.950099524158,13
user71248@oksbi,18644.306666666667,50228.443732327854,9
user71258@okhdfcbank,25825.859,56139.85858755681,10
user71263@oksbi,1357.1206666666665,2069.468965789004,15
user71268@okicici,2108.1825,3917.112831963832,8
user71269@okicici,9438.3075,16177.85769293783,12
user71271@ybl,7263.201111111111,19615.63670562113,9
user71283@paytm,24366.675,47179.64158398456,12
user71293@paytm,28621.754705882355,62021.2748990922,17
user71305@okhdfcbank,7581.276111111111,12376.802558878937,18
user71309@okhdfcbank,25023.115833333333,40850.22971803741,12
user7130@axl,8324.352307692308,12669.412617165246,13
user71313@axl,8564.706153846155,14089.162207625253,13
user71316@okhdfcbank,21104.557857142856,49545.26336300205,14
user71316@ybl,19065.35,30354.18797811973,8
user71320@okhdfcbank,9740.570588235294,21115.058349961546,17
user71326@ybl,9618.275,18170.588093015256,10
user71331@okicici,30541.826923076922,38791.61253553368,13
user71340@ybl,11974.355714285713,31670.81996501213,14
user71342@oksbi,6515.56125,16356.827919897147,8
user71354@axl,12937.238823529411,43511.59002408997,17
user7135@paytm,1825.993,4453.88431359028,10
user71375@ybl,23623.213157894737,47485.08099976655,19
user71382@okhdfcbank,13205.511428571428,38421.601449918024,21
user71382@ybl,23261.597857142857,49067.70081887021,14
user71390@axl,18799.038,46404.939353225906,15
user71393@okhdfcbank,16618.609333333334,43780.60929973573,15
user71393@okicici,8391.873333333333,15204.306807007217,12
user71394@oksbi,4704.714615384615,11071.281287749713,13
user71400@axl,18646.16076923077,52826.261979944284,13
user71404@axl,990.82125,1442.3298048884806,8
user71409@axl,18378.871666666666,43568.878656420005,12
user71411@ybl,19315.377,56387.74986147376,10
user71412@okhdfcbank,12330.83277777778,37311.81179103851,18
user71423@axl,29153.443636363638,55069.3597192027,11
user71423@oksbi,1363.7745454545454,2059.867403972225,11
user71427@ybl,10631.695625,18540.639636967207,16
user71429@axl,11969.024117647059,29724.832970949992,17
user7142@ybl,2123.690714285714,3512.057008343301,14
user71434@oksbi,22669.299285714285,49946.90849664417,14
user71441@paytm,17623.632105263157,34273.425993591205,19
user71442@oksbi,7192.149375,13304.50541147896,16
user71448@axl,11685.598125,30888.425540029762,16
user71453@ybl,14766.654375,47841.27294537705,16
user71456@oksbi,8334.358333333334,22195.49678001448,12
user71461@axl,15299.126666666669,42506.83558587253,9
user71463@okicici,8123.691538461539,14810.382445176674,13
user71467@paytm,14235.793055555556,31418.41774137273,36
user71469@okhdfcbank,18017.90263157895,48573.811390339055,19
user71474@oksbi,5355.52705882353,10172.006406875173,17
user71476@ybl,8253.037692307693,13749.492963094528,13
user71480@ybl,8252.826363636363,13591.655712930102,11
user71482@okicici,13904.640000000001,40942.71074621293,11
user71507@axl,19398.926153846154,34750.484846507665,13
user71507@paytm,17581.219166666666,25897.74699197226,12
user7150@ybl,3710.357,7071.967783382579,10
user71515@okicici,22425.945000000003,39738.43675961931,12
user71532@okicici,12099.835714285715,27995.642286205275,14
user71533@okhdfcbank,15659.966666666667,33762.927810408844,12
user71538@ybl,6011.87,14025.163848247907,6
user7154@okicici,14821.832307692308,28818.499085520325,13
user71553@ybl,4963.276666666667,12681.8164379343,12
user7155@okicici,13477.16642857143,47598.93287719066,14
user71560@okicici,10990.709230769231,26822.481536299125,13
user71572@okicici,14434.895833333334,39580.91098879552,12
user71587@okhdfcbank,9510.58111111111,15217.405209220497,9
user71588@axl,22475.8325,36233.35080534994,16
user71592@okhdfcbank,4511.24,7631.256547230606,9
user71592@okicici,7610.521428571429,13865.562018012382,7
user71601@ybl,12815.348,32221.14407640805,15
user71603@axl,1983.5626315789475,3005.739940790772,19
user71603@okicici,28320.714375,59193.38880247432,16
user71610@oksbi,22310.261428571426,39648.92110922271,14
user7163@oksbi,7834.194444444444,20241.06045587478,9
user71640@axl,9134.751428571428,23629.429433830002,14
user71641@ybl,15399.321538461538,26099.387282690448,13
user71649@oksbi,29483.36153846154,62093.20836018633,13
user71658@okhdfcbank,7073.30625,11855.089072545943,8
user71663@okhdfcbank,24672.597,52581.653707707905,10
user7168@axl,18111.10066666667,29352.806942011393,15
user71690@okhdfcbank,26078.676666666666,39278.083671850836,12
user71714@oksbi,5577.455882352941,9905.032540325183,17
user71721@oksbi,15504.440588235293,33083.97447194553,17
user71726@okicici,12438.705185185185,30699.990266423327,27
user71729@okhdfcbank,19499.087777777775,48036.47676601261,9
user7172@okhdfcbank,16833.238333333335,36760.36888088976,12
user71740@ybl,15909.327777777778,23738.449018781102,9
user71744@paytm,9074.295,14311.217134064804,14
user71765@paytm,20223.334,62944.70448952675,10
user71792@axl,3460.8373333333334,9511.635602075166,15
user71793@paytm,9786.649285714286,16321.734642674597,14
user71799@okhdfcbank,14879.548666666667,21175.219570580564,15
user71812@okicici,21183.47263157895,54479.652910139754,19
user71819@paytm,13259.09,38579.1320734709,10
user71821@okicici,5824.768181818182,10831.17527864896,11
user71821@oksbi,8418.63923076923,22753.77821730143,13
user71825@paytm,18611.420833333334,41095.163765806145,12
user71831@paytm,11051.292500000001,15682.074096204775,12
user71832@paytm,8499.128333333332,18206.37428113068,6
user71835@okicici,2091.2925,5798.857222825147,12
user71843@okhdfcbank,6565.119166666667,8646.556617495417,12
user71855@okicici,18456.423846153844,54036.09996674531,13
user71864@okicici,2943.462,5053.088363252715,10
user71871@oksbi,8797.646923076923,20703.1893463062,13
user71880@ybl,7235.84875,16378.923733063117,8
user71897@axl,14941.66909090909,16333.11771937278,11
user71902@paytm,1390.1433333333334,2159.862339311235,9
user71910@okicici,37682.352352941176,60811.58131310809,17
user71910@paytm,20572.149999999998,37821.405970156404,12
user7191@paytm,12364.8465,31784.58952720497,20
user71934@paytm,8362.951538461539,13659.267463114464,13
user71959@oksbi,16958.22529411765,58722.564194035884,17
user71966@oksbi,7294.495,10648.862440150928,8
user71968@okicici,7341.5615384615385,16069.8063311426,13
user71968@ybl,2557.124117647059,8045.041601275331,17
user71969@paytm,18046.234166666665,40827.86358604299,12
user71971@ybl,20552.14642857143,36223.83219655378,14
user71979@oksbi,41455.583,58304.01981008229,10
user71981@paytm,6859.901333333333,21263.99168275658,15
user71984@ybl,27480.89153846154,52351.850836443664,13
user71990@okhdfcbank,11967.74,36368.714354947566,14
user72017@ybl,18385.415384615386,36635.60423252077,13
user72028@paytm,28887.821428571428,57193.5254994553,14
user72031@ybl,7265.895,16261.086344335557,12
user72033@paytm,4000.8999999999996,9772.048383105952,12
user72035@okicici,15069.551176470588,45577.687738835666,17
user72042@ybl,4543.547647058824,11796.552092895368,17
user72045@paytm,4223.471818181818,12358.834031391325,11
user72051@ybl,5733.161111111111,11530.748090510451,18
user72055@oksbi,20127.445333333333,50023.59538363498,15
user72088@okhdfcbank,7221.481714285714,13215.4984754246,35
user72091@axl,6078.893846153847,10105.608539561534,13
user72094@okicici,1131.453125,1515.704426598268,16
user72101@axl,32754.831250000003,61030.13089066778,8
user72116@okhdfcbank,3268.8964285714283,7775.670999277769,14
user72117@oksbi,4268.11,8501.01531733161,16
user72121@paytm,21240.898636363636,45102.64610027192,22
user72126@oksbi,12765.18125,35498.81829017559,16
user72127@okhdfcbank,1996.1633333333332,3279.793212049513,12
user72128@axl,7944.63923076923,14929.865624587552,13
user7212@okhdfcbank,22958.980666666666,42585.59774636567,15
user72138@paytm,2806.7200000000003,6434.588591313355,11
user72139@oksbi,1514.2757142857142,1246.0777349060415,7
user72147@okicici,11183.71875,26437.423032579878,16
user72154@paytm,16642.53933333333,36308.999019831055,15
user72155@axl,1760.127142857143,3654.859878737705,14
user72158@axl,12075.057999999999,24739.255684939606,30
user72160@paytm,37038.46555555556,63702.51838804807,9
user72180@axl,3759.443333333333,10746.625257070098,12
user72185@okicici,4002.0014285714283,7672.132646077829,14
user72186@axl,8265.49052631579,14679.540033974148,19
user72187@axl,45146.04777777778,91666.45161057789,9
user72196@okhdfcbank,20432.403529411764,42665.60980214333,17
user72196@oksbi,2951.0099999999998,8592.720006042324,11
user72200@paytm,9702.619411764706,23879.175812052872,17
user72206@axl,12638.592631578947,16265.338475004257,19
user72211@oksbi,17818.14,42559.933897027746,15
user72216@paytm,5772.393888888889,10357.472930759386,18
user72218@okicici,1810.745,2393.070119604546,18
user7221@oksbi,14966.451764705882,47997.66616592157,17
user72229@okhdfcbank,9190.645,20538.103006981262,12
user72232@axl,15148.185000000001,30743.5031179992,16
user72240@okicici,5894.112142857143,9920.987174742379,14
user72246@ybl,5639.54,9676.33382215829,10
user72260@axl,1260.4514285714286,1601.4547983143189,14
user72260@okicici,8852.527777777777,21335.251112395723,18
user72274@okhdfcbank,9132.154545454545,20069.383962463504,11
user72289@okicici,4962.852857142857,11976.22445561586,21
user72291@ybl,11222.446666666665,22562.009470437773,15
user72295@axl,3163.683333333333,8617.902115231707,12
user7229@oksbi,22290.610666666664,43204.74762190286,15
user72308@okhdfcbank,12816.352105263159,30943.455696364512,19
user72309@oksbi,12644.714166666667,29986.95261124546,12
user72312@okicici,21189.415,47483.68709138196,14
user72315@ybl,7314.667058823529,13573.350878743411,17
user72318@axl,11641.566,18125.214614692737,10
user72319@axl,19913.984117647058,47762.344183781184,17
user72324@axl,1231.7707692307692,1637.7011330645848,13
user72325@paytm,11005.742068965517,24849.732528364566,29
user72326@paytm,490.07857142857137,670.4419029870912,7
user72327@axl,11650.902941176471,22067.432647822552,17
user72334@okhdfcbank,5804.22,14678.469707180651,11
user72344@oksbi,10614.927857142857,22557.41660500332,14
user72354@oksbi,12236.73181818182,15940.209284053844,11
user72356@okicici,9660.82909090909,16147.0141495971,11
user72363@axl,27515.408888888887,49613.61626432543,9
user72368@paytm,3608.945,7575.687549506173,8
user72376@okicici,1179.4741666666666,1629.755504353941,12
user72386@axl,9823.326000000001,13379.735579074877,20
user72387@oksbi,13565.242142857143,28464.341519631238,14
user72425@ybl,13388.333529411764,42800.721101392955,17
user72431@paytm,15392.589333333333,25630.1840190154,15
user72437@ybl,16655.391,37194.764221852056,10
user72442@axl,8902.076842105263,26951.03407372754,19
user72466@oksbi,4916.128333333333,8152.9166648092405,12
user72468@oksbi,17081.301111111112,36992.876375667875,18
user72474@okicici,11521.646363636364,18045.543682849388,11
user72486@paytm,20876.497333333336,57998.86300513084,15
user72492@paytm,22842.921818181818,48345.946068329205,11
user72494@oksbi,4945.6925,12366.658192001858,16
user72520@okicici,11832.863333333335,41188.98787086175,15
user72524@ybl,711.0875000000001,1611.894715630823,8
user72537@oksbi,8322.070833333333,19484.075558472432,12
user72543@oksbi,4579.526,9289.300989713296,20
user72545@okicici,617.2639999999999,480.2284305203098,5
user72545@oksbi,14689.032000000001,30250.429629370366,15
user7254@axl,11252.009047619047,20770.46997947661,21
user72558@axl,21047.125999999997,47463.79399652614,10
user72569@ybl,1827.0757142857144,2933.562017180097,14
user7256@okicici,17395.53764705882,40811.59263915823,17
user7256@ybl,2055.061875,3046.0298935198007,16
user72574@okicici,16450.44,48558.71352337779,12
user72576@okhdfcbank,14491.24,41330.03457122638,20
user72591@paytm,13478.61642857143,27818.9272213101,14
user72596@ybl,15872.645999999999,31518.368154088672,10
user72621@okicici,15056.778571428571,27675.26366795998,14
user72626@oksbi,24390.45,43536.94079755474,16
user72629@paytm,8940.995384615384,18021.481696642673,13
user72635@ybl,5859.713999999999,10889.05431069318,15
user72643@oksbi,5758.050625,9523.73917766159,16
user72652@okicici,7867.327499999999,16421.3017107993,16
user7265@okhdfcbank,27295.4225,67875.70963648941,8
user72667@paytm,20779.094117647062,52024.65474943383,17
user72675@paytm,15115.122,37149.477425304234,15
user72678@oksbi,5485.704545454545,11576.609591504208,11
user72688@okicici,13595.845882352942,34203.01284991026,17
user72694@oksbi,18987.254285714287,21328.97417593575,14
user72695@okhdfcbank,3404.9726666666666,10950.890448128908,15
user72695@oksbi,6886.344705882353,14032.237428109122,17
user72696@okhdfcbank,19940.985294117647,46417.956739099776,17
user72707@okicici,6790.5088888888895,15968.614861134987,9
user72713@axl,20516.029166666667,42988.58562676322,12
user72719@okhdfcbank,1136.8809090909092,1499.2353892264855,11
user72725@okicici,21003.696923076925,61320.88211365458,13
user72726@paytm,8540.878461538461,14087.638645307008,13
user72736@ybl,15794.439375,34413.09559421073,16
user7273@okicici,15705.132142857143,41654.7801487594,14
user72743@axl,4044.4192857142857,6285.602197936126,14
user72749@axl,18224.5825,38464.4439223192,12
user72762@paytm,8921.40888888889,21917.412153126934,9
user72765@okicici,3228.1474999999996,6621.402430138093,12
user7276@oksbi,1073.0476923076924,1247.8101807109515,13
user72774@okicici,13368.567333333332,30381.107189027025,15
user72776@ybl,13391.726666666667,24616.84338077921,21
user7277@axl,30325.028461538463,33037.996737686204,13
user72792@okicici,9700.77846153846,15907.51234973529,13
user72805@oksbi,15001.326315789474,26913.0529299527,19
user72820@okhdfcbank,672.1428571428571,814.0093193715962,7
user72831@okhdfcbank,1252.3986666666667,1532.763271699033,15
user72832@ybl,5847.6925,9184.6620930204,12
user72833@okicici,5003.374444444445,11397.677700361606,18
user72835@ybl,19097.15166666667,55143.45448635121,12
user72838@paytm,7947.758333333334,13941.025481304407,12
user72846@okhdfcbank,19458.6575,43954.299532943456,16
user72849@oksbi,5587.923333333333,11072.315908877777,12
user72853@ybl,24731.724,43336.31621719245,15
user72854@okicici,13813.78076923077,37226.36081381433,13
user72880@axl,3498.318571428571,8144.164190234017,14
user72887@oksbi,1940.98625,1918.1972790370128,16
user72894@paytm,2038.7153333333333,3410.797683012135,15
user72895@axl,14541.390714285715,26851.038900558953,14
user72906@oksbi,1511.715,1532.996293213247,10
user72907@paytm,24644.930714285718,52283.59583695658,14
user72910@okicici,5792.603333333333,12706.519959587196,12
user72916@okicici,10925.962857142857,36109.581732489365,14
user72918@okicici,22684.49818181818,45533.65643477466,11
user72923@ybl,37687.537142857145,100676.96207923909,14
user72927@okhdfcbank,18004.05,35519.884686505626,8
user72932@axl,11534.30588235294,27902.234915804696,17
user72934@paytm,3926.855714285714,8618.859798211628,7
user72939@oksbi,13943.551666666666,32652.98084722889,6
user72942@okhdfcbank,711.5133333333333,900.2779515164561,6
user72947@axl,9624.781428571428,13341.162442555282,7
user72947@okhdfcbank,5852.116470588236,16188.362219232891,17
user72947@okicici,19106.15090909091,59914.43515852978,11
user7295@axl,12762.856470588235,30401.434901750516,17
user72966@axl,14732.229333333333,39934.98918541867,15
user72975@okicici,13469.433333333334,20269.65934084208,6
user72975@oksbi,7470.628823529412,17590.15062124856,17
user72986@okicici,4141.358888888889,7187.938012087365,18
user72997@paytm,4302.307,11247.863079212522,10
user73010@axl,4574.972142857143,10936.66782136777,14
user73010@okicici,21786.867272727275,38611.61888592865,11
user73012@oksbi,4373.4619999999995,6663.434375340864,15
user73013@ybl,16074.143333333332,44837.23592180891,12
user73015@axl,10465.720588235294,20622.10194827581,17
user73045@okicici,25896.137499999997,48575.55340792254,8
user7304@oksbi,14155.62,33640.98636916566,21
user73055@axl,4579.140909090908,10877.452300893307,11
user73055@paytm,8899.83,15571.01665397446,9
user7305@okhdfcbank,3353.73625,7386.83351786317,8
user73069@okicici,1307.0066666666667,1833.4115976574928,9
user73075@paytm,10781.769411764704,21145.26116997597,17
user73082@okicici,5397.547333333333,12699.576084624954,15
user73084@paytm,9354.780625,14397.426851677568,16
user73089@paytm,30076.92,52535.88926775943,11
user73090@okicici,24456.92615384615,52075.395448903146,13
user73095@ybl,45101.2975,116948.32023246487,20
user73099@okhdfcbank,6030.6,11914.426528664435,15
user73101@ybl,5004.26,8711.774879064542,13
user73104@paytm,2179.483,3108.046363232233,10
user73105@ybl,1050.27,1546.089411838785,16
user73107@ybl,4018.58,8662.793295933287,16
user73108@okhdfcbank,2911.824705882353,6773.86908323736,17
user73115@okhdfcbank,3167.615625,5879.748267922098,16
user73124@axl,9376.434375,23605.567509051183,16
user73124@okhdfcbank,5988.91,14757.95430840467,11
user73127@okhdfcbank,10070.725625000001,25846.006958428476,16
user73144@axl,1883.4646153846154,1657.7289573772075,13
user73146@okhdfcbank,10370.709375,23337.874339716967,16
user73153@oksbi,25550.488125,54911.06356162022,16
user73154@axl,14621.68846153846,35397.59519481887,13
user73178@okhdfcbank,9146.229285714286,12776.188735645615,14
user73201@axl,18167.946666666667,20296.54298161208,6
user73204@okhdfcbank,39844.874285714286,132844.38693339573,14
user73216@paytm,7940.791428571428,17414.70758260334,14
user73219@okicici,3064.1111764705884,7733.120511235166,17
user73227@okicici,34147.8825,58145.34793906937,12
user73227@paytm,26694.48461538462,51930.702043418976,13
user73232@paytm,13797.959999999997,46918.91810001164,14
user73233@okicici,35059.190833333334,57395.73539474648,12
user73237@axl,4296.141874999999,9504.589948910101,16
user73240@oksbi,17634.816666666666,39888.13190021432,15
user73254@ybl,12315.844500000001,39342.438795969894,20
user73255@okhdfcbank,21027.68909090909,41018.42962449963,11
user73255@okicici,13080.373636363634,39109.96759621318,11
user73258@okhdfcbank,13669.954,24900.76065349978,15
user73258@paytm,10523.534736842106,31453.53311991275,19
user73267@oksbi,8519.339615384615,23342.830651330438,26
user73274@ybl,9110.173333333334,23268.12132037052,15
user73298@okicici,14789.410714285714,31087.70899094552,14
user73302@okhdfcbank,4657.184444444445,10861.027241973246,18
user73302@oksbi,14124.38357142857,22409.79620261934,14
user73303@oksbi,6553.233076923077,13882.091082362427,13
user73307@paytm,4167.798333333333,10606.70655356389,12
user73309@axl,7607.05,9727.514435327248,15
user73320@ybl,1471.96,1357.1939460624528,8
user73322@oksbi,1088.33,2126.3735695645905,8
user73328@oksbi,22510.683571428573,43406.643627404745,14
user7333@axl,3847.4938888888887,7210.350257462931,18
user73355@okhdfcbank,6417.332666666667,10232.008145256355,15
user73356@okhdfcbank,18991.142222222225,54203.97423792484,9
user73358@oksbi,1065.5725,1258.271490675469,16
user73361@okhdfcbank,3197.4444444444443,3944.104377774221,9
user73369@okhdfcbank,4579.324705882354,8898.67357224738,17
user7336@ybl,15224.93157894737,43223.903597097655,19
user73373@paytm,4916.14,14916.494723970005,17
user73374@ybl,32503.855555555558,63504.22477539075,9
user73377@okhdfcbank,6056.816875,21533.341274909697,16
user73379@ybl,874.8142857142858,1430.0786881130837,7
user73388@ybl,6696.735000000001,12444.295799543443,14
user73390@ybl,38341.20153846154,61958.69800002872,13
user73391@axl,5986.4075,12205.906859519157,12
user73394@ybl,6576.3676470588225,11119.191478662875,17
user73409@paytm,35859.374285714286,65952.46129823018,14
user73413@paytm,5795.788,12742.273513301514,20
user73420@ybl,15009.447692307693,33693.86659953662,13
user73430@axl,13200.108181818183,34751.1067346893,22
user7344@ybl,12345.50818181818,26066.197829611752,11
user73460@oksbi,45159.629375,74568.27023898967,16
user73467@oksbi,3618.0635714285713,6027.5151239061215,14
user73474@axl,2204.5082352941176,4531.3050780738595,17
user73489@okhdfcbank,4676.990833333333,6951.044932575322,12
user73497@okicici,27518.320714285714,77407.85500943512,14
user73499@oksbi,16057.944444444445,28282.592837207798,9
user73516@axl,21906.926428571427,42499.4637272055,14
user73518@okicici,11394.532,17959.401195343824,15
user73525@okicici,5044.608181818183,10955.400994470097,11
user73534@axl,13603.544285714286,21287.35357042396,14
user73534@paytm,12440.586315789475,32858.45278679061,19
user73541@ybl,21519.39,52347.86946919897,16
user73545@okhdfcbank,12480.733636363637,35664.85939003553,11
user73567@okicici,16168.299090909091,33495.178838503445,11
user73571@okicici,15842.84,46965.513126495985,10
user73572@okhdfcbank,4698.738125,9292.470492623743,16
user73572@paytm,19780.228,39484.93779268624,15
user73573@okhdfcbank,9153.803846153845,16338.418765280163,13
user73577@ybl,20367.304545454546,58097.363442552945,11
user73588@ybl,1229.8771428571429,1422.9056387083901,14
user73590@axl,4179.884444444445,8666.542937402313,18
user73592@okicici,7945.79625,13844.304487334315,16
user73594@paytm,4035.1007142857147,10941.424229814707,14
user73595@okicici,9450.606428571427,17985.63050856801,14
user73603@axl,14744.379411764707,41702.02769361079,17
user73615@paytm,4571.206470588235,10138.416592792573,17
user73617@okhdfcbank,14694.030769230769,38774.00525712866,13
user73635@ybl,5521.108,9475.144162961673,10
user7364@axl,19572.70076923077,50528.6315750139,13
user73666@okicici,5836.3566666666675,10504.340605216266,15
user73682@okicici,1338.6671428571428,1505.7349006461295,7
user73683@paytm,26217.652000000002,60493.36574618572,10
user73684@oksbi,7777.213750000001,19858.802309864135,16
user7368@axl,7143.816666666667,14263.12792502933,12
user73692@okhdfcbank,5647.448571428571,12318.410312873746,7
user73694@okicici,17030.029333333332,35772.78930219738,15
user73702@paytm,7812.977000000001,16898.346272728093,10
user73715@okicici,18592.59294117647,42353.467307639905,17
user7371@okhdfcbank,19999.109999999997,39699.36637922099,10
user73723@okhdfcbank,8266.272941176472,24788.91170251827,17
user73723@okicici,7609.406800000001,14198.411693330561,25
user73728@okicici,15811.269999999999,29490.403764252707,17
user7372@okicici,21727.909285714286,49033.79730300794,14
user73742@axl,16618.146875000002,45291.948922248375,16
user73743@ybl,17061.79909090909,35556.98944538541,11
user73746@paytm,17733.16727272727,48119.79878107245,11
user73750@okhdfcbank,5913.45,12812.251908584307,10
user73762@axl,3889.9318749999998,6512.384531341515,16
user73762@paytm,28603.447142857145,61965.09127585029,7
user73766@oksbi,1932.159375,2711.7452599103494,16
user73778@ybl,12771.94611111111,19420.151471406654,18
user73779@paytm,4518.923333333333,6937.824109301566,12
user73782@okhdfcbank,14532.814999999999,20310.483323075765,10
user73788@axl,14128.499285714284,22680.606479152542,14
user73789@ybl,20308.239285714288,49250.37463257521,14
user7378@oksbi,1980.5017647058824,3709.2610653121255,17
user73790@oksbi,6957.086666666666,18419.468137088163,12
user73793@axl,11330.9625,27861.30522030923,20
user73805@paytm,2648.3900000000003,3766.6783819227844,10
user73805@ybl,6334.1483333333335,12801.85352302744,18
user73827@okicici,5412.262000000001,9893.446332337382,10
user73828@ybl,21508.505624999998,49383.46488302766,16
user73833@axl,6880.834444444445,13133.364826247034,9
user73833@okhdfcbank,18159.765,32639.343610567437,20
user73847@axl,3286.0915789473684,7640.325365537097,19
user73847@ybl,9953.08,13321.151829643712,11
user73887@ybl,3952.668333333333,7845.910016977384,12
user73894@okicici,9599.071818181817,14438.14350778646,11
user73902@paytm,10434.438181818183,23248.327210369705,11
user73903@paytm,18591.082941176468,41706.61184683517,17
user73908@oksbi,20783.44,58684.6934602415,10
user73909@oksbi,20934.826153846152,49886.3178685458,13
user73914@ybl,5914.276,11091.609982332693,10
user73918@paytm,11572.219000000001,25421.236863376525,20
user73920@paytm,20409.674285714285,52332.10107281216,14
user73930@paytm,3907.884545454545,8410.541695333737,11
user73932@okhdfcbank,17235.892,22215.80603688874,10
user73936@okicici,21021.975714285716,43144.764157694946,14
user73936@paytm,21854.41181818182,46382.97018714646,11
user73943@okhdfcbank,11850.945714285714,39005.03885699339,14
user73954@ybl,11106.786842105263,37140.46696478773,19
user73959@okicici,4053.987333333333,10082.022992029264,15
user73969@paytm,7885.244285714286,18172.32244043152,14
user73976@okicici,17073.470624999998,35823.552283244695,16
user7397@okicici,35131.126923076925,60359.416820125705,13
user73980@paytm,6723.604166666667,13097.05582274849,12
user73982@axl,24024.49888888889,54105.90682022724,9
user73982@okicici,5699.338461538461,12208.49329714963,13
user73991@paytm,17424.936315789473,42621.68230251726,19
user73999@okicici,4833.873684210526,9000.292743656984,19
user74016@paytm,12009.338333333333,28675.36726356322,12
user74030@okicici,11759.275,16039.48905872373,12
user74034@axl,43069.361875,59898.90059000151,16
user74048@ybl,1109.235,1572.39585083921,12
user74058@oksbi,6653.555333333334,15223.786839542476,15
user7406@okhdfcbank,19469.344,44871.03893675006,15
user74079@okicici,5007.905,9357.971274414738,8
user7412@ybl,7958.039230769232,14083.221057103416,13
user74143@paytm,5566.723636363637,11612.994733707816,11
user74150@okhdfcbank,27310.10066666667,51886.808440555,15
user74150@ybl,23147.655000000002,47448.11572690696,18
user74155@oksbi,4380.927142857143,12969.281891893288,14
user74165@okhdfcbank,10194.117142857143,25820.714910607363,21
user74166@ybl,3678.0724999999998,8883.547934142453,16
user74167@okhdfcbank,4044.1100000000006,7066.1006661498695,12
user74168@ybl,8145.334999999999,13990.318664839013,8
user74169@paytm,10284.724545454546,29005.7334672686,22
user7416@okhdfcbank,9863.528823529414,14930.44882639119,17
user74173@okhdfcbank,3590.7714285714287,7407.001522022521,14
user74177@axl,19646.842666666667,45327.90992183457,15
user74177@okicici,32380.396666666667,92681.44738242129,9
user74181@axl,25791.589999999997,65055.16820990685,9
user74193@ybl,5058.814166666667,13228.86990488843,12
user74225@paytm,22077.3425,53077.33714488033,12
user74228@okhdfcbank,14973.414166666667,40245.02164831558,12
user74230@paytm,6151.127,11062.158663267863,10
user74233@oksbi,14945.295,26314.843482430435,14
user74251@ybl,4520.340999999999,10952.334617648574,10
user74263@oksbi,15159.263125000001,27254.926808864173,16
user74273@okhdfcbank,5972.928421052631,22804.058379774386,19
user74277@ybl,8317.0055,12559.87658598874,20
user74282@okhdfcbank,21082.004444444447,60699.12945384743,9
user74290@axl,2546.9950000000003,4695.288909211729,4
user74294@paytm,5340.197857142857,15582.653702972308,14
user74297@ybl,11213.252,29146.805088986584,15
user74300@paytm,14073.07181818182,42279.805056573,11
user74302@ybl,10674.631428571429,28318.175834146572,21
user74309@ybl,1363.5881818181817,2379.4544092577953,11
user74313@okicici,22398.189473684208,47450.26201306344,19
user74319@ybl,14000.833125,38982.79540358929,16
user74324@axl,9083.9,17786.698548171702,10
user74339@ybl,17396.765833333335,34088.34912296161,12
user74340@paytm,8202.46,14592.265195382792,11
user74356@paytm,20268.565555555557,51352.13170049484,18
user74366@paytm,14370.516538461537,32618.19138233743,26
user74369@paytm,18039.962857142855,35780.59842613708,14
user74373@ybl,5642.426428571429,11387.176086927857,14
user74374@okicici,19845.10095238095,50902.72529682462,21
user74379@axl,10852.9975,34107.861067690836,16
user74384@okicici,11207.125384615385,26048.98495762634,13
user74391@okicici,2993.3671428571433,6882.509845925986,14
user74396@oksbi,2886.7626666666665,6470.061879094099,15
user74401@ybl,39715.88090909091,110966.40424805204,22
user74402@oksbi,15149.934615384613,42903.271713689384,13
user74414@axl,1052.440588235294,1142.4677907958203,17
user7441@ybl,15781.674166666666,45734.76551193601,12
user74432@ybl,7420.0088888888895,12833.923052615717,9
user74438@okicici,14048.3225,42574.32252698912,12
user74445@okicici,7910.083571428571,16538.53948077855,14
user74463@paytm,23112.513636363637,52687.220363427456,11
user74469@paytm,16463.769000000004,44367.83558252293,10
user74474@oksbi,23066.886000000002,59847.20743254613,10
user74477@okhdfcbank,4013.9191666666666,6840.5556744110645,12
user74479@ybl,23274.108571428573,36145.99907356357,14
user7447@ybl,15011.255000000001,41564.593862604655,14
user74489@axl,7451.0027272727275,13728.655169904363,11
user74493@oksbi,26667.358,51220.127335249366,15
user74495@paytm,2885.1113333333333,4927.89919046192,15
user7449@axl,16857.469999999998,32627.057566062915,13
user7449@ybl,8327.324666666667,11849.973840480388,15
user74501@ybl,1805.4133333333332,1674.0831157346636,12
user74506@okhdfcbank,5603.743,11383.786015330996,10
user74508@oksbi,1330.54,1294.5021981993143,15
user74508@paytm,11930.196249999999,20508.39187352107,16
user74509@ybl,17817.653076923078,48542.54454383588,13
user74523@okhdfcbank,19060.364705882355,49419.92867004097,17
user74527@okhdfcbank,9457.301333333335,17382.24928737067,15
user74530@okicici,6012.654782608695,12456.200637904243,23
user74531@oksbi,14404.804117647058,41148.16026209132,17
user74535@oksbi,29331.990833333333,43841.66684543047,12
user74539@paytm,6341.81,12677.64667012263,15
user74543@okhdfcbank,43278.635833333334,68664.2811891916,12
user74545@okicici,5724.951538461538,13373.800595168554,13
user74548@okhdfcbank,14946.33,37177.60178879966,21
user74551@axl,10923.437857142857,35882.561226717866,14
user74551@oksbi,4454.428,6664.576187426907,10
user74553@ybl,9743.670555555556,34372.666071975495,18
user74567@axl,14627.737142857144,45412.281457601384,14
user74568@ybl,10569.278333333334,25303.102874460725,12
user74580@okicici,25867.846875,54039.60172060693,16
user74588@okhdfcbank,26186.067894736843,64774.30812406032,19
user7458@oksbi,1030.5700000000002,1584.3953569737573,5
user74591@oksbi,11325.306315789474,24651.39761819561,19
user74596@axl,29235.613,63314.56637376076,10
user74598@ybl,45311.406428571434,81588.16462787938,14
user74601@paytm,6579.475454545454,12824.320881437243,11
user74606@axl,27725.615714285716,72223.01333953715,7
user74609@ybl,9849.69875,35273.86137863294,16
user74616@axl,8905.524166666666,29507.490851369184,36
user74620@axl,5849.285333333333,13351.068460450682,15
user74631@paytm,15185.575999999997,44748.96737268574,10
user74633@okicici,8991.144545454545,16404.801909566824,11
user74643@okhdfcbank,16991.141666666666,45248.44592627341,12
user74648@oksbi,3038.8177272727266,6693.944608359844,22
user7464@oksbi,12737.561666666666,19134.86531855233,6
user74656@oksbi,5241.496923076924,10364.930388062901,13
user74664@okicici,3375.468125,8519.500901557725,16
user74666@paytm,18045.848666666665,37525.41245169558,15
user74686@oksbi,4812.658181818182,7454.148049877757,11
user74686@paytm,22189.304545454543,54857.12855246624,11
user74688@oksbi,1191.9321428571427,1681.9271312496023,14
user74690@oksbi,5360.640588235294,11020.237025656746,17
user74698@okicici,4397.001666666667,6384.53793358115,6
user7469@ybl,15730.230714285713,28430.285999240445,14
user74704@axl,2133.488181818182,3479.8773936011544,11
user74705@ybl,10317.156666666668,17180.60264385003,15
user7470@okicici,28966.509166666667,52162.92238935089,12
user74717@okicici,2357.448,3111.120739063566,15
user74719@paytm,28976.596923076922,48195.910103596165,13
user7471@paytm,9747.436666666666,19383.726393252164,12
user74740@okicici,38462.28333333333,70200.92600897439,12
user74741@okhdfcbank,6287.842000000001,14589.01690669594,15
user74744@oksbi,20979.175,49138.89782524532,12
user74745@okicici,3761.2042857142856,8009.311576371319,14
user74746@oksbi,8218.998823529413,18125.408137054423,17
user74748@okhdfcbank,7809.734444444444,11682.751529218312,9
user74755@okicici,1229.1200000000001,1393.9836435782297,12
user74757@okhdfcbank,18154.014000000003,50128.98159647512,15
user74757@ybl,9856.830833333333,19633.824293810114,12
user7475@okicici,4847.476315789474,7959.964444641564,19
user74762@oksbi,14940.736,44520.217508723545,15
user7476@okicici,7271.075833333333,14223.84355200128,12
user74770@okicici,1441.172857142857,1633.413181609951,7
user74779@axl,4923.290769230769,9812.709447206264,13
user74781@ybl,7969.334,14501.057440558601,5
user74786@ybl,14477.46,47077.807513775246,12
user74788@okhdfcbank,423.0481818181818,375.70223368561926,11
user74794@paytm,2916.592,6358.204560032476,10
user74794@ybl,8626.546666666667,13031.376571605932,9
user74800@okhdfcbank,7867.113529411764,15497.920105879104,17
user74802@paytm,16062.143125,46849.02914489317,16
user74805@ybl,5059.373888888888,13920.87061313342,18
user74822@paytm,22684.216666666667,47113.98554098919,15
user74839@axl,7760.438,14318.473712349572,15
user74843@okicici,13713.538,18628.139690889275,10
user74844@axl,16643.863999999998,38997.99310149326,10
user74847@ybl,3940.527333333333,9401.580404983184,15
user74851@oksbi,19379.129166666666,56190.87308068576,12
user74861@oksbi,22663.208,31801.06750191285,10
user74869@ybl,1503.24,3182.129818795372,10
user74870@okhdfcbank,4292.186363636363,7113.256559834283,11
user7487@okhdfcbank,2786.8172727272727,6368.058697366239,11
user74889@paytm,13595.283333333333,15291.788951897903,6
user74903@okhdfcbank,16644.374666666667,41753.63821510766,15
user74903@okicici,7886.507272727273,15505.679041816318,11
user74914@axl,3268.9070588235295,8810.66489585545,17
user74914@okhdfcbank,10476.637499999999,25821.309404626223,12
user74922@paytm,17536.055384615385,55011.45022321256,13
user74927@okicici,20307.725454545453,56692.82594118948,11
user74933@okicici,6454.937,12090.042472460136,10
user74948@ybl,3632.7053333333333,7786.531186625923,15
user74953@okicici,2632.2215384615383,4483.925573268819,13
user74960@okhdfcbank,20805.1925,40890.871106291095,12
user74963@axl,39252.64875,69955.88826560276,8
user74965@okicici,5711.965000000001,14710.089949129762,14
user74969@okicici,24664.88333333333,57955.05582252452,12
user74970@okicici,17232.953888888893,32880.36364399957,18
user74972@okicici,6109.562,18090.291015623578,10
user74973@paytm,42550.34428571429,101883.0516054448,7
user74984@oksbi,15940.600666666667,50009.79507093035,15
user74994@paytm,2885.1536363636365,5644.420264171109,11
user74997@oksbi,22320.886428571426,48281.300174183794,14
user75024@oksbi,18165.804285714286,33517.92441456057,14
user75027@paytm,18489.887777777778,40095.37790655295,9
user75034@okhdfcbank,18398.923076923078,36249.445143864934,13
user75038@ybl,10956.661666666667,16798.320814562947,12
user75051@axl,27526.51333333333,51653.97708771273,15
user75055@axl,4546.453636363636,11685.136495525649,11
user75055@oksbi,5038.720588235294,11192.85900661917,17
user75065@okhdfcbank,8957.005333333334,15753.819630042046,15
user75069@axl,9768.57923076923,28291.898452886784,13
user75071@okhdfcbank,45986.06,73501.91692266225,8
user75083@okhdfcbank,2868.584444444444,4812.726344334652,9
user75085@ybl,13716.078,13391.523868203722,5
user75090@paytm,26815.20666666667,57632.50215936999,6
user75092@okicici,20322.396842105263,39729.63844827408,19
user75094@okicici,18900.95722222222,47667.41479584361,18
user75095@paytm,17474.31090909091,46125.513859581326,11
user75099@ybl,12693.76,15899.321281461462,7
user75102@okicici,16850.3725,42143.05266332112,12
user7511@oksbi,2429.47,4904.306523538266,11
user75123@oksbi,777.6445454545454,1207.0870735233943,11
user75131@oksbi,8181.636315789474,16309.384269228152,19
user75135@ybl,10944.826153846156,31783.048808585725,13
user75137@okhdfcbank,14520.999000000002,40446.32950313359,10
user75142@ybl,31463.632500000003,57935.812626113475,12
user75157@ybl,24858.02705882353,49060.36620736396,17
user75160@oksbi,5000.5936363636365,12219.610376987699,11
user75163@okhdfcbank,5434.498,12492.852344949357,10
user75172@paytm,3374.067777777778,8183.306824800004,18
user75176@ybl,36834.578888888886,66814.30394665472,9
user75182@paytm,15054.26125,27469.330055505507,8
user75191@paytm,1261.7083333333333,1942.4422422241198,6
user75205@oksbi,3249.05,11338.582995575458,18
user75218@axl,3116.394545454546,4767.882587464511,11
user75219@oksbi,23725.22923076923,53258.228155495606,13
user75229@okicici,4700.644666666666,11889.870930909377,15
user75231@paytm,4637.2789473684215,11600.589861540515,19
user75233@okhdfcbank,18697.909,54533.18727596892,10
user7523@axl,10590.664615384614,16429.027190686822,13
user75248@paytm,813.8853846153846,1149.0886783056633,13
user75255@okicici,11723.89090909091,17284.193717742495,11
user75266@paytm,32119.447894736844,100515.29134935007,19
user75270@axl,10588.574,29392.03673384885,20
user75280@paytm,2072.590588235294,3154.6699056745038,17
user75283@ybl,58269.5,121729.73535243265,10
user75286@paytm,11065.204782608695,31513.584859293456,23
user75290@okicici,4156.59,7418.0661307944665,11
user75308@okhdfcbank,3901.246,11147.012412190352,15
user7530@paytm,5121.419,12426.191135933139,10
user75311@okicici,3120.875789473684,5850.25137072219,19
user75312@paytm,11544.624444444444,27497.04069126653,18
user75318@okicici,5403.187142857142,9735.899646348067,14
user75319@ybl,25096.21875,53210.1961502397,8
user75323@okhdfcbank,8888.08076923077,13577.704833164587,13
user75327@ybl,10883.94,32832.988537263096,13
user75328@ybl,3973.5280000000002,11176.713576741473,15
user75329@oksbi,30479.157272727272,52427.9471392602,11
user7533@axl,7803.6705882352935,15348.427379642788,17
user7533@paytm,6005.055454545454,11747.594766331842,11
user75353@paytm,14038.954444444444,23946.74560923497,18
user75387@okicici,18156.901538461538,36407.97859317535,13
user75391@paytm,12067.575333333334,17487.61716294168,15
user75400@paytm,6302.499047619047,15102.722898868904,21
user75408@axl,3644.442222222222,8293.32106996989,18
user7540@oksbi,5342.7300000000005,9869.350678419642,10
user75417@axl,11766.938333333334,18806.23274792058,12
user75420@okicici,3994.0514285714285,12166.996335235905,14
user75441@paytm,15092.377368421052,36834.971370648855,19
user75442@axl,9464.231428571427,12574.764677813297,7
user75460@okicici,4431.635384615385,13045.05575157795,13
user75462@paytm,14569.13625,15924.000476612058,8
user75466@okicici,11917.576000000001,31270.58239416899,15
user75469@ybl,2259.5182352941174,3276.4665475101283,17
user75478@ybl,18614.544615384613,48230.19330623204,13
user75489@oksbi,25033.844666666664,38952.230231873,15
user75489@paytm,12734.461818181817,18390.56033414089,11
user7548@oksbi,34306.388,56385.53556898831,15
user75495@axl,9944.644166666667,32617.243469175086,12
user75499@paytm,10101.568181818182,19790.42372978902,11
user75504@oksbi,75005.6588888889,109820.28465448407,9
user75510@okhdfcbank,7470.980833333334,13112.036126691495,12
user75519@paytm,3905.478333333333,9787.613031036944,12
user75520@okicici,13927.063636363635,30372.772421696463,11
user75527@oksbi,11859.203846153845,24504.391284689682,13
user75531@axl,6458.288750000001,14469.650604064991,16
user75532@paytm,7457.894444444443,19006.04118011621,18
user75534@paytm,33843.35400000001,70838.58856306219,10
user7553@oksbi,4293.419411764706,13916.71817912788,17
user7553@ybl,31853.654285714285,68855.3652221092,21
user75543@okicici,3557.142,7765.489440961759,15
user75553@ybl,22887.72769230769,45581.61742135477,13
user75554@oksbi,3468.454166666667,7461.17151038441,12
user75567@okhdfcbank,37816.864117647056,60316.554157211474,17
user75599@paytm,36942.22181818182,61326.617331380476,11
user75601@axl,5939.057777777778,15014.872645946567,9
user75603@paytm,14428.17411764706,32361.58299005687,17
user7560@okicici,2558.269375,6443.00665365011,16
user75619@paytm,9379.549166666666,17569.257091567884,12
user75632@okhdfcbank,3848.686923076923,12512.230148478318,13
user75632@okicici,16251.194444444445,33929.65046264628,9
user75637@okhdfcbank,7739.19625,13590.046774945191,8
user75640@okhdfcbank,5875.932727272728,9181.036884820898,11
user75656@okicici,9450.936,15022.475924452667,10
user75658@paytm,7971.863076923077,14084.532080128649,13
user75663@okhdfcbank,16150.314000000002,39208.093010351324,10
user75663@paytm,21050.67615384615,48975.50031872663,13
user75666@okhdfcbank,7079.064117647059,13551.701941708308,17
user75671@paytm,7918.524166666666,10935.702781636819,12
user75681@axl,9430.267222222223,16251.934008513937,18
user75691@ybl,20492.77611111111,47384.01692901758,18
user75694@ybl,4999.946923076924,12460.18796034152,13
user75696@paytm,286.6383333333334,77.36720065161117,6
user75702@ybl,10552.023000000001,16259.604205103622,10
user75704@paytm,8678.618666666667,25389.370373105772,15
user75707@axl,10776.234444444444,16313.526676086254,9
user7570@paytm,6673.023333333333,11063.01183222832,15
user75710@paytm,12994.894285714285,18723.519724407106,7
user75711@ybl,14314.464666666665,46864.17731578931,15
user75716@axl,15714.70125,41339.03283786964,16
user75716@okicici,24504.77307692308,54088.58210936179,13
user75723@oksbi,18530.280000000002,41739.49517914657,15
user75740@oksbi,10583.573333333334,17846.682534953266,12
user75744@ybl,8586.85181818182,12492.798389422458,11
user7574@axl,17108.435,44546.77549530912,14
user75755@okicici,15912.387142857144,41529.59350919654,14
user75763@okicici,8235.332,21641.779290819155,10
user75777@paytm,9269.4,25500.321247535783,17
user75779@oksbi,11519.378,25350.64394984846,15
user75791@oksbi,20289.278333333332,51162.42765921134,12
user75795@okicici,24133.34,50569.03129102362,9
user75797@okicici,11322.92076923077,15241.103555482492,13
user75804@axl,21321.140909090907,49085.8345851496,11
user75807@ybl,6416.740000000001,19152.709122225075,12
user75813@axl,16555.88705882353,36231.188999549435,17
user75816@axl,17152.724444444444,34531.40284534358,9
user75816@oksbi,2394.4614285714283,6896.77412454197,14
user7581@axl,11610.57,34230.028671428634,16
user75822@ybl,13211.210555555554,38650.37927631141,18
user75842@okicici,15495.653809523808,38774.135074238795,21
user75852@paytm,13208.075,32123.632416529337,10
user75854@ybl,5102.18375,10356.943642373055,16
user75859@axl,18298.077,43038.39376455659,10
user75877@ybl,7267.207777777778,11515.276959882225,9
user75878@paytm,10558.649999999998,32555.224621183566,13
user7587@oksbi,8392.905,12209.425781134314,12
user7588@okhdfcbank,6967.174999999999,12940.333256400316,12
user7589@paytm,16539.558235294116,45992.53709824429,17
user75905@oksbi,583.75,1088.836286898387,10
user75907@axl,6108.16090909091,12762.91077060202,11
user75910@okicici,3130.8529411764707,7621.857838261748,17
user75921@oksbi,11657.233571428571,21406.244025460135,14
user75947@axl,25907.83583333333,40076.543039650205,12
user75960@okhdfcbank,24969.456000000002,47382.980432432625,10
user75964@ybl,32386.550909090907,55532.10506205062,11
user75965@axl,8342.18,14014.124688509293,15
user75965@ybl,23741.988461538465,54921.80677144793,13
user75968@paytm,14242.6992,40032.09431274132,25
user75971@oksbi,8876.343846153846,17705.67475437538,13
user75991@okicici,16263.026363636365,28549.976694769917,11
user76008@okicici,6719.035454545455,15385.582042476239,11
user76010@axl,16736.958,43139.81512957461,15
user76012@oksbi,7301.4186666666665,10739.568203922265,15
user76017@ybl,12168.044615384615,17971.021416249838,13
user76020@ybl,13932.676666666666,21704.687220676245,6
user76024@okhdfcbank,3955.2521428571426,11788.902299534591,14
user76028@ybl,10952.37705882353,28794.708898309073,17
user76033@paytm,4872.431333333333,9343.159593399156,15
user76039@okicici,17132.966956521737,48436.28251245542,23
user76046@ybl,41333.92875,63124.80697232008,8
user76054@okicici,6587.130625,14707.626136062188,16
user76057@ybl,21343.334545454545,45925.48778239146,11
user76060@axl,16585.495238095238,55246.73810816821,21
user76060@oksbi,20338.328333333335,37394.25163269637,12
user76069@okicici,4317.508947368421,6958.366000648984,19
user76082@okhdfcbank,20471.38428571428,51302.716267383556,7
user76088@ybl,13536.548461538461,40956.4286757323,13
user7610@okicici,2128.3133333333335,4139.259598379999,15
user76117@oksbi,5406.392666666667,8997.84772196382,15
user76118@okicici,1295.1073333333334,2067.814344503693,15
user76133@oksbi,13562.466666666669,37989.33441935732,15
user76133@paytm,12258.237500000001,25066.253747503604,12
user76135@ybl,6283.502666666666,19277.618032952643,15
user76139@okicici,8430.450625,15289.496104519367,16
user76145@oksbi,16851.231428571427,48098.2784851029,21
user76147@okhdfcbank,16263.292000000001,34212.19102950732,20
user76148@axl,13197.797777777778,20487.775773702095,9
user7614@axl,2277.5158823529414,3206.274969984754,17
user76153@okicici,13213.586666666666,17985.948892053944,18
user7615@ybl,24422.37090909091,47806.7787612875,11
user76160@ybl,8255.216666666665,25376.57414688212,12
user76163@okhdfcbank,10004.60642857143,33752.868677802464,14
user76164@oksbi,6562.373333333333,17217.343435328086,18
user76166@oksbi,18452.992222222223,42808.637775682815,18
user76179@axl,27251.63875,63187.905661925615,16
user76179@oksbi,10830.311,16495.79321094688,10
user76186@oksbi,32217.402142857143,48898.51922412378,14
user76199@ybl,2822.966363636364,6530.714561813696,11
user76209@okhdfcbank,16484.045000000002,30883.608155147675,14
user76225@ybl,34948.97375,53792.23178336873,16
user76235@oksbi,12539.986315789472,29521.407086214615,19
user76242@oksbi,19179.533333333336,46946.61889299541,18
user76250@oksbi,13356.986666666668,25161.510234782618,18
user76257@axl,27805.185833333333,79632.21033264177,12
user76257@ybl,1039.0557142857144,1123.0591399162604,14
user76268@oksbi,10674.818235294118,21224.666912688594,17
user76271@oksbi,11179.26923076923,15295.012680667875,13
user76277@ybl,10139.61,17583.15651666887,9
user76282@okicici,23830.941,38289.76854782704,10
user76287@oksbi,4585.325294117647,11584.138417836217,17
user7629@okicici,5175.739,10262.726285390954,10
user76301@oksbi,8902.709375,15560.31290595296,16
user76304@oksbi,3769.4054999999994,8673.162688601682,20
user76308@ybl,10555.02,19595.417007516706,9
user7630@paytm,21786.338333333333,43145.03152247099,12
user76312@axl,17832.360769230767,38888.183810259216,13
user76318@axl,12560.576470588234,32363.94321059973,17
user76319@axl,14815.501333333332,32803.035581207565,15
user76320@okhdfcbank,8858.030909090909,12640.9905019642,11
user76324@ybl,17464.525,51376.63213579116,12
user76330@ybl,4686.854285714287,11633.17117270643,14
user76350@paytm,3957.46125,10476.348504259091,16
user76351@axl,25650.684444444443,59894.1664254619,9
user76353@okicici,16772.219130434783,40796.409108623644,23
user76357@okicici,2036.6333333333334,3614.1155684930454,15
user76361@oksbi,28001.438000000002,59383.18743789025,20
user76379@ybl,4372.194285714286,7003.211352305591,7
user76386@oksbi,5343.39,7472.4632718258745,16
user76388@axl,6918.59923076923,15321.156198137953,13
user7638@okicici,11342.672777777778,27309.6350729074,18
user7638@oksbi,5488.116666666668,13955.158003339473,12
user76403@oksbi,6369.865,14945.907879043587,8
user76403@ybl,3971.9284615384613,6159.413987956223,13
user7640@okicici,1922.1833333333332,3163.4224598131054,9
user76414@oksbi,25954.54,64268.23587798941,8
user76415@okhdfcbank,8413.325625,26982.796182432237,16
user76418@oksbi,17234.593333333334,18000.944021554722,6
user76426@ybl,1253.8666666666666,1482.2529057383213,12
user76430@axl,15646.272857142856,29152.867760693516,14
user76432@okicici,11046.103,15615.590014304473,10
user7643@paytm,12384.984499999999,43483.899323801685,20
user76446@ybl,19514.079999999998,26565.28742521639,16
user7644@okhdfcbank,20616.664375,51129.72979769233,16
user76450@axl,4402.9262499999995,10253.511600152002,16
user76451@okhdfcbank,12683.806875,37068.99572445878,16
user76452@okhdfcbank,3258.43375,6590.2881308850165,8
user76452@ybl,8567.72625,16794.15262009484,16
user7645@okicici,4271.21,6582.3100976108,12
user76476@ybl,4671.788125,15161.09196042344,16
user76481@paytm,11695.822307692308,17936.874947680248,13
user76483@axl,4166.731111111111,9663.435965724488,18
user76485@okhdfcbank,16093.51076923077,30131.585748602596,13
user76504@oksbi,1268.9279999999999,1604.530052311268,5
user76515@okicici,5469.044666666667,12241.92414336714,15
user76520@ybl,27179.268181818185,52047.532593122574,11
user76526@okicici,12800.030666666666,27347.381590622546,15
user76532@ybl,10973.301666666666,25296.25910554531,24
user76536@axl,3570.707,5703.102897197571,10
user76542@axl,15157.648461538462,39507.586659926856,13
user76542@okhdfcbank,4675.112857142857,8845.339120279392,14
user7655@okhdfcbank,4094.4087499999996,6281.349854460169,8
user7655@paytm,43767.924,62011.45090960364,10
user76564@ybl,5605.922727272728,14727.870543638066,11
user76569@paytm,13163.789166666667,42708.19162404996,12
user76582@axl,15544.208333333334,51435.908869763145,12
user76587@paytm,27681.258888888886,51725.915077137666,18
user76591@ybl,13688.859285714285,30022.19519524551,14
user76602@oksbi,19025.42909090909,41979.22822680104,11
user76603@okhdfcbank,15927.503,34546.63909245653,10
user76609@ybl,16897.248235294115,46177.02400576547,17
user76622@ybl,3824.9336363636367,6712.605787153411,11
user76629@paytm,20790.169285714284,49917.33120271825,14
user76645@paytm,7808.32,14328.899322230418,14
user76652@ybl,8830.332222222221,16199.996907846755,9
user76672@ybl,9388.350555555555,19194.789806994493,18
user76675@axl,33413.340588235296,69055.08950382842,17
user76677@ybl,3290.1541666666667,3790.2874738551004,12
user76683@okicici,2886.274347826087,7240.471451549162,23
user76697@paytm,6015.1900000000005,11363.974840682582,13
user76700@okhdfcbank,19814.271818181816,60575.79127258244,11
user76701@axl,13833.163333333334,39973.78779536115,18
user76703@axl,3172.0177777777776,8277.360782547394,18
user76705@okicici,4884.321666666668,6546.284464199266,6
user76706@oksbi,12397.247777777779,25550.366322028916,9
user76713@ybl,8702.761428571428,13921.510719681724,14
user76715@axl,7766.450000000001,26000.37677768728,21
user76717@paytm,22157.045454545456,47254.12422171199,11
user76720@ybl,1149.7183333333335,1479.2429939781139,12
user76726@oksbi,28890.335789473684,66712.43803707899,19
user76731@axl,4050.7856250000004,8803.07018788405,16
user76745@okhdfcbank,6431.793,10815.463020409508,10
user76749@okhdfcbank,3085.92,8341.787107755094,12
user76752@ybl,7107.594615384615,15201.610888309178,13
user76758@okhdfcbank,20693.848181818183,46095.84597998432,11
user76761@oksbi,3767.628181818182,9679.14251515889,11
user76766@paytm,3998.90375,7991.8376272026235,16
user76769@okhdfcbank,10251.655999999999,36452.54223422319,20
user76774@okicici,11610.753529411764,26226.934936978898,17
user76783@ybl,7609.939166666667,22029.316371968955,12
user76787@axl,17500.50125,44619.607965556264,16
user76791@okhdfcbank,11399.568571428574,26921.83994094354,28
user76828@ybl,7010.785882352941,13208.16141796572,17
user76831@oksbi,17280.13,36775.217379195856,12
user76838@okhdfcbank,6482.697727272727,11138.081842680407,22
user76839@oksbi,15769.210000000001,38415.62859256951,10
user76851@paytm,817.5066666666667,888.5383608207358,9
user76863@okhdfcbank,1044.655,1353.9441820658633,14
user76868@oksbi,35731.71875,66867.7033895964,8
user76874@axl,13274.489333333333,35216.87073712145,15
user76880@paytm,8912.129090909091,14780.737544650778,11
user76886@oksbi,7323.191333333334,15517.927413209565,15
user76897@paytm,21466.74375,45610.783195408,8
user76899@ybl,2861.8017647058823,3562.535158700604,17
user76900@paytm,2014.6709090909092,1902.1137880708113,11
user76910@axl,17450.94,35036.18394808119,12
user76916@ybl,18543.724,27418.5318321525,10
user76930@paytm,17451.46052631579,40832.90521885498,19
user76932@paytm,8541.895555555555,22943.05949723037,9
user76939@okhdfcbank,17816.466153846155,34778.04657775231,13
user76945@axl,2703.215384615384,6449.322850122348,13
user76948@okhdfcbank,10113.365333333333,20817.18116581482,15
user76948@ybl,4054.605000000001,10750.185266057259,12
user76956@okhdfcbank,18053.78090909091,47292.707140185674,11
user76969@oksbi,13493.46388888889,25997.515706113638,18
user76986@oksbi,21469.622142857144,42160.141788693145,14
user76992@paytm,15717.588333333333,35719.09829882248,12
user76993@ybl,14990.676428571429,43792.91677960255,14
user77000@okhdfcbank,7848.812777777778,14961.29343237126,18
user77018@okhdfcbank,4163.94,8685.985036839518,11
user77021@okhdfcbank,6314.284666666667,20777.179477242356,15
user77025@paytm,30723.676,95749.50814163797,15
user7704@oksbi,3096.601666666667,6801.790719773505,12
user77050@paytm,15848.069166666666,41816.055814216845,12
user77054@ybl,3448.8136363636363,7461.802177364759,11
user77057@okhdfcbank,5906.6686666666665,11843.597214211126,15
user77060@ybl,20848.85583333333,63631.031449883936,12
user77067@ybl,19232.398823529413,24653.098645867747,17
user77077@axl,17330.54,19936.34442402619,4
user77086@ybl,15580.286666666665,30542.529313915627,15
user77090@okhdfcbank,19544.26909090909,55975.032341660764,11
user77095@axl,20989.23285714286,42824.824452484136,14
user77095@ybl,2528.8488235294117,6155.935629244228,17
user77102@okicici,12070.470000000001,17976.4429993933,12
user77106@okhdfcbank,12242.683,16600.61858729169,10
user7710@paytm,4001.233571428572,7463.417952847493,14
user77112@oksbi,2064.3275,1849.164223702543,8
user77118@ybl,11829.094285714285,40834.63686270078,14
user77120@okicici,42981.93916666667,64625.05680738977,12
user77121@paytm,3995.9000000000005,9927.254802665546,14
user77125@ybl,5428.598571428572,9796.169676972931,14
user77153@okicici,1083.2166666666667,1293.6269497131864,12
user77154@okicici,18153.004,48688.21885201957,15
user77162@oksbi,14500.531818181818,36669.45656245967,11
user7716@axl,13342.221666666666,17342.767799198202,12
user77173@axl,5486.182727272728,14758.348231734533,11
user77208@oksbi,8037.270833333333,14484.943208915849,12
user77213@axl,23439.397000000004,56689.27737107161,10
user77215@okicici,75320.55133333334,133575.63255771803,15
user77216@axl,17681.614615384613,52924.53352223343,13
user77218@oksbi,13315.196249999999,41902.67297072219,16
user7721@okicici,15563.65,31850.514465052034,10
user77221@okhdfcbank,15142.202,29058.390160202616,15
user77229@okicici,7302.713076923077,13971.272130242462,13
user77230@axl,2964.638461538462,5348.225081234656,13
user77234@okicici,5723.71125,12152.677711973532,8
user77240@okicici,14094.834411764707,37478.71453804091,34
user77242@ybl,15775.841333333334,42304.04251370832,15
user77253@ybl,22107.1,34959.606274864964,10
user77256@okhdfcbank,8022.461538461538,16872.54309359679,13
user77256@okicici,16241.410666666667,31650.192753182742,15
user77260@ybl,20877.189375,35872.99368517427,16
user77272@okhdfcbank,8481.78,22018.34434743779,23
user77274@oksbi,20211.697692307695,38909.49149680644,13
user77276@oksbi,5674.629090909091,11785.070336949591,11
user7727@axl,10680.527333333333,33077.40484299203,15
user77280@ybl,31095.824545454547,56958.14477913907,11
user77281@ybl,4419.510625,9626.140757174682,16
user77290@axl,5442.247777777778,15665.640763517922,9
user77292@ybl,9245.504285714285,23521.97798993748,14
user77295@paytm,16224.92588235294,46995.94607803675,17
user77298@okhdfcbank,16544.93375,43903.23524531677,24
user77302@paytm,11237.220000000001,18797.73362192672,8
user77311@oksbi,9854.948125,19288.9837149627,16
user77312@axl,2498.773846153846,4308.813023607427,13
user77312@okhdfcbank,6079.176190476191,16448.69074288239,21
user77323@okicici,14831.40625,40418.552739275045,16
user77325@oksbi,15693.773000000001,28477.741368507846,10
user77325@paytm,8665.81,16685.20107136004,15
user77329@oksbi,7357.134166666667,12769.272596593646,12
user77349@okicici,24349.884444444444,45295.68621881423,9
user77361@ybl,21847.243333333332,49692.71337649467,15
user77367@okicici,12618.812222222223,29692.677305069,18
user77368@okicici,6693.5654545454545,11226.057450850998,11
user77373@okicici,2224.2472727272725,5081.275234183031,11
user7737@okhdfcbank,18237.341111111113,48333.582631070145,9
user77382@okhdfcbank,7022.053571428572,15516.460383477435,14
user77384@okicici,5895.980833333334,10779.978829422169,12
user77394@paytm,12994.477826086955,35921.12687794291,23
user77396@okhdfcbank,1079.729090909091,1295.395024094616,11
user77396@paytm,23206.785294117646,39269.2016298344,17
user77407@okhdfcbank,3612.4610000000002,6366.181060556461,10
user77411@okicici,8249.71909090909,21277.593038491665,11
user77422@okicici,11626.919,34460.871568315604,10
user77425@ybl,24447.68857142857,44347.29885839703,14
user77427@ybl,11274.7115,16917.95088161817,20
user77428@oksbi,6425.003333333333,11541.576115381005,12
user77429@paytm,18838.048461538463,44234.76451743317,13
user77436@okhdfcbank,3175.7341666666666,8230.619523714713,12
user77439@paytm,21753.761,51572.94716729163,10
user7743@okhdfcbank,14170.550000000001,21302.421874358166,7
user77441@oksbi,21594.563000000002,54831.04625611581,10
user77448@paytm,11028.841666666667,31070.05965383507,12
user77449@oksbi,5187.147222222222,12709.766565938831,18
user77452@oksbi,7780.884000000001,12692.648076244093,15
user77464@okicici,12837.933076923076,19392.383070750304,13
user77474@okicici,18380.483157894738,41651.542760425,19
user77478@okicici,9122.185625,21680.421357091738,16
user7749@paytm,18397.648999999998,30698.296149660764,10
user77502@ybl,16234.579230769228,37021.99022642116,13
user77508@ybl,7433.887142857143,22819.81986737286,14
user77509@oksbi,20366.629285714287,48208.592611942986,14
user77515@ybl,17352.17625,36243.95414229816,16
user77524@ybl,48570.456666666665,81810.90609962116,3
user77533@okhdfcbank,19154.009375,48860.52655321014,16
user77534@ybl,6876.691000000001,12553.444861564745,20
user77537@ybl,16496.658000000003,43862.293867305714,10
user77539@okhdfcbank,6097.515555555556,13225.09408114656,9
user77552@okhdfcbank,15231.5065,40520.97904047577,20
user77555@ybl,5148.729090909092,11292.865518833965,11
user77559@oksbi,11670.785,36190.99085596121,20
user77575@oksbi,10461.470714285713,16323.652586183722,14
user77579@axl,15933.253999999999,58241.29882927096,15
user77589@oksbi,1529.595625,2268.1882376115927,16
user77619@okicici,4589.346666666666,6574.457651836132,6
user77621@axl,8458.52090909091,23443.594698573193,11
user77623@axl,2430.508571428571,4283.3559302739695,14
user77631@okicici,7775.73875,13846.60053164204,8
user77637@okicici,5326.065909090909,10502.49279471972,22
user77646@axl,5018.946,13081.212337452349,10
user7764@okhdfcbank,12538.260714285714,16635.52546306685,14
user7765@oksbi,15163.120625000001,47535.42454360446,16
user77666@oksbi,5487.745833333333,11956.61983157102,12
user77669@okicici,12910.227647058824,38779.81973032632,17
user77674@okhdfcbank,17582.665833333333,22591.970355838803,12
user77675@paytm,10930.902,24703.627220259597,10
user77693@paytm,5686.250714285714,9130.640126209422,14
user77695@okicici,29575.22666666667,46330.90426605363,6
user77700@okhdfcbank,17162.286428571428,42093.73262518884,14
user77707@okhdfcbank,28427.89333333333,55662.44209785353,12
user77708@okhdfcbank,1478.5754545454545,1970.7584385173318,11
user77709@axl,15068.287368421054,44602.2696955724,19
user77719@okhdfcbank,4667.721428571428,11274.378672884719,14
user77721@okicici,6053.026250000001,9502.184146945132,8
user7772@axl,210.9857142857143,113.95765468762843,7
user7772@paytm,3589.9246153846157,8598.945627597428,13
user77733@paytm,20882.420000000002,39974.96665881922,14
user77743@okhdfcbank,3101.182857142857,4870.656855290794,14
user77762@okicici,14790.606,30544.268016968606,15
user77764@ybl,1943.9699999999998,2330.681462950268,11
user77768@oksbi,4517.215,5784.211917263154,12
user7776@paytm,12701.30125,16417.832709806684,16
user77772@okhdfcbank,6283.671538461538,13397.7012517234,13
user77777@axl,6340.559090909091,11351.356932277704,11
user77794@paytm,38837.25,74535.5761833325,6
user77797@paytm,3772.6263636363637,8832.150436480588,22
user7780@ybl,13982.85125,32701.803058326488,16
user77815@axl,2530.064705882353,5916.379112249651,17
user77816@paytm,2746.635454545454,6514.7979980262835,11
user77816@ybl,19950.5,37309.03809623668,11
user77820@okicici,34483.72153846154,59403.56308010921,13
user77820@oksbi,10346.806666666665,15216.414935617946,12
user7782@ybl,9662.715,14230.67504751717,10
user7783@okicici,11467.223076923077,19623.48430892281,13
user77848@ybl,4734.242352941176,7908.27463765132,17
user77850@ybl,18649.089285714286,41594.27575478431,14
user77853@okhdfcbank,4120.3949999999995,8568.74054713092,12
user77860@paytm,12154.306470588235,34611.43947832095,17
user77865@axl,5452.403333333334,11963.01316503079,9
user77870@axl,5848.308749999999,15181.45184765413,8
user77872@ybl,16835.39,36215.40751742765,10
user77896@paytm,22860.554117647058,51392.95395999072,17
user77898@paytm,18130.659285714286,41726.71664828634,14
user7789@paytm,1219.436875,1798.3827384614908,16
user77908@okhdfcbank,4763.202727272727,7613.008603051871,11
user77917@okicici,10113.42090909091,23582.116524478228,11
user77918@axl,11416.11515151515,20045.195061745642,33
user77919@paytm,24465.454285714284,53953.68367251827,14
user7791@okhdfcbank,8181.451875,21550.406759144702,16
user77920@paytm,8966.814375,31766.19503886419,16
user77928@oksbi,34700.560000000005,63597.70558230081,14
user77943@paytm,8311.288235294118,14695.921715066153,17
user77946@okicici,3730.61875,7860.512088495504,8
user77949@paytm,18739.770833333336,41854.07156357637,12
user7794@paytm,19895.859285714287,36882.83929430168,14
user77957@oksbi,8761.177777777777,18737.666203972534,9
user77958@paytm,6613.3358333333335,13242.405414965184,12
user77961@paytm,6042.44294117647,11259.294686824725,17
user7796@okhdfcbank,7890.425,14940.893468335487,22
user77971@oksbi,1184.5572727272727,1740.2895624182252,11
user77975@ybl,9031.61,29947.361374922497,14
user77976@ybl,23272.25117647059,40559.99151209368,17
user77981@oksbi,3190.6509090909094,6269.623392896026,11
user77996@okhdfcbank,7153.66375,18450.60467585272,8
user78000@axl,36197.39133333334,84934.23828167413,15
user78004@axl,22911.673529411764,59827.40279233368,17
user78007@oksbi,15777.089411764704,28088.016554777958,17
user7801@oksbi,20053.312142857143,38954.9524957678,14
user78028@ybl,10705.547333333332,27826.396335369223,15
user78034@oksbi,7359.866,14322.869732358651,10
user78052@axl,6926.533529411765,13269.272850551639,17
user7805@oksbi,2249.130588235294,3493.624299786095,17
user78061@axl,22483.968461538465,49697.29483471826,13
user78064@paytm,13981.342857142856,21934.964889828796,14
user78065@ybl,17602.233076923076,41808.75309264484,13
user78066@okicici,22020.853333333336,48253.61681498316,9
user78066@oksbi,16892.922222222223,41440.37560859651,18
user78067@axl,15334.486666666668,15816.920557826672,9
user7806@paytm,33078.69714285714,63176.85917901921,7
user78078@ybl,6175.892307692308,13737.675880888755,13
user78085@okhdfcbank,6728.561250000001,17134.934585511506,16
user78088@okicici,40740.718571428566,122831.76283928836,14
user78095@axl,21537.38714285714,54290.769207014586,7
user78108@paytm,1349.72875,1767.4190838737345,8
user78116@okhdfcbank,11468.134166666665,19494.611874692433,12
user78116@okicici,19102.27,29587.596176621253,17
user78120@okicici,4530.631176470589,11137.260401085448,17
user78123@oksbi,28535.490714285716,102810.04477027468,14
user78124@okicici,4198.809230769231,7699.6115504490035,13
user78129@okicici,34837.45,61936.99003328713,12
user78129@oksbi,11958.12,34352.61747296227,12
user78149@ybl,15984.698666666665,34281.488379589864,15
user78154@ybl,27670.955555555556,57965.24627454888,9
user7816@axl,8786.327333333333,22679.15663039097,15
user78175@axl,49360.832500000004,74102.72449412597,8
user78186@paytm,7421.681666666666,14801.008462374713,12
user78188@okhdfcbank,11262.072857142855,32061.16597603995,21
user78189@okhdfcbank,7710.398749999999,28801.247668066717,16
user78198@oksbi,14273.752916666666,40161.453820608236,24
user78199@okicici,1865.069375,3719.544750502798,16
user78209@axl,8282.77380952381,21397.48109313442,21
user78214@ybl,13987.878823529412,39151.746103952835,17
user78219@okicici,16188.763333333334,48468.458340244426,15
user78224@paytm,16797.529333333332,30546.567813187987,15
user78225@okhdfcbank,5677.19,10135.287774264232,17
user78227@ybl,4337.613846153847,7664.085476783405,13
user78231@okhdfcbank,38272.091111111105,69857.90834174654,9
user78236@okhdfcbank,10728.511739130436,36230.83675096015,23
user78239@axl,30114.415,57474.77181268147,10
user7823@paytm,2785.3128571428574,6845.241784097948,14
user78240@paytm,10369.258,25541.868630129407,15
user78241@paytm,23270.166,33704.403942109275,10
user78242@okhdfcbank,6460.0650000000005,15673.789700599807,8
user78243@okhdfcbank,2452.2136363636364,6707.34524777467,11
user78256@axl,10159.83909090909,19976.565701874013,11
user78257@oksbi,7662.583333333333,11851.697839297372,12
user78258@paytm,6751.285555555555,12030.064784212742,18
user78261@ybl,19843.767058823527,50330.285735943915,17
user78271@okhdfcbank,8667.62,11522.813844948085,12
user78273@oksbi,2883.1300000000006,5204.201288682759,12
user78275@okicici,3914.2513333333336,9467.612132545706,15
user7828@oksbi,20957.965624999997,39855.62872438888,16
user78299@oksbi,7821.112941176471,19350.05513466847,17
user78313@paytm,18233.76652173913,50845.36344285982,23
user78338@axl,15643.4425,35348.53996962166,16
user78339@okhdfcbank,29312.2275,59275.426758994865,8
user78355@paytm,12655.535833333333,21724.24763433308,12
user78360@okhdfcbank,18124.572142857145,44601.278381307755,14
user78360@oksbi,1106.4646153846154,1635.3288805752773,13
user78362@axl,4257.428125,8441.24012669167,16
user78362@oksbi,21789.114545454548,33186.08428300674,11
user78371@paytm,12216.274166666668,27008.775297733904,12
user78373@oksbi,12884.057142857142,42121.761958119874,14
user78395@ybl,35870.27416666666,56174.826369955306,12
user78400@oksbi,5177.480625,12498.357430491667,16
user78403@okicici,5304.425833333333,15052.98495228798,12
user7840@axl,11784.931304347825,28704.180849801036,23
user78425@oksbi,1574.6860000000001,1894.7481044437895,10
user78430@axl,5539.82,12333.576944818382,10
user78442@oksbi,4144.569333333334,12149.984109247378,15
user78452@ybl,1275.7633333333333,1382.4459016721053,9
user78454@axl,5505.285384615385,12848.857596329732,13
user78454@paytm,2182.857,2882.8158540876125,10
user78462@paytm,17438.346666666668,51302.069479831574,15
user78463@axl,7186.29,13766.311807272854,11
user78465@okhdfcbank,15211.460000000001,21360.620426106543,8
user78470@oksbi,11924.769999999999,33163.75490850893,9
user78475@okicici,20020.169166666667,41095.55614170234,12
user78475@oksbi,10399.66111111111,20328.689036003674,9
user78475@paytm,1602.0341666666666,1750.4014573569757,12
user78485@paytm,12796.71761904762,20831.707737217537,21
user78487@axl,5548.623157894736,11969.358676829326,19
user7849@okhdfcbank,3546.7950000000005,9718.689517762783,10
user78502@okhdfcbank,6752.367142857142,13239.75579236986,14
user78505@oksbi,14020.37125,47423.62904237519,16
user78506@ybl,16347.653846153846,42448.265885614725,13
user78511@okhdfcbank,28920.395833333332,63477.72234992403,12
user78514@oksbi,24472.29857142857,49480.31549740655,14
user78518@paytm,6270.055454545454,13303.093260276997,11
user78525@oksbi,7465.282857142856,11958.822546720268,14
user78527@okicici,39129.45928571429,49551.82163464309,14
user7852@okhdfcbank,25620.61125,69552.07539697277,8
user78534@okhdfcbank,10575.83,33928.01302234542,16
user78535@oksbi,13147.056470588233,36861.55796118904,17
user78539@oksbi,25152.244545454545,53616.26908073208,11
user7853@okicici,2417.3891666666664,4899.915178498609,12
user78567@okicici,7308.325,12363.094514946264,10
user78575@paytm,10374.301176470588,18905.059070339437,17
user78576@okhdfcbank,3341.138125,10772.610873044176,16
user78583@okhdfcbank,36496.653125000004,57990.29775852851,16
user78597@oksbi,3953.0625,4235.476589896152,4
user7859@paytm,26998.603636363638,44713.883064037116,11
user78603@okicici,15171.004615384616,26905.7578544366,13
user78603@ybl,14788.339166666667,39501.29431249551,12
user78606@okicici,30819.1725,45613.704060897,4
user7861@ybl,5319.876,13663.372435513653,15
user7862@oksbi,5621.015,13711.939650650518,12
user78654@paytm,16191.885384615385,31926.314061301277,13
user78658@axl,19733.729285714286,21451.505194080284,14
user78694@axl,3711.9473333333326,10720.018065431517,15
user7869@oksbi,6558.1934782608705,12264.319090529023,23
user7869@paytm,2251.2106666666664,2606.3785180823124,15
user78707@axl,7380.0438095238105,18347.511993783915,21
user78709@oksbi,8981.307777777778,16052.121137673503,9
user78711@ybl,2553.4482352941172,3678.9788743162744,17
user78713@axl,26608.820000000003,61221.988304118975,6
user78714@ybl,21651.61076923077,44337.479185912685,13
user78722@axl,11002.032307692309,33000.944165444256,13
user78733@paytm,11431.988000000001,17448.049113367208,15
user78735@okicici,3935.222,9945.60830396099,10
user78779@okhdfcbank,4322.023571428572,10766.39978734239,14
user78787@paytm,7689.526428571428,12194.14548551798,14
user78789@okhdfcbank,25681.12,46573.11393700938,8
user78794@axl,12484.558,39857.13442550227,25
user78798@paytm,793.1272727272727,916.7728229402409,11
user78801@axl,25467.570769230773,51233.66884533377,13
user78806@axl,17653.44052631579,38730.80768603399,19
user78811@oksbi,3918.52125,7220.269306400928,8
user78814@ybl,2962.39,5073.246915233379,9
user78830@ybl,35181.91153846154,120878.7334363354,13
user78834@okicici,17284.387,29623.774564034826,10
user78842@oksbi,16837.884642857145,43168.7146599155,28
user78848@axl,10899.242142857142,28977.94590303226,14
user78850@oksbi,22627.625,61190.229547334726,8
user78852@okicici,34258.63416666666,66824.10599799262,12
user78853@ybl,5744.041428571429,12319.980868677225,21
user78866@oksbi,4280.465,10027.057214889208,18
user78870@axl,11939.691875,25864.860871705514,16
user78872@okicici,19756.82,52523.16478590756,12
user78878@paytm,369.9283333333333,306.7971300658901,6
user78909@okhdfcbank,7952.44875,22139.411883774712,16
user78922@axl,10716.149444444445,27564.019576322888,18
user78924@okhdfcbank,27585.809285714287,58253.614433557355,14
user78924@ybl,9736.434285714286,26941.470469100725,14
user78926@paytm,2466.316,4710.009932504743,10
user78928@paytm,4244.869,12339.740831230749,10
user7893@oksbi,12575.552,22103.96326233252,15
user78947@okicici,5535.636153846153,11705.03829598857,13
user78949@okicici,15037.623333333333,39775.68687216362,15
user7895@oksbi,5744.821578947369,11437.73336437545,19
user78960@oksbi,3120.4966666666664,7945.003888410553,18
user78963@paytm,12032.391,16292.388929881374,10
user78975@okicici,18189.07214285714,43487.399433658255,14
user78984@oksbi,3993.8892857142855,7618.597161565058,14
user78986@axl,57192.538,156357.20368475319,10
user78988@axl,15656.504666666668,21386.89228533879,15
user78990@oksbi,1259.5033333333333,1477.3698968730434,6
user78994@ybl,10837.605652173914,39184.13246940212,23
user79002@paytm,12853.977142857144,23000.686557308272,21
user79004@okicici,14016.550000000001,32440.53019240958,17
user79006@okicici,8025.003529411764,21580.886434183765,17
user79012@okhdfcbank,8578.103500000001,18137.997970341676,20
user79015@okicici,20235.804117647058,42655.57484843116,17
user79018@paytm,7841.747272727272,22266.380760408767,11
user7901@paytm,13225.787647058823,41598.21694139944,17
user79021@paytm,9493.559411764707,15552.346634316342,17
user79025@okhdfcbank,5966.374,10116.274428226146,10
user79033@okicici,7427.793076923077,15987.352774185487,13
user79038@axl,29654.0725,64419.0628544767,16
user79040@oksbi,15508.10125,40573.43397268659,16
user79047@okhdfcbank,22950.558823529413,46263.44981099157,17
user79052@axl,17365.715714285714,28722.474203969137,14
user79065@okicici,16431.014375,45111.47844744098,16
user79069@okicici,4921.96,10376.06832523627,8
user79077@paytm,10678.390909090911,26133.682022871733,11
user7907@oksbi,10613.902307692308,33969.707598698915,13
user79082@oksbi,24577.597,58706.431483997665,10
user7908@oksbi,6141.254666666666,11437.925625459406,15
user79097@paytm,33967.11777777778,54760.91297181979,9
user7910@oksbi,18781.674545454545,30309.15297154784,11
user7910@ybl,6086.041818181819,12028.476309276099,11
user79112@axl,6282.518749999999,15879.856476348932,8
user79113@okhdfcbank,8536.245,16444.61804285496,12
user79116@axl,18697.346363636363,45383.77389667309,11
user79131@okhdfcbank,1083.6946153846154,1635.6393366235286,13
user79137@axl,21873.54181818182,29457.63280151235,11
user79170@axl,1837.00875,1608.8885218634412,8
user79177@ybl,5175.236666666667,9923.85074476469,15
user79182@axl,2275.531176470588,5110.607449988067,17
user79187@ybl,22011.76785714286,32283.938535969857,14
user79194@axl,8142.092857142858,15435.8163824441,14
user79199@okicici,23414.673157894737,45881.71813898491,19
user79200@oksbi,11316.580625,32467.93391618331,16
user79209@paytm,20993.909333333333,45782.57935369078,15
user79210@axl,9787.08,29551.80286575525,21
user79210@paytm,8188.892499999999,13332.499424657522,12
user79213@axl,801.8246153846153,1195.654616048014,13
user79218@oksbi,767.7061538461538,981.4780132495622,13
user79222@ybl,5448.39125,9079.562385556503,8
user79229@ybl,17121.23,30720.219075608824,13
user7922@paytm,7698.719999999999,13848.893433752908,10
user79232@axl,8210.567333333332,13283.270785925466,15
user79233@axl,3816.3906666666667,9782.210894102232,15
user79249@okhdfcbank,5165.412,11629.868703826,15
user79250@okicici,2523.3875000000003,4610.477753177834,12
user79257@oksbi,5216.682307692307,8026.822176998352,13
user79257@ybl,18960.92142857143,31456.51262427002,14
user79258@oksbi,14918.963888888888,30259.63553824742,18
user79270@paytm,20475.057142857142,48553.76194471228,7
user79278@ybl,2501.2225,4012.94535178257,16
user79279@oksbi,8125.995454545454,15665.767574327385,11
user79282@paytm,6669.161,9644.875352321045,10
user79287@axl,27344.39125,49436.290281333495,8
user79291@ybl,5191.492,8859.85643158688,15
user7929@oksbi,9558.20090909091,14657.69440424138,11
user79301@oksbi,16846.67882352941,32495.535374274277,17
user79315@axl,4025.2075,6445.780726382698,16
user79322@oksbi,11862.594666666666,18570.88279257184,15
user79339@ybl,1230.15625,1676.2309834518417,8
user79343@paytm,14994.1285,42662.840701448506,20
user79344@okicici,15793.472499999998,27003.235191708256,12
user79345@axl,6100.067777777778,13912.784783447352,18
user79348@okicici,3460.0866666666666,8224.958325323913,12
user79353@axl,27977.913333333334,62426.588765132365,12
user79356@axl,9149.3,12980.58712019949,10
user7937@axl,19591.022727272728,59553.65309314502,11
user79382@paytm,18237.63125,34464.6824501591,16
user79388@axl,16405.92,44448.20974938642,13
user79389@okhdfcbank,6510.121818181819,13171.462739499224,11
user79405@oksbi,10314.280714285716,27064.22705321333,14
user79411@axl,20071.015882352942,50848.56814828529,17
user79413@paytm,1714.0690909090908,2892.783239955785,11
user79413@ybl,15966.562,34197.07399174828,10
user79414@oksbi,7161.898888888889,13553.631619084885,18
user7941@ybl,21192.258823529413,51576.6106645751,17
user79422@paytm,4617.315294117647,11444.297020265769,17
user79424@okicici,2143.6246153846155,2655.8247182831155,13
user79462@oksbi,4128.048235294118,10179.45864440813,17
user79467@oksbi,11321.775,16122.693455016373,10
user79471@oksbi,1972.8977777777775,2083.3044820955583,9
user79477@paytm,16309.212142857143,29616.724432609455,14
user79484@oksbi,14998.196923076923,22132.288772976535,13
user79497@okhdfcbank,16582.936363636363,39305.78684738807,11
user7949@axl,11609.364,27023.815005036842,15
user79506@ybl,7328.698,14016.189296977876,15
user79513@okhdfcbank,6872.107647058823,18914.555634291122,17
user79518@ybl,1985.2844444444445,3627.00535947839,18
user79532@axl,18993.91470588235,30495.446351672555,17
user79533@paytm,5253.169545454545,15716.63123702722,22
user79537@okicici,29815.796499999997,64234.425190906055,20
user79542@okhdfcbank,37299.407,73633.51314963528,10
user79543@axl,3501.527142857143,6324.5833616893015,7
user79545@oksbi,11988.946153846155,17379.016804726296,13
user79553@paytm,12662.115714285714,44717.04500471376,14
user79561@okicici,6542.20625,10670.476536000862,16
user79563@ybl,19548.177,22458.71507428936,10
user79572@oksbi,7084.097500000001,15378.158356435913,20
user79581@oksbi,3997.488888888889,6939.401612041953,18
user79586@oksbi,6539.468,14937.133657879318,10
user79587@axl,18224.425384615384,42271.99099705,13
user79590@ybl,14262.241764705881,36243.754544696596,17
user79592@okicici,8614.01125,23042.664494603592,16
user79603@ybl,16009.732142857143,44895.439832451404,14
user79608@paytm,2544.1264285714287,6095.663454293499,14
user7960@okicici,5654.789230769232,12210.39460694416,13
user79610@okicici,3651.9590000000003,10940.334364692728,10
user79610@oksbi,5070.3983333333335,12489.547791454796,12
user79612@okhdfcbank,4845.720625,8301.259609215515,16
user79616@paytm,13988.43,25029.060064017056,16
user79617@paytm,669.936875,642.7815748004268,16
user79623@axl,12965.063333333334,42225.18358063495,15
user79627@okicici,29305.905000000002,64861.55423069919,18
user79636@oksbi,15612.966666666667,42254.06870817864,15
user79645@axl,18404.74090909091,42806.27519424282,11
user79648@axl,5610.26,11391.739136424187,14
user79653@axl,14940.356470588235,30744.91037345047,34
user79657@paytm,5460.1995,11627.381176694167,20
user79672@okhdfcbank,4552.753571428571,14062.639239422584,14
user79672@okicici,8114.736666666668,14151.000896901249,9
user79672@oksbi,23888.46666666667,64173.746570374846,12
user79678@okicici,14181.032727272728,18922.302449241262,11
user79682@ybl,4785.3724999999995,9896.714428406098,8
user79683@axl,8094.762941176471,16478.293943509354,17
user7968@okhdfcbank,2578.899090909091,4416.694998811792,11
user79692@okicici,11382.847692307694,32012.5322641759,13
user79707@ybl,3781.45625,8522.561142905244,16
user7970@okicici,19450.905,51655.9943147608,8
user79712@okicici,17498.147272727274,23601.557077377794,11
user79714@paytm,20374.505,35126.622683746726,6
user7971@oksbi,4478.603636363637,10630.348017788761,11
user79752@ybl,7290.914117647059,14601.435475353554,17
user79757@okicici,9208.92,16196.125150178668,9
user79768@okicici,3895.567777777778,8327.59557450225,9
user79781@oksbi,4226.910666666667,11801.45300792447,15
user79784@ybl,6416.327272727273,11876.32945109733,11
user79797@okhdfcbank,5200.4141666666665,8961.26352367836,12
user79798@paytm,8244.623636363636,9959.733393518396,11
user7979@paytm,28067.661,46144.94762792454,10
user79812@axl,8491.830714285714,13865.524753038193,14
user79815@okhdfcbank,5264.509166666667,9495.398628228937,12
user79816@okicici,15913.358888888886,46489.06993087198,18
user79824@paytm,7172.773636363636,17466.603109819825,33
user79832@paytm,24407.61666666667,60674.44315028507,9
user79840@okhdfcbank,8388.826666666668,28857.38843702143,15
user79840@paytm,1470.8883333333333,1625.2348937244155,18
user7984@ybl,25305.113333333335,59955.49928956226,9
user79854@axl,12909.316111111111,26806.98439185977,18
user79858@paytm,9062.445714285715,19776.97840411294,14
user79859@ybl,2536.1099999999997,4693.22195712459,12
user79860@paytm,2096.469090909091,3903.2264119403953,11
user79863@paytm,24503.21214285714,56396.29491339114,14
user79894@okhdfcbank,3502.316666666666,11170.50711689112,12
user79915@okhdfcbank,11253.455,39821.74766875245,18
user79916@okicici,6636.182499999999,11940.187990894749,8
user79916@oksbi,8096.042941176471,13833.131434117586,17
user79928@axl,23437.126875,53216.47748905593,16
user79929@oksbi,5451.050000000001,10991.22126229348,14
user79929@paytm,30355.795833333334,63296.22096827589,12
user79931@okhdfcbank,6126.596666666666,12040.131551373554,15
user79933@paytm,21025.787647058823,28425.592622134223,17
user79943@okicici,19373.750909090908,56573.3183574134,11
user79945@paytm,3887.873846153846,8465.312914206163,13
user79946@axl,4821.193529411765,10574.83443471099,17
user79947@okhdfcbank,6079.574,10363.122483074514,10
user79948@okhdfcbank,18165.048235294118,37180.82787722259,17
user79953@axl,6950.95,13725.767499045103,15
user79958@oksbi,38313.426666666666,72465.74567474861,6
user79971@paytm,12951.8732,32982.37246660956,25
user79972@okhdfcbank,4418.628125,9476.14154071105,16
user79975@ybl,4034.864117647059,9904.480198014593,17
user79976@okhdfcbank,3825.559090909091,7675.243211232402,11
user7997@ybl,443.162,510.5097097955685,10
user80003@okhdfcbank,34591.016153846154,62684.760643158916,13
user80012@ybl,36130.450000000004,78742.7946526325,13
user80025@oksbi,2845.3092307692305,8057.611839954464,13
user80026@axl,14654.883846153847,27203.603885218206,13
user80026@okhdfcbank,25283.136363636364,57379.90642501332,11
user80027@ybl,12524.155,36020.33506687826,18
user80052@ybl,28861.461666666666,55363.745288193924,12
user80054@okicici,6122.450833333333,13530.548950580116,12
user80057@okhdfcbank,14706.308749999998,41265.84238496836,16
user80062@ybl,20720.98894736842,41219.88468467398,19
user80063@paytm,14089.175555555556,39129.89387151149,9
user80064@oksbi,27102.191500000004,54584.5592407674,20
user8006@oksbi,10613.568333333335,18963.193586698817,12
user80071@ybl,29787.530000000002,70105.85934292084,13
user80079@ybl,73184.535,173507.73739403844,8
user80082@ybl,5017.07,11375.830595377785,10
user80083@ybl,16359.626666666665,42696.89178539502,12
user8008@ybl,7877.358235294118,22902.060184794573,17
user80096@paytm,3889.502222222223,6153.5405708477665,9
user80099@okicici,10044.01125,17116.29611374113,8
user80104@paytm,27637.56,46693.334445346874,13
user80111@okicici,15558.294285714286,34086.37889482852,14
user80120@oksbi,16014.387499999999,35511.537027465034,12
user80134@okhdfcbank,23504.51375,56102.90246994307,16
user80141@okhdfcbank,9433.594166666668,15975.673912797123,12
user80148@axl,8517.987777777778,12284.273420363308,9
user80151@okhdfcbank,1446.9317647058824,3817.1640706145236,17
user80164@paytm,23632.425,46600.02164120415,10
user8016@okicici,1786.1290000000001,1463.2088689926975,10
user80183@ybl,21761.556666666667,39081.024144359675,12
user80190@ybl,20616.160000000003,52036.394903739034,14
user80198@okhdfcbank,15133.969230769231,41835.77219764832,13
user80211@axl,5730.618333333333,8746.273302459982,12
user80222@okhdfcbank,6533.54,11083.70745811667,10
user80233@ybl,7884.322666666666,17983.729491612474,15
user80235@oksbi,2866.355384615385,7550.928662091411,13
user80239@okicici,3620.7055555555557,6969.209404387471,9
user80239@paytm,7140.704374999999,14162.37565881467,16
user80251@okhdfcbank,7209.382142857144,15221.707990796049,14
user80252@oksbi,2477.6877777777777,4487.013468389906,18
user8025@okicici,11324.127222222221,43579.61538111635,18
user80267@okhdfcbank,9059.9075,16229.060538149255,16
user80273@paytm,24941.676,56401.65507884978,20
user80285@ybl,3734.2680000000005,10537.900416409335,15
user80286@paytm,4218.914615384615,7615.8273540870305,13
user80287@paytm,6654.7429999999995,9549.921916102014,10
user80301@ybl,6455.728888888889,13200.3870225729,9
user80303@okhdfcbank,15558.697857142857,25767.352351313795,14
user80303@paytm,721.5333333333333,870.7652429616147,9
user80305@okicici,4696.949583333334,9154.69993871453,24
user80309@ybl,9977.050625,25772.09470279161,16
user80311@okicici,28161.727777777778,48005.94596522466,9
user80315@ybl,9151.104117647059,25091.986949472797,17
user80322@oksbi,8206.11888888889,16538.9453570553,9
user8032@ybl,9110.084285714287,16599.221346341572,14
user80332@ybl,7260.142,18114.991384701727,10
user80335@oksbi,10432.8525,28409.701425385047,20
user80360@paytm,37334.99411764706,65913.77967196806,17
user80364@oksbi,19494.688000000002,25712.401011365506,5
user80364@ybl,1994.795,3939.8853554444263,12
user80369@ybl,9098.349166666665,17411.212677942734,12
user80376@oksbi,1545.96,1914.1602184639612,5
user80380@paytm,5842.425,10276.857976551275,10
user80390@oksbi,21445.991,46690.711316402696,10
user80397@okicici,12789.429166666669,35644.782998771356,12
user80400@oksbi,6558.31,12950.185814161125,11
user80401@paytm,15491.561538461538,52619.271193156485,13
user80409@oksbi,24742.25142857143,45088.493499634154,14
user80414@paytm,5834.262000000001,10094.440558955432,10
user80415@paytm,8059.541538461538,16495.251893287783,13
user80422@ybl,28292.191176470587,47573.2921472236,17
user80431@okhdfcbank,18564.59153846154,54582.41800262576,13
user80436@okhdfcbank,1323.6153846153845,1460.644793545048,13
user8043@ybl,10367.477499999999,16493.832948547286,12
user80443@okhdfcbank,3760.3764285714283,8709.445839441403,14
user8044@paytm,4122.323333333333,13434.57014488191,15
user80459@axl,19047.91642857143,39876.28892967148,14
user80459@okicici,18633.869444444445,43920.443619075544,18
user8045@ybl,10315.46888888889,31382.12201444111,18
user80464@ybl,1698.951111111111,2495.5951719919003,18
user80465@axl,7534.376000000001,15808.11139433185,10
user80468@okhdfcbank,1951.9916666666668,4073.5875221900437,12
user80472@ybl,8400.317142857142,15852.91022999705,14
user80473@okicici,8554.912,16932.131130323265,10
user80478@okhdfcbank,43860.42166666667,69159.27166193722,12
user80481@oksbi,4573.021333333333,8433.435300949315,15
user80507@oksbi,3319.8118750000003,10773.786364766549,16
user80509@paytm,25719.319473684212,65749.24104734557,19
user80526@okhdfcbank,19554.559166666666,45330.10787506476,12
user80530@axl,8454.88411764706,12807.264650311292,17
user80534@okicici,4954.168571428571,12262.138483152023,14
user80553@paytm,19093.655625,32971.66110391831,16
user80553@ybl,19688.526,37441.58814821123,10
user80557@okhdfcbank,6218.566666666667,13875.92099612885,15
user80558@oksbi,23692.782727272726,46949.32888359197,11
user80561@okhdfcbank,12521.423333333332,33917.72406086913,12
user80563@paytm,18296.298125,47259.5781882876,16
user80569@ybl,2480.561,5108.001683971379,10
user80575@okhdfcbank,9799.478571428572,14885.493376215236,7
user80578@ybl,27005.200833333332,49276.73256847817,12
user80579@paytm,10706.784705882354,16306.137598581598,17
user80599@ybl,12292.666666666666,22285.39182180533,12
user80605@okicici,3936.417777777778,10077.729732351401,9
user80622@ybl,18912.0975,41912.81734651345,20
user80623@okicici,6449.184166666667,10291.517040735722,12
user80634@okicici,1512.14625,1905.5881607145222,8
user80646@okicici,16476.185333333335,49245.234899086274,15
user80650@axl,1383.6353846153845,1556.320654372653,13
user80655@okicici,6753.935882352941,14434.302271317558,17
user8065@axl,20687.003529411766,42715.169232502456,17
user80671@ybl,15912.255625,46824.31691378088,16
user80674@axl,15132.313571428573,17120.827230099967,14
user80675@axl,9626.107692307693,16759.18984888597,13
user80676@okicici,13160.449999999999,22448.641753243217,12
user80693@paytm,5954.485,13139.091120706425,18
user80698@paytm,8186.483749999999,14802.215741239492,8
user8069@oksbi,15392.422727272728,43529.16915489085,11
user80702@okicici,22738.31375,50097.09125890871,8
user80703@paytm,1372.0216666666668,1297.0107926060855,6
user80714@okhdfcbank,3657.6814285714286,7367.73222881511,14
user80720@paytm,14934.141666666668,43099.06304914082,12
user80731@paytm,11746.004166666668,36110.10556377788,24
user80732@oksbi,19683.506666666664,51547.313778507225,15
user80737@ybl,3504.9755555555557,8936.49159264432,18
user80747@oksbi,15100.607142857143,29052.493067580122,14
user80751@oksbi,4806.7119999999995,10450.74712760029,15
user80762@ybl,7867.624615384616,11746.521909230278,13
user80767@axl,817.600909090909,1476.5469295451096,11
user80768@paytm,39983.219,63317.657059432655,10
user80782@ybl,10753.993636363635,16281.7152577634,11
user80788@okhdfcbank,4826.077333333334,8922.056866147168,15
user80790@okicici,2803.32625,7471.112890143275,16
user80795@axl,3989.5223076923075,12322.363752304964,13
user80803@ybl,12408.918666666666,26480.541655345958,15
user80810@okicici,6728.710952380952,13991.275470102753,21
user80818@okicici,7433.131333333334,23016.194318891416,15
user80823@oksbi,20605.42272727273,48153.07202005191,22
user80830@paytm,5367.416923076923,11214.15998502443,13
user80832@okhdfcbank,8732.07705882353,15609.953146079095,17
user80834@okicici,11302.068235294118,16821.581078884665,17
user8083@okhdfcbank,1080.7913333333333,1517.249285868846,15
user80854@paytm,8734.444,16808.00264310758,15
user80866@okicici,14950.589999999998,50643.69923856973,14
user8086@paytm,3122.5941666666663,4056.1166599245416,12
user80872@okhdfcbank,15288.270588235293,46526.64918978215,17
user80876@ybl,11755.027499999998,19923.243656501712,8
user80878@paytm,16640.43545454545,45611.29662726665,11
user80888@axl,7912.983076923077,11295.351385804239,13
user80905@okicici,10158.195833333333,14949.67363679127,12
user80909@oksbi,7006.528125,11552.198104572837,16
user80910@okicici,13953.863076923075,27504.761776383184,13
user80915@oksbi,11116.425263157895,24132.437673896147,19
user80930@oksbi,16051.381,42799.05619463575,20
user80943@axl,3314.8181250000002,7422.303868887988,16
user80944@axl,5033.33,10904.93484436879,15
user80955@okhdfcbank,8842.288,15012.747570713029,25
user80971@oksbi,6877.147333333332,12978.41395381658,15
user80973@okicici,13336.462222222222,20134.188891797192,9
user80980@ybl,4778.749,12216.410208563679,10
user80991@okhdfcbank,8979.340714285714,16792.76484911031,14
user80993@okhdfcbank,10015.823076923076,17525.67612553858,13
user8099@okhdfcbank,6520.23,10221.89661412271,16
user81018@axl,20112.571176470585,43014.25380159028,17
user81021@paytm,8191.035294117647,15396.191189418862,17
user81032@ybl,11955.457692307691,18238.027026421176,13
user81038@okhdfcbank,16481.14375,39315.63907831367,16
user81052@oksbi,3749.8142857142857,9498.784347033949,14
user81055@axl,7793.656153846155,13474.671293421557,13
user81059@okhdfcbank,13451.148125,25556.613660375588,16
user81070@okicici,14010.862142857144,37064.88858706687,14
user81072@axl,5807.421249999999,10892.05104631871,8
user81072@paytm,8256.227894736843,24406.5156090105,19
user81073@paytm,3855.960909090909,7422.821200967264,11
user81077@axl,25192.929375000003,59377.509334313596,16
user81077@okhdfcbank,15152.543,18168.474536361085,10
user81083@axl,4288.816666666667,11836.585936792793,15
user81097@oksbi,21364.9975,30185.921727034554,12
user81098@oksbi,7354.511538461538,14676.204092846945,13
user81102@oksbi,704.9433333333333,1004.0034561444496,9
user81103@okicici,1939.4875000000002,1829.5120410313161,8
user8111@oksbi,8449.191176470587,14406.651190073148,17
user81122@oksbi,36921.92866666667,67839.97400968231,15
user81135@paytm,15936.19076923077,39614.80673573297,13
user81141@ybl,7535.7970000000005,14668.10430783523,10
user81146@oksbi,21922.613076923073,40327.90509915857,13
user8114@okicici,38040.972,66738.20976480428,10
user81152@paytm,5141.703333333334,9155.27392016142,12
user81158@ybl,11735.496666666666,18504.962468095036,12
user81165@ybl,8483.50888888889,15962.494230324772,18
user81171@paytm,3989.703,8918.1841243172,10
user81199@oksbi,22254.994761904763,41526.50131890509,21
user81201@paytm,6784.775294117647,12936.098562486448,17
user81205@ybl,12406.424166666666,20181.52700983814,12
user81206@paytm,2808.7714285714283,4016.8906234814494,14
user81210@oksbi,1621.0529411764705,3083.58274306602,17
user81212@oksbi,23989.282142857144,49269.36936228293,14
user81219@axl,1502.422857142857,1596.7850740651174,7
user81219@okhdfcbank,27930.21777777778,61927.44002484315,9
user81224@paytm,16237.473571428569,35788.53906657089,14
user81249@okicici,4538.92,11752.235985802872,10
user81257@ybl,6499.865000000001,16683.694286271595,8
user81268@paytm,35866.42333333333,58293.45774659659,12
user81274@axl,20885.325833333332,48796.70856886866,12
user81280@ybl,7799.12,12116.86053807485,10
user81308@axl,21287.18375,33418.76338281233,8
user8130@ybl,11388.767333333333,35392.25922027654,15
user81317@okicici,6513.22,13095.975716558685,20
user81354@okicici,11175.02611111111,40751.07757394573,18
user81356@axl,16849.41375,41897.815723787455,16
user81356@ybl,13550.295,29151.330639674583,6
user81357@okicici,5977.895454545455,9528.014441538555,11
user8135@axl,5584.99,9010.866938457328,13
user81360@oksbi,48368.95166666667,142901.9110325087,12
user81373@okicici,7816.913333333334,20619.865511055108,9
user81378@paytm,7083.995384615385,15279.333867293657,13
user81388@axl,9787.108461538463,15605.647134311052,13
user81391@paytm,17205.37625,36638.089498379355,8
user81395@okhdfcbank,22265.888125,52318.5779267712,16
user81399@ybl,3395.637142857143,7153.822798026042,7
user81402@okhdfcbank,20591.912666666667,45074.295204045455,15
user81404@oksbi,23135.33842105263,51367.42182617622,19
user81409@ybl,2359.843043478261,7066.338577581253,23
user8140@oksbi,27713.545833333334,61328.433694636944,12
user81428@paytm,12641.648823529411,19214.836883985605,17
user81435@okicici,6911.641818181818,14313.889932058872,11
user81437@okicici,31688.999166666665,65094.49196296516,12
user81440@okicici,15535.703333333335,42790.6179943881,9
user8145@oksbi,12127.738181818182,31665.68846980618,11
user8151@paytm,15241.79947368421,39946.278175909705,19
user81522@paytm,12204.862222222222,33782.38798963736,9
user81532@okhdfcbank,5396.629333333333,10313.71883517806,15
user81559@okicici,12134.97956521739,30580.90197420226,23
user81578@okhdfcbank,9358.465624999999,17707.223494312508,16
user81583@ybl,8997.557777777778,14748.199881518403,9
user81602@oksbi,2308.0170000000003,5529.240398663416,20
user81618@paytm,1595.455,3220.708008067481,6
user81623@okicici,22736.64947368421,47451.92655058457,19
user81632@oksbi,7910.0230769230775,9968.550131528142,13
user81636@paytm,5143.136923076923,5421.240878907683,13
user81639@okhdfcbank,7995.359999999999,16672.260379199488,9
user81642@paytm,28854.402352941175,55781.77369735595,17
user81650@okicici,5793.4345454545455,9350.027742563509,11
user81664@okhdfcbank,12821.810909090907,29040.54691278298,11
user81674@okicici,15929.134,35970.076968168534,15
user81685@paytm,23435.858,52130.02963790684,15
user81688@ybl,11846.16818181818,23761.75221185122,11
user81691@oksbi,15387.734285714285,25216.55898198969,14
user81702@ybl,2677.2650000000003,3974.160931996282,10
user81703@axl,16646.1875,56723.04830632448,12
user8170@axl,2359.1709090909094,5131.101109187879,11
user81719@oksbi,1634.0353846153848,3666.311009474454,13
user81720@axl,14736.99,34568.779323598166,15
user81720@ybl,2293.1445,3923.4319048512875,20
user81722@okicici,380.24000000000007,377.9498974290993,7
user81729@ybl,2136.1870000000004,1920.939533856921,10
user81730@ybl,13924.556470588237,38303.164522012725,17
user81731@okhdfcbank,6706.866666666666,12169.11591627708,18
user81738@axl,2070.8355555555554,3654.039226226612,9
user81738@okhdfcbank,16121.561428571427,26949.462245244795,14
user81739@paytm,15235.984,46666.708539333005,20
user81742@oksbi,3899.4699999999993,6186.210226693723,9
user81758@okicici,16386.030952380952,40618.24749725139,21
user81758@ybl,2799.031176470588,5911.224040269582,17
user81764@okicici,2088.333,1787.6540809368012,10
user81765@okhdfcbank,4814.835454545455,12638.544659382556,11
user81769@oksbi,5945.017142857142,9307.302866925707,14
user8176@paytm,3621.0449999999996,9890.711838361618,16
user81770@oksbi,30019.629090909093,52113.966196163616,22
user81771@paytm,3472.6106666666665,11813.369619992587,15
user81781@axl,3397.0836363636363,6745.363619330352,11
user81792@ybl,16932.604444444445,41443.02698457958,18
user81797@okicici,6023.621578947368,13403.677656463155,19
user81807@ybl,22331.35,37507.04364553657,15
user81811@paytm,25746.124,50421.31273996043,15
user81818@axl,20294.709166666664,37721.00593550218,24
user81820@okicici,25080.528499999997,54311.28346030406,20
user81840@paytm,11205.17705882353,17944.218006099753,17
user81846@ybl,11988.366190476188,35900.76140555454,21
user81857@paytm,10965.63357142857,37076.88330746897,14
user81859@axl,7232.959375,13270.89960251601,16
user81863@okhdfcbank,10512.23105263158,14274.712966185227,19
user81865@okicici,931.0541176470588,1184.0059766849724,17
user81879@okhdfcbank,8136.008461538461,12148.667525829629,13
user81879@paytm,16942.331666666665,43407.19154096092,12
user81885@oksbi,6471.32625,14504.601656429762,16
user81896@axl,11013.80153846154,23566.633535900866,13
user8189@ybl,11767.398333333333,33591.05387733109,12
user81903@axl,7990.745384615385,13798.934741937883,13
user81905@axl,6372.967368421053,13885.781451845241,19
user81907@paytm,12227.49625,35475.21622314596,16
user81908@ybl,23402.238,50120.095284877905,10
user81909@oksbi,3818.1784615384613,5797.2676587363785,13
user8190@paytm,3638.168,10440.227928163042,10
user81910@ybl,1840.018,1871.856260701897,10
user8194@okhdfcbank,12777.480555555556,17627.763284089997,18
user81960@ybl,6998.37,13300.124131770692,12
user81974@ybl,23231.624285714286,37576.28928714217,14
user81981@oksbi,28655.001200000002,64682.94354740921,25
user81983@okhdfcbank,9049.994705882353,14418.589881125736,17
user81986@okhdfcbank,1500.03,2672.839659148425,13
user81992@okicici,5189.063749999999,12989.02893984862,16
user82006@oksbi,2179.800714285714,5185.714082407944,14
user82007@oksbi,4137.630833333334,10523.68167414156,12
user82010@oksbi,29495.248000000003,49142.43209483516,10
user82015@oksbi,5980.413076923077,10773.656031747365,13
user82029@axl,1303.8107692307692,1543.8741135827834,13
user82029@okicici,1379.1357142857144,1556.9325339106542,14
user82040@oksbi,23677.73,46811.047795623446,15
user82050@okhdfcbank,3549.7400000000002,8769.8172472052,10
user82051@paytm,15205.115833333335,31623.269218675745,12
user82060@paytm,5684.828333333333,20926.822160277872,18
user82061@oksbi,6344.814117647059,13143.892361505808,17
user82067@oksbi,36494.3225,71338.01188986328,12
user82072@okicici,14037.079000000002,25134.936276499226,10
user8207@okhdfcbank,28061.291538461537,57859.6856152033,13
user82081@axl,9645.828636363636,24893.69383488523,22
user82099@ybl,11639.847692307694,21316.444531961373,13
user82103@ybl,19135.467142857142,50999.17472092079,14
user82110@okicici,15599.510666666667,48335.33169519469,15
user8211@axl,984.76,1579.607953962328,20
user82121@okhdfcbank,24880.702142857142,47421.70226915848,14
user82131@okhdfcbank,7557.411428571429,15900.334163227204,14
user82132@oksbi,28294.184285714284,49118.52871145262,7
user82132@ybl,5919.886111111111,12911.678668775317,18
user8213@okhdfcbank,9996.511666666667,26045.365074783313,12
user82144@okicici,16057.150714285715,43914.37785828332,14
user82144@ybl,5106.9220000000005,8978.126445119033,15
user82147@paytm,9698.51625,15604.463582945873,8
user82149@okhdfcbank,11929.823999999999,29095.798550981817,10
user8214@okhdfcbank,608.6911111111111,682.3661703302057,9
user82159@okicici,9129.557857142856,21333.42563827016,14
user82163@okhdfcbank,7023.732000000001,12423.038465366444,15
user82171@okicici,905.4392857142857,1364.361259099004,14
user82182@okhdfcbank,2873.0037500000003,5379.358041289407,16
user82187@oksbi,1974.2414285714287,1558.7863628914206,14
user82196@oksbi,7384.936923076923,14328.540293509423,13
user82199@axl,10193.966666666665,25653.972423525487,12
user8219@ybl,3170.9407692307695,7365.05123099342,13
user82214@axl,5189.3933333333325,11228.546795906701,15
user82218@okhdfcbank,34819.237499999996,56378.37514376937,8
user82219@okicici,24116.23,36214.65116913369,12
user82238@ybl,16880.569375,38459.478793062095,16
user82244@axl,4611.5,8074.111952858278,10
user82253@okicici,1320.274,1261.2596727892494,10
user82257@axl,9165.441333333332,18066.58646460123,15
user82258@ybl,4268.11,10763.556791246408,16
user82264@okicici,33800.39,64203.1978799406,22
user82268@okicici,13941.592857142858,21985.62949178655,14
user8227@paytm,2279.408181818182,4303.48238400442,11
user82297@okicici,1614.9142857142856,1590.8009497614416,7
user82301@oksbi,6408.563571428572,8211.01197408569,14
user82304@ybl,20430.202666666664,40133.42125615302,15
user82311@paytm,26665.556428571428,42050.19228923575,14
user82317@paytm,15834.339047619047,41623.54128371719,21
user82326@paytm,6412.3677777777775,10807.913799007163,9
user8232@ybl,19191.605,46645.82347257829,12
user82335@paytm,10796.51,38215.584354166866,15
user8233@ybl,26562.244615384614,51275.14945731292,13
user82348@ybl,34247.090588235296,62517.33865650367,17
user8235@okhdfcbank,18543.19842105263,46015.43781455273,19
user82371@okhdfcbank,14516.329999999998,24727.246175009055,11
user82371@paytm,8795.699999999999,26951.212439142928,17
user82383@ybl,21798.184285714287,48721.84286234362,14
user82384@okhdfcbank,10738.734999999999,11866.536516350085,6
user82395@okicici,1554.2636363636366,1938.2269651837616,11
user82397@okicici,2009.3785714285714,2358.3718233328073,14
user8239@axl,2815.2414285714285,7523.806612324598,14
user8239@ybl,8508.733333333332,15151.004677691342,9
user82406@okicici,15931.016363636365,35018.92236002966,11
user82412@paytm,10511.792307692309,17539.278484400926,13
user82417@okicici,47088.59071428572,68769.47567720697,14
user82418@axl,3062.723870967742,9086.454656298274,31
user82422@paytm,4139.687037037037,11144.124965297535,27
user82423@okicici,24533.429375,51677.28934888665,16
user82426@okhdfcbank,9897.620714285715,16076.28636644118,14
user82434@okhdfcbank,11042.153,14886.849824892102,10
user82437@axl,42399.75769230769,59403.35577346201,13
user82441@okhdfcbank,17154.634666666665,46137.61926790604,15
user82442@ybl,14637.175999999998,32540.021630717798,10
user82447@okicici,1948.6035714285715,2517.9921373941124,14
user82449@okicici,26696.2975,54935.31573692907,16
user8244@okicici,4349.763571428572,8016.137331852357,14
user82455@axl,5110.767142857143,9116.014791284832,7
user82462@ybl,12546.785454545456,16099.75690634636,11
user82463@okhdfcbank,8866.536666666665,15281.284608534794,12
user82470@ybl,7305.469999999999,18162.55228899348,10
user82471@axl,8201.883076923077,14419.10285027897,13
user82481@okhdfcbank,8568.494,12279.021079902639,10
user82486@paytm,4579.859166666666,12592.963984793947,12
user82490@paytm,11101.062142857143,28394.87529014866,14
user82494@axl,1131.12625,1804.0678560008093,8
user82494@paytm,7264.875,19227.15591913285,12
user82502@oksbi,6987.735384615385,15318.859961733779,13
user82515@okhdfcbank,5384.831428571429,13157.034537211373,21
user82531@okhdfcbank,5548.798181818182,14948.79573424951,11
user82532@paytm,7807.1762499999995,15073.847540367775,16
user82533@ybl,2960.1925,4099.806376549124,8
user82537@axl,5267.1884615384615,9739.27387401036,13
user8253@paytm,3277.2063157894736,5807.226574551755,19
user82541@oksbi,57027.37444444444,145142.71211872128,9
user82542@okhdfcbank,3008.562222222222,4673.895976334351,9
user82552@axl,27555.83,48755.31429820241,11
user82554@axl,5080.397272727273,9286.399367368487,11
user82556@axl,25682.59153846154,49888.029372916855,13
user82557@paytm,6443.476428571428,21836.163947668803,14
user82570@paytm,10894.8625,31364.34674493646,16
user82571@axl,2091.1989999999996,1762.6686922356614,10
user82574@ybl,3676.3666666666663,8594.743210773277,21
user82578@okicici,10713.770909090908,33534.2523931226,11
user82580@okicici,3423.3566666666666,6484.223792235139,18
user82588@okhdfcbank,3695.5654545454545,8697.946070867954,11
user82614@oksbi,24362.176363636365,49612.93811107633,22
user82623@ybl,26345.952,61903.72669688471,10
user82638@okhdfcbank,1680.9343749999998,2112.0488930040383,16
user8263@paytm,36843.534999999996,64086.94690883745,14
user82641@okhdfcbank,21125.558125,47360.733373815376,16
user82653@okicici,15689.549411764707,46788.418793823126,17
user8265@okicici,26743.74875,61565.7874671793,16
user82678@okicici,4893.032,10795.806015964321,15
user82685@axl,18253.719375,36023.09660518715,16
user82686@okhdfcbank,19486.985999999997,22841.828921091892,5
user82701@okhdfcbank,8704.876,8076.660685678208,5
user82709@ybl,5797.493636363636,13239.82082937324,11
user82718@axl,1786.1884210526316,2362.4769270978277,19
user82720@axl,21633.119411764706,49486.30755028701,17
user82720@okhdfcbank,2083.305,4497.957234643502,12
user82730@ybl,3761.281363636364,7500.9599522024955,22
user82731@okicici,8477.2105,25255.19333968998,20
user82734@okhdfcbank,8052.134615384615,14299.255666232313,13
user8273@ybl,6194.497058823529,13219.153477551408,17
user82741@ybl,10615.085555555554,17194.21931474217,9
user8274@okicici,6368.166666666667,16967.79484723732,12
user82754@okicici,7089.203684210526,12555.076114578877,19
user82768@okhdfcbank,10065.966250000001,16152.653406822705,8
user82780@axl,4500.071333333334,9357.721110858032,15
user82782@okhdfcbank,1047.8542857142859,1315.9875745469274,7
user82787@okhdfcbank,1188.9166666666667,1500.6374184159208,9
user82788@oksbi,19274.405384615384,35155.25525261517,13
user82816@okhdfcbank,24971.61,30708.382413250296,11
user82818@axl,11902.76,40742.67982645398,21
user82835@okhdfcbank,18671.345,35813.21851025486,18
user82837@ybl,1364.4915384615383,1655.6987444321212,13
user8283@ybl,10746.95,23755.728775316842,13
user82845@okicici,6297.659000000001,17732.69742678163,10
user82867@oksbi,21084.413636363635,46509.26823162783,11
user82871@oksbi,21404.68,34678.681880695476,14
user8287@okhdfcbank,5849.931333333333,14207.81254599478,15
user82882@okicici,23121.09,45132.19595195962,11
user82889@okhdfcbank,8480.16923076923,12487.913908379214,13
user82899@okicici,3092.9680000000003,5957.444671820533,15
user82905@oksbi,18319.40090909091,51042.8211381958,11
user82906@paytm,13580.640416666667,37986.347320151806,24
user82912@oksbi,14450.469375,48002.00931595016,16
user82914@axl,14145.151333333333,51086.70956260428,15
user82926@okhdfcbank,1436.18,1508.0631629887512,12
user82929@paytm,17550.448888888888,44227.97634421346,18
user82931@oksbi,3531.0725,8009.155282537186,16
user82932@paytm,10303.766923076922,15359.873547736532,13
user82938@okicici,7802.142727272727,14211.761593757537,11
user82941@okhdfcbank,3542.8089999999997,4448.587442267364,10
user82942@oksbi,19436.563,54506.72923908346,10
user82943@oksbi,2602.5175,5395.3820155914,20
user82948@okicici,3111.3400000000006,5862.780323776425,11
user82958@oksbi,3837.181578947368,10642.16008211327,19
user8295@ybl,4176.648999999999,8762.289188161136,10
user8296@okicici,4000.885,8963.60034244531,8
user82972@oksbi,14039.487142857144,32851.94973842928,14
user82974@oksbi,33251.02166666667,57033.45670188154,12
user82976@ybl,7077.623529411764,18562.552938315064,17
user82982@ybl,6762.476842105263,11236.329884304874,19
user82991@okicici,1069.48125,1256.7614767947643,8
user82994@oksbi,8944.94,12835.85688990026,13
user83001@ybl,9283.627272727272,15968.30197814413,22
user83011@paytm,6779.6275,12280.482785090053,12
user83015@paytm,4363.8969230769235,12940.106737411008,13
user83016@oksbi,8155.958571428572,18110.701732744332,14
user83018@okicici,8503.21294117647,18310.690858346854,17
user83018@oksbi,15071.26818181818,36133.2864899142,11
user83020@oksbi,3728.027777777778,8436.089050507613,9
user83027@okicici,15847.004000000003,28824.458686715745,15
user83035@paytm,13577.450909090909,37412.78098912976,11
user83050@ybl,5336.552,12695.408174237195,15
user83062@okhdfcbank,4375.403888888889,11375.534182113171,18
user83063@axl,9077.189999999999,23605.556119120673,19
user83074@okicici,20531.412999999997,60735.15128041733,10
user83093@paytm,4088.056842105263,10931.217361911533,19
user83094@okicici,9358.153,13793.047106887705,10
user83103@ybl,6623.748333333333,11454.042773383819,12
user83104@okicici,13907.426666666666,24806.831699366183,12
user8310@axl,10867.391538461537,37635.210021375126,13
user83143@okicici,1571.4991666666665,1800.1148590195235,12
user8314@okhdfcbank,4453.496923076924,11870.009885446168,13
user83152@okicici,25897.703333333327,42978.96501471713,12
user83152@ybl,20395.359230769234,43750.58316277252,13
user83180@ybl,6562.5377777777785,11430.258042442876,18
user83189@axl,1621.7476470588235,1740.8689234744577,17
user83190@oksbi,1572.941,1626.597574512516,10
user83190@paytm,4241.568461538462,10819.044836929803,13
user83197@ybl,16023.07736842105,38000.879336753926,19
user83203@axl,30239.21588235294,58295.36490204422,17
user83205@paytm,10402.7575,16884.160951379105,12
user83208@paytm,12133.463333333335,34032.308430796955,21
user83212@okicici,1958.7866666666669,3151.508411124214,6
user83214@axl,6038.409199999999,12553.03436642177,25
user83215@okhdfcbank,19679.226000000002,45085.03467099521,15
user83227@oksbi,18523.668235294117,47867.42804870986,17
user83234@okicici,14530.10588235294,39946.32559792454,17
user83238@okhdfcbank,13733.927692307692,26478.42441084664,13
user83249@paytm,706.847,1076.5212494166362,10
user83256@ybl,18567.186153846153,52439.00750206083,13
user83263@okhdfcbank,821.2674999999999,1437.0869973967015,16
user83269@ybl,2799.763333333334,6817.891934134284,12
user83279@paytm,16295.208571428573,43261.899158851054,14
user83289@axl,1827.7929411764705,3513.0849039550776,17
user83291@okhdfcbank,3437.943333333333,6360.0151311945265,21
user83302@okhdfcbank,8674.998749999999,12931.126125072278,8
user83310@oksbi,8164.2699999999995,12522.360142799891,13
user83315@oksbi,7436.179999999999,11360.73085832635,15
user83324@ybl,3089.076666666667,6222.42696318115,15
user83325@paytm,11300.766363636363,26083.104009983654,11
user83335@ybl,1525.908888888889,1897.15752508486,9
user83336@oksbi,15696.99923076923,22066.486607525243,13
user83357@axl,8250.144,15049.13237564744,10
user83368@paytm,5243.274615384616,10934.68536401758,13
user83379@paytm,7454.221538461537,13921.310591196652,13
user83384@axl,7611.25,11948.984290384267,9
user83384@oksbi,7778.271578947369,15839.04540627765,19
user83386@oksbi,24565.370000000003,52143.115302602,14
user8338@oksbi,7050.890833333334,20731.36078551327,12
user83399@oksbi,5471.997692307692,12904.402060697577,13
user83409@okicici,7670.385333333334,12094.956942589673,15
user83410@oksbi,2654.5975,2412.724108002346,8
user83413@paytm,15899.371764705882,38706.251133559366,17
user83421@okicici,20644.53,53097.01197483733,11
user83428@ybl,13294.18166666667,38987.52312773078,12
user8345@ybl,8419.899374999999,24068.24443276783,16
user83464@okhdfcbank,7107.3133333333335,12720.013202023416,9
user83476@okicici,26509.019999999997,62864.16231486549,14
user83476@paytm,8039.380909090909,19915.330878463687,11
user8347@oksbi,14550.309444444445,39911.66749500444,18
user83494@okhdfcbank,17025.78818181818,42602.9157507241,11
user83495@axl,17486.989333333335,41946.65676982075,15
user8349@okhdfcbank,1688.51375,1986.9992131419647,8
user83501@oksbi,9514.173076923076,16895.891189585305,13
user83503@okhdfcbank,7072.433500000001,8910.624584606423,20
user83508@okicici,14296.763076923078,37102.395060865994,13
user83522@okhdfcbank,5590.06,11027.607574117106,17
user83524@oksbi,13460.596923076924,34038.974831737214,13
user8352@oksbi,15598.95,53636.939605196225,13
user83533@okhdfcbank,9945.421666666667,29039.965338317917,12
user83534@paytm,4763.215,8222.575838102957,12
user83542@ybl,5360.014444444444,12824.054835150728,9
user83543@axl,16655.258333333335,28132.54403411977,12
user8354@ybl,6583.857142857143,12720.139614883545,14
user83558@paytm,5805.339375,13159.980317796057,16
user83565@okicici,14135.963571428572,46357.139201394384,14
user83566@oksbi,811.48125,1442.7000792109764,8
user83569@paytm,6514.94,12716.098553752248,11
user8357@okicici,9613.259166666667,16126.98772274287,12
user83594@axl,7406.168571428572,16190.965269703707,14
user83597@okhdfcbank,16613.754705882355,48076.609962811846,17
user83600@oksbi,36658.338,72479.28172991381,10
user83606@ybl,5420.524545454545,12074.834175679898,11
user83612@oksbi,16408.185833333333,38804.76564918996,12
user83617@axl,4660.840000000001,12134.050684094296,14
user83630@axl,15952.735909090909,35904.62389296128,22
user83636@okicici,17322.58583333333,39674.54561518012,12
user83637@paytm,733.3520000000001,976.0228551376814,10
user83641@ybl,8988.088571428572,17193.581000180027,14
user83643@okicici,1987.1333333333334,3158.9940095107813,9
user83643@ybl,29235.394285714283,50523.01009681392,7
user83665@oksbi,6025.471176470588,11707.618786649617,17
user83666@ybl,16993.30166666667,56657.405068824104,12
user83667@ybl,31774.74615384615,73506.61737213068,13
user83674@axl,5072.910476190476,8920.884504605738,21
user8367@paytm,26987.786875,52492.649877369906,16
user83681@oksbi,13831.358888888886,26164.16555223644,9
user8368@paytm,43749.29777777778,63810.48126433223,9
user8370@axl,1568.9630769230769,2559.8348751543354,13
user83711@okhdfcbank,10061.350999999999,15735.963928645442,20
user8371@ybl,21249.732500000002,24541.265184944437,12
user83722@oksbi,6173.6507142857145,11852.068903367082,14
user83733@oksbi,4842.803333333333,10167.063034510762,12
user83735@oksbi,1219.2925,1800.4180502483307,16
user83736@axl,7562.817368421052,14379.047520082377,19
user8373@oksbi,8787.955789473684,17100.146953123698,19
user83742@axl,13353.45,27778.970749646214,15
user83745@okicici,19149.224,35543.813418695325,15
user83750@axl,6382.007692307693,18804.640664956503,13
user83768@oksbi,17495.8385,37483.06002836667,20
user8377@ybl,32548.594166666666,74393.64561280517,12
user83790@okicici,15066.65375,43196.91705744735,16
user83793@ybl,4844.488666666667,12524.172949875694,15
user83797@okicici,2817.476666666667,6445.248317702151,12
user83798@paytm,26483.43333333333,60405.19593459374,12
user83799@ybl,3330.5080000000003,7752.888789662488,15
user83800@paytm,8577.576428571429,28230.77011732373,14
user83806@okhdfcbank,1446.1876923076925,1605.5995398145094,13
user83806@okicici,15425.375555555556,27599.487802188778,18
user83809@ybl,4114.93625,9508.519983824242,16
user83811@paytm,8154.244545454546,16470.654448190795,11
user83821@ybl,3306.0316666666663,8938.405796850957,12
user83824@ybl,161.6142857142857,126.60648046303986,7
user8382@axl,23394.63636363636,50056.552468590016,11
user83838@oksbi,6840.2339999999995,12641.381581485291,10
user83839@okicici,3215.6981818181816,8014.856052593606,11
user83844@okhdfcbank,6040.718666666667,13494.832605455142,15
user83844@okicici,16949.286666666667,25410.529849383045,6
user83848@ybl,5534.636,12588.151121986988,10
user83856@axl,8234.709230769231,13372.367263824595,13
user83861@oksbi,17332.024166666666,35153.6546163901,12
user83862@oksbi,7792.283846153845,14356.261469468956,13
user83867@oksbi,5027.786153846154,7488.435668536451,13
user83870@okicici,4664.084615384615,9721.6400689558,13
user83873@ybl,9489.924,25824.626373789808,15
user83879@ybl,5303.198695652173,12871.336279616638,23
user83886@paytm,6261.260666666667,19086.31369349269,15
user83895@axl,20201.982941176473,37125.243883733405,17
user83896@oksbi,5739.88090909091,11580.453285797976,11
user83909@ybl,3112.5983333333334,6102.301432043834,12
user83912@axl,672.92,926.0593570608743,12
user83912@oksbi,16994.077333333335,26592.787806298013,15
user83916@ybl,12412.92,39131.48608510387,14
user83928@okicici,6433.122631578947,11899.167604758857,19
user8392@oksbi,4498.693636363636,13074.58468154172,11
user83936@paytm,22956.402307692308,44597.233046733425,13
user83948@okhdfcbank,12004.462,18455.265533696336,10
user83948@oksbi,5747.715714285713,12662.815310090902,14
user8394@axl,27744.336,70165.11570418454,20
user83956@ybl,8005.5599999999995,25843.320536858908,13
user83966@paytm,5923.8533333333335,12226.555313204413,18
user83970@okhdfcbank,11451.256521739131,31383.924050074023,23
user83970@okicici,7604.683571428571,19664.576258317746,14
user83970@ybl,4037.440769230769,7311.599963306551,13
user83985@oksbi,6315.161538461539,12516.103063525035,13
user83986@okhdfcbank,6104.212142857143,17382.01923049536,14
user83987@oksbi,1847.4407142857144,2377.0063267494984,14
user83989@paytm,15066.217142857146,39027.47050088939,14
user83994@okhdfcbank,5105.429999999999,14001.387663486656,12
user83999@okhdfcbank,21256.726923076923,34535.24891789532,13
user8399@paytm,5912.9295,11313.95481006879,20
user84008@okicici,11091.194736842104,29179.683622985656,19
user8400@paytm,6841.121578947368,12700.162798297011,19
user84014@okicici,16203.935999999998,39173.76852719125,10
user84021@axl,18381.91727272727,23242.796999318343,11
user84024@oksbi,12879.236428571428,44533.19119614468,14
user84028@axl,7234.942999999999,9218.888841906237,10
user84029@axl,5498.0881818181815,10938.327777723194,22
user84030@okicici,20332.87,45876.7762317323,17
user84038@okhdfcbank,18214.73,42269.6958529583,9
user84038@ybl,7721.711428571429,11649.00306855688,7
user84042@ybl,13423.52117647059,46012.41249145332,17
user84049@ybl,4078.0020000000004,9647.365883455557,10
user84053@axl,1440.1333333333332,1713.5422597772208,12
user84055@okhdfcbank,5847.445,16163.734548145712,14
user84071@axl,33193.89857142857,45170.220898280364,14
user84087@okicici,7979.482777777778,19536.33246626934,18
user84096@oksbi,5189.501111111111,12852.12639716771,18
user84104@okicici,6765.397272727274,13901.877214370073,11
user84104@oksbi,4049.543529411765,13486.664083063657,17
user84106@axl,8278.855789473684,30644.714384532814,19
user84106@okhdfcbank,7677.820000000001,10572.92861196698,9
user84106@oksbi,1844.730909090909,1689.7924805102816,11
user84108@okicici,21634.840625,46952.459040959075,16
user8410@paytm,6137.53625,8513.569761609886,8
user84111@oksbi,25138.960625,47199.08505836449,16
user84122@okicici,32540.782666666666,38897.987818047215,15
user84123@okicici,6376.3422222222225,11782.899789526322,9
user84127@axl,1157.8229999999999,2859.9362992519414,10
user84136@ybl,13493.735333333334,29544.882806578935,15
user84151@okhdfcbank,9241.925294117647,21529.90771721866,17
user8415@okhdfcbank,5039.233571428571,6943.599201392501,14
user84161@oksbi,15683.162352941177,38511.08349019239,17
user84163@axl,5772.53052631579,10705.154247141094,19
user84168@ybl,12828.3275,36553.071565565675,12
user84178@paytm,25938.499375,60200.78634749333,16
user84184@okicici,11219.17,25641.109005336795,12
user84186@axl,20015.009,42657.55134644102,20
user84194@axl,917.1353333333334,1564.7692017303414,15
user84203@paytm,22588.252500000002,45156.19897524552,8
user84211@paytm,4106.353571428572,10469.11628923606,14
user84211@ybl,3090.347333333333,8053.978250992724,15
user8421@axl,12468.043571428572,18659.506284133276,14
user84231@ybl,4847.714545454545,14721.978594234786,11
user84232@okhdfcbank,6088.994285714286,10796.735308258492,14
user84245@okicici,4426.484375,7602.266129549328,16
user8424@axl,5863.936666666666,13847.478070904746,12
user84251@axl,14952.383333333335,17784.268157659735,9
user84251@oksbi,7325.500000000001,18190.092563524795,7
user84255@okhdfcbank,2659.228,6229.129048087612,10
user84265@ybl,51733.542727272725,99166.69585298121,11
user84268@ybl,2878.9088235294116,6578.266875844733,17
user84276@okicici,3269.4550000000004,8153.022202808505,14
user84276@paytm,12463.873636363634,34698.99711771315,11
user84279@paytm,12725.818235294118,31399.819093019712,17
user84285@paytm,21416.456666666665,32196.66888362026,15
user84286@paytm,6331.965625,11043.276887601776,16
user84291@paytm,5042.583333333333,8888.900966224843,18
user84297@axl,10955.084,25875.704451147605,15
user84300@oksbi,15077.212142857143,29051.960446950692,14
user84308@oksbi,1719.4391666666668,1859.9555953617344,12
user84309@okicici,4619.498125,12063.111118299026,16
user84310@okicici,30831.765714285717,62550.30494958035,7
user84312@oksbi,3868.183846153846,8526.930204926759,13
user84329@okhdfcbank,3098.0554545454547,7023.84036346266,11
user8432@okhdfcbank,33568.67555555556,68393.71315296304,18
user84337@paytm,20844.62846153846,33958.186558157526,13
user84346@axl,11494.72,17735.118951185377,20
user84346@ybl,4239.860588235293,9856.830670475721,17
user8435@ybl,8578.887692307691,14740.854753638016,13
user84360@axl,6850.366666666666,13996.171714596125,12
user84360@oksbi,6878.595714285714,11486.301984642212,14
user84362@okhdfcbank,13213.393333333333,32171.774852527768,15
user84369@okicici,12554.880833333335,16170.50657248642,12
user8436@ybl,27851.409999999996,38981.78463118155,10
user84375@ybl,5972.0623076923075,17066.319411587723,13
user84384@okicici,27573.807857142856,58301.10162894156,14
user84391@okhdfcbank,5054.088333333333,14521.588885297742,18
user84397@paytm,37249.89214285714,52111.34037227822,14
user84400@ybl,10021.38111111111,30984.35666591808,18
user84402@ybl,8410.946153846155,13926.544616917447,13
user84424@okhdfcbank,7824.424090909091,22964.416684223324,22
user84434@oksbi,3502.7207142857146,9175.772378857659,14
user84441@oksbi,27876.450909090905,42802.78188729968,11
user84441@ybl,13662.351538461538,29515.249074920815,13
user84446@axl,12530.801666666666,39069.70426177874,12
user84456@paytm,20417.39,41504.174874120145,12
user84457@okicici,24703.138,56952.70152771887,15
user84460@ybl,7497.309090909091,18514.50050727728,22
user8446@okhdfcbank,12655.636666666667,35079.66915792227,18
user84482@oksbi,2091.2291666666665,3659.099876066041,12
user84488@ybl,12552.789999999999,31984.731988851177,16
user84494@ybl,9858.530952380952,17708.110941354786,21
user84509@ybl,9912.40875,24564.325275349114,8
user84521@axl,3426.9457894736843,8656.46090050362,19
user84524@ybl,5599.970833333334,11559.205127323228,12
user84529@okicici,14442.343333333334,37684.01649385304,18
user8452@paytm,9878.199166666667,20817.02641146008,12
user84536@axl,18074.966111111113,45202.95567953339,18
user84551@ybl,21274.48,56875.87301587356,17
user84555@ybl,17447.271818181816,43810.36223321163,11
user84559@paytm,12807.62,27638.12160723753,9
user84560@axl,11046.104210526315,29539.415975277338,19
user84564@okhdfcbank,23048.6125,46295.58501536583,12
user84565@ybl,2843.448125,6636.3121054164,16
user84569@ybl,22747.09846153846,48865.772980025904,13
user84583@paytm,35854.28,73145.40172789006,10
user84588@axl,10687.89,26608.214482228545,14
user84591@paytm,21782.127647058824,49272.87972975606,17
user84596@okicici,6411.779333333334,15062.646451540535,15
user84597@okicici,26633.846666666665,45590.21149876209,18
user84600@okicici,9487.188695652174,33732.05343258792,23
user84602@paytm,4640.462666666667,9915.938857032483,15
user84609@paytm,4512.249285714285,10148.990507782204,14
user84613@ybl,1098.2644444444443,1475.9336296062834,9
user8461@axl,17076.685625,41027.898121298866,16
user84624@oksbi,16853.886363636364,33655.262989091396,11
user84629@paytm,20844.838666666663,42840.8296518001,15
user84637@oksbi,9744.616666666667,17494.34670574826,9
user84639@paytm,7676.929166666666,20389.802222271646,12
user84641@axl,10882.49923076923,15518.566209912597,13
user84656@axl,9253.53294117647,14576.11513687236,17
user84658@axl,5472.609473684211,14358.189526371149,19
user8465@oksbi,887.5383333333334,1122.5739385789548,6
user84661@oksbi,18014.052727272727,42679.64859648521,11
user84666@axl,36653.69066666667,106494.3266497194,15
user84683@oksbi,9543.601538461538,15466.155006555899,13
user84691@axl,3777.138571428571,7666.06486391798,14
user84692@paytm,8455.873125,20629.954035616505,16
user84694@paytm,20854.725,37327.800350175785,10
user84697@oksbi,9066.5075,15308.318123374018,8
user84700@okicici,9389.025625,16850.657822461795,16
user84707@axl,12612.305833333334,41175.320720557065,12
user8470@oksbi,10199.260384615385,20884.309899138058,26
user84721@paytm,20622.639,47684.74238804657,10
user84729@ybl,10400.282727272728,10658.807628668501,11
user84732@axl,2864.0377777777776,5910.893079316561,18
user84747@ybl,33616.361764705885,63243.26486985198,17
user84763@okhdfcbank,7494.068235294118,14508.03328542425,17
user84767@ybl,5247.054,12660.715031755337,10
user84768@axl,36841.9485,69100.40645452775,20
user84778@okicici,21335.869285714285,44125.5303801511,14
user84788@ybl,4547.229,10896.008206023027,10
user84791@axl,4683.9980000000005,11771.339398154558,15
user84793@axl,17585.82333333333,48021.392688541826,15
user84795@okhdfcbank,9273.525333333333,16972.70496249656,15
user84797@oksbi,18174.650833333333,32588.38640241098,12
user84804@okicici,11139.947647058825,30981.089122277386,17
user84807@paytm,7026.217500000001,12299.714480838164,16
user84807@ybl,11821.49,41650.44988158434,14
user84816@ybl,88594.352,151170.1257238464,10
user84820@oksbi,7381.725,12014.889350865727,16
user84820@ybl,20840.6025,40028.49982163101,16
user84829@okhdfcbank,19943.216,36167.985358949154,10
user84847@axl,11333.753333333334,17268.59083233632,9
user84848@paytm,13454.923076923076,17363.761292309522,13
user8485@axl,7024.230666666667,14002.60420542217,15
user84860@paytm,22288.435789473686,40641.65813568625,19
user84869@okhdfcbank,16521.35916666667,37881.57354863215,12
user84879@oksbi,3062.4880000000003,8831.57970223836,15
user84886@okicici,1599.2763636363636,2856.190366419132,11
user8489@oksbi,10831.439166666665,28198.603898990674,12
user8490@axl,14284.043333333333,26177.13028031402,12
user8491@ybl,7463.695000000001,16803.39845682063,12
user84920@ybl,10430.023846153847,23212.77084023919,13
user84930@okhdfcbank,9287.241176470588,17488.99025298233,17
user8493@okhdfcbank,2949.33,3339.7886594738297,9
user84948@oksbi,10696.99,31142.220715718075,17
user84961@okhdfcbank,14017.84,37286.97691159653,13
user84973@ybl,2701.227,5008.839646731344,10
user84976@okhdfcbank,21816.104444444445,25893.006945299494,9
user84981@paytm,27224.194,52077.88915111142,10
user84986@okhdfcbank,26498.227500000005,56157.1789555839,12
user8498@paytm,5658.650000000001,10802.190644839899,13
user84990@okhdfcbank,23002.122857142855,45848.569643570954,14
user84996@paytm,18348.235714285714,32989.26899211007,7
user85003@ybl,14124.089000000002,41544.329216231425,20
user85021@okicici,10552.317333333332,17075.79071002506,15
user85040@okhdfcbank,13966.177222222223,37507.31714621621,18
user85045@ybl,15226.201111111111,34259.5273391582,18
user85050@okicici,15135.392631578949,26078.082721876246,19
user85056@ybl,8845.439166666667,17111.088550161883,12
user85076@paytm,10744.21625,17167.648294575083,8
user85078@ybl,1251.2041666666667,1435.3864566251414,12
user8507@okhdfcbank,3305.496666666667,5687.045076636899,9
user85080@okicici,7140.763684210527,20573.837984970465,19
user85082@ybl,12610.034166666666,18326.644783473777,12
user85085@oksbi,9466.895714285714,26936.95105625205,14
user85092@okicici,6173.011111111111,11798.171285503076,18
user85101@okhdfcbank,5245.37,7911.502702828332,11
user85101@paytm,2951.8158333333336,2835.161831415876,12
user85105@oksbi,9136.587692307692,14937.89482025895,13
user85106@axl,9220.721176470588,25421.132124025247,17
user85117@oksbi,10396.79705882353,29771.882445655363,17
user85118@ybl,32288.647777777773,53322.57190998193,9
user85146@okicici,5149.417777777778,11605.463594254703,18
user85149@okhdfcbank,22923.08625,44063.61960153219,16
user85153@ybl,13057.850384615384,38682.875273623344,26
user85161@paytm,19501.235,36120.817558595474,10
user85162@okhdfcbank,4931.974,7901.214970970815,10
user85171@okhdfcbank,10839.476153846153,23927.49362260374,13
user85178@oksbi,10021.157727272728,22093.34549453618,22
user85179@oksbi,23105.586000000003,57691.42803003449,10
user85181@ybl,1131.5033333333333,1405.0204630419682,15
user85193@paytm,15826.034705882352,37384.91800215966,17
user85196@okicici,3433.2147619047623,8844.43389333575,21
user85208@paytm,20081.025384615383,40633.87778694904,13
user85214@okicici,15696.553333333335,31959.17188831752,9
user85216@okicici,10149.882352941177,18837.836664866976,17
user85216@paytm,11405.926315789475,29185.758197269246,19
user8521@paytm,3007.802105263158,8240.777255577277,19
user85227@okhdfcbank,16833.412352941177,16464.45509454478,17
user8523@ybl,5453.5199999999995,10838.392357100112,14
user85242@paytm,9339.536875,30220.64733246609,16
user85246@okicici,26358.196153846155,63057.30965048495,13
user85258@paytm,28277.20142857143,50720.52816274505,7
user85263@axl,37201.542,65451.38142513548,5
user85269@paytm,6039.217692307692,10899.917345869459,13
user8526@oksbi,7119.785,12963.400015067695,8
user85274@paytm,2725.065333333333,5721.133101752617,15
user85284@paytm,11645.350555555555,33864.668721972215,18
user85289@okicici,7671.947272727272,15041.619098159674,11
user85291@okicici,13455.914444444445,36707.856488755955,9
user85292@paytm,23296.875625,49284.790295697916,16
user85294@okicici,4303.388461538461,12287.734201559731,13
user85303@ybl,12171.111499999999,27727.630973014944,20
user85307@paytm,14030.89,25336.566840072606,10
user8531@oksbi,2584.197272727273,3584.8427304753295,11
user85326@okicici,51147.561428571425,93667.33445444205,14
user85328@oksbi,9268.079333333333,22598.07578880223,15
user85335@oksbi,20849.65894736842,58856.673835770074,19
user8533@okhdfcbank,3462.55375,2727.8101626131092,8
user85360@ybl,7212.8785714285705,18200.99113227759,7
user85361@ybl,3809.800666666667,10634.466734756827,15
user85363@oksbi,5820.354285714287,10509.318904928517,14
user85381@okhdfcbank,368.56888888888886,437.10669814258296,9
user85386@axl,5643.843888888889,11335.848690638933,18
user85388@oksbi,4722.731000000001,12346.491422523286,20
user85390@paytm,15588.523333333333,27641.189159773312,12
user85416@okicici,12959.5,31289.146090012648,14
user85416@paytm,7163.024615384615,12723.774637511342,13
user85422@axl,10495.222105263158,24109.501971007103,19
user85425@paytm,4336.4608333333335,7870.045916033848,12
user85431@paytm,14464.716923076923,42700.622154273,13
user85433@axl,5264.409000000001,14530.249716643208,10
user8543@ybl,20719.457,38116.420938054755,10
user85444@okhdfcbank,11763.122631578946,19819.085229842036,19
user85458@axl,3933.2124999999996,9452.179589120173,16
user85458@okhdfcbank,28142.163333333334,55482.821012609325,12
user85471@okicici,22809.089444444442,46118.39626410094,18
user85478@paytm,7873.630714285716,22688.571448151695,14
user85481@paytm,7981.493999999999,18449.10630242514,20
user85486@okhdfcbank,20689.30846153846,41277.394804130345,13
user8548@ybl,16095.1488,41530.7566029999,25
user8549@ybl,3610.1423809523812,7007.619250313835,21
user85500@oksbi,10347.684285714287,24940.024096940648,14
user85514@paytm,7873.973571428572,13994.486582797037,14
user85517@ybl,6108.6669999999995,10871.826471891107,10
user85518@axl,1904.957142857143,1750.428441712812,7
user85523@ybl,23258.705625,47088.282541558605,16
user85526@okhdfcbank,4692.599090909091,8371.256538922284,11
user85526@ybl,12078.146470588235,27465.81254213475,17
user85530@paytm,23158.36409090909,45926.3917605709,22
user85555@ybl,18980.950666666668,43099.866921364395,15
user85565@axl,38960.389285714286,56240.6898958274,14
user85573@oksbi,15852.480624999998,37860.938728598274,16
user85577@paytm,2676.8096875,3913.836856353559,32
user85579@oksbi,7917.789375,24836.8043286795,16
user85583@paytm,14895.613000000001,42737.8425349426,20
user85585@okhdfcbank,14122.377894736841,34699.54283871404,19
user85585@oksbi,4158.84,9022.289401402348,8
user85607@paytm,5354.946363636364,14219.089537491684,11
user8561@okhdfcbank,6447.323846153847,10105.215739425968,13
user85627@paytm,9571.451666666666,22088.423075697745,6
user85629@oksbi,18318.401875,46715.36393760626,16
user85631@paytm,46875.767499999994,96889.06843135037,12
user85633@okicici,24259.625625,54713.81697041299,16
user8564@axl,8311.20705882353,17118.651457325268,17
user85651@oksbi,1097.6835294117645,1124.1527851060837,17
user85654@ybl,14149.811875,25810.420429673286,16
user85659@paytm,34767.409999999996,71981.34408421053,10
user85664@okicici,18015.82277777778,39519.26341300371,18
user85664@ybl,13977.530625000001,40673.27146390899,16
user85665@okicici,7147.600833333334,14846.805318922658,12
user85667@okicici,20087.07642857143,50464.923756075994,14
user8566@oksbi,8011.544,21527.59355002867,20
user85685@paytm,2663.9966666666664,5155.739651217208,12
user85694@oksbi,22306.088333333333,27780.695126719605,12
user85698@oksbi,22432.051,45958.44808356456,10
user85700@okhdfcbank,19035.94923076923,52623.34481920397,13
user85703@oksbi,1398.83625,1747.072659523741,8
user85717@okhdfcbank,17871.785333333337,42186.14206069705,15
user85719@oksbi,5836.935333333333,15554.09241343065,15
user85720@paytm,5970.656666666667,12191.96949720375,6
user85726@oksbi,3022.608,10205.442110319098,15
user85728@okicici,34435.14625,76512.57871021934,8
user85730@okhdfcbank,5637.4349999999995,13688.367370048189,8
user85730@okicici,30901.28578947368,64604.15795510407,19
user85739@paytm,4399.231666666667,11862.462669755483,12
user85742@oksbi,4103.0962500000005,7906.545590009058,16
user85743@ybl,30340.916666666668,52657.013571942654,18
user85748@axl,7764.61125,15615.838079504998,16
user85754@paytm,11756.308,23636.651739794943,10
user85761@okhdfcbank,10219.085625,17785.601716513265,16
user85762@paytm,24331.210000000003,39238.06206648961,12
user85766@paytm,6147.855333333334,13058.160384603438,15
user85774@axl,30135.372499999998,65790.65415725026,12
user85785@paytm,3436.927647058824,6514.446606563685,17
user85787@oksbi,1908.834,4105.000653734419,10
user85790@ybl,8232.3575,21251.79197153746,20
user85791@okicici,12631.401904761904,25403.840707228825,21
user85793@paytm,4148.132380952381,6713.395483211089,21
user85811@paytm,18305.042666666668,47199.04855186557,15
user85817@okicici,1440.191,2073.0613475161695,10
user85821@oksbi,12399.34,44453.65698674207,19
user85846@ybl,13843.252631578947,35419.486045779915,19
user85853@okhdfcbank,4603.82,10130.049737576279,14
user85861@paytm,45482.54555555555,95434.2605692006,9
user85866@paytm,11675.224285714285,14267.377413432858,14
user85878@okhdfcbank,14143.497857142855,32405.34694152641,14
user85880@oksbi,5235.467368421052,11137.640712082231,19
user85892@axl,1078.9092307692308,1628.8579396285686,13
user85896@ybl,7378.216666666666,15635.535190129815,12
user85899@okicici,20689.12357142857,38129.28893980313,14
user85899@paytm,12506.735384615384,27848.889065390802,13
user85925@axl,8362.489166666666,14299.73234062821,12
user85932@oksbi,1490.2463636363636,1667.8915405881328,11
user85976@axl,1440.3,2124.6598592498735,14
user85977@okhdfcbank,21176.479375,41707.233933068484,16
user8597@axl,13144.8425,32929.23801324338,16
user85981@axl,2155.054,2947.0890984247976,15
user85995@oksbi,14397.4375,26213.4382143504,12
user86001@paytm,6031.774,12494.049530702776,15
user86013@oksbi,7223.441764705883,17918.768985271505,17
user86015@ybl,13786.107142857143,48535.84920671166,14
user86016@paytm,7613.871666666666,14829.374608028258,12
user8601@oksbi,13990.543,28229.35558584914,10
user86024@okhdfcbank,14966.252777777778,34860.974873303756,18
user86024@paytm,585.158,724.4101887712206,10
user86029@oksbi,13159.571,16614.81365765934,10
user86038@paytm,3559.216923076923,8463.298483556697,13
user86042@okicici,2125.3542857142857,3835.378209133388,7
user86053@oksbi,11904.62125,18398.858555356404,16
user86058@oksbi,36240.756875,71129.77169851189,16
user86067@oksbi,20968.5025,37295.064956523944,16
user86076@oksbi,24178.20857142857,46500.03700004712,14
user86090@oksbi,15356.03785714286,53090.31449951375,14
user86091@paytm,6684.450909090909,14477.565593452135,11
user86092@oksbi,21386.3625,49938.92046435439,16
user86103@ybl,18501.59388888889,41839.05819131549,18
user8610@okicici,13530.769285714285,38447.331027553984,14
user8610@ybl,4815.616923076924,8171.01746025078,13
user86112@okicici,13054.688,36757.86925124735,10
user86119@axl,7746.201818181818,13276.537371246179,11
user86120@ybl,8276.434375,28784.993962088407,16
user86122@axl,3363.867142857143,4674.115541884954,7
user8612@axl,13148.421428571428,42158.288945711196,14
user86132@okhdfcbank,6986.941333333333,13672.255710955498,15
user86140@ybl,3268.050625,8589.034307944416,16
user86149@axl,8589.536153846155,17850.815044002677,13
user86150@okhdfcbank,29380.16,45463.38315589544,15
user86155@okicici,9314.061,17680.20428274669,10
user86160@okhdfcbank,14483.98,27694.45803743016,11
user86166@okicici,5635.92875,9676.97677366887,8
user86177@oksbi,5325.308125,10256.925436158224,16
user86178@okicici,6862.5085714285715,22312.72762696393,28
user86179@axl,7634.371111111111,13909.726048180677,9
user86184@okhdfcbank,9055.63076923077,29673.183562150432,13
user86192@oksbi,21056.774999999998,30166.427623644046,12
user86193@paytm,6936.610555555555,13686.871765081385,18
user86195@axl,13512.3155,22955.30485441964,20
user8619@okicici,5860.317647058824,11713.302514901876,17
user86205@axl,9182.484545454545,14023.000005951197,11
user86211@axl,5044.928181818182,9858.93815334067,11
user86216@okicici,9878.981333333333,14721.25528471132,15
user86230@ybl,20936.414285714283,37718.47131296726,14
user86238@ybl,19360.49611111111,36585.37914356807,18
user86239@oksbi,15285.264,21989.541261600705,15
user86269@okhdfcbank,11691.949090909091,34202.06219912491,11
user86279@ybl,10544.0025,24530.436521682757,8
user86280@okhdfcbank,17272.52588235294,45482.771253761995,17
user86283@okhdfcbank,33954.00769230769,65653.06661053137,13
user86305@axl,5594.34,10686.022128980769,13
user86311@oksbi,16555.0675,51118.099483129554,12
user86314@oksbi,20130.496,42459.798435743825,20
user86326@ybl,20094.97947368421,51467.57554737345,19
user8634@okhdfcbank,9559.982777777777,23392.091415347248,18
user86350@oksbi,1247.5327272727272,2149.4521524941692,11
user86366@okhdfcbank,17612.45,41353.02506918402,22
user86366@ybl,14683.664166666667,26685.82569827506,12
user86371@paytm,6768.138947368421,12048.249370254258,19
user86374@okicici,35224.73285714286,63764.77619408977,7
user86376@ybl,11823.657368421054,38014.08233614103,19
user8637@axl,11655.514444444445,16121.698587345807,9
user86382@okicici,9285.817096774193,16471.8103331047,31
user86389@axl,46915.77857142857,88185.86532234299,14
user86392@ybl,544.423,863.2342738156311,10
user86395@axl,4317.188666666667,11855.820348355646,15
user86414@oksbi,4044.443636363637,8578.948737709386,11
user8642@ybl,4866.022999999999,4776.931402647635,10
user86430@ybl,28977.653846153848,57106.814887991044,13
user86431@paytm,33464.825000000004,55698.94205963906,8
user86435@ybl,15597.607777777777,33980.19575899791,9
user86436@paytm,3229.242307692308,6402.798555775115,13
user86445@paytm,24632.26846153846,52155.67087978143,13
user86447@paytm,6351.126923076923,9387.931258369605,13
user86451@oksbi,3615.750625,10606.949127799484,16
user86457@okhdfcbank,19834.332666666665,48639.60029661156,15
user86464@paytm,12777.467647058822,39485.96503761488,17
user86468@axl,4460.1241666666665,7144.988322909802,12
user86469@ybl,14023.422666666667,36911.3476283821,30
user86473@paytm,2246.407142857143,3900.5462393055213,14
user86474@okhdfcbank,7015.041111111112,10976.950105693571,9
user86481@oksbi,13110.033548387097,19980.922719103095,31
user86489@paytm,8797.633636363636,14228.642657847777,11
user86501@ybl,15207.62294117647,31285.020427578187,17
user86514@ybl,5303.714615384615,10561.609815092595,13
user86525@axl,5078.806666666666,11235.952701098166,12
user86530@okicici,13425.322000000002,49021.241004883974,15
user86548@axl,11766.859999999999,19732.921204829254,14
user86548@okicici,19703.3425,45098.91037155887,16
user86549@oksbi,5035.65,10931.208500444953,15
user86553@axl,7349.669999999999,15716.391215464777,14
user86579@axl,5291.034000000001,14564.824030261096,10
user8657@okicici,3387.0018181818186,10073.945501747441,22
user86595@paytm,4531.864375,10398.048893219004,16
user86597@axl,24442.368000000002,44642.73412540263,15
user8659@okhdfcbank,16777.882857142857,52710.751183253,14
user86603@okicici,12811.93,43034.7913082175,13
user86610@oksbi,15556.229999999998,25841.906282386884,7
user86615@oksbi,12933.124545454542,39325.848864731546,11
user86616@ybl,13578.268333333333,26281.431742207045,12
user86617@okhdfcbank,9398.993125,17068.089686014548,16
user86637@ybl,4903.098888888889,11474.645905864083,18
user86643@okhdfcbank,7773.524,16280.408787562124,5
user86655@axl,3953.8492857142855,10737.844918169973,14
user86657@okicici,19769.335555555557,50207.85181057772,18
user86663@ybl,5587.1023076923075,9555.072990398132,13
user86667@okicici,11330.089411764708,25948.835824954283,17
user86669@oksbi,10388.575,25290.353071130703,10
user86674@okhdfcbank,15689.163999999999,61343.53958679304,20
user86677@paytm,2220.8933333333334,3968.3002048632416,18
user86678@ybl,1684.3287500000001,2212.7471576587295,8
user86679@okicici,3912.102608695652,8281.523162561789,23
user86680@axl,7106.043076923077,17087.297208115047,13
user86693@paytm,11148.244,19431.651824884517,10
user86703@okicici,13506.632999999998,16758.259898218716,10
user86707@oksbi,6076.017368421053,9983.325128356028,19
user86708@ybl,7227.528571428571,13381.81491783869,14
user86709@oksbi,1971.7935714285716,3706.0820036126624,14
user86711@paytm,10083.321875,20659.128540408543,16
user86712@paytm,9105.415263157895,16807.629291412202,19
user86716@ybl,6303.0,12476.180847813966,11
user86731@paytm,10249.143124999999,15774.975498490308,16
user86744@oksbi,3459.1042857142857,5844.324506928558,21
user8674@ybl,29361.68923076923,52631.27069615956,13
user86751@paytm,7012.683,12779.395813927327,10
user86757@ybl,53861.07200000001,110940.15332326364,15
user86761@axl,4833.147142857143,9536.318550733722,14
user86765@okhdfcbank,20192.59923076923,50376.245932657,13
user86774@okicici,17543.036428571428,28030.036342297197,14
user86779@paytm,8416.0,27358.36616185466,15
user86781@paytm,8356.575,10677.771279477181,10
user86782@paytm,21764.813333333335,31115.578724860792,15
user86805@okhdfcbank,9055.343636363636,17732.935158212964,11
user86818@oksbi,5424.378571428571,10947.927793896297,14
user86820@okicici,25573.775333333335,61192.40147147226,15
user86824@okhdfcbank,4922.092,11883.715198415013,10
user86825@ybl,33118.88285714285,87409.50353990681,21
user86836@ybl,8960.034444444444,16560.97605694265,9
user86842@okicici,8666.542857142858,20888.31139920949,14
user86843@oksbi,3130.3923076923074,6089.584821220236,13
user86844@axl,15647.617692307693,30052.627532814317,13
user86848@okhdfcbank,1417.2292307692308,1526.8178702040263,13
user8684@axl,13189.414705882353,44685.991430029295,17
user86853@paytm,7110.0,13998.991318901406,14
user86867@okicici,6895.02,12514.495892505733,8
user86879@axl,19546.973529411764,45512.377672902476,17
user86886@okicici,25666.15692307692,53785.011888213085,13
user86896@paytm,18842.143076923076,50666.531077501975,13
user8689@axl,30277.582727272726,53644.143641686016,11
user86914@paytm,23438.329333333335,52164.65573505049,15
user86920@axl,1434.1781818181819,1825.326371237857,11
user86925@okhdfcbank,9206.34894736842,32404.374796201664,19
user86929@paytm,4792.730833333334,10600.625436773624,12
user86936@axl,9660.566923076924,19572.869972992117,13
user86945@ybl,1058.0957894736841,1452.815825527623,19
user86947@okicici,827.2107692307692,1214.5120783841655,13
user86956@okicici,5627.019090909091,8088.698202962519,11
user86957@ybl,10637.900625,23824.779549553994,16
user86959@axl,23241.055238095236,42593.87807345941,21
user86961@ybl,6291.311176470588,14914.263850267993,34
user86962@okicici,39901.35,63939.36248006254,14
user86973@axl,36389.95888888889,62888.89975551537,9
user8697@okicici,10106.896666666666,25981.306299012824,21
user86981@okicici,2506.8723529411764,7069.788579417112,17
user86982@oksbi,28213.742727272725,55776.83102282713,22
user86988@paytm,13274.614166666668,33061.50161902386,12
user86990@axl,8800.545833333334,16194.185232738468,12
user86992@okhdfcbank,31243.3875,64356.386522577275,12
user86998@oksbi,7721.16294117647,15551.43229439083,17
user86999@paytm,7798.156666666667,14303.721878744665,12
user87005@ybl,5504.5729411764705,18210.58393976658,17
user87006@okhdfcbank,5546.127333333334,9823.767170381423,15
user87008@ybl,7719.055,14537.103543183748,12
user87027@ybl,1362.3794736842106,1583.0516628948508,19
user87029@okicici,17454.125333333333,34129.03470886773,15
user87038@ybl,9783.267777777779,15668.31912965574,18
user87055@oksbi,24750.351000000002,53385.41937071966,20
user87064@axl,15038.520999999999,17048.487176070917,10
user87066@okhdfcbank,3389.640476190476,6815.918293143246,21
user87072@oksbi,1327.1363636363637,1968.029993268765,11
user87072@ybl,3023.95,7624.306320492376,15
user87078@axl,7514.882,15958.007550395774,15
user87089@paytm,15607.672857142858,39429.62858500383,21
user87103@axl,20014.123636363634,38564.23609102151,11
user87105@oksbi,4668.0112500000005,10650.944230778574,8
user8710@axl,5284.749000000001,12888.618953069023,10
user8711@paytm,538.059,983.8732245168128,10
user87120@okicici,25483.585625,41565.78936394944,16
user87120@oksbi,28471.237,47822.80584106059,10
user87120@paytm,18468.834444444445,32549.267342504852,9
user87123@paytm,8762.795,30675.851172056544,20
user87124@oksbi,11703.822777777777,24173.436100618623,18
user87126@axl,907.4473333333333,1119.0401343719707,15
user87129@axl,18157.494761904763,39701.488164599396,21
user87130@okhdfcbank,16198.989285714286,33571.28251008441,14
user87130@okicici,12641.964285714286,32585.758136419594,21
user87133@okhdfcbank,3604.228,8935.502993921124,10
user87134@oksbi,11204.353333333334,20714.054341693027,18
user87135@ybl,15821.487222222224,38073.80255403457,18
user87143@okhdfcbank,1668.2472727272727,1890.777765498055,11
user87145@okhdfcbank,4584.518461538461,8629.805615718165,13
user87148@okicici,13649.348181818183,38867.86930010283,11
user87148@paytm,7167.703846153846,22019.317467020686,13
user87153@axl,34253.05789473684,78891.65461747618,19
user87155@okicici,14652.368571428571,27909.93666191304,14
user87156@paytm,24411.628125,53197.51594920828,16
user87158@axl,1318.3553846153845,1346.211589669416,13
user87173@ybl,8714.144545454545,23273.53605511993,11
user87184@ybl,17927.16555555556,23634.411474012377,9
user87188@okhdfcbank,10704.624615384615,15615.825981986254,13
user87202@oksbi,16976.633125,42634.97228325071,16
user87205@okicici,24014.263076923075,42121.12946346829,13
user87206@okicici,8666.82,16409.30521225868,11
user87207@axl,2185.15375,3457.851504470607,8
user87210@okhdfcbank,6488.89,15176.40039158891,11
user87213@axl,15554.511428571428,51176.810596559015,14
user87226@oksbi,2659.314375,8839.474972589696,16
user87231@paytm,664.774,1027.3485925451225,10
user87240@oksbi,12422.186470588234,26005.634947635615,17
user87242@axl,2962.1164285714285,4520.118242438435,14
user87246@okicici,5932.984285714286,12328.652015157908,14
user87250@paytm,15287.982666666667,42514.1792351687,15
user87261@okicici,6842.641874999999,12817.16355467892,16
user87268@oksbi,15503.559285714287,29244.059615407357,14
user87269@okhdfcbank,2445.777,5142.809325992187,10
user87269@okicici,17361.39,41540.189397478935,20
user87274@okicici,6063.724,12785.21991789302,20
user87282@ybl,2404.512142857143,3654.868141302835,14
user87292@okhdfcbank,8457.586666666666,16174.837657797667,15
user87296@okicici,5329.742499999999,9786.339198856487,12
user87310@axl,37342.53125,65708.79742802338,16
user87322@axl,9224.33888888889,17870.91682921825,9
user87322@ybl,11305.84,19767.663512927877,11
user87328@okhdfcbank,3489.2182352941177,7622.3499939653075,17
user87332@paytm,23025.13,50784.80585767933,11
user87335@okicici,15354.74705882353,33918.098344497215,17
user87338@paytm,21166.235,41305.5988884967,18
user87339@okicici,16114.843529411763,34881.78088076961,17
user87346@oksbi,16367.47923076923,32140.579929235733,13
user87348@ybl,10915.358571428571,35675.93683934007,14
user87365@okicici,24164.142499999998,66744.29019266521,8
user8736@okicici,2771.363076923077,8308.17538103823,13
user87373@ybl,8802.225714285714,16328.743545054589,7
user87394@okhdfcbank,24909.69916666667,43264.86772130004,12
user87402@axl,16063.213333333335,39553.07968901402,21
user87416@okhdfcbank,29773.885789473683,52813.759651329856,19
user87426@okicici,5844.031538461539,17749.873195431028,13
user87436@okhdfcbank,19183.855384615388,39338.42637162394,13
user87436@oksbi,5680.630769230769,9852.315652295878,13
user87437@axl,9632.544,26162.208923617778,15
user87442@paytm,7889.214545454545,11933.077030192477,11
user87444@oksbi,9187.737142857142,29815.733391166388,14
user87444@ybl,8564.832272727273,13773.193505425135,22
user87450@paytm,2241.802857142857,3937.9498399662834,7
user87457@okhdfcbank,687.2691666666666,1170.1751893040969,12
user87465@okicici,9628.254545454545,13529.02267907358,11
user87475@okhdfcbank,41158.76933333334,127730.94589028608,15
user87478@axl,15649.236470588234,38755.919277031724,17
user87483@axl,6092.492142857142,12256.564026218251,14
user87486@ybl,7852.6746875,15759.07510436119,32
user87489@oksbi,9138.287142857143,16676.958541925873,14
user87497@ybl,7731.631666666667,10852.00511914217,12
user87511@paytm,20619.38133333333,52084.43048884294,15
user87516@paytm,5000.345454545455,9398.633208061014,11
user87544@okicici,6227.488461538462,11259.83566175505,13
user87551@okicici,18315.98933333333,34256.75939211736,15
user87555@paytm,5426.01,13500.526254698985,13
user87567@okhdfcbank,2048.3650000000002,3570.128049135951,12
user87569@axl,7235.004444444445,12972.393987349227,18
user87570@okhdfcbank,9372.343571428572,14433.787911602845,14
user87576@ybl,3693.8564705882354,7628.834424087127,17
user8758@oksbi,9655.019333333334,30594.38991951874,15
user87590@okhdfcbank,8870.128,22315.14141858973,20
user87590@ybl,6765.944,13469.454263407508,10
user87593@okicici,18796.111818181816,37650.15006930698,11
user87593@ybl,17916.36,45139.02368085168,10
user87597@paytm,3996.071176470588,7243.832546177543,17
user87598@axl,4803.609285714286,11836.323852849338,14
user87602@axl,26386.479444444445,56944.873508518795,18
user87610@okicici,9575.39,22366.73042309045,14
user87612@oksbi,6119.4784615384615,12030.33536609838,13
user87623@okicici,9253.125,17405.81831467361,12
user87649@okhdfcbank,13494.276666666665,24796.110175802598,18
user87652@paytm,10812.909230769232,13480.115812864553,13
user87654@ybl,14589.754285714285,42616.59159009438,14
user87655@oksbi,3910.1055555555554,10733.435200482312,9
user87661@okicici,4999.181111111112,13088.070180833021,18
user87664@oksbi,10147.25,14521.820076546304,13
user87669@ybl,12840.7640625,33876.60208946838,32
user87672@paytm,5105.812727272728,13642.278719197237,11
user87673@axl,12425.480000000001,19246.682463922192,9
user87676@ybl,2482.599,4393.728200943427,10
user87694@paytm,25573.750666666667,57503.1142296807,15
user87695@okhdfcbank,4209.7480000000005,10338.497235905781,15
user87698@ybl,11381.720000000001,24447.14153883584,12
user87700@okhdfcbank,6295.17,13925.29444489942,16
user87704@axl,10920.768,16549.0485073091,20
user87704@oksbi,16406.62857142857,26672.680795214685,7
user87710@axl,6065.681333333333,13609.602912037026,15
user87711@axl,18758.996,40590.668860364196,15
user87713@paytm,14357.895,37128.33681796461,16
user87716@paytm,1025.8433333333332,1282.0273865627712,12
user87717@okhdfcbank,12497.044782608697,37561.13854445296,23
user87724@okicici,22760.5125,48319.32464032153,12
user87740@paytm,3954.6423529411763,9520.998336244427,17
user87741@ybl,12477.192,33460.59850866582,10
user87753@okicici,12105.574375,24059.4957091443,16
user87760@okhdfcbank,6891.575384615384,12889.261033338706,13
user87769@okicici,30725.600714285712,53177.84633784846,14
user87779@paytm,1461.2946153846156,1405.5496672750214,13
user87784@paytm,9763.121666666668,28117.062545201927,12
user87785@ybl,6377.795454545455,14231.494867021076,11
user87787@okicici,5341.698461538462,11486.126683842589,13
user87795@oksbi,17117.901621621622,33977.131766278515,37
user87799@oksbi,19493.64222222222,46086.721734558785,18
user87803@okicici,27135.433571428566,63285.35853162034,14
user87807@okhdfcbank,11758.541428571427,34680.09732353322,14
user87807@paytm,18493.764117647057,32175.938681953994,17
user87818@paytm,14053.495625000001,43218.12250922862,16
user87831@ybl,31682.069166666664,55794.474185689825,12
user87836@axl,16206.060714285713,36599.11615929111,14
user87839@paytm,14793.132857142858,44639.10474988182,21
user87840@oksbi,16839.5865625,41405.036311703596,32
user87862@paytm,21122.074375,52842.17631047784,16
user87879@okhdfcbank,4084.7766666666666,8137.455264749911,12
user87889@okhdfcbank,10531.01,16172.99464404607,15
user8788@okhdfcbank,9991.554666666667,20026.53789509698,15
user87890@oksbi,23148.01846153846,49810.29892568033,13
user87900@ybl,2893.2946153846156,7999.684572820788,13
user87907@okhdfcbank,1505.781,1494.9085308952294,10
user87908@okicici,14365.234615384614,33843.829475864484,13
user87912@okicici,22390.57222222222,52051.12284853896,9
user87914@okicici,12639.54,22467.817709281226,12
user87916@axl,28968.010833333334,67742.73452494484,12
user87923@okicici,996.9861538461538,1114.377981069398,13
user87925@paytm,2892.7463157894736,7388.498935353821,19
user87928@oksbi,17537.7965,41777.70775857802,20
user87936@ybl,2641.8099999999995,3261.9301218220476,5
user87959@okicici,8289.885555555556,16085.167022495938,18
user87971@paytm,25007.04625,67533.4824815016,8
user8797@okhdfcbank,1877.1945454545455,2435.5245703066253,11
user87984@ybl,17289.983,34513.72665835244,10
user87988@okhdfcbank,8926.6725,16444.840595793466,12
user87988@okicici,27589.729166666668,48536.391835257804,12
user88029@axl,6825.233333333334,11196.636479328663,3
user88043@oksbi,12486.224210526316,23560.13195376539,19
user88044@okhdfcbank,9959.91,28529.07062534207,10
user88046@paytm,7009.8026315789475,17047.44212336197,19
user88051@okicici,3202.4725,7278.956093417516,16
user88052@axl,38874.98952380953,81147.47965017387,21
user88054@okicici,5514.634999999999,13393.559733827638,12
user8805@okhdfcbank,1587.2588888888886,1545.2850963369544,9
user88062@ybl,2498.1150000000002,2545.660564530463,10
user88081@ybl,15136.256666666666,23221.477570695086,15
user88086@okicici,4136.02125,6087.470973754061,8
user88092@paytm,20628.748,36067.68976064196,15
user88096@okicici,8205.333999999999,14029.858283181622,10
user88099@oksbi,17803.86105263158,53270.61415984812,19
user88116@paytm,28367.731666666663,64688.30241696082,12
user88122@okhdfcbank,24119.771249999998,49227.50684075242,8
user88122@oksbi,30761.287333333334,47920.76657977169,15
user88127@axl,1083.420625,1577.6125909633993,16
user88128@paytm,6112.510833333334,13302.855859711586,12
user8812@okhdfcbank,4392.13,9954.614495557898,15
user88132@paytm,11547.103157894739,35153.7615445558,19
user88134@ybl,1974.7347368421051,1997.4753487294586,19
user8813@ybl,11846.898333333333,32909.86386650053,12
user88142@okhdfcbank,15375.362666666666,22096.449871378973,15
user88148@okhdfcbank,25579.71,58072.8092178935,19
user88154@oksbi,22303.39857142857,52019.02521242498,14
user88163@okicici,32644.551874999997,55695.14725633574,16
user88173@ybl,2491.4173684210527,4666.962858622823,19
user88178@okicici,14147.006428571429,34636.56724026471,14
user88182@oksbi,13219.5125,21523.930868527867,16
user88193@paytm,8702.55125,16248.067787057404,8
user88201@okhdfcbank,2662.046428571429,5545.988174567279,14
user88211@ybl,1031.645,1248.1076505524863,18
user88212@ybl,9027.228000000001,15229.063793312256,15
user88225@ybl,15426.97380952381,34784.85164968502,21
user88227@paytm,2239.7741666666666,3618.3126459102164,12
user88228@axl,10742.528571428573,16587.310527191592,7
user88231@okicici,4704.105625,10188.897750409817,16
user88234@okicici,5492.137142857143,11434.376689548211,14
user88235@okicici,6545.304999999999,12883.184322669358,18
user88235@oksbi,14621.404166666667,38161.45151319575,12
user88236@paytm,8813.025384615385,25079.21034572115,13
user88238@okhdfcbank,7505.472857142857,18320.862836194618,7
user88245@paytm,22863.946666666667,50740.453671402036,15
user88263@axl,14741.1975,30368.201224342047,12
user88265@axl,21007.333846153848,50329.66957766802,13
user88266@oksbi,20310.467692307695,47028.25409216059,13
user88272@ybl,18965.395,45499.80533303377,18
user88273@paytm,46103.2,71860.6004355363,8
user88276@okicici,12940.581818181818,18222.671384766734,11
user88310@axl,3598.3086666666663,10737.934704452427,15
user88312@axl,17667.614,43681.766467109235,15
user88313@okicici,1892.93,1838.7311144140365,8
user88317@paytm,29376.17421052632,114060.35481918794,19
user88318@ybl,26204.162666666667,50129.4217202428,15
user88329@okhdfcbank,23286.93666666667,53006.332265744,15
user88329@okicici,17007.585,44866.81213486503,10
user88331@okhdfcbank,19844.075000000004,40002.93212799738,14
user88333@ybl,22348.474736842105,42240.74902851226,19
user8833@oksbi,14255.44,27016.880183414287,12
user88340@okicici,24895.675384615388,46370.19971605285,13
user88345@oksbi,3949.691538461538,9481.486777444987,13
user88347@paytm,4316.67,8981.17716865807,9
user88359@okicici,20087.03583333333,51752.10655810138,12
user8835@oksbi,37485.588,76167.63282521065,10
user88362@okhdfcbank,7673.6045454545465,16346.80014217728,11
user88363@okicici,20120.215,43330.124484283064,16
user88369@okhdfcbank,11606.552,38080.72443198135,20
user8837@okhdfcbank,42963.070666666674,68640.31959286376,15
user88381@okicici,12414.738333333335,20813.3544894696,12
user88388@okhdfcbank,12188.648461538462,37175.51728294596,13
user88404@axl,1574.8307692307692,1806.006434915915,13
user88410@paytm,22172.161249999997,45377.51765619132,8
user88412@axl,23506.23214285714,48246.24438424694,14
user88421@oksbi,34554.1125,66882.94232879578,8
user88438@okhdfcbank,11078.483333333332,16228.719044876892,9
user88440@oksbi,11981.694615384615,16763.31651935043,13
user88445@okhdfcbank,4223.4111764705885,10348.976456911018,17
user88453@okhdfcbank,13637.3,29108.2550749288,23
user88455@okhdfcbank,36203.36,59557.37442576119,8
user88458@axl,9983.11125,14311.34792159349,8
user88459@paytm,10886.948333333334,15951.970358552082,12
user88460@axl,3749.734615384615,8684.58910225043,13
user88468@ybl,16955.10714285714,45275.22152802609,14
user8846@ybl,5396.320000000001,12927.466132701213,20
user88475@paytm,2600.9666666666667,3286.7756264574855,9
user8847@okhdfcbank,590.5822222222222,1101.5411080365743,9
user88483@okicici,33817.1354054054,101483.45434876133,37
user88487@okhdfcbank,2670.099333333333,4590.6079821374215,15
user88489@okhdfcbank,7978.947,14042.155100823338,10
user8848@paytm,25897.733333333334,51674.00613886503,12
user88493@okhdfcbank,4236.905454545455,10278.15083156923,11
user88498@oksbi,16936.295000000002,42830.66913456321,24
user88502@oksbi,12227.309444444445,36188.788943552914,18
user88505@okicici,8488.689473684211,16544.43859819549,19
user88505@oksbi,3509.316153846154,7158.5207265264635,13
user88508@paytm,28904.093333333334,51718.65330495256,15
user88508@ybl,11664.502,16467.728600104037,10
user8851@okicici,3088.1058333333335,4358.038329693884,12
user88527@axl,4895.106666666667,12570.475874638183,12
user88527@okicici,5358.719166666667,12766.26602324085,12
user88535@paytm,10089.0,17087.500190558523,17
user88538@okhdfcbank,12691.567692307694,21931.66523908036,13
user8853@paytm,23395.056999999997,58963.86667994222,10
user88545@okhdfcbank,10234.5225,23212.386711881325,20
user88566@paytm,3716.6873684210527,8303.446112738602,19
user8856@paytm,6032.3724999999995,10373.656208878012,16
user88579@ybl,33942.275,77075.21167498518,12
user8857@okicici,5294.441764705883,12842.429353701073,17
user88580@oksbi,6842.221,18959.802045920114,10
user88592@okhdfcbank,13445.805652173914,28032.787417588006,23
user88593@oksbi,10569.94375,19148.41350056165,16
user88594@ybl,5822.455000000001,9743.854748512009,12
user88599@okhdfcbank,11871.38142857143,24221.166471198714,14
user88616@ybl,3210.977368421053,9351.575709232608,19
user88618@paytm,7315.3381818181815,15277.935842825638,11
user88638@oksbi,4648.898571428572,8954.701456434754,14
user88640@okhdfcbank,6744.579285714286,12688.385336171674,14
user88640@okicici,25906.45857142857,32763.690570087787,14
user88675@axl,4511.165454545455,10167.832121415218,22
user88687@okhdfcbank,10993.403333333334,21904.073066736928,9
user8868@ybl,16752.276363636363,48926.16632583188,11
user88695@axl,3384.2721428571426,7481.253289543834,14
user88695@oksbi,12966.489166666666,20194.065457046556,12
user88697@paytm,2011.0862499999998,1710.0185856795952,8
user8869@axl,4406.1525,6671.590034901896,12
user88700@axl,11077.246666666666,15878.965888017525,12
user88710@oksbi,16181.427142857141,41578.9116379062,21
user88728@paytm,10579.64625,16010.663791335124,8
user88731@paytm,3506.0175,6632.432587566982,12
user88736@okicici,3351.605,8947.25584991212,16
user88739@paytm,31557.045999999995,57558.6057024846,10
user88744@okicici,3605.3662499999996,8641.019325071069,16
user88755@okicici,10054.357368421051,30330.030304972006,19
user88759@axl,6777.071764705882,14324.694751335554,17
user88780@okhdfcbank,14380.718823529412,46036.27743183017,17
user88793@axl,8368.706818181818,13572.033680217071,22
user88794@ybl,26059.55846153846,62763.601738050354,13
user88796@okicici,19780.585333333333,44457.698858645366,15
user88822@ybl,22063.588571428572,49549.92943898273,14
user88833@axl,8008.798333333333,17837.13822419776,6
user88838@axl,18255.507857142857,51572.016123699395,14
user88840@paytm,14800.545833333332,19778.217539571826,12
user88858@okhdfcbank,7224.502777777778,15035.784744737472,18
user88858@ybl,15111.85125,43889.33349713934,16
user88876@okicici,21444.91,52770.72799978207,13
user8887@okicici,16656.38,25346.237954801465,12
user88886@okhdfcbank,13798.421111111113,44817.07547114103,18
user88889@paytm,9441.69125,23548.45359426658,8
user88892@okhdfcbank,6720.203333333334,12335.741474060602,18
user88893@okicici,15386.350833333332,40651.03939748884,12
user88895@axl,3242.044375,6418.842225148258,16
user88896@oksbi,1797.468,3262.354264791434,15
user88897@okicici,8799.811176470588,14876.517683972988,17
user88897@paytm,10001.871000000001,18201.445668567987,10
user88902@paytm,17042.492352941175,44215.53780795143,17
user88904@ybl,7276.743333333334,13840.434072361864,15
user88908@ybl,6611.102800000001,21233.74754335959,25
user88911@okicici,7384.374545454545,15669.339641936645,11
user88922@okicici,21522.765,51929.25928438513,12
user88923@okhdfcbank,4757.996153846154,10194.735497511723,13
user88924@ybl,17937.824545454547,50763.024759999156,11
user88937@okhdfcbank,12815.879333333334,24760.607933473246,15
user88938@axl,31038.968181818185,79978.97505140358,22
user88939@paytm,15945.030384615384,32016.627352906424,26
user88945@paytm,6173.014545454545,12026.698588204797,11
user88948@paytm,728.9766666666667,1124.5364830368787,15
user88954@axl,12320.954615384615,34431.30272969197,13
user88955@paytm,1651.5733333333335,1697.7512215594684,6
user88958@okicici,7895.900666666666,23708.056908995684,15
user88959@ybl,9000.608888888888,15456.84606725519,18
user88960@okhdfcbank,17499.04894736842,42425.08870085128,19
user88968@axl,27135.845,58368.26282704448,20
user88969@okicici,10483.145833333334,24006.495501006488,12
user8896@okhdfcbank,785.468181818182,1381.5454343655747,11
user88977@paytm,12789.812666666667,28762.428428397812,15
user88980@okicici,11041.309333333333,32846.65356362686,15
user88983@ybl,5395.862777777777,11388.88341930323,18
user88985@axl,15446.090833333334,19300.00682646533,12
user88985@oksbi,11917.745384615384,36868.29212187047,13
user88985@paytm,13208.118235294118,37238.18016413568,17
user88999@okicici,9698.739230769232,16283.633812085916,13
user89001@oksbi,18851.205625,52636.70820186281,16
user89009@axl,14048.68076923077,22883.13848791123,13
user89020@okhdfcbank,3161.0108333333337,6961.911093315292,12
user89027@ybl,10710.469166666668,16162.211334654256,12
user89031@ybl,16193.024074074072,39420.35309307513,27
user8903@ybl,11155.860588235295,30635.642258549815,17
user8904@axl,59585.565,123810.92811497234,10
user89051@paytm,23456.351818181818,43695.92625284897,11
user89056@okhdfcbank,9367.346363636363,18077.974441659815,11
user89059@okicici,2109.9892307692307,5235.574517230592,13
user8906@ybl,18978.727142857144,49462.29891442594,14
user89074@paytm,10310.388421052632,23442.25604812701,19
user89074@ybl,6820.62090909091,12880.15686067406,11
user89090@axl,16052.15,41376.003359750124,16
user89090@okhdfcbank,17401.28076923077,33212.09993501275,13
user89092@axl,24420.054285714286,34256.60302995947,7
user89095@ybl,9076.791538461537,22425.55687935748,13
user8910@ybl,18082.26894736842,37966.59420517608,19
user89110@ybl,11212.469285714285,26287.667580055473,14
user89116@ybl,16244.116470588235,20768.46274256834,17
user89147@okicici,7078.503529411764,12919.553914710512,17
user89150@paytm,19392.48375,52940.96834698785,8
user89151@okhdfcbank,5706.952,13384.086028942456,20
user89177@axl,24209.89333333333,39974.412164450296,12
user89177@okicici,20862.843,60108.438305610835,10
user89199@okhdfcbank,5078.055384615384,11066.951718061766,13
user8919@ybl,592.5733333333333,1067.6134785937277,9
user89204@okicici,13861.207857142857,36475.66572513899,14
user89207@oksbi,15456.737333333333,38695.19452907621,15
user89209@oksbi,1853.725,2893.191210454297,10
user89220@oksbi,10447.276923076923,17385.607060710394,13
user89222@oksbi,2880.5733333333333,8040.631735407512,12
user89223@okhdfcbank,10862.253846153846,26058.13145527468,13
user89229@axl,1287.1522222222222,1378.7742015172187,9
user89236@okicici,4104.997222222222,9740.827688539679,18
user89241@axl,7478.915,20785.197003517358,14
user89241@okhdfcbank,21547.267499999998,36695.93112618523,12
user89263@okhdfcbank,26329.74857142857,44776.473110371786,7
user89267@okhdfcbank,3431.2100000000005,7785.50827247971,9
user89278@oksbi,18041.239999999998,23335.93627186576,21
user8927@paytm,3980.2031578947367,9503.76087744978,19
user89281@paytm,5350.451428571429,9692.592189903218,21
user89284@okhdfcbank,5976.551538461538,12655.22501343144,13
user8928@ybl,16537.241,47983.74083602983,10
user89290@paytm,23943.024999999998,58188.7384868281,6
user89296@okhdfcbank,3276.886923076923,6014.144701170989,13
user89302@axl,9741.571764705885,32964.385913249294,17
user89306@okhdfcbank,9843.063076923077,18178.99733749746,13
user89314@ybl,3824.1723529411765,8566.830709376665,17
user89321@paytm,3820.776,6932.655261810689,15
user89330@paytm,8823.401538461538,14704.210172608075,13
user8933@okhdfcbank,9194.003333333332,18507.483382011284,15
user89340@ybl,5824.568235294118,12256.140556318716,17
user89356@axl,23982.073529411766,45661.670970581676,17
user89365@paytm,12397.19125,40206.95072715411,16
user89370@paytm,4815.734444444444,9149.878335547843,9
user89388@paytm,15820.370588235293,46345.842490077994,17
user89397@oksbi,10271.570000000002,34737.36236278631,14
user8939@ybl,13520.510624999999,35643.2865205365,16
user89406@okhdfcbank,1016.6424999999999,1377.3241609276297,12
user89416@ybl,5682.138749999999,17042.941341290778,16
user89422@paytm,2961.003157894737,7497.537248791212,19
user89425@okhdfcbank,12572.315714285713,43396.76839457443,14
user89427@axl,6614.3146153846155,13133.914003523863,13
user8942@axl,20714.182142857142,39285.126372323764,14
user89442@ybl,9853.135454545454,17485.06034097358,11
user89444@ybl,8436.386666666667,17507.55362196627,12
user89454@oksbi,3404.0989999999997,7427.530375721974,20
user89461@oksbi,18837.27411764706,48125.93745293787,17
user89464@ybl,5072.3775,8058.337332943526,12
user89478@ybl,17269.936,43604.80965810108,15
user89495@paytm,11687.763684210528,18006.93311196496,19
user89499@axl,15587.154285714287,47564.4761553516,14
user89503@axl,5629.061111111111,14400.003076738773,9
user89509@okicici,4418.1793333333335,9549.038049506398,15
user8951@axl,10993.488461538462,15405.650378969098,13
user89529@okicici,13076.69875,26992.63711004512,16
user89534@oksbi,10900.349285714286,19252.019497982128,14
user89535@paytm,5191.775,12130.86478979474,12
user89540@paytm,10696.571666666667,30870.885140452134,24
user89552@okicici,13454.935,17523.20299250606,16
user89553@okhdfcbank,3537.1459999999997,6543.257822240811,10
user89553@ybl,13475.44,15569.00965277052,14
user89559@ybl,20113.30818181818,49497.413206278536,11
user89576@axl,8118.772857142857,26074.872572686767,14
user89578@okhdfcbank,10869.749999999998,26705.120501563928,9
user8957@axl,37984.30181818182,60427.75687976426,11
user89583@okhdfcbank,15803.901875,38208.81903857943,16
user89593@oksbi,8215.0125,14904.607448716511,8
user89603@axl,34309.85214285714,50527.772002813566,14
user89606@oksbi,1387.947857142857,3249.9406828366255,14
user89607@oksbi,2899.57875,7420.677870586522,8
user8960@okicici,16447.95,41506.209467319655,14
user89614@oksbi,12529.205833333332,40299.51018740764,12
user8961@okhdfcbank,11833.064736842105,17701.81958997573,19
user89628@okhdfcbank,4187.8822222222225,6339.729207763486,9
user89635@paytm,26618.185999999998,39466.44611882184,20
user89646@axl,10356.575,23245.578693270396,16
user89648@okhdfcbank,21902.62181818182,56997.836207055756,11
user89652@okhdfcbank,15406.037142857143,25070.745549562816,7
user89657@oksbi,21598.654285714285,50785.68859617998,14
user89658@okicici,15063.301428571429,43085.39557026395,14
user89662@okhdfcbank,21045.655714285713,51265.48145277763,14
user89664@ybl,5944.923333333334,16014.577448545197,15
user89666@okhdfcbank,8513.97,14978.899789407098,9
user89667@ybl,7291.201333333333,17384.95552440585,15
user89668@okhdfcbank,26751.172142857144,62242.60201580885,14
user89668@ybl,4526.948333333333,12055.813622571426,12
user89678@oksbi,13561.078888888887,23432.871148421073,18
user8967@axl,10019.262272727272,22833.95406236885,22
user89691@oksbi,3130.226875,7484.787909303081,16
user89697@okicici,31818.579166666666,62053.81532727547,12
user89700@paytm,2645.932222222222,5332.621825516155,18
user89707@okicici,2608.966,4218.685776079244,10
user89708@ybl,6261.5427272727275,11023.518210291208,11
user89713@axl,2453.837857142857,5729.413449358935,14
user89714@ybl,30243.31,57933.970459753335,15
user89719@ybl,17801.803809523808,44959.79814183673,21
user8971@paytm,9281.3675,12952.160414237062,12
user89720@okhdfcbank,6506.864375,13332.800838277488,16
user89721@ybl,21532.120666666666,37211.62799163234,15
user89726@axl,775.3809090909091,1018.1201339474095,11
user89731@axl,6249.355333333334,15537.438430998514,15
user89733@okicici,26240.1825,60062.94312528143,8
user89738@okhdfcbank,4427.656470588236,8889.142703303101,17
user8973@paytm,4600.9558333333325,12361.241339720227,12
user89741@paytm,18825.21818181818,27483.7412052096,11
user89743@axl,10624.159333333333,37322.61427259875,15
user89747@paytm,10685.222222222223,26651.420716261036,18
user89754@paytm,8834.513076923078,12029.27482973959,13
user89774@ybl,16569.146,22659.520106693053,10
user89779@okhdfcbank,8108.535,13792.077287272936,6
user89780@okhdfcbank,1397.9271428571428,1602.5767292247651,14
user89789@okicici,7360.406153846154,12951.937480130491,13
user89789@ybl,6678.2754545454545,9547.704955552788,11
user89791@paytm,3637.226666666667,552.3171848071842,3
user89801@okicici,4286.22,8539.19425650496,12
user89810@axl,17797.917999999998,40216.993925332674,15
user89815@okhdfcbank,8873.08125,17194.172647258867,16
user89822@oksbi,29599.546666666665,117475.42164912973,18
user89835@axl,11349.526666666667,21343.570187771147,21
user89839@okicici,32405.582307692308,67246.78873135358,13
user89844@oksbi,15333.18142857143,34991.768140744156,14
user89858@axl,17727.64090909091,30661.646134631927,11
user89860@ybl,17652.271538461537,53165.61597117396,13
user89861@oksbi,10247.854666666668,17162.076509590584,15
user89869@okhdfcbank,12401.146,37771.76075025831,15
user89877@oksbi,3046.521333333333,7463.18831426323,15
user8987@paytm,14350.783571428572,40948.96100994536,14
user89887@paytm,5482.28923076923,11622.299354953004,13
user89891@okhdfcbank,1363.520909090909,1740.4019139696127,11
user89896@axl,1556.816,1796.0565563422551,5
user89901@paytm,11777.072307692308,28657.662550587334,13
user89905@paytm,19506.93857142857,27175.715725416394,14
user89913@oksbi,10789.315333333334,31247.823829057936,15
user89916@okhdfcbank,10046.326428571429,22909.20921137027,14
user89919@paytm,8243.894,20192.423949851534,10
user89920@oksbi,1268.165,1408.6065870462198,6
user89921@okicici,1372.2586666666668,1633.8446641363025,15
user89929@okicici,682.934,815.6846097903828,10
user89938@oksbi,13750.959999999997,37809.54655870453,14
user89952@okhdfcbank,5983.823333333334,12646.375777575986,12
user89989@okicici,22915.000999999997,56495.197441828896,20
user89992@paytm,2450.0377777777776,3506.713583042454,9
user89993@okicici,1194.4566666666667,1493.6432378940651,6
user8999@ybl,25787.4575,53525.98132645969,12
user90001@ybl,11524.573999999999,19589.023798601414,20
user90012@ybl,10600.82846153846,21066.87235451545,13
user90022@axl,4786.376249999999,9758.028798508052,8
user9002@paytm,26351.974545454545,49831.808176748185,11
user90031@okicici,6399.988333333334,12898.997749331207,12
user90037@oksbi,17645.498125,39208.318681923134,16
user90037@ybl,20845.422142857144,51208.21393569232,14
user90044@axl,8026.2911111111125,13709.106606395913,18
user90045@okicici,951.4745454545456,1243.0643608467233,11
user90049@okicici,3327.1264285714283,7651.092074730857,14
user9004@axl,31561.57090909091,66252.65468089735,11
user90051@oksbi,17783.5975,28041.20453047172,12
user90062@paytm,5387.405294117647,11407.177728169725,17
user9007@axl,45942.49,70141.3495462981,15
user9007@paytm,9380.460666666668,17243.180374430627,15
user90080@ybl,27347.696842105262,53345.88919015473,19
user90081@axl,20556.4025,28312.945170230643,16
user90082@okhdfcbank,16894.9175,30093.901976308203,16
user90084@paytm,18771.33875,36352.02838981082,16
user90087@oksbi,1906.5133333333333,2521.7167896797887,18
user90097@okhdfcbank,27107.609090909093,47624.20097898871,11
user90099@okhdfcbank,16533.500500000002,34857.79182264501,20
user90106@paytm,11514.621111111112,21309.813409019105,18
user90110@oksbi,19514.478666666666,49663.277020498295,15
user90112@axl,4538.161,9086.98646361616,10
user90116@okhdfcbank,16607.55277777778,45292.77946943092,18
user90126@okhdfcbank,5168.323809523809,11749.566785798306,21
user90131@ybl,3019.0317647058823,4668.243640368445,17
user90132@axl,7516.4025,17645.670888063647,12
user90135@paytm,3092.6513333333337,5758.525158737469,15
user90144@okicici,23253.67111111111,59797.31074321485,18
user90152@okhdfcbank,7680.804999999999,15195.703909154247,8
user90152@oksbi,8052.845333333334,14956.873341483633,15
user90156@axl,1121.5817647058823,1363.7998650564318,17
user90160@paytm,25781.47428571429,56406.5535080426,14
user9016@okicici,14780.028333333334,46742.70010118893,12
user9016@paytm,5861.36,11427.736989304247,17
user90180@axl,20897.714545454543,50721.750689431334,11
user90186@okhdfcbank,12701.197857142857,25871.6435090004,14
user90196@oksbi,19724.954444444444,45489.14186254642,18
user90211@paytm,7849.167777777777,14456.228187980758,9
user90233@oksbi,2679.0654545454545,6720.878930458967,11
user90234@okicici,11034.23076923077,32610.13028165416,13
user90242@okicici,4016.39,8759.314405203184,15
user9024@axl,4219.0175,9836.952107716766,16
user90254@okicici,18339.280869565217,27823.452906712922,23
user9026@ybl,2533.27,4190.95069699159,15
user90272@ybl,19739.09866666667,48419.5995779361,15
user90285@paytm,1960.3916666666667,1898.6268764390402,6
user90297@okhdfcbank,7584.364285714286,11506.821843767764,14
user90299@oksbi,2855.7406666666666,7695.477875865491,15
user90300@oksbi,19179.70882352941,56449.25508426649,17
user90303@oksbi,1627.565,2050.541747973772,10
user90312@axl,1237.09,1453.856283896956,16
user90314@axl,14796.677777777777,26261.297027718207,27
user90317@okicici,15630.252777777778,30122.268538742876,18
user90326@paytm,15968.642857142855,45306.34600167592,14
user90335@paytm,28659.087142857144,54333.799463990035,14
user90336@okicici,12231.724545454546,18030.42095989906,11
user90339@ybl,20134.80125,53297.04751662528,8
user90340@okicici,5952.1861538461535,12554.93527485874,13
user90342@okhdfcbank,25416.586666666666,44511.10208506386,18
user90349@okhdfcbank,19380.82909090909,25948.679062533203,11
user90353@oksbi,15664.886428571428,39223.79081972211,14
user90360@ybl,6828.8237500000005,13191.420588584882,8
user90367@okicici,9822.77,24025.374936411354,22
user9036@ybl,3374.4714285714285,8228.79821276366,14
user90385@okhdfcbank,24338.161428571428,44394.23693388908,7
user90387@oksbi,11745.824545454547,18151.337045867647,11
user90388@okhdfcbank,8342.847333333333,13763.238132054359,15
user90388@paytm,7549.68625,13835.08083598978,16
user90389@ybl,9024.27,15217.327104832397,10
user90390@okhdfcbank,16989.334117647057,39083.10346742119,17
user90393@axl,4675.839523809524,12195.058406007114,21
user90399@paytm,7870.756666666667,14956.065113592687,12
user90400@okhdfcbank,18695.188000000002,44449.27456314383,15
user90402@ybl,2863.3872727272724,3473.245684664679,11
user90405@axl,24052.441428571427,51326.337343881765,14
user90407@paytm,17053.793076923077,46252.6126360044,13
user90424@oksbi,7990.684285714286,15246.59099610579,14
user90431@okhdfcbank,10356.377619047618,15599.7354965483,21
user90439@axl,5473.838461538461,12798.841051988422,13
user90452@oksbi,15170.444,32766.807315990805,15
user90460@okhdfcbank,10945.7035,31764.438762474496,20
user90461@axl,1384.2925,1823.6111293784256,8
user90462@oksbi,19123.98692307692,54156.41055277442,13
user90464@ybl,899.42875,1099.5965670182557,16
user90474@oksbi,12556.251333333332,22282.445425700946,15
user90475@okhdfcbank,6572.629285714285,12898.296384423717,14
user90480@axl,16458.191428571427,28568.104089150092,7
user90489@okicici,17470.322,37063.67233128556,15
user90493@okhdfcbank,21786.51125,48454.80247635479,16
user90494@okhdfcbank,16475.7955,43401.519154545065,20
user90499@okhdfcbank,1054.1966666666667,917.0435621641245,6
user90506@axl,4666.8130769230775,14732.449225561799,13
user90520@ybl,25620.352000000003,40938.460440495,15
user90521@paytm,6748.1449999999995,18302.855750291626,10
user90524@paytm,5031.180833333333,11504.205753989165,12
user90532@ybl,765.8109090909091,1360.8357790744228,11
user90557@okhdfcbank,38735.24384615385,134668.7256542826,13
user90563@okicici,9847.925217391305,31669.458105333895,23
user90570@axl,14062.046874999998,36285.26369475791,16
user90571@paytm,24044.23076923077,50647.08500434328,13
user90572@okhdfcbank,9105.06923076923,28522.812071235036,13
user90588@paytm,15131.092352941178,31978.90036236345,17
user90595@paytm,7940.175555555556,13804.772518304386,18
user90599@paytm,11063.498,37189.98027050128,15
user90606@ybl,10254.199166666667,21520.09635068261,12
user90613@okhdfcbank,29227.65769230769,66798.10941615903,13
user90614@paytm,24868.29666666667,46291.80200460413,18
user9061@ybl,5571.591875,9212.340980553001,16
user90626@okicici,17343.666875000003,46278.643062855066,16
user90630@okhdfcbank,1780.7381249999999,4577.314448830185,16
user90643@okicici,8505.41,13067.266615736,15
user90647@oksbi,1021.0907692307693,1298.1766214865982,13
user90654@oksbi,1280.6127272727272,1492.4790359672788,11
user90670@okicici,17048.218125,48408.31456404423,16
user90678@oksbi,7303.253076923078,20407.215696087496,13
user90682@okicici,1504.2675,1527.941754375567,8
user9068@okicici,5473.263333333333,7275.179208582279,12
user90709@ybl,18478.99846153846,41995.32809465216,13
user9070@paytm,14019.971818181815,31360.443458519465,11
user90710@ybl,11423.54125,19873.505006651758,8
user90719@okhdfcbank,6319.37625,10084.08894044324,8
user9071@ybl,11098.639333333333,18166.72247567335,15
user90723@okhdfcbank,4339.325555555555,7855.128642581405,9
user90743@okhdfcbank,38242.27214285714,62633.483471419066,14
user90745@ybl,12919.2125,27306.737654172088,16
user90765@axl,814.5725000000001,954.6595189540329,12
user90766@okhdfcbank,2285.026923076923,5060.063689944006,13
user90779@ybl,19564.408499999998,60028.83159159019,20
user9077@okicici,16774.176666666666,36808.74683548845,15
user90780@ybl,11741.005294117647,31052.03372054581,17
user90787@okhdfcbank,15247.517777777775,43642.27529563473,9
user90787@oksbi,5261.240555555556,14209.36576439575,18
user90789@oksbi,22565.70142857143,41332.77076702622,14
user9078@paytm,6922.95,20157.519327729024,14
user90791@paytm,11026.35,33009.982320979056,17
user90792@paytm,4975.97,10642.462824457676,12
user90796@ybl,30035.422857142858,62699.81239173732,7
user9080@ybl,1323.0636363636365,1461.8719058335635,11
user90812@okhdfcbank,11453.465833333334,32051.893455531386,12
user90813@okicici,8204.3025,14581.709876172787,12
user90818@axl,22011.804375,46625.834626393975,16
user90822@okhdfcbank,6441.972,15206.033010618443,10
user90826@okhdfcbank,13773.702,28236.31518323047,15
user90833@okicici,8301.968571428572,23765.440156175162,21
user90846@okhdfcbank,1165.0014285714285,1688.4381803057777,7
user90848@paytm,5020.622857142857,12187.451585557126,14
user90859@oksbi,10184.710833333333,18642.972325578372,12
user90859@paytm,4499.52,11598.905804825728,11
user90862@okhdfcbank,5439.422666666666,11880.637156979097,15
user90863@paytm,10935.24357142857,32576.265381482553,14
user90874@okicici,9962.16,14094.174773941182,8
user90876@oksbi,7705.746666666667,15177.67761057027,12
user90881@ybl,9258.50923076923,15400.591160451959,13
user90882@axl,2285.3176470588232,6368.013027429092,17
user90899@oksbi,1226.629090909091,1441.4191932984281,11
user90900@oksbi,27967.91,65955.83061614391,13
user90900@ybl,23549.385555555553,50944.770181309366,9
user90904@paytm,11138.270769230769,19814.65003399188,13
user90906@okhdfcbank,11854.425714285715,22373.776423344712,21
user90909@okicici,64012.787142857145,152702.87106439943,7
user90912@oksbi,20670.80222222222,47132.33924737897,9
user90922@okicici,17570.155714285713,40671.03943079188,7
user90930@ybl,9449.030714285715,20660.03997994213,14
user90941@oksbi,2922.55,6683.394445289241,14
user90941@paytm,14535.477499999999,32846.88908398551,16
user90959@paytm,3433.4275,7618.20235541779,12
user90962@okicici,7317.525882352941,12741.489787392926,17
user90963@ybl,2107.063846153846,4254.552620571166,13
user91005@oksbi,3832.226,9020.712170843119,15
user91009@ybl,14879.388461538463,38908.4736958735,13
user91012@oksbi,8805.660454545454,18568.245331906597,22
user91020@paytm,17820.645263157894,43158.741542878575,19
user91022@oksbi,6367.124545454546,13571.532128763769,11
user91023@oksbi,24389.379166666666,50084.95178723999,12
user91025@okhdfcbank,13655.559705882353,32149.320904130473,34
user91032@paytm,8727.832222222223,16810.34923908244,9
user91045@okicici,21977.261333333332,53835.50962537656,15
user91054@oksbi,7741.469090909091,16206.364378536264,11
user91063@ybl,4064.438181818182,8991.277182525093,11
user91068@paytm,12835.414166666667,34527.08686342505,12
user91071@okicici,8261.648666666668,13105.942419457162,15
user91073@paytm,1263.6558333333332,1432.2891220538497,12
user91084@axl,14771.71,28305.870311515242,11
user9108@oksbi,12623.621428571429,12727.145029702251,14
user91093@axl,7780.615625,26868.15779680698,16
user91093@ybl,8421.502857142857,17996.688260334253,14
user91099@ybl,9316.325714285715,20342.83466496769,14
user91101@oksbi,3641.4254545454546,5901.890549051827,11
user91102@okhdfcbank,13366.63652173913,30933.31790030843,23
user91106@axl,5230.631666666667,11151.581056676006,12
user9110@axl,5787.991,12644.244980747784,10
user91135@ybl,8574.74076923077,21467.07168856039,13
user91140@axl,8281.152307692308,21118.717679629266,13
user9118@oksbi,8974.800833333333,12480.17474537513,12
user91194@okhdfcbank,18868.947333333334,38775.09160154685,15
user91198@paytm,7563.646363636363,15038.900944764062,11
user91201@paytm,21316.313333333335,63229.64833124892,15
user91201@ybl,7811.8237500000005,13400.534515732757,16
user91209@okhdfcbank,24844.177499999998,54377.69290445295,8
user9120@oksbi,1196.9527272727273,2170.683089067084,11
user91221@okhdfcbank,5432.634615384616,13032.781834054473,13
user91226@ybl,1324.3554545454544,2751.6592690170187,11
user91239@okhdfcbank,5567.687,8873.894081695851,10
user9123@axl,21216.012727272726,18888.971847106495,11
user91245@oksbi,3533.4430769230767,6891.198295563195,13
user9125@okhdfcbank,1503.1333333333334,1663.883540440857,9
user91265@ybl,13914.230333333335,39170.87305656162,30
user91270@okicici,6424.373333333333,15360.035569408494,18
user91272@oksbi,10106.813076923077,11986.627271550982,13
user91282@oksbi,2420.65875,3890.669651318609,16
user91283@oksbi,18564.44,44146.77651945869,8
user91290@okicici,4672.921,8407.821586835347,10
user91296@ybl,18529.17,51956.960465536096,11
user91298@ybl,8607.43375,16325.10901606824,8
user91301@okicici,19133.744545454545,50492.18877587451,11
user91306@okicici,15063.423888888889,31695.273307797648,18
user91321@axl,3466.5294444444444,11345.539117773777,18
user91327@okhdfcbank,3506.2,3951.683977633951,10
user91331@axl,19237.728666666666,39716.12822530735,15
user91332@okicici,17725.870833333334,34276.989953139506,12
user91347@paytm,35098.525,62168.859365465505,12
user91349@paytm,1781.006153846154,2059.2812340455853,13
user91353@paytm,21384.278571428567,45351.65495921268,7
user91353@ybl,19008.772857142856,50991.06346117681,14
user91355@oksbi,10045.765714285715,21895.896506766476,7
user91360@okicici,7615.746428571429,12578.724027144839,14
user91365@ybl,6114.535000000001,12809.317489155337,14
user91367@axl,4666.183333333333,11736.443585414027,12
user91369@okhdfcbank,20855.614,44361.524308899934,20
user91373@okicici,3757.536,11105.167697555302,15
user91382@okicici,7924.802222222223,20796.79954659612,18
user91385@ybl,21245.922307692308,38353.83813833351,13
user91396@paytm,10391.457368421054,24236.03458915529,19
user91397@okicici,5223.735454545455,8560.360139811133,11
user91410@okhdfcbank,33644.90578947368,62590.570447866034,19
user91415@oksbi,15120.773333333333,34943.41013885164,9
user91417@ybl,21787.836666666666,54430.34544742153,12
user91418@oksbi,10169.263636363636,19225.144314497757,11
user91421@okhdfcbank,15059.3525,38739.50150130394,12
user91436@oksbi,18746.021666666667,36612.633125179666,18
user91444@ybl,20396.2725,22800.482028175596,4
user91447@paytm,49393.54615384615,79209.31949457353,13
user91453@okicici,932.9350000000001,1206.7716512916234,10
user91456@okicici,2407.1415384615384,5081.033752428152,13
user91467@ybl,5792.933076923077,10949.939010214763,13
user91469@ybl,35390.94666666666,48285.45521985559,12
user91474@paytm,5088.134285714286,7426.494671170152,14
user91477@axl,2731.4669999999996,5615.859154130615,20
user91480@okhdfcbank,7910.319411764705,15071.294706265895,17
user91481@paytm,64857.036250000005,113369.81408045793,8
user91486@oksbi,8635.002222222223,19720.956381543663,18
user91504@okicici,6342.195384615386,9681.52726767977,13
user91504@paytm,10487.63111111111,14387.709110682323,9
user91517@oksbi,6649.374545454545,10412.809046496881,11
user91518@ybl,18389.126363636366,55353.316338826764,11
user91536@okhdfcbank,20534.122777777775,37478.62174746178,18
user91536@paytm,19554.24,36343.23673636128,9
user91545@okicici,31536.189333333332,57936.52521132459,15
user91555@okhdfcbank,7758.294166666667,16364.363418399284,12
user9155@okhdfcbank,1725.0244444444443,1837.5294253978025,9
user9155@ybl,1957.4450000000002,1900.0839876539376,10
user91563@ybl,13456.005714285715,29971.54878148088,14
user91570@okicici,7115.64,12772.779037911056,17
user91575@okhdfcbank,6838.067142857143,14901.506228895856,14
user91594@ybl,13984.41375,27367.30767960923,8
user91596@paytm,7124.777333333333,12873.537803424215,15
user91600@axl,5650.04,11201.446041318653,16
user91605@oksbi,2037.63,1819.2762450840921,12
user91610@okicici,14576.488500000001,37612.854741021336,20
user91633@oksbi,21825.774999999998,43245.700608171035,24
user91639@ybl,16111.067333333334,30763.09427113192,15
user91644@okicici,23127.690000000002,50863.20457181953,12
user91648@axl,7143.6866666666665,12457.6750750876,18
user91664@paytm,4831.759166666667,10756.986826080194,12
user91678@ybl,17947.812222222223,37866.60180113039,18
user91695@ybl,8986.63882352941,15820.303122087247,17
user91697@okhdfcbank,14291.827727272728,39254.31102316376,22
user91703@axl,918.91,1308.8666323579341,11
user91710@axl,21413.937142857143,50833.07781178699,14
user91715@okicici,12847.160833333333,29058.425353901766,12
user91724@oksbi,14503.64176470588,43858.33522931021,17
user91724@paytm,8934.068571428572,15733.529441581788,14
user91735@ybl,6312.837647058823,13397.03804398874,17
user91743@okhdfcbank,15263.814666666667,46886.947860025415,15
user91744@ybl,1932.7920000000001,2358.722373080393,5
user91748@oksbi,14577.84,29445.09467041468,13
user91751@paytm,15143.035652173914,19951.950397848286,23
user91768@oksbi,16959.063636363637,39139.443009781135,11
user9176@axl,14531.370952380952,27467.599922395275,21
user91777@oksbi,4845.588333333333,13122.718593140005,12
user9177@oksbi,8973.986666666668,15981.11821059655,12
user91787@okicici,11230.45,30044.30902703715,18
user91791@axl,12621.051875000001,21727.164467014776,16
user9179@axl,43590.89,84045.9297550623,4
user91810@okhdfcbank,13553.535333333333,34405.90851711787,15
user91810@oksbi,22686.343333333338,49540.373447339145,9
user91811@ybl,13705.987499999997,40968.55202377487,12
user91815@oksbi,3646.295,7590.057809426634,18
user91816@oksbi,25708.196249999997,68169.14979095475,8
user91825@okicici,4556.543,9226.59747420232,10
user91827@okhdfcbank,13348.685384615384,36848.906470691814,13
user91830@paytm,2094.8663636363635,5226.84202550311,11
user91852@paytm,8823.464666666667,14633.149664631264,15
user91874@okhdfcbank,7572.711578947368,24023.53342836035,19
user91879@oksbi,19068.910555555558,41550.227909424415,18
user91880@okicici,11503.347,26287.97751265989,10
user91886@oksbi,991.1614285714286,1367.7539758478565,7
user91887@okicici,17783.485714285714,48647.67363046929,14
user91887@paytm,20325.828666666665,50016.183927959304,15
user91895@oksbi,4671.757333333333,11278.75787309962,15
user91896@ybl,7791.798421052632,16737.011322013677,19
user91898@oksbi,7278.164615384615,16023.469050078085,13
user91900@paytm,7900.448695652174,12834.668325933866,23
user91909@paytm,9621.637692307691,15234.602000234616,13
user91921@okhdfcbank,2813.2507142857144,3571.485386160916,14
user91925@okicici,3607.3275,5731.260891661334,16
user91930@axl,7850.706875,12090.476983285493,16
user91932@ybl,22272.44153846154,49202.46458238955,13
user91937@ybl,6088.2787499999995,9589.230631385659,16
user91945@okhdfcbank,6470.483571428572,12673.50232340423,14
user91964@okicici,1708.8709999999999,4249.72945690128,10
user91982@axl,3297.264615384615,8057.547325934669,13
user91995@okhdfcbank,3299.651875,7739.050197331469,16
user91999@axl,18095.525714285715,39598.317292689586,14
user9199@okicici,16265.649999999998,32371.465152594395,13
user92003@okhdfcbank,8439.50125,13873.007555565731,8
user92006@ybl,4915.346956521739,9775.756341511584,23
user92007@axl,10871.556666666665,29627.089495483608,15
user92009@axl,4666.476428571428,10476.872295356538,14
user92012@oksbi,14523.92294117647,33456.810217220685,17
user92024@ybl,17036.103333333333,23916.641659042907,6
user92036@okhdfcbank,5789.796923076923,12386.24867429561,13
user92038@okicici,5360.673125,11919.408462775726,16
user92051@paytm,10832.60294117647,28682.58418826587,17
user92055@paytm,14715.524,32380.10326606665,15
user92056@okicici,1745.895,1511.453752901858,10
user92057@oksbi,4107.637272727273,7116.313228016444,11
user92066@oksbi,5680.464545454545,9867.710863779263,11
user92074@axl,13594.7,32512.68491798679,15
user92074@oksbi,8330.043571428572,13549.011870243305,14
user92080@oksbi,7629.960714285714,15336.233138834454,14
user92083@axl,21436.607692307694,27694.347847404457,13
user92087@ybl,11373.582142857142,16107.01202839414,14
user92088@paytm,31944.00642857143,35954.80283963606,14
user92103@oksbi,1737.6955555555553,1793.259179818349,9
user9210@okicici,26704.98833333333,62130.066968227686,6
user9210@ybl,8293.494,13625.741660358894,15
user92110@oksbi,9252.79,19627.022305310096,11
user92118@okhdfcbank,8807.066428571428,15370.368000399396,14
user92128@ybl,19813.8725,43672.54411019605,20
user92137@oksbi,13572.614666666665,22772.297043413724,15
user92141@okhdfcbank,3592.2214285714285,12471.058732562708,14
user92155@okhdfcbank,30955.724,45177.84024953955,10
user92164@okicici,1930.6108333333334,2131.88905748126,12
user92170@axl,17380.974210526318,39719.85871273467,19
user92176@axl,5445.5,11770.225480190156,18
user92179@oksbi,11180.384000000002,22446.663214156353,10
user92186@okicici,4859.5325,11595.940844602888,12
user92189@okicici,16207.755,30874.23830987797,12
user92194@okicici,19010.86333333333,37966.133486338185,9
user92198@ybl,5782.525,11277.844331324286,10
user92205@axl,1517.3058333333336,1964.1349633245136,12
user92207@ybl,19146.114615384613,43285.68752388882,13
user92211@axl,15231.687857142857,45386.76952921755,14
user92218@oksbi,4984.42,9880.134259738916,10
user92221@axl,37980.25266666666,119865.69612871754,15
user92225@paytm,20080.063000000002,55145.87387553126,10
user92228@okhdfcbank,14623.409,39622.69885409525,10
user92229@ybl,9550.824999999999,14149.933048458053,12
user9222@paytm,24759.59363636364,51707.919462410646,11
user92239@paytm,10933.423076923076,21423.24735656976,13
user92244@okicici,20980.8275,39439.03819980533,20
user92245@okhdfcbank,13726.344615384614,17018.678770337225,13
user92248@okicici,11053.482727272727,22400.14526283126,11
user92253@paytm,8703.6875,18730.271086177887,12
user92267@okhdfcbank,22225.73176470588,40495.43367626393,17
user92270@okicici,4517.413636363636,8806.264139452407,11
user92271@ybl,8585.729333333333,14402.952729347086,15
user92273@okhdfcbank,20226.17444444444,52833.63764053615,9
user92281@paytm,4287.404,7652.4323876481085,15
user92288@okhdfcbank,10862.682857142858,19737.53853745872,14
user92299@okhdfcbank,31384.557857142856,65722.47884098468,14
user92302@ybl,6567.114999999999,16555.178648180314,14
user92310@oksbi,20789.836666666666,30889.66460327445,6
user92319@paytm,22260.18166666667,44408.759909178814,12
user92321@oksbi,12782.42076923077,17929.013673454665,13
user92324@okicici,28748.978333333333,59072.87152748326,12
user92328@axl,11651.08909090909,35264.309174441645,11
user92353@okicici,7130.230714285714,16856.527221256943,14
user92354@okicici,22793.23888888889,59915.98239854714,9
user92356@axl,10790.0725,19340.93387894988,12
user92357@paytm,11657.083125000001,27731.701439981578,16
user92362@ybl,8248.035714285714,14558.835930081304,14
user92369@oksbi,3665.1771428571424,7097.734772953302,7
user92384@paytm,9222.980833333333,16128.148324035812,12
user92387@paytm,9034.837368421051,15180.243449868884,19
user92391@oksbi,7879.576875,14857.578900605899,16
user92393@axl,17192.545714285716,38334.17341840381,14
user92396@okicici,1462.9206666666666,1680.6382492139564,15
user92400@axl,2971.562142857143,6226.284399646363,14
user92404@okicici,817.36,1255.476247478754,13
user92412@oksbi,4717.84923076923,10766.426767539499,13
user92417@paytm,18255.090909090908,58489.010192165064,11
user92419@oksbi,12381.570714285715,35390.35926215706,14
user92428@oksbi,16331.812666666665,38504.43853330798,15
user92428@ybl,20292.878823529412,39680.57792571684,17
user9244@paytm,8987.385,15007.972138385318,14
user92456@axl,5377.93,9510.633026200807,14
user9245@okicici,3676.385217391304,9472.53959116459,23
user92470@paytm,16304.662222222221,18711.593812130075,9
user92472@oksbi,7104.895555555555,26604.892385385945,18
user92493@okicici,8769.886428571428,26055.847921730798,14
user92494@axl,12559.914999999999,20526.213896886453,14
user92500@oksbi,9245.987142857142,16659.492977565224,14
user92501@paytm,16010.278999999999,32391.14179775886,10
user92502@paytm,18240.029375,37533.557891830336,16
user92529@okicici,6378.724999999999,15007.068192511948,14
user9252@oksbi,12492.837777777779,17163.114350720836,9
user92531@ybl,5404.852222222223,9003.265516620591,9
user9253@okicici,2144.9842857142858,1701.8004375058897,7
user92549@okhdfcbank,8623.652142857143,16089.60491714696,14
user9254@okicici,16798.522666666668,26963.40076878828,15
user92552@paytm,19942.890833333335,56528.35790597952,12
user92555@ybl,5775.44,9119.252122713693,12
user92556@okicici,8037.38,18517.070334628173,7
user92561@okicici,13372.673846153844,27749.928052421303,13
user92563@okicici,3935.07,8888.719031293542,11
user92575@ybl,4889.265555555556,11365.944127982848,9
user92594@axl,4925.388181818182,12006.069945827248,11
user92598@paytm,2107.23,1707.1586990718429,13
user9259@okhdfcbank,3530.4846666666667,7938.316512843502,15
user92627@ybl,37147.2825,49042.95386493633,16
user92632@paytm,7730.592307692307,24748.3058289196,13
user9263@okhdfcbank,8598.751666666667,21260.98221808375,18
user92643@axl,34151.519,70728.67957824659,10
user92647@axl,14713.008571428572,43233.28128098214,14
user92649@axl,20062.08214285714,43561.06898551029,14
user92652@okhdfcbank,11550.576000000001,22170.862315018912,15
user92654@paytm,29643.303529411765,47785.371957462696,17
user92655@ybl,19184.328125,43466.333205899515,16
user92656@oksbi,54611.86714285715,65813.83806811798,7
user92658@okhdfcbank,21316.915714285715,43101.101071105215,14
user92659@okicici,6636.3953846153845,20579.597307389027,13
user92668@okicici,9431.604545454546,24029.947590071173,11
user92679@axl,3931.072,11684.01944155045,10
user92679@ybl,1957.8799999999999,3698.331196461002,13
user92680@ybl,11581.246363636365,17673.532937231466,11
user92683@okhdfcbank,4123.4158823529415,8605.112423343215,17
user92703@oksbi,20308.0655,44149.61957072235,20
user92707@paytm,4210.7525,11544.939688938757,16
user92713@paytm,11049.218571428572,15635.194703019031,7
user92715@ybl,948.4399999999999,994.3201284741693,10
user92717@oksbi,28570.577272727274,49582.787779351835,11
user92725@paytm,30231.126666666667,50986.578657206956,12
user9272@okicici,15369.050833333335,21513.898623138084,12
user92735@paytm,35333.635,108016.51058985121,16
user92736@ybl,7181.6564285714285,19972.107824576677,14
user92737@okhdfcbank,3911.178888888889,5911.889267439057,9
user92747@oksbi,31678.91,48164.9120780138,13
user92748@ybl,41799.343181818185,110807.88067750512,22
user92749@okhdfcbank,923.1211111111111,1340.6737902398595,9
user92751@oksbi,1047.7181818181818,1516.7005040074207,11
user92756@ybl,4718.638333333333,5921.0720616468725,12
user9275@oksbi,2284.5133333333333,2143.3291212846116,6
user92760@okhdfcbank,29694.50611111111,53201.38820232498,18
user92782@okhdfcbank,42848.451,63771.10228454603,10
user92785@okhdfcbank,7986.941818181818,14070.194968675325,11
user92792@ybl,32184.67583333333,59291.96517804376,12
user92794@axl,22488.893888888888,50220.2139066294,18
user92815@axl,7511.118181818182,14740.36892883473,11
user92828@paytm,1329.2646153846154,1506.4190667972364,13
user92829@oksbi,5042.946,12242.465233067587,15
user92861@ybl,17166.01142857143,32777.47526508759,14
user92865@axl,33587.840000000004,54600.53991012461,12
user92865@okhdfcbank,29730.54,42909.21632114947,13
user92873@ybl,11411.394,16058.428676180707,15
user92878@paytm,22544.682999999997,35994.59307430247,10
user92881@oksbi,4308.608181818182,8382.244453069618,11
user92891@okicici,25262.103125,58751.720451159876,16
user92901@oksbi,57076.662,123568.71451597338,10
user92906@paytm,4957.406666666667,13182.514211150614,12
user92911@okhdfcbank,12495.959047619046,38577.8325501099,21
user92916@okicici,6496.263846153845,12808.247730233268,13
user92922@okhdfcbank,20062.958333333332,48668.954197314226,12
user92937@paytm,17481.98105263158,35631.89290723799,19
user92951@paytm,17441.56,58726.11367859283,25
user92960@axl,10695.391176470588,25321.41327566401,17
user92962@okhdfcbank,12888.173333333332,35102.050454988384,9
user92996@oksbi,8778.744375,17072.689706420202,16
user92998@okhdfcbank,15620.710909090909,44370.721411111284,11
user93005@okhdfcbank,24174.556666666664,39169.5926164643,9
user93019@paytm,23692.29,56427.21565526806,15
user93021@oksbi,7493.23,8644.563521060769,12
user93026@okhdfcbank,4118.645714285714,10603.817011859974,14
user93035@oksbi,2131.9411111111112,4476.3249702028015,9
user93036@okhdfcbank,7686.191428571429,12686.333228092868,14
user93038@okicici,1561.8,1567.6182343074902,7
user93044@axl,3153.149090909091,2854.6520135121705,11
user93050@axl,27969.032142857144,57354.360037722996,14
user93051@paytm,34618.38818181818,53353.66175421324,11
user93059@oksbi,15875.930769230767,37360.45094016364,13
user93062@okicici,12404.384999999998,41967.96574194497,16
user93067@paytm,21045.11222222222,48922.191110478634,18
user93067@ybl,14479.094000000001,36890.33954493313,20
user93071@okicici,6257.238888888888,16381.52522070476,9
user93072@oksbi,21104.404444444444,58897.15854298726,9
user9307@axl,1213.9463636363637,1635.5311296412108,11
user93085@okicici,1668.7868421052633,2388.95929577447,19
user9308@axl,8449.297272727274,12683.157616417207,11
user93091@oksbi,7363.649411764706,13536.262811724693,17
user93093@oksbi,18326.153333333332,43528.93442968971,6
user93098@okicici,4597.729166666667,11422.676665277759,12
user93103@ybl,14062.058571428572,37574.58273820643,14
user93105@ybl,8050.331875,29726.503513580203,16
user93108@okhdfcbank,20483.280769230772,41480.60357123344,13
user93115@axl,11273.925714285713,17504.47334704726,14
user93118@oksbi,19779.429333333333,50480.28576768806,15
user93122@okicici,889.438,1114.157039342813,15
user93124@okhdfcbank,5905.339411764705,20773.109459568597,17
user9314@okicici,14688.59,31300.509382109358,20
user93152@paytm,21609.041000000005,45192.4090729928,10
user93152@ybl,1664.080625,1524.2762589306387,16
user93153@paytm,4883.031666666667,11935.06655723636,18
user93159@ybl,2225.2613333333334,1953.040562865527,15
user93160@ybl,21910.186999999998,62609.739435329786,10
user93172@axl,9048.8,13609.860392220158,14
user93193@okhdfcbank,5885.359230769231,9018.46037894908,13
user93197@okhdfcbank,1394.2972727272727,1607.9460424286067,11
user93201@paytm,4021.352,3789.073282845468,10
user93202@okhdfcbank,40141.498999999996,68526.50490822583,10
user93207@oksbi,12374.22,47953.30580556217,17
user9320@oksbi,15993.550000000003,48093.73271101432,10
user93227@okicici,39920.94285714285,69841.32218843307,14
user93234@oksbi,2139.2028571428573,1780.4728415072934,14
user93241@axl,19626.905384615387,27419.311370314237,13
user93244@paytm,6285.48125,13893.546174994046,16
user93247@paytm,21809.55272727273,32967.85166916252,11
user93254@axl,16106.42,43753.82546032396,18
user93259@okhdfcbank,6190.485000000001,13246.511313758552,16
user93260@ybl,4107.6,6818.9733403105965,10
user93263@paytm,8249.285294117648,15306.46067002065,17
user93264@axl,4554.354285714287,11546.538779744753,14
user93268@okhdfcbank,19648.904444444444,51288.13558816945,9
user93282@axl,827.57125,932.4243613210672,16
user9328@oksbi,20675.035,38982.15382453054,10
user9328@ybl,3579.9542857142856,7796.432769346123,14
user93290@paytm,39269.415624999994,66713.0448870286,16
user93298@okhdfcbank,23023.692,53134.88874338716,15
user9329@paytm,7313.57909090909,10844.162356030505,11
user93307@axl,8423.95888888889,16740.894232238195,9
user93320@oksbi,4932.807222222222,9064.578283724093,18
user93321@axl,22348.60705882353,61325.20627703004,17
user93324@oksbi,5392.0160000000005,11746.189880651149,15
user9335@oksbi,20320.17111111111,43931.51967226357,18
user93365@paytm,17158.848,20248.968805066925,10
user93374@paytm,6396.007368421053,15066.56166376974,19
user93377@ybl,4855.154285714286,13677.297067113537,14
user93385@paytm,14597.937333333333,31245.566236286904,15
user93389@paytm,22899.8375,36840.147558236975,16
user93403@paytm,19713.01923076923,49636.30147708773,13
user93416@ybl,32600.385833333334,46226.725987971586,12
user93420@okhdfcbank,7745.220909090908,14783.584089069507,11
user93435@ybl,7685.996153846154,18518.44972867714,13
user93436@axl,13072.473636363635,19243.17627657673,11
user93438@paytm,1646.9476923076923,1869.3242940572309,13
user93446@okhdfcbank,4195.374444444445,11173.480527538308,9
user93446@paytm,35202.66333333333,57117.22481749629,21
user93447@axl,29950.4,58117.9412825768,10
user93447@oksbi,17522.994444444445,20818.80222998799,9
user93464@ybl,1239.538,1792.6166852732351,5
user9346@okhdfcbank,9209.992499999998,18301.16198287824,12
user93471@okhdfcbank,5611.220909090909,13560.103417384733,11
user93476@axl,21715.324375,50798.44457776846,16
user93479@okicici,6523.2525,15191.980639720374,12
user93491@okhdfcbank,21120.10625,50282.12216134874,8
user93492@oksbi,1860.891,1600.6706310130692,10
user93493@axl,31747.41333333333,35436.09587434118,9
user93498@okhdfcbank,22364.361764705885,39525.5424723566,17
user93508@axl,5662.242142857142,11556.856488261836,14
user93509@okhdfcbank,11622.06,16845.28913982833,12
user93510@axl,28123.435999999998,53241.9950821434,10
user93535@oksbi,5056.137333333333,14416.747071289035,15
user93541@okicici,705.62,1260.891887065131,7
user93554@oksbi,5236.584,11787.616574170068,10
user93561@oksbi,8420.313333333334,13508.304664912399,18
user93573@ybl,3349.8825,5432.568310885132,16
user93578@oksbi,6509.293636363636,14389.843427536847,11
user93588@paytm,988.9792857142857,1537.8151148324503,14
user93601@paytm,22150.36111111111,55817.69621008477,9
user93602@okhdfcbank,8403.25,11943.556102564726,10
user93609@paytm,32125.12642857143,66000.95575637973,14
user93615@axl,17156.609545454543,42861.579305549836,22
user93617@oksbi,8016.581666666668,17371.65707420385,6
user93641@ybl,30370.624375,53903.609023590245,16
user93645@okhdfcbank,30585.451875,116410.85087889608,16
user93653@okhdfcbank,2387.192857142857,2748.9218240120385,14
user93658@paytm,11630.65625,41859.54482791133,16
user93661@okicici,16941.904285714285,42669.21640880494,7
user93662@oksbi,9478.400625,17568.634211961373,16
user93680@oksbi,4884.754705882353,11109.436704058244,17
user93689@paytm,27477.55625,86526.76347893893,16
user93691@paytm,10455.742142857143,16351.957357475434,14
user93693@paytm,52479.75125,124751.55644361887,16
user93705@okicici,12101.778823529412,34441.67686468076,17
user93705@oksbi,13627.292352941176,30389.00846919851,17
user93708@okicici,16832.07,39862.739172133544,13
user93738@okicici,4827.838421052631,12188.844339365432,19
user93759@oksbi,696.3454545454546,818.4512483631952,11
user93764@paytm,4697.492941176471,12811.112570307256,17
user93769@okhdfcbank,21371.483636363635,50053.71782485917,11
user93772@okicici,7880.625833333333,17047.82660351884,12
user93772@paytm,925.1393333333333,1409.181406285561,15
user93787@axl,9650.122857142856,27077.272975730797,21
user93789@okhdfcbank,20626.415714285715,47414.48375011193,7
user9381@paytm,10135.01157894737,15126.784107199192,19
user93822@okhdfcbank,4548.455454545454,9676.53469240447,11
user93837@okhdfcbank,1040.182857142857,1433.7514483739103,14
user93850@ybl,6887.682307692307,13484.04974807405,13
user93864@axl,18985.444285714282,39246.82845641861,14
user93868@oksbi,27268.39923076923,49869.06437446574,13
user93876@oksbi,19262.06923076923,49780.66028095858,13
user93889@oksbi,17928.510666666665,40670.77280712535,15
user93892@oksbi,24131.977272727272,45507.69003314629,11
user93905@okicici,1830.621111111111,3157.795176980469,9
user93906@oksbi,22944.45777777778,64283.89684617423,9
user93910@okicici,628.5922222222222,1349.1516030526163,9
user93918@okhdfcbank,31536.865,59524.71848061219,14
user93920@okhdfcbank,2664.5142105263158,3671.4887307774393,19
user9392@oksbi,4409.189090909091,8823.960950964656,11
user93934@okicici,10830.466153846153,32586.89532481105,13
user93943@okicici,20823.443846153845,55416.24714960821,13
user93949@axl,18944.188000000002,46667.007581675425,10
user93949@ybl,16523.785333333333,43360.03415673056,15
user93961@okhdfcbank,15356.404210526316,38217.36939831886,19
user93969@ybl,34647.31111111111,116947.26012189135,18
user93990@axl,5440.525,13955.39635400567,20
user93993@okhdfcbank,25717.943333333333,55964.886085567545,12
user9399@ybl,7542.4475,13245.341645533346,16
user94008@paytm,10181.62,13972.972801128137,4
user94011@paytm,5565.0707142857145,11212.28789385348,14
user94016@oksbi,8605.965384615383,16247.931107730103,13
user94018@okhdfcbank,4901.314166666667,8282.071661079908,12
user94027@axl,7981.345454545455,17335.372028426944,11
user94034@oksbi,29152.37642857143,43912.130125656906,14
user94036@paytm,1287.4737499999999,1570.5865594005454,8
user94045@ybl,945.1057142857143,1259.0849547112457,14
user94054@okhdfcbank,14711.366666666667,25312.431745049824,12
user94059@oksbi,9719.85,17229.021293025326,11
user94063@okhdfcbank,16752.608823529412,45100.37600942118,17
user94065@paytm,2665.8516129032255,4835.437997386996,31
user94070@okhdfcbank,13719.579473684209,21364.922822870063,19
user94076@paytm,2428.8214285714284,6546.020561159344,14
user94078@okhdfcbank,9810.361538461539,22848.078236660243,13
user94079@ybl,13997.325714285715,36869.72898296394,14
user94095@axl,13953.591538461536,43023.12189382468,13
user94102@ybl,19976.60076923077,43039.08994336146,13
user94103@ybl,33186.10764705882,64059.81806516025,17
user94105@axl,17301.453333333335,57541.99464077698,12
user94106@oksbi,16458.155454545456,48424.54345165381,11
user94109@ybl,6908.064545454546,13871.693540189939,11
user94122@okicici,8445.477368421052,20927.390323910655,19
user94135@paytm,17322.53,29695.892286460916,19
user94144@ybl,12188.269333333334,24251.027141719605,15
user94145@paytm,7543.372142857143,13290.944496331778,14
user9415@okicici,28385.46230769231,45134.081232088014,13
user94167@axl,9007.146428571428,14886.036078669684,14
user94176@paytm,20035.558095238095,66866.15864306335,21
user94179@axl,7616.6053846153845,13992.202149750896,13
user9417@okhdfcbank,3955.2546666666667,9156.805476075366,15
user94185@ybl,6618.822222222222,11446.675986374466,18
user9418@paytm,4034.9106250000004,4551.370327653668,16
user94190@axl,8911.606923076923,9902.504771811005,13
user9419@paytm,7225.873846153846,11704.922586972783,13
user94220@paytm,8260.266428571429,17713.8493563481,14
user94229@okhdfcbank,1090.123076923077,1376.4617855718855,13
user94237@paytm,317.5416666666667,136.75574597312783,6
user94246@paytm,1091.6626666666666,1478.4920286053366,15
user94254@oksbi,12299.45857142857,34249.17808695085,14
user94254@paytm,13463.340769230768,22697.29347998694,13
user94264@axl,9089.957272727273,30087.962905261502,22
user94269@okhdfcbank,19920.018666666667,49368.35264717829,15
user94286@okicici,7933.617692307692,14468.68469163556,13
user94287@axl,4218.058571428572,8854.948131200297,7
user94293@paytm,22511.072,49774.61664838722,10
user94295@okhdfcbank,9173.83888888889,25334.36076101339,18
user94297@okhdfcbank,32462.74,49135.03559548116,12
user94300@ybl,63288.454000000005,89070.16767603747,5
user94301@okicici,14766.353,33983.80415376747,10
user94302@ybl,18320.85642857143,41576.3567029855,14
user94305@okicici,9061.447142857143,21083.607520242862,21
user94308@axl,13721.847333333333,29318.55052658944,15
user94309@oksbi,6290.013076923076,11342.675337883904,13
user94311@oksbi,22196.125294117646,38946.82125592427,17
user94321@ybl,21436.648666666664,55497.01531758235,15
user94326@axl,31150.808571428566,55131.20592142905,14
user94330@okhdfcbank,18014.055833333332,48936.12831992005,12
user94330@okicici,4324.952857142857,11953.20472906256,14
user94332@okhdfcbank,6355.2553333333335,11940.702960698794,15
user94332@okicici,17493.427499999998,41061.86570775395,20
user94337@okicici,5322.08947368421,11193.528149485643,19
user9433@okicici,13618.994166666665,17984.292815004104,12
user94344@oksbi,27572.30214285714,58734.43167510639,14
user94348@okhdfcbank,3371.3149999999996,7636.385251142918,14
user94368@oksbi,3275.4735294117645,5194.805100696682,17
user94376@paytm,6195.78,12110.88089831973,15
user94382@okicici,6567.6050000000005,12872.464399053291,10
user94384@oksbi,8770.49,15503.144594941716,18
user9438@axl,18361.233571428573,33993.62574582037,14
user94396@ybl,11825.120714285715,27950.784287306873,14
user94405@axl,31912.895,56368.99728423118,12
user94409@oksbi,6490.560769230769,12259.896689828769,13
user94410@axl,12580.968888888889,14853.439822856224,9
user94418@oksbi,15028.700000000003,32070.72490213661,9
user94419@okhdfcbank,2958.234,7769.577362156837,15
user94422@okhdfcbank,4510.772222222222,9564.079002052129,9
user94426@okicici,15134.842999999999,31966.120462784784,10
user94433@ybl,1058.6766666666667,1866.705958018027,9
user94448@paytm,10332.261764705883,21405.536894721667,17
user94449@okhdfcbank,7360.422727272727,11795.891168668937,11
user94450@okhdfcbank,16839.98,46976.497158395076,15
user94459@okhdfcbank,10027.044166666667,16601.1889644526,12
user94464@okhdfcbank,15077.747692307692,51512.01443738962,13
user94468@oksbi,5332.846428571429,11175.631915758368,14
user9446@oksbi,19605.091111111113,37931.25956085839,18
user94471@paytm,19670.044615384617,54231.82643282319,13
user94474@ybl,7193.611999999999,14220.267254532486,10
user94476@paytm,5828.988461538462,9122.845317345576,13
user94498@axl,11214.629166666668,15960.71774812345,12
user94500@oksbi,7545.522307692308,22703.794150638547,13
user94501@okicici,27628.00833333333,62302.83347942135,12
user94510@oksbi,4261.299473684211,7593.464552324272,19
user94517@okicici,4214.55,7987.76620143788,13
user94526@ybl,6667.016666666666,12691.91228623961,9
user94533@axl,20695.316923076924,55403.31385460521,13
user94542@paytm,21518.445882352942,54832.372323673575,17
user94547@okicici,2990.6175,5293.178116062625,8
user94556@axl,5701.751111111112,14006.14872319872,9
user94557@okhdfcbank,5291.347857142857,8360.584655284101,14
user94562@oksbi,20272.588125000002,42925.759733264626,16
user94574@paytm,2915.507,3238.208605448561,10
user94575@okhdfcbank,1480.886,2027.9374402207006,10
user94583@okicici,1852.1019999999996,2830.482342321809,10
user94583@paytm,1935.49875,4400.326059248133,8
user94590@oksbi,24854.556428571428,61498.87222080412,14
user94607@okicici,20503.298571428568,44853.68232305061,21
user94608@okicici,38694.829999999994,74184.56565483147,6
user94608@ybl,13167.13625,26300.276732214024,16
user94610@okicici,15611.285,17174.835744955857,16
user94616@okicici,6868.954374999999,9421.291184397156,16
user94618@okhdfcbank,24190.652727272725,52611.44137403082,11
user94619@paytm,9027.114545454546,15404.92871996126,11
user94623@oksbi,4418.344375,12236.655503666552,16
user94627@ybl,13662.745909090909,43445.16903282471,22
user94635@paytm,14382.845333333335,44702.2240803045,15
user9463@okhdfcbank,10056.831999999999,27375.635832150616,10
user94645@ybl,27715.559333333335,63591.0684695994,15
user94648@oksbi,7838.519166666666,14948.853934771574,12
user94650@okicici,6639.382,11945.332056510131,15
user94664@paytm,19436.994166666667,54237.07399943183,12
user94665@axl,5302.866153846154,10878.953738719194,13
user94668@oksbi,27244.718461538465,56852.74721264192,13
user94677@okhdfcbank,24030.048,42662.42909631229,15
user94680@axl,18614.834,35940.650105693596,10
user94685@oksbi,9557.83857142857,26021.983533119674,14
user94688@axl,3707.3618181818183,5596.171682846798,11
user94697@ybl,6189.858125,11185.530107373674,16
user94708@axl,13679.377272727272,32615.007342150362,11
user94709@oksbi,6544.665909090909,12531.885745710404,22
user94710@axl,10959.96,16521.34288240301,15
user94714@okhdfcbank,24419.435384615383,41359.28721830314,13
user94715@axl,3544.2770588235294,9395.408092521026,17
user94718@okicici,2113.4927272727273,4136.693803138181,11
user94721@ybl,11458.27875,26673.65462889737,8
user9472@ybl,1691.9871428571428,3185.4919386745337,14
user94740@okhdfcbank,10266.843043478262,29929.59302241124,23
user94743@oksbi,10357.844444444445,17539.57018861544,18
user94747@okhdfcbank,30631.140714285713,67006.14069538788,14
user94762@paytm,8342.583529411766,21512.579707577188,17
user94767@okhdfcbank,12069.634,20611.750196819612,10
user94778@axl,8412.142352941177,16395.420472251742,17
user94782@paytm,9023.39357142857,17241.68162459157,14
user94783@oksbi,4805.564705882352,11639.823995509509,17
user94789@okicici,6116.6030769230765,11124.483263682696,13
user94789@ybl,8566.241666666667,25903.933492606106,12
user94794@ybl,9830.839230769232,16060.278615724294,13
user94800@oksbi,14199.321538461538,19587.779643594473,13
user94808@okhdfcbank,1788.03,1729.3625284942425,6
user94809@ybl,8663.467,15906.22968721658,10
user94812@ybl,1958.1799999999998,4994.475372136197,9
user94814@oksbi,16565.78111111111,47865.00059161638,9
user94823@oksbi,19288.50523809524,43818.43043702222,21
user94823@paytm,5812.094444444445,12932.330388574706,9
user94831@okicici,5530.026,12938.378901683383,15
user94846@okicici,25219.771666666667,51406.072803600095,12
user94847@axl,19092.520833333336,40129.04818611517,12
user94848@oksbi,6656.831111111112,21853.334386700728,27
user9484@okicici,4379.646,4030.006305391735,15
user94851@okicici,8433.11947368421,15287.194155189527,19
user94860@okhdfcbank,5286.808333333333,11053.889255661707,12
user94863@okicici,18656.28846153846,36255.2357303307,13
user94878@okicici,7771.979090909092,15604.83131029519,11
user94898@oksbi,8777.265,16523.75544660556,14
user94899@paytm,13790.751666666669,21867.299669024203,12
user94905@oksbi,16608.08529411765,28326.37383670387,17
user94922@oksbi,5938.027619047619,9368.931141195833,21
user94935@axl,12809.742352941175,38862.93404837837,17
user9493@paytm,18135.43294117647,42594.72924953285,17
user94944@ybl,3083.7805263157898,10073.880539941718,19
user94947@axl,13959.4995,36096.98115034516,20
user94948@axl,6275.286363636363,16408.642280224325,11
user94948@okicici,12045.123749999999,22219.16340425471,16
user94955@okicici,8668.804705882352,16618.90284649611,17
user94966@okicici,16175.983157894736,31232.668359612053,19
user94976@oksbi,24452.1975,43881.62863981121,16
user94977@axl,5385.1335714285715,11394.656428247143,14
user94980@okicici,5175.284545454546,8857.882521823558,11
user94993@okhdfcbank,11870.044347826088,34365.60503879421,23
user95000@okicici,20690.00307692308,43388.8054457657,13
user95002@oksbi,6965.861176470588,13165.614816074809,17
user95003@axl,22829.784444444445,51258.011952645335,18
user95006@ybl,8664.034285714286,16034.972203992944,14
user95018@oksbi,6731.102727272728,10278.69339787805,11
user95019@axl,15358.63,40131.256895354156,10
user95024@okicici,20452.422,49238.17585439705,10
user95025@ybl,6007.350625,9161.58426685943,16
user95031@ybl,3311.8190000000004,7247.547314049613,10
user95042@oksbi,1506.2469999999998,1674.4802006729,10
user95049@axl,10234.563571428573,35545.695135268565,14
user95049@okhdfcbank,9709.14,16671.305007293573,18
user95071@axl,4895.8706250000005,11863.795127108058,16
user95074@ybl,18024.740625,37268.893958187255,16
user9507@okhdfcbank,12033.949375,28064.46795737307,16
user95088@okhdfcbank,5472.08,9308.093460798764,18
user95090@okhdfcbank,1244.5186666666668,1533.102824884725,15
user95108@okhdfcbank,7521.522857142857,16666.200171956527,7
user95108@okicici,20541.171538461538,52476.50538585511,13
user95119@oksbi,21085.405000000002,45088.355418118146,18
user95120@ybl,7581.6161111111105,13899.270680849384,18
user9512@oksbi,2715.5214285714287,2764.3844822919013,14
user95154@axl,27316.03066666667,44296.208195405954,15
user95154@oksbi,4753.63875,9301.539689161202,8
user95171@oksbi,20462.92705882353,38936.168040941186,17
user95179@ybl,17148.884285714284,48968.02401654758,14
user95192@paytm,15483.332631578947,35664.53681558535,19
user95202@oksbi,4283.697272727272,8302.777786493014,11
user95209@okhdfcbank,5598.3099999999995,12108.994728370999,13
user9520@okhdfcbank,24089.094285714287,43472.928555377235,14
user95213@paytm,6118.114,12458.74110273247,10
user95218@oksbi,945.5392307692308,1198.6262902204726,13
user9521@okhdfcbank,27078.505714285715,58023.249563297504,14
user9521@okicici,1290.5316666666668,1499.7523586301395,6
user95220@axl,19752.117692307693,54907.54104021796,13
user95223@oksbi,20243.377,43431.52857208511,10
user95223@paytm,5382.586842105264,9930.904715850445,19
user95230@okicici,6560.870000000001,12843.115783192656,14
user95238@ybl,5938.804166666666,11469.15750478922,12
user95242@okhdfcbank,17001.035384615385,40477.762372571844,13
user95242@paytm,6598.977777777778,12780.558864812778,9
user95244@oksbi,6391.451,11479.414700765163,10
user95246@oksbi,31077.050000000003,57803.900835721724,9
user9524@paytm,13612.112222222224,44655.12012452133,18
user95270@paytm,12283.09375,29778.11760748104,24
user95276@okhdfcbank,3655.7841666666664,6484.434514229873,12
user95283@ybl,18173.647857142856,38861.69653019146,14
user95289@okhdfcbank,5338.176666666666,9381.924426712785,9
user95294@axl,11124.164444444445,20411.866979109305,9
user95296@paytm,20106.536666666667,43660.530702689015,9
user95297@paytm,25575.58727272727,46269.81839059455,11
user95299@okicici,26600.72857142857,57584.225143731695,7
user95315@okicici,3485.216875,11422.901319720671,16
user95319@axl,25983.09,62780.912398018314,9
user9531@paytm,9156.817142857142,10427.014585481184,14
user95333@oksbi,1020.3816666666667,1256.4131358813277,12
user95334@okicici,19191.9975,53447.58532980583,12
user95335@okhdfcbank,27359.356153846154,40878.45023633653,13
user95337@axl,18266.823076923076,40173.22468938098,13
user95341@ybl,38350.16777777778,70585.16433638407,9
user95342@okhdfcbank,6293.5125,10436.59030217213,16
user95346@ybl,35322.10090909091,61454.4777785576,11
user95348@okicici,10233.405384615384,33329.385021733106,13
user9536@oksbi,7783.600625,12647.061270218455,16
user95377@paytm,8317.653333333334,12348.323255217785,15
user95386@ybl,15420.341111111113,37362.72915298695,9
user95389@okicici,4548.78,12853.011150865059,14
user95397@axl,4247.338,8060.862616672128,10
user95409@okhdfcbank,7094.783684210527,15075.520975662357,19
user95415@okhdfcbank,7967.663333333334,19721.72465135022,9
user95426@ybl,17905.68,39281.256957664235,10
user95438@axl,17409.48,39357.06861074386,17
user95439@okhdfcbank,3450.490909090909,6389.9196074058,11
user95455@axl,4661.192727272727,10426.0052095384,11
user95456@okicici,13795.355714285713,36385.89353252179,14
user95457@axl,1091.2292857142857,1269.9316253639213,14
user95463@oksbi,19550.236,38619.426009096685,10
user95473@okhdfcbank,9511.556470588235,18917.449964267096,17
user95475@ybl,15288.363846153845,22370.373268911026,13
user95476@oksbi,16131.83142857143,33680.77534491379,21
user95488@axl,8521.701666666666,15688.47902559468,12
user95491@axl,5516.867333333333,16785.611637208167,15
user95496@okicici,21681.87714285714,50603.95264279772,14
user95503@oksbi,7546.314,11494.861583751432,10
user95515@okicici,18010.59375,36777.68386920015,16
user95527@ybl,8842.511904761905,25101.2512188884,21
user95533@ybl,23143.844375,49695.076087385954,16
user95543@okhdfcbank,13168.239375,32354.450893100002,16
user95547@paytm,21298.60384615385,48641.75646020532,13
user9556@ybl,14693.712272727273,33248.85126053214,22
user95574@ybl,19838.873333333333,49690.89412380828,15
user95585@oksbi,1684.012,2381.7303316277334,10
user95588@ybl,23038.789375,53340.17111950022,16
user95594@okicici,4427.835,9917.53695106937,20
user95598@okicici,38657.91,60838.65966048184,11
user95605@okhdfcbank,929.0183333333333,1152.0473512272388,12
user95611@axl,13452.323684210525,37348.681219283026,19
user95613@oksbi,12993.26,43561.22509050722,12
user95615@okhdfcbank,27979.46857142857,45254.987988300054,14
user95620@paytm,5099.511818181819,12627.75449216433,11
user95626@paytm,12935.358235294118,20217.219195971054,17
user9562@paytm,2985.422222222222,4435.334918554003,9
user95633@ybl,22197.202857142856,52044.9970318516,21
user95634@okhdfcbank,14303.117999999999,17420.21287556677,10
user95636@okicici,3209.450588235294,7611.54594410481,17
user95655@axl,18159.27,36942.67621596194,11
user95658@oksbi,6188.68761904762,10418.103551618166,21
user95660@axl,1577.28,1694.9715217835203,15
user95661@okicici,3615.999,8355.169236097629,10
user95663@okhdfcbank,17975.52125,42257.948795166085,16
user9567@axl,30902.042857142857,68917.79676317502,14
user95684@paytm,3049.5655555555554,5225.219601973948,9
user95686@ybl,12471.665,33169.29434074697,18
user95699@oksbi,16319.767857142857,47052.83003151412,14
user95702@axl,4538.9039999999995,7071.720821911331,15
user95702@paytm,4392.6129411764705,8763.72013782515,17
user95704@okhdfcbank,10852.76,28863.441084034264,13
user95707@paytm,20663.07,46394.651860471036,12
user95712@ybl,5154.048947368421,9021.673180088723,19
user95715@ybl,26010.096666666668,49007.722291854996,15
user9571@axl,16045.805555555555,28692.831167080785,18
user9572@paytm,13935.496666666668,24630.520803876545,15
user95731@axl,7435.065882352941,19617.677473798045,17
user95733@oksbi,12995.310000000001,44131.62891619165,15
user95753@okicici,9303.212142857143,16902.9763614938,14
user95754@paytm,6058.390666666667,13558.772422724529,15
user95758@oksbi,952.8163636363636,1164.9357872541536,11
user95767@oksbi,18884.685833333333,43955.14423868982,12
user95774@okicici,14336.241875,28383.609647921152,16
user95776@okhdfcbank,14341.882777777777,30109.63789352072,18
user9577@ybl,25416.228695652175,48301.256797105496,23
user95781@paytm,14366.682380952381,23560.785303547484,21
user95786@okicici,9201.910714285714,29368.659039677885,14
user95788@paytm,3606.1981818181816,6993.439901819158,11
user95792@axl,9830.654705882353,21875.13524883621,17
user95795@paytm,1591.5833333333333,1658.0259781815846,9
user95799@okicici,15596.411764705883,30470.68688520519,17
user95803@axl,1776.8039999999999,3092.0674772317448,15
user95813@okhdfcbank,2190.0023076923076,3124.617347727435,13
user95819@okhdfcbank,1501.302727272727,1625.4849260826193,11
user95826@axl,4984.950833333333,12110.576789292647,12
user95826@paytm,5021.175,8432.261322567252,12
user95830@oksbi,11561.26375,19409.15571277486,8
user95835@axl,4795.817142857143,8472.735519671254,14
user95835@okhdfcbank,17220.79761904762,33616.55424280631,21
user95837@ybl,899.62,1320.502091024471,8
user95840@okicici,1528.7669230769231,4213.8177173385675,13
user95841@oksbi,5434.143529411765,12052.017181222684,17
user95848@okicici,10262.716153846153,15037.691207041802,13
user9584@okicici,13040.724615384617,24890.738915737522,13
user95851@ybl,12049.2765,37838.552301099815,20
user95856@axl,4565.995,8363.487729146655,16
user95859@axl,25870.257777777777,62596.33827328396,9
user95870@okicici,11558.072222222223,16922.834877070523,9
user95876@okhdfcbank,8150.107368421051,15995.996025541948,19
user95880@ybl,10992.62,25549.48608723732,16
user95881@oksbi,11842.316923076924,28009.498214559706,13
user95884@paytm,7221.231764705882,17483.098834459466,17
user95887@axl,7280.5199999999995,9019.847630133701,8
user95905@axl,3574.48625,9710.80216551367,16
user95910@okicici,8396.298999999999,13483.547179635425,10
user95913@axl,12819.125384615385,16998.310997343047,13
user95914@okicici,985.8130769230769,1211.4525007017032,13
user95924@ybl,4424.0125,13081.679226697945,12
user95934@axl,4958.755,11009.02651124026,12
user95937@oksbi,18665.129500000003,43009.33882237407,20
user95937@ybl,21640.53692307692,50777.635466609936,13
user9593@paytm,3404.35,7690.167775295933,12
user95945@paytm,23840.94875,51862.88746562881,16
user95947@paytm,30232.950909090912,55504.629088333604,11
user95948@axl,8677.980833333333,14614.196858953446,12
user95950@axl,2878.008,4366.171458273255,10
user95952@ybl,2734.921333333333,3727.3414922815714,15
user95968@okicici,6199.495,10073.16562118384,8
user95977@ybl,33350.05888888889,60811.39469138256,9
user95979@okicici,8902.073076923078,16094.671069613581,13
user9597@okhdfcbank,4937.727272727273,11997.288824667086,11
user95986@oksbi,947.9870000000001,1259.155410380307,10
user95990@okicici,4785.803529411764,9837.97614686574,17
user96003@paytm,1355.3214285714287,1552.8314137345858,7
user96018@axl,15375.9272,34049.38635420683,25
user96022@oksbi,35242.59266666667,61033.60643529226,15
user96025@okicici,4639.3375,10044.625653641058,12
user96027@paytm,19525.85722222222,43422.65126784174,18
user96028@okicici,3754.193333333333,9170.11977645603,9
user96028@ybl,1613.075,1840.1628651668007,10
user96031@paytm,7793.217,14153.604726281272,20
user96040@axl,10561.224545454546,18174.719701818438,11
user96040@ybl,8754.238000000001,19808.02847451328,10
user96041@axl,9101.041000000001,23312.440690038085,10
user96042@axl,17228.145384615385,35267.71649437145,13
user96044@okicici,5690.911764705882,12517.557940060251,17
user96046@oksbi,3692.0890909090913,9587.95098274126,11
user96057@ybl,2788.3181250000002,5873.147981949963,16
user9605@okicici,20426.986,60446.260240275544,10
user9605@ybl,33941.142857142855,71882.65222696288,7
user96065@okicici,4013.3836363636365,11301.792566649126,11
user96067@oksbi,1475.46125,1776.907507364068,8
user96071@okhdfcbank,5415.977,10857.438616168538,10
user96074@paytm,29530.602499999997,56597.34980744458,16
user96081@okicici,23772.60923076923,52829.182609613206,13
user96081@oksbi,3226.998235294118,10438.66816817119,17
user96082@oksbi,9660.467391304348,25283.101248631414,23
user96084@axl,7324.067692307693,18883.471171868427,13
user9609@paytm,31438.34857142857,58486.67900090792,14
user96102@okhdfcbank,21900.11090909091,47315.561775806374,11
user96107@oksbi,2412.4545454545455,4077.4729043596685,11
user96119@okhdfcbank,5996.648999999999,8961.176628034525,10
user96155@ybl,2854.8872727272724,6232.010003469332,11
user96167@axl,6633.318888888888,12178.132437404396,9
user96184@okicici,6469.19111111111,10829.703510460758,9
user96193@okhdfcbank,14545.234000000002,38486.14961805013,15
user96201@okhdfcbank,7946.990000000001,17285.094399060716,6
user96208@paytm,10387.912307692306,16829.847740435816,13
user96210@oksbi,4206.159230769231,8279.852264659738,13
user96213@axl,13862.258125,45740.74179098967,16
user96221@axl,22994.78,47953.714295987964,16
user96229@okicici,6726.742,12543.13313734662,15
user96233@paytm,6618.449166666666,14146.4218455638,12
user96239@okhdfcbank,7183.904615384615,23199.759128040394,13
user96251@ybl,24805.32294117647,50911.913894898375,17
user96257@oksbi,23296.764285714286,49708.91151376949,14
user96259@okhdfcbank,9714.34,17869.17967491028,16
user9625@okicici,9615.005625,22889.879577658467,16
user96268@paytm,16160.863333333335,38527.2817699494,9
user96278@okhdfcbank,7546.551111111112,15696.951376712013,9
user96285@paytm,6167.927142857143,14557.143894505187,14
user96286@okicici,22583.735,37191.8388709962,18
user96287@okicici,27623.935882352944,50497.289977381086,17
user96295@oksbi,5177.311,10693.201930964728,10
user96305@oksbi,4618.632727272728,10705.383738160992,11
user9630@oksbi,20394.004166666666,34979.6914871133,12
user96310@okicici,3467.154444444445,9252.54153287775,9
user96317@okhdfcbank,13681.001818181818,17117.33649572901,11
user96319@oksbi,11830.295,38978.866712190385,14
user96335@ybl,7095.980454545454,12309.253719858187,22
user96344@ybl,15206.836666666668,21658.607723163106,12
user96345@paytm,4761.921538461539,11739.143876071093,13
user96359@oksbi,15051.003333333334,17700.2755800882,6
user9635@oksbi,10227.376666666667,17810.069146130554,12
user96365@ybl,17800.758461538462,44403.78401116749,13
user96377@paytm,19343.631666666664,54676.313514771115,12
user96380@oksbi,16978.462727272727,40591.47373339187,11
user96381@paytm,13676.471249999999,35548.37553398164,16
user96385@okicici,6538.793333333334,13756.487683188436,12
user96386@okicici,764.9186666666667,997.5783013654809,15
user96402@axl,18566.889333333333,38553.09876701472,15
user96402@okicici,3651.911818181818,7100.192268838667,11
user96408@axl,8065.34625,16540.099465359883,8
user9640@axl,4531.59,9190.733747217902,9
user96414@axl,13773.720000000001,18469.40288009821,11
user96417@axl,11112.817272727274,13267.513268192415,11
user96419@okhdfcbank,6451.166842105263,13667.892512165163,19
user96422@axl,5700.92875,12375.145553418684,8
user96424@okhdfcbank,24740.684615384616,52866.70926695293,13
user96428@okhdfcbank,7805.4742857142855,17453.471537321602,7
user96430@ybl,21707.05909090909,56369.66087041335,11
user96432@ybl,11952.007647058825,30876.74520146808,17
user96435@ybl,28313.723846153844,57077.38663199632,13
user96457@oksbi,14668.71125,20431.398230446808,16
user96462@paytm,4170.091666666666,9146.97399838956,18
user96464@okhdfcbank,19435.042666666668,48423.91417391742,15
user9646@okhdfcbank,9197.38,14668.927949451521,17
user96494@axl,14086.46888888889,26653.55366761881,9
user96500@paytm,4585.5175,12542.193218504943,12
user96504@oksbi,4219.562857142857,7797.020633809607,14
user96505@ybl,9272.8725,23870.41604277325,16
user96525@oksbi,10061.88411764706,27495.122532910285,17
user96527@okicici,7114.235384615385,15684.196750647669,13
user96549@axl,3975.7128571428575,8395.641440667458,14
user96549@okhdfcbank,3827.423636363637,5851.579728637854,11
user96556@okicici,1867.0206666666668,1741.4733126968206,15
user96558@ybl,4967.467777777778,9924.105037030118,18
user96567@axl,10774.710000000001,26034.83991220167,14
user9656@okhdfcbank,5773.6035294117655,12268.747950283037,17
user96598@ybl,7992.69619047619,12958.2793477315,21
user96599@axl,8898.822777777777,19052.104863234094,18
user96632@oksbi,24134.21083333333,52424.66217926991,12
user96634@oksbi,8325.406923076922,15451.53010437013,13
user96648@ybl,9748.50909090909,16994.795685468216,11
user96655@okicici,15856.676315789473,34859.06366599147,19
user96665@oksbi,16786.921875,29109.30449065504,16
user96667@paytm,3215.0185714285717,6432.476019306379,14
user9666@paytm,2922.6692307692306,4980.433984123039,13
user96673@paytm,30326.16083333333,56476.89134660676,12
user96676@okhdfcbank,4116.25375,8792.92520432336,16
user96687@okhdfcbank,16610.8125,37924.44125472995,24
user96690@axl,12210.728888888889,17187.292642012446,18
user96694@okicici,3026.2073684210527,5465.620991216971,19
user96696@okhdfcbank,8961.307272727274,22435.15285118784,11
user96707@okhdfcbank,12267.642,32689.129785690926,15
user96711@okhdfcbank,6427.179230769231,12734.755697728993,13
user96739@ybl,2684.071111111111,2831.145329912633,9
user96740@ybl,24239.48777777778,54482.33213863711,9
user96742@axl,14174.508235294119,40162.25560552115,17
user96742@okhdfcbank,5618.928888888889,10074.592320890017,9
user96745@paytm,26540.262142857147,57495.081905167695,14
user96752@ybl,8727.697777777777,25354.902977564798,18
user96756@okicici,15408.9,17830.64730772959,10
user96761@oksbi,21748.338333333333,32755.70840864903,24
user96790@okhdfcbank,1073.240909090909,1495.9453988127677,11
user96791@okicici,9748.92,15407.616083535873,13
user96798@okhdfcbank,23166.39125,64817.05395507255,8
user96804@paytm,8978.46625,32216.185824665394,16
user9680@paytm,15391.901724137932,41936.958134919114,29
user96812@okhdfcbank,7049.67,17026.024436639796,37
user96815@ybl,1692.180769230769,2438.8428051723686,13
user96833@okicici,11351.726153846153,26977.374407957293,13
user96839@oksbi,13633.574666666666,24244.75404460162,15
user96842@okhdfcbank,9012.289999999999,17871.471128019777,10
user96849@oksbi,13542.689285714287,39822.85258761519,14
user96850@oksbi,26869.98875,60340.172220479275,8
user96852@axl,12378.452352941176,46219.9395045517,17
user96864@axl,1519.4699999999998,1782.5474372110527,14
user96864@paytm,15015.108500000002,38133.44340347297,20
user96865@axl,5940.518461538462,12984.673024826134,13
user96872@ybl,13914.516428571427,31592.564690003488,14
user96880@okicici,11783.930555555555,27931.404292485688,18
user96899@okicici,4319.4375,12613.539744166188,16
user96918@paytm,23395.745454545453,51494.710107545485,11
user96927@oksbi,8597.083636363635,22896.81455153021,11
user96949@ybl,28073.12083333333,33677.75765625233,12
user96954@ybl,3058.02375,6246.525015778059,8
user96961@okicici,10122.958499999999,36914.24740162205,20
user96964@okicici,13544.518,26556.328448203498,10
user96965@oksbi,11527.685833333335,17581.81049095263,12
user96967@axl,14514.577857142855,44407.281182199455,14
user96971@okicici,11635.522727272728,21615.814780396824,11
user96980@okhdfcbank,9518.808888888889,24115.282606908862,18
user96981@okhdfcbank,13938.336923076924,19328.413307774554,13
user96985@oksbi,7905.718125,11310.23197647995,16
user96989@paytm,29951.846153846152,54677.07562543017,13
user96998@okicici,2329.933571428571,1981.405184496044,14
user97007@okicici,10421.648181818182,16069.940860224606,11
user97008@okhdfcbank,24587.503846153846,52902.83123455564,13
user97019@okhdfcbank,23492.56090909091,51000.97632042008,11
user9702@okicici,6149.712352941176,11573.289733310776,17
user97032@ybl,13819.814285714285,19600.94368615693,7
user97033@ybl,24818.910714285714,49388.737195601665,14
user97035@okicici,3801.9707692307693,5609.172866710477,13
user97035@ybl,5567.575,13056.319495967491,14
user97038@ybl,651.2349999999999,1009.0301698743534,10
user97044@okhdfcbank,41929.517499999994,62761.02901917315,12
user97055@okhdfcbank,9222.299090909091,15532.452496278529,11
user97055@paytm,12630.290769230769,31311.885361555193,13
user97058@paytm,6975.393888888889,14822.796330136083,18
user97059@oksbi,2099.326153846154,4190.364990096405,13
user9705@paytm,10361.536,15653.879591792573,15
user97063@okhdfcbank,8159.3099999999995,23399.47805811667,13
user9706@oksbi,6782.448666666667,15121.052694862157,15
user97076@okhdfcbank,20815.005714285715,64289.66042536159,14
user97090@oksbi,5667.3725,13454.64886890511,12
user97090@ybl,4655.598571428571,7497.077586472801,21
user97099@ybl,7867.1525,16179.623018376105,12
user97111@axl,1157.6176190476192,1269.2741566261593,21
user97117@oksbi,3169.212,6802.578288980338,10
user9711@axl,21325.744375000002,48808.05854286114,16
user9711@okhdfcbank,17124.081818181818,36528.94661582395,11
user9711@paytm,11180.008,15965.052083667984,15
user97122@paytm,10922.47153846154,25000.503851123627,13
user9712@okicici,28052.432857142856,66005.55870360401,14
user9712@paytm,5414.317272727273,9148.929779345877,11
user97131@axl,2005.3159999999998,4997.844641072504,15
user97134@okhdfcbank,24134.439999999995,59408.35082965993,10
user97136@ybl,16864.554,40904.23882117891,15
user97143@okicici,12017.142777777779,30591.7825563317,18
user97158@okhdfcbank,30988.664117647062,66686.92471110211,17
user97160@okicici,14540.209375,31900.524125792977,16
user9716@oksbi,6218.717058823529,14143.039900625043,17
user97172@oksbi,30009.136874999997,65416.03575865974,16
user97176@okicici,18988.3875,44764.33076136119,12
user9717@oksbi,4947.451333333333,8719.766288886307,15
user97185@paytm,5518.944444444444,15109.097112414685,9
user97188@oksbi,10951.397777777778,17283.2393696876,9
user97199@axl,9445.505625,14879.890492933504,16
user97205@ybl,35857.948000000004,66687.83392066315,10
user9720@axl,4779.729,9753.182767576096,10
user9720@oksbi,9414.001999999999,23317.558047965962,10
user97213@oksbi,18443.387368421052,45225.19638475165,19
user97214@ybl,32522.99666666667,77628.87707503326,6
user97228@axl,39582.50272727273,118783.52251873811,11
user97248@paytm,2051.2433333333333,4010.0311438132726,15
user97256@axl,19443.403333333332,56482.52071236975,12
user97258@ybl,6841.957058823529,19188.671312321163,17
user97261@okicici,11113.308888888889,19913.15919595821,18
user97264@axl,10060.009,25555.640232276823,10
user97276@oksbi,18314.797777777778,46404.8115795226,18
user97282@paytm,27418.330833333337,47105.08513283146,12
user97297@ybl,20937.197999999997,51319.77715132099,20
user97299@paytm,30811.977999999996,54677.3940406573,10
user97320@axl,12372.95857142857,19183.409592791715,14
user97324@okhdfcbank,7529.793333333333,14445.917505640651,9
user97330@ybl,3014.12375,5521.272802729307,16
user97334@okhdfcbank,4590.801538461538,12617.77905004538,13
user9733@paytm,23015.19125,34208.05369837194,8
user9733@ybl,18198.591666666667,48687.16807762406,12
user97341@ybl,15564.756249999999,20625.96809228803,8
user97343@okhdfcbank,8582.2475,13722.741991949068,12
user97346@oksbi,23072.398846153847,38038.22174593332,26
user97347@paytm,10371.6825,17720.221981676958,8
user97354@oksbi,12512.430000000002,35653.49924186808,17
user97356@oksbi,5584.732352941176,9550.913945574483,17
user97359@ybl,22164.971538461537,55392.53575332809,13
user97362@ybl,12046.275555555556,15955.279363061238,9
user97364@paytm,7431.7927272727275,13479.321631442057,11
user97367@okicici,11807.517777777777,40649.94485807107,18
user97371@ybl,5783.409090909091,10878.859146279498,11
user97372@ybl,5393.668000000001,10373.041500659432,15
user97382@okicici,7279.514545454545,14536.132499013873,11
user97387@ybl,1483.94,1503.3828067062627,5
user9738@okicici,14138.051666666666,35702.10932647406,12
user97393@ybl,18149.051875,39383.39209642228,16
user97395@okicici,30688.17833333333,63503.17621472102,18
user97410@axl,17984.703076923077,36847.008685105946,13
user97426@oksbi,15470.598235294121,36629.33514904929,17
user97433@paytm,5243.634444444444,9271.658573758676,9
user97434@paytm,32041.95111111111,56734.88589591184,9
user97443@okicici,7596.672307692308,17908.747307439437,13
user97444@okicici,22622.60923076923,49625.19259845185,13
user9744@oksbi,5180.340588235294,8717.797552308919,17
user97452@okicici,5176.352222222222,13429.583407277363,9
user97462@okicici,3001.2614285714285,4401.5078866729245,14
user97468@okhdfcbank,4999.5225,11454.929468767874,16
user97472@oksbi,7429.580769230768,21277.225952397028,13
user97489@oksbi,3910.2076470588236,9204.10421666099,17
user97491@okicici,19765.473846153847,50435.59289202807,13
user97493@ybl,3644.227,5658.548628984193,10
user97494@oksbi,9800.48705882353,30813.647339285144,17
user97496@okhdfcbank,2909.1657142857143,4728.403564425579,14
user97498@oksbi,16561.932500000003,44288.658309608574,16
user9749@axl,2542.7309999999998,5536.823782497707,10
user97502@ybl,19025.285,51181.40068647845,8
user97507@paytm,28904.982173913042,65071.0988060772,23
user97516@axl,6866.569333333334,13902.58091181401,15
user97523@oksbi,2533.79,4914.034839869834,12
user97528@oksbi,548.21,670.3004279239273,9
user97544@okhdfcbank,26894.023571428574,50452.28061541971,14
user97546@okhdfcbank,3560.5131578947367,10861.28390836259,19
user97557@ybl,7078.669999999999,15516.74894701099,13
user97566@paytm,2845.728333333333,6783.568849284186,12
user97573@paytm,18136.71941176471,45880.52407512861,17
user97578@paytm,1258.0827272727272,1519.587292965369,11
user97583@okicici,12020.01,41678.39052505567,17
user97601@ybl,13794.988571428574,30409.833214488055,7
user97612@oksbi,3767.383333333333,7560.100953471519,15
user97621@ybl,10030.081304347827,20905.557575584866,23
user97622@paytm,7139.733846153846,18644.33491676115,13
user97631@paytm,4334.385294117647,9186.01074202175,17
user97633@ybl,2305.5644444444447,3103.4208589862337,18
user97634@axl,30642.845624999998,99446.07831942501,16
user97636@okicici,6266.478,13758.011147338282,10
user97642@oksbi,3757.114,9727.767016840284,15
user97646@ybl,5955.047,16078.374590431884,10
user97651@paytm,3384.463846153846,6085.68532862506,13
user97652@ybl,9551.64,30743.412737228773,14
user97664@okhdfcbank,4561.913636363636,10633.453723234303,11
user97671@ybl,13649.083750000002,35264.49882492465,8
user9767@oksbi,19910.51714285714,44717.91101559633,14
user97707@ybl,2335.0266666666666,2051.9148093619256,12
user9770@paytm,19316.76214285714,43734.27870151077,14
user97718@paytm,2286.84,3951.8388319869523,21
user97722@okhdfcbank,3113.8306666666667,7390.278328829287,15
user97730@axl,12024.019999999999,24320.728632706505,9
user97731@paytm,5566.295714285714,16623.481404637198,14
user97741@okicici,4656.95125,10298.144625947516,16
user97748@oksbi,20655.045555555553,59363.37830079314,9
user97752@axl,14800.139090909091,44055.28796591198,11
user97758@paytm,12071.304166666667,20656.535408341857,12
user97762@okicici,2247.42,3604.980191622071,17
user97771@okhdfcbank,8227.373333333333,15168.785479994065,12
user97774@ybl,17861.979411764707,31483.146032420555,17
user97798@paytm,16278.071739130433,38394.94573015007,23
user97805@ybl,1683.8842857142859,1742.0564119153082,7
user97809@okhdfcbank,5854.668461538462,12182.980517612024,13
user97825@oksbi,17229.02727272727,36538.244201640584,11
user97826@okicici,2550.201333333333,5844.662476926969,15
user97837@okhdfcbank,15801.466923076923,37319.296254678666,13
user97844@paytm,1877.8655555555556,4770.303314617717,9
user97856@oksbi,4055.9533333333334,5270.883879706515,9
user97867@ybl,3763.972105263158,7143.52377578817,19
user97870@axl,5065.454,10220.214336323734,15
user97870@okicici,6746.044285714285,15813.769751974294,14
user9787@ybl,9868.615,17080.46554868908,12
user97881@okhdfcbank,14236.347692307692,18015.96248461724,13
user97887@okhdfcbank,2358.2329411764704,3266.252363670719,17
user97894@okhdfcbank,31293.71230769231,49545.92812851529,13
user97894@paytm,6438.764736842105,13056.560693672302,19
user97895@oksbi,5438.121666666667,10305.503478441933,12
user9789@okhdfcbank,14805.463157894736,45327.64484429833,19
user97907@okhdfcbank,30249.78846153846,66082.89452957058,13
user97925@okhdfcbank,8449.183888888889,12946.361260518743,18
user9792@ybl,3281.161333333333,5965.220128213288,15
user97950@axl,8251.525384615385,19584.816023725547,13
user97952@okhdfcbank,19046.5275,42513.13659544929,12
user97952@okicici,7364.015454545454,13261.07811816774,11
user9798@oksbi,3455.7653846153844,6075.035069873555,13
user97999@ybl,17102.747931034482,36245.12905580845,29
user98003@ybl,12758.353333333333,28922.308508087895,21
user98007@okicici,14343.612307692307,28052.977339725803,13
user98008@okhdfcbank,5579.941111111111,10370.459777132744,18
user98012@oksbi,4948.619333333334,8356.525664424922,15
user98022@oksbi,3924.7738461538465,9810.319938420747,13
user9802@oksbi,14479.25277777778,37779.04596496532,18
user98033@axl,21358.717857142856,37277.81105717018,14
user98035@okicici,17462.682631578948,43906.73042283671,19
user98037@okhdfcbank,6630.265333333333,18983.418262296276,15
user9804@okicici,1387.121111111111,1469.3655447883318,9
user98057@ybl,12152.126363636366,25033.608894267432,11
user98064@okicici,1861.8442857142857,2751.0676442812137,14
user98077@paytm,26910.0125,50427.970159124474,12
user98088@paytm,12719.283999999998,31446.09372744861,15
user98091@okicici,2956.4392307692306,5637.143977639832,13
user98091@ybl,11418.256428571429,24521.31956940409,14
user98102@okhdfcbank,11642.283571428572,15327.509508452496,14
user9811@okicici,20017.653076923078,52624.43711610469,13
user98123@axl,13237.729166666666,31101.130154949635,12
user98123@paytm,1566.11,1708.025745420718,11
user98136@oksbi,16605.997692307694,43661.48647968141,26
user98136@paytm,15493.163076923076,30345.4365258843,13
user98137@axl,9223.925714285713,27320.37157537737,14
user98151@axl,774.6972727272728,1436.2721560351358,11
user98170@okicici,15156.6525,30848.940111615826,16
user98175@okhdfcbank,17830.858333333334,35412.50694399517,12
user98183@paytm,3149.891818181818,7034.812193119529,22
user98203@okicici,47080.455714285716,78605.48220321952,7
user98204@paytm,33059.875,91261.94935812362,18
user98206@okhdfcbank,11488.754615384616,32405.940782393747,13
user9820@oksbi,9641.5025,14075.476055915076,12
user98228@ybl,3503.5690909090913,8477.354876679936,11
user98239@oksbi,12420.653529411764,32027.177588155486,17
user98239@ybl,22812.578333333335,44304.8832488997,12
user98241@paytm,10755.222142857145,13985.034131448228,14
user98243@okhdfcbank,20232.059166666666,39445.75429573389,12
user98247@okicici,4457.524285714286,9686.59117899323,14
user98266@axl,10296.005,17922.78781406137,16
user98272@okicici,18282.995384615384,35046.198354735665,13
user98274@axl,14278.878888888888,28749.96295793969,18
user98276@paytm,7814.809285714285,24602.49086755975,14
user98285@okicici,8314.386923076923,15593.196738253826,13
user98295@oksbi,807.4390000000001,1324.0730659047651,10
user9831@oksbi,29028.423846153848,52907.449878996806,13
user98349@oksbi,17441.268666666667,31106.457668765925,15
user98352@ybl,12819.925000000001,31451.864444172315,12
user98356@oksbi,15281.49181818182,20226.008678393184,11
user98359@axl,1988.3592307692306,3363.9308652662626,13
user98360@axl,6159.294444444444,12237.251860941973,9
user98367@okicici,9918.436842105264,30949.008631060296,19
user98372@paytm,10242.090416666666,38465.63912669428,24
user98379@oksbi,7841.697692307693,15967.373713631992,13
user9837@okhdfcbank,51494.23642857142,134532.7925521193,14
user98382@ybl,10879.954705882352,30370.55546169536,17
user98384@oksbi,10786.1505,42348.37694473624,20
user98406@okhdfcbank,6700.356363636363,13111.708654037637,11
user98416@axl,6629.248750000001,13512.897499879577,16
user98419@ybl,8457.304285714285,13336.302170409626,14
user98423@okicici,75451.42875,109129.91518000126,8
user98425@okhdfcbank,8593.374545454546,16966.536151740205,11
user98427@okhdfcbank,4749.233529411765,10440.468037016431,17
user98432@axl,2670.0342857142855,2926.853135903722,14
user98434@ybl,4376.286,11078.162552202719,10
user98454@okhdfcbank,10677.731666666667,17614.14014275037,18
user98459@ybl,3419.011428571429,5313.6744760646525,7
user98462@paytm,44836.91125,125117.9456806292,16
user98469@oksbi,4606.576666666667,9290.608392768896,12
user9848@ybl,10976.5375,21269.874054736374,12
user98493@axl,4033.3682352941173,8149.649777920856,17
user98493@okicici,7581.652666666666,12989.315892596645,15
user98504@okicici,6436.282666666667,8105.6302543165875,15
user98512@oksbi,2114.1077777777778,2615.2679366165225,9
user98518@okicici,1096.3183333333334,1494.4428390328842,6
user98532@paytm,5497.44625,9904.294419928498,8
user98537@ybl,9243.552142857143,19588.73557429928,14
user98539@ybl,17350.938000000002,38318.28193544755,15
user98543@axl,25203.425,69275.51196937403,8
user98551@oksbi,13230.528749999998,27398.57763086535,8
user98552@paytm,13260.907142857144,29312.615752543617,14
user98553@ybl,12771.91076923077,25817.527029653214,13
user98554@oksbi,17436.425,45908.82458682254,14
user98557@axl,7951.307777777776,14818.956421665442,9
user98557@ybl,35488.24090909091,62932.89485290319,11
user98562@paytm,2305.8878571428572,3211.386797643608,14
user98567@okicici,6923.677777777778,12599.235269821713,9
user98579@ybl,12948.049285714285,30971.464682227055,14
user98596@paytm,6939.52625,13524.760539857196,16
user9859@paytm,25744.107647058823,46730.11975900736,17
user98605@okhdfcbank,1574.4664705882353,1753.3683789813722,17
user98618@ybl,3273.0042857142857,7384.512375270196,14
user98624@okicici,14498.778666666667,26565.985348521157,15
user98624@paytm,15882.057692307691,28861.20910348212,13
user98628@axl,25660.082222222223,45434.81785368218,18
user98648@paytm,5983.707142857143,7920.980920746104,7
user98649@oksbi,26631.70333333333,55002.98186605999,15
user98659@okhdfcbank,34438.744,57738.397745237395,20
user98661@okicici,11305.045,27831.815632376318,16
user98662@oksbi,5598.44294117647,12087.436203128831,17
user98676@okhdfcbank,16305.444999999998,49806.095281702044,10
user98693@ybl,309.24571428571426,211.90585612933108,7
user98697@paytm,8774.933333333332,17394.855458391074,18
user98718@axl,16270.928947368422,35362.370407122646,19
user98720@okhdfcbank,17277.665,31936.588782542636,10
user98756@axl,16699.23153846154,53467.255833424795,13
user98768@okhdfcbank,28680.179999999997,46597.99815250907,11
user9876@oksbi,14568.19375,39734.23302955356,16
user98780@okhdfcbank,5406.301428571429,9039.809391725927,14
user98783@paytm,8583.019166666667,16180.434499241504,12
user98790@ybl,825.92,1222.4794272979266,13
user98798@axl,14810.365,32808.25014939134,20
user98798@okicici,5160.84,11001.380694860856,15
user98799@axl,1700.5766666666666,1923.717836134137,12
user98800@ybl,18666.863636363636,28554.74983274561,11
user98805@axl,7615.921538461538,14712.380610424589,13
user98808@paytm,693.4125,647.4711004637306,8
user98819@okhdfcbank,24675.866875,48779.744510621575,16
user98820@axl,5179.976363636364,13988.63040631303,11
user98820@paytm,6399.420833333334,12919.559631040383,12
user98829@paytm,5387.353888888889,13471.955285077629,18
user98841@paytm,6844.956470588235,24064.42844516023,17
user98852@oksbi,13378.965333333334,34184.58824754572,15
user98856@ybl,21303.647333333334,46347.809643481145,15
user98859@paytm,2042.275625,2659.955188088624,16
user98871@ybl,5459.7527272727275,14676.3232202075,11
user98881@axl,1544.3014285714287,1558.0382049075845,14
user98883@okhdfcbank,3453.2657894736844,7867.017958281634,19
user98885@oksbi,1495.7680952380954,1398.7960235846365,21
user98888@okicici,5940.775625,10819.402440523827,16
user98889@axl,19174.30166666667,56820.45069005523,12
user9888@okhdfcbank,18731.09307692308,50197.95845633006,13
user98896@okhdfcbank,8771.364166666666,27993.72654498519,12
user98905@okhdfcbank,3165.955,4705.433579748818,10
user98906@axl,3082.85,9706.886155917502,15
user98909@oksbi,24841.310666666668,60988.29420038212,15
user98911@oksbi,8648.730714285715,13183.15384598697,14
user98912@oksbi,13039.148888888889,45919.536735800204,18
user98919@ybl,3526.6886666666664,7313.0845995486225,15
user98927@paytm,8225.396,16826.19051228887,15
user98938@oksbi,27461.267499999998,55575.71741456141,12
user98944@axl,13613.353333333334,43419.870358928645,12
user98945@ybl,649.2766666666666,1389.2012599092088,12
user9894@oksbi,5678.700909090909,14601.5390743171,11
user98955@okicici,1690.5990000000002,2994.11061720041,10
user98955@paytm,13461.488823529411,33072.14990870489,17
user98975@paytm,1879.265,4734.284756136972,12
user98999@okhdfcbank,8330.521578947368,27225.236776534148,19
user99000@ybl,8830.869545454545,14311.059440552384,22
user99015@axl,15056.358333333332,31084.450783348206,12
user99018@paytm,11502.960714285715,32691.537370209306,14
user99032@ybl,3734.400666666667,10789.816762594433,15
user99035@okicici,26326.01785714286,70345.7980742991,14
user99046@paytm,10333.314666666667,17313.467345154782,15
user99064@oksbi,15280.367333333332,47378.47845382006,15
user99066@okicici,1452.3558333333333,2281.7638350286597,12
user9906@oksbi,23703.96076923077,51806.09014654993,13
user99071@paytm,17796.397857142856,41907.173731703595,14
user99072@oksbi,5599.880588235294,12070.933843941753,17
user99078@axl,5632.3875,8433.816355669851,8
user99095@paytm,9230.662727272727,15918.449986562819,11
user99098@axl,8613.743636363635,24485.634126522134,11
user99099@oksbi,14675.655,34683.792268628466,8
user99112@okhdfcbank,24296.78933333333,58572.648200438525,15
user99116@paytm,6637.120666666667,13898.530031763104,15
user99117@axl,6957.804000000001,11573.354629899954,10
user99120@paytm,6476.623076923076,13141.887282856538,13
user99132@ybl,12135.90181818182,36754.810256639015,11
user99134@okhdfcbank,6481.174166666667,12612.161061337483,12
user99142@axl,13080.675714285713,29333.11807891386,14
user99162@axl,8623.168,15030.20438105055,10
user99185@paytm,8558.048181818182,22385.243627538126,11
user99187@ybl,1114.4299999999998,1332.057081670516,8
user99204@oksbi,24750.369166666667,60048.22897183237,12
user99206@okicici,4935.635652173913,11027.840895146343,23
user9921@okicici,13242.013846153846,31289.117194536542,13
user99228@ybl,18363.744545454545,31686.10663507158,11
user99231@okicici,4380.076,10084.46914238171,10
user99232@axl,24287.792500000003,47110.281331499405,8
user99234@okhdfcbank,11081.324838709677,26941.002311595224,31
user99239@paytm,2014.6609090909092,1990.7073008378431,11
user99256@paytm,20519.431,45566.35649701176,10
user99262@ybl,9978.675555555556,17682.34135543182,18
user99264@axl,10759.361818181818,26324.87103175695,11
user99273@axl,27751.495454545457,57769.571177746744,11
user9927@oksbi,5864.461538461538,12966.189170322845,13
user99282@okicici,12216.0125,33154.91520797774,16
user99297@okicici,16960.94384615385,32558.89347150958,13
user99300@oksbi,21385.59117647059,46622.67022739204,17
user99303@paytm,5191.0028571428575,10458.137238930216,14
user99315@okicici,708.3255555555555,652.2258076983597,9
user99317@okicici,6087.671875,15248.084059758337,16
user99322@paytm,28707.521999999997,46618.347770679495,10
user99336@okhdfcbank,13145.310476190478,42332.82620217335,21
user99343@axl,9992.64619047619,38749.949623138025,21
user99344@okicici,2962.8933333333334,5099.719278846867,12
user99371@paytm,47849.339,67723.68151912208,10
user99375@okicici,4813.391874999999,10002.941969972111,16
user99383@oksbi,3668.654375,8745.966290999882,16
user99384@ybl,3978.021818181818,10729.700403262728,11
user99385@axl,20913.286666666667,45954.50522406626,12
user99393@okicici,4629.537,8628.936589138832,10
user99408@okicici,4208.326666666667,11942.773451096109,12
user99412@oksbi,6479.740000000001,14926.43546413711,9
user99421@oksbi,3268.6317647058822,9825.661906915759,17
user99422@paytm,1034.7536363636364,1511.6254116828861,11
user99426@paytm,8124.865,23950.175556824615,14
user99430@okhdfcbank,3153.1671428571426,6136.462980019112,14
user99447@okicici,19258.88875,48922.72303905386,16
user99452@ybl,15832.789999999997,40459.23455385902,11
user99458@okicici,6225.624,12039.798052775872,15
user9946@paytm,12017.788333333334,20764.028089358333,18
user9947@axl,7037.100476190475,23348.99857721193,21
user99499@okicici,29800.312105263154,62165.89873825713,19
user9949@okicici,10310.15,23411.206907071824,12
user99505@okhdfcbank,3048.2709090909093,6030.496089512793,11
user99506@okhdfcbank,6914.192631578948,13383.8200933498,19
user99511@ybl,9398.963,16068.147891412757,10
user99530@paytm,3105.9839999999995,8758.931160439937,15
user99530@ybl,30759.17142857143,55073.28408802987,14
user99536@okicici,18442.773529411767,45638.71554452137,17
user99537@okicici,16511.198823529412,41343.05269930334,17
user99538@axl,18707.593125,39632.713014489724,16
user99538@okhdfcbank,1033.4976923076922,1480.5327903897405,13
user99540@paytm,18736.14923076923,53448.36581596165,13
user99557@ybl,9781.484444444444,14365.222662234573,9
user99560@oksbi,11968.537999999999,38632.66778404305,20
user99566@okhdfcbank,21013.094736842104,39871.504099811595,19
user99575@ybl,1443.4972727272727,1441.9402398580248,11
user99580@okhdfcbank,930.551875,1702.473673833534,16
user99581@paytm,4727.801875,11040.384655585282,16
user99602@oksbi,9417.1,12305.69253096387,11
user99605@axl,13085.081666666665,18916.066288311555,12
user99613@paytm,18667.462142857144,64765.97271488682,14
user99614@okicici,3981.92625,12325.970053732823,16
user99618@ybl,11485.77125,33118.070655376854,24
user99628@okhdfcbank,21174.46176470588,43879.07723946819,17
user99633@ybl,5529.384666666667,12725.011185829419,15
user99635@paytm,3477.5323809523807,9091.4209297188,21
user99644@okhdfcbank,11952.064375,24466.680340770105,16
user99646@okicici,10151.641666666666,17107.721803957327,12
user99656@okhdfcbank,18296.704999999998,49893.53182477491,14
user99656@paytm,9090.255000000001,14984.713909813941,8
user99658@okicici,1307.1271428571429,1958.72480489585,14
user99662@okhdfcbank,1226.2481818181818,1322.8674421333242,11
user99668@paytm,9538.594545454545,14944.056773157925,11
user99682@okhdfcbank,21756.58,39582.060890700945,15
user99694@paytm,24245.743333333336,54465.907280164356,12
user99695@axl,13611.215555555556,27819.810906045044,9
user99696@paytm,7806.39411764706,14430.334430974764,17
user99707@oksbi,17929.87833333333,38524.71319354248,12
user99718@oksbi,3910.7394444444444,7377.698183692823,18
user99723@okicici,21366.576666666668,44431.920206624454,12
user99723@oksbi,5948.551428571429,12424.037981707295,14
user99723@ybl,25600.205625000002,54741.64867090577,16
user99725@axl,7185.943846153847,15635.772889164311,13
user99745@okicici,10765.223846153847,16795.433068592156,13
user99746@axl,14144.54625,33110.70208300127,16
user99748@axl,9859.94294117647,18862.305916812227,17
user99750@oksbi,27737.36875,66720.97956647145,8
user99750@ybl,4960.925833333334,12939.693074587103,12
user99759@ybl,1731.9163636363637,1785.6246100133853,11
user99762@paytm,11420.925882352942,29921.25504890108,17
user99802@okicici,12120.922666666667,32823.02645843212,15
user99806@oksbi,2712.6092,6401.39576616298,25
user99818@oksbi,1585.442,1651.6831704375586,10
user99826@ybl,18574.02,35320.13520185875,12
user99827@oksbi,14686.961176470588,45329.77030667289,17
user99833@okicici,916.9983333333333,1509.6987309986016,12
user99841@okicici,48009.127499999995,84804.3357348808,16
user99841@ybl,6155.211,12888.096697539213,10
user99843@ybl,11251.49,25220.287060904328,12
user99848@axl,4794.055789473685,10360.303835303994,19
user99850@paytm,5404.382105263157,12635.548262869137,19
user99864@okhdfcbank,12226.969047619048,18963.505497613016,21
user99865@axl,21964.66642857143,46635.06286039897,14
user99869@okicici,13405.261111111111,36486.036115343646,9
user99875@axl,19270.42705882353,51252.541049045416,17
user99876@okhdfcbank,5276.234210526316,8826.893436879463,19
user99878@okhdfcbank,16595.25,43843.13769281317,17
user99892@axl,12393.224545454546,30337.482588615807,11
user9989@axl,7048.742,9979.675485175858,5
user99918@paytm,24677.01333333333,58549.131950061106,15
user99919@oksbi,4384.509545454545,11872.523366499674,22
user99932@oksbi,5313.970588235294,8685.573479702181,17
user99934@ybl,6849.496923076922,10833.452946192014,13
user99936@paytm,20886.846153846152,51487.79446467282,13
user99938@okhdfcbank,2232.974545454545,2660.833612950512,11
user99941@okhdfcbank,1751.6886666666667,1414.8807321662268,15
user99943@okicici,16183.396999999997,29068.247264987367,10
user99958@okicici,6641.9376923076925,13468.224942615338,13
user99970@okhdfcbank,9338.0225,19516.12891257435,12
user99971@okicici,3777.3566666666666,7386.353176627191,18
user9997@axl,17076.135000000002,35056.041400245995,10
user99989@okicici,13624.089375,33513.166646134465,16
user9998@okhdfcbank,2424.490909090909,3200.524248720683,11
user99991@paytm,21669.735,52762.979417191746,16
